solid ASCII
  facet normal -9.782248e-01 0.000000e+00 2.075482e-01
    outer loop
      vertex   7.726293e+00 0.000000e+00 7.735490e+00
      vertex   7.726293e+00 4.000000e+00 7.735490e+00
      vertex   7.688571e+00 0.000000e+00 7.557696e+00
    endloop
  endfacet
  facet normal -9.782248e-01 3.422491e-16 2.075482e-01
    outer loop
      vertex   7.688571e+00 0.000000e+00 7.557696e+00
      vertex   7.726293e+00 4.000000e+00 7.735490e+00
      vertex   7.688571e+00 4.000000e+00 7.557696e+00
    endloop
  endfacet
  facet normal -9.505777e-01 2.842574e-16 3.104869e-01
    outer loop
      vertex   7.688571e+00 0.000000e+00 7.557696e+00
      vertex   7.688571e+00 4.000000e+00 7.557696e+00
      vertex   7.632140e+00 0.000000e+00 7.384928e+00
    endloop
  endfacet
  facet normal -9.505777e-01 -6.469712e-17 3.104869e-01
    outer loop
      vertex   7.632140e+00 0.000000e+00 7.384928e+00
      vertex   7.688571e+00 4.000000e+00 7.557696e+00
      vertex   7.632140e+00 4.000000e+00 7.384928e+00
    endloop
  endfacet
  facet normal -9.121313e-01 -1.615289e-16 4.098982e-01
    outer loop
      vertex   7.632140e+00 0.000000e+00 7.384928e+00
      vertex   7.632140e+00 4.000000e+00 7.384928e+00
      vertex   7.557640e+00 0.000000e+00 7.219147e+00
    endloop
  endfacet
  facet normal -9.121313e-01 -5.001078e-17 4.098982e-01
    outer loop
      vertex   7.557640e+00 0.000000e+00 7.219147e+00
      vertex   7.632140e+00 4.000000e+00 7.384928e+00
      vertex   7.557640e+00 4.000000e+00 7.219147e+00
    endloop
  endfacet
  facet normal -8.633224e-01 -1.768850e-16 5.046528e-01
    outer loop
      vertex   7.557640e+00 0.000000e+00 7.219147e+00
      vertex   7.557640e+00 4.000000e+00 7.219147e+00
      vertex   7.465919e+00 0.000000e+00 7.062237e+00
    endloop
  endfacet
  facet normal -8.633224e-01 9.445176e-17 5.046528e-01
    outer loop
      vertex   7.465919e+00 0.000000e+00 7.062237e+00
      vertex   7.557640e+00 4.000000e+00 7.219147e+00
      vertex   7.465919e+00 4.000000e+00 7.062237e+00
    endloop
  endfacet
  facet normal -8.047056e-01 -7.621071e-17 5.936741e-01
    outer loop
      vertex   7.465919e+00 0.000000e+00 7.062237e+00
      vertex   7.465919e+00 4.000000e+00 7.062237e+00
      vertex   7.358018e+00 0.000000e+00 6.915981e+00
    endloop
  endfacet
  facet normal -8.047056e-01 4.598309e-16 5.936741e-01
    outer loop
      vertex   7.358018e+00 0.000000e+00 6.915981e+00
      vertex   7.465919e+00 4.000000e+00 7.062237e+00
      vertex   7.358018e+00 4.000000e+00 6.915981e+00
    endloop
  endfacet
  facet normal -7.369467e-01 2.448977e-16 6.759509e-01
    outer loop
      vertex   7.358018e+00 0.000000e+00 6.915981e+00
      vertex   7.358018e+00 4.000000e+00 6.915981e+00
      vertex   7.235163e+00 0.000000e+00 6.782040e+00
    endloop
  endfacet
  facet normal -7.369467e-01 -2.189198e-16 6.759509e-01
    outer loop
      vertex   7.235163e+00 0.000000e+00 6.782040e+00
      vertex   7.358018e+00 4.000000e+00 6.915981e+00
      vertex   7.235163e+00 4.000000e+00 6.782040e+00
    endloop
  endfacet
  facet normal -6.608155e-01 -4.528586e-16 7.505484e-01
    outer loop
      vertex   7.235163e+00 0.000000e+00 6.782040e+00
      vertex   7.235163e+00 4.000000e+00 6.782040e+00
      vertex   7.098750e+00 0.000000e+00 6.661936e+00
    endloop
  endfacet
  facet normal -6.608155e-01 -3.259172e-17 7.505484e-01
    outer loop
      vertex   7.098750e+00 0.000000e+00 6.661936e+00
      vertex   7.235163e+00 4.000000e+00 6.782040e+00
      vertex   7.098750e+00 4.000000e+00 6.661936e+00
    endloop
  endfacet
  facet normal -5.771770e-01 -3.503422e-16 8.166191e-01
    outer loop
      vertex   7.098750e+00 0.000000e+00 6.661936e+00
      vertex   7.098750e+00 4.000000e+00 6.661936e+00
      vertex   6.950329e+00 0.000000e+00 6.557034e+00
    endloop
  endfacet
  facet normal -5.771770e-01 -1.690164e-16 8.166191e-01
    outer loop
      vertex   6.950329e+00 0.000000e+00 6.557034e+00
      vertex   7.098750e+00 4.000000e+00 6.661936e+00
      vertex   6.950329e+00 4.000000e+00 6.557034e+00
    endloop
  endfacet
  facet normal -4.869814e-01 -4.701761e-16 8.734124e-01
    outer loop
      vertex   6.950329e+00 0.000000e+00 6.557034e+00
      vertex   6.950329e+00 4.000000e+00 6.557034e+00
      vertex   6.791585e+00 0.000000e+00 6.468524e+00
    endloop
  endfacet
  facet normal -4.869814e-01 -3.764978e-17 8.734124e-01
    outer loop
      vertex   6.791585e+00 0.000000e+00 6.468524e+00
      vertex   6.950329e+00 4.000000e+00 6.557034e+00
      vertex   6.791585e+00 4.000000e+00 6.468524e+00
    endloop
  endfacet
  facet normal -3.912533e-01 -4.184916e-16 9.202830e-01
    outer loop
      vertex   6.791585e+00 0.000000e+00 6.468524e+00
      vertex   6.791585e+00 4.000000e+00 6.468524e+00
      vertex   6.624323e+00 0.000000e+00 6.397414e+00
    endloop
  endfacet
  facet normal -3.912533e-01 4.857596e-16 9.202830e-01
    outer loop
      vertex   6.624323e+00 0.000000e+00 6.397414e+00
      vertex   6.791585e+00 4.000000e+00 6.468524e+00
      vertex   6.624323e+00 4.000000e+00 6.397414e+00
    endloop
  endfacet
  facet normal -2.910802e-01 1.197728e-16 9.566986e-01
    outer loop
      vertex   6.624323e+00 0.000000e+00 6.397414e+00
      vertex   6.624323e+00 4.000000e+00 6.397414e+00
      vertex   6.450442e+00 0.000000e+00 6.344509e+00
    endloop
  endfacet
  facet normal -2.910802e-01 5.907337e-16 9.566986e-01
    outer loop
      vertex   6.450442e+00 0.000000e+00 6.344509e+00
      vertex   6.624323e+00 4.000000e+00 6.397414e+00
      vertex   6.450442e+00 4.000000e+00 6.344509e+00
    endloop
  endfacet
  facet normal -1.876003e-01 1.371501e-16 9.822455e-01
    outer loop
      vertex   6.450442e+00 0.000000e+00 6.344509e+00
      vertex   6.450442e+00 4.000000e+00 6.344509e+00
      vertex   6.271918e+00 0.000000e+00 6.310413e+00
    endloop
  endfacet
  facet normal -1.876003e-01 9.549451e-17 9.822455e-01
    outer loop
      vertex   6.271918e+00 0.000000e+00 6.310413e+00
      vertex   6.450442e+00 4.000000e+00 6.344509e+00
      vertex   6.271918e+00 4.000000e+00 6.310413e+00
    endloop
  endfacet
  facet normal -8.198910e-02 -3.361968e-16 9.966332e-01
    outer loop
      vertex   6.271918e+00 0.000000e+00 6.310413e+00
      vertex   6.271918e+00 4.000000e+00 6.310413e+00
      vertex   6.090778e+00 0.000000e+00 6.295511e+00
    endloop
  endfacet
  facet normal -8.198910e-02 4.187205e-16 9.966332e-01
    outer loop
      vertex   6.090778e+00 0.000000e+00 6.295511e+00
      vertex   6.271918e+00 4.000000e+00 6.310413e+00
      vertex   6.090778e+00 4.000000e+00 6.295511e+00
    endloop
  endfacet
  facet normal 2.455356e-02 -1.253957e-16 9.996985e-01
    outer loop
      vertex   6.090778e+00 0.000000e+00 6.295511e+00
      vertex   6.090778e+00 4.000000e+00 6.295511e+00
      vertex   5.909082e+00 0.000000e+00 6.299974e+00
    endloop
  endfacet
  facet normal 2.455356e-02 9.658201e-17 9.996985e-01
    outer loop
      vertex   5.909082e+00 0.000000e+00 6.299974e+00
      vertex   6.090778e+00 4.000000e+00 6.295511e+00
      vertex   5.909082e+00 4.000000e+00 6.299974e+00
    endloop
  endfacet
  facet normal 1.308173e-01 -4.479507e-16 9.914065e-01
    outer loop
      vertex   5.909082e+00 0.000000e+00 6.299974e+00
      vertex   5.909082e+00 4.000000e+00 6.299974e+00
      vertex   5.728893e+00 0.000000e+00 6.323750e+00
    endloop
  endfacet
  facet normal 1.308173e-01 1.253169e-16 9.914065e-01
    outer loop
      vertex   5.728893e+00 0.000000e+00 6.323750e+00
      vertex   5.909082e+00 4.000000e+00 6.299974e+00
      vertex   5.728893e+00 4.000000e+00 6.323750e+00
    endloop
  endfacet
  facet normal 2.355948e-01 -4.969490e-16 9.718514e-01
    outer loop
      vertex   5.728893e+00 0.000000e+00 6.323750e+00
      vertex   5.728893e+00 4.000000e+00 6.323750e+00
      vertex   5.552258e+00 0.000000e+00 6.366570e+00
    endloop
  endfacet
  facet normal 2.355948e-01 3.139159e-16 9.718514e-01
    outer loop
      vertex   5.552258e+00 0.000000e+00 6.366570e+00
      vertex   5.728893e+00 4.000000e+00 6.323750e+00
      vertex   5.552258e+00 4.000000e+00 6.366570e+00
    endloop
  endfacet
  facet normal 3.376958e-01 -3.525500e-16 9.412553e-01
    outer loop
      vertex   5.552258e+00 0.000000e+00 6.366570e+00
      vertex   5.552258e+00 4.000000e+00 6.366570e+00
      vertex   5.381184e+00 0.000000e+00 6.427946e+00
    endloop
  endfacet
  facet normal 3.376958e-01 5.584361e-16 9.412553e-01
    outer loop
      vertex   5.381184e+00 0.000000e+00 6.427946e+00
      vertex   5.552258e+00 4.000000e+00 6.366570e+00
      vertex   5.381184e+00 4.000000e+00 6.427946e+00
    endloop
  endfacet
  facet normal 4.359603e-01 -1.188778e-16 8.999659e-01
    outer loop
      vertex   5.381184e+00 0.000000e+00 6.427946e+00
      vertex   5.381184e+00 4.000000e+00 6.427946e+00
      vertex   5.217614e+00 0.000000e+00 6.507183e+00
    endloop
  endfacet
  facet normal 4.359603e-01 2.807873e-16 8.999659e-01
    outer loop
      vertex   5.217614e+00 0.000000e+00 6.507183e+00
      vertex   5.381184e+00 4.000000e+00 6.427946e+00
      vertex   5.217614e+00 4.000000e+00 6.507183e+00
    endloop
  endfacet
  facet normal 5.292720e-01 -4.180527e-16 8.484522e-01
    outer loop
      vertex   5.217614e+00 0.000000e+00 6.507183e+00
      vertex   5.217614e+00 4.000000e+00 6.507183e+00
      vertex   5.063407e+00 0.000000e+00 6.603378e+00
    endloop
  endfacet
  facet normal 5.292720e-01 6.414404e-16 8.484522e-01
    outer loop
      vertex   5.063407e+00 0.000000e+00 6.603378e+00
      vertex   5.217614e+00 4.000000e+00 6.507183e+00
      vertex   5.063407e+00 4.000000e+00 6.603378e+00
    endloop
  endfacet
  facet normal 6.165708e-01 -1.011592e-16 7.872995e-01
    outer loop
      vertex   5.063407e+00 0.000000e+00 6.603378e+00
      vertex   5.063407e+00 4.000000e+00 6.603378e+00
      vertex   4.920314e+00 0.000000e+00 6.715441e+00
    endloop
  endfacet
  facet normal 6.165708e-01 1.115658e-16 7.872995e-01
    outer loop
      vertex   4.920314e+00 0.000000e+00 6.715441e+00
      vertex   5.063407e+00 4.000000e+00 6.603378e+00
      vertex   4.920314e+00 4.000000e+00 6.715441e+00
    endloop
  endfacet
  facet normal 6.968649e-01 -6.788428e-16 7.172024e-01
    outer loop
      vertex   4.920314e+00 0.000000e+00 6.715441e+00
      vertex   4.920314e+00 4.000000e+00 6.715441e+00
      vertex   4.789962e+00 0.000000e+00 6.842097e+00
    endloop
  endfacet
  facet normal 6.968649e-01 2.676311e-16 7.172024e-01
    outer loop
      vertex   4.789962e+00 0.000000e+00 6.842097e+00
      vertex   4.920314e+00 4.000000e+00 6.715441e+00
      vertex   4.789962e+00 4.000000e+00 6.842097e+00
    endloop
  endfacet
  facet normal 7.692421e-01 -5.524189e-16 6.389574e-01
    outer loop
      vertex   4.789962e+00 0.000000e+00 6.842097e+00
      vertex   4.789962e+00 4.000000e+00 6.842097e+00
      vertex   4.673831e+00 0.000000e+00 6.981907e+00
    endloop
  endfacet
  facet normal 7.692421e-01 4.985784e-16 6.389574e-01
    outer loop
      vertex   4.673831e+00 0.000000e+00 6.981907e+00
      vertex   4.789962e+00 4.000000e+00 6.842097e+00
      vertex   4.673831e+00 4.000000e+00 6.981907e+00
    endloop
  endfacet
  facet normal 8.328801e-01 -3.818632e-16 5.534534e-01
    outer loop
      vertex   4.673831e+00 0.000000e+00 6.981907e+00
      vertex   4.673831e+00 4.000000e+00 6.981907e+00
      vertex   4.573240e+00 0.000000e+00 7.133284e+00
    endloop
  endfacet
  facet normal 8.328801e-01 4.795752e-16 5.534534e-01
    outer loop
      vertex   4.573240e+00 0.000000e+00 7.133284e+00
      vertex   4.673831e+00 4.000000e+00 6.981907e+00
      vertex   4.573240e+00 4.000000e+00 7.133284e+00
    endloop
  endfacet
  facet normal 8.870560e-01 -4.539966e-16 4.616618e-01
    outer loop
      vertex   4.573240e+00 0.000000e+00 7.133284e+00
      vertex   4.573240e+00 4.000000e+00 7.133284e+00
      vertex   4.489332e+00 0.000000e+00 7.294508e+00
    endloop
  endfacet
  facet normal 8.870560e-01 6.413959e-16 4.616618e-01
    outer loop
      vertex   4.489332e+00 0.000000e+00 7.294508e+00
      vertex   4.573240e+00 4.000000e+00 7.133284e+00
      vertex   4.489332e+00 4.000000e+00 7.294508e+00
    endloop
  endfacet
  facet normal 9.311543e-01 -3.124903e-16 3.646253e-01
    outer loop
      vertex   4.489332e+00 0.000000e+00 7.294508e+00
      vertex   4.489332e+00 4.000000e+00 7.294508e+00
      vertex   4.423061e+00 0.000000e+00 7.463746e+00
    endloop
  endfacet
  facet normal 9.311543e-01 3.439146e-16 3.646253e-01
    outer loop
      vertex   4.423061e+00 0.000000e+00 7.463746e+00
      vertex   4.489332e+00 4.000000e+00 7.294508e+00
      vertex   4.423061e+00 4.000000e+00 7.463746e+00
    endloop
  endfacet
  facet normal 9.646740e-01 -6.589345e-16 2.634465e-01
    outer loop
      vertex   4.423061e+00 0.000000e+00 7.463746e+00
      vertex   4.423061e+00 4.000000e+00 7.463746e+00
      vertex   4.375180e+00 0.000000e+00 7.639076e+00
    endloop
  endfacet
  facet normal 9.646740e-01 3.733588e-16 2.634465e-01
    outer loop
      vertex   4.375180e+00 0.000000e+00 7.639076e+00
      vertex   4.423061e+00 4.000000e+00 7.463746e+00
      vertex   4.375180e+00 4.000000e+00 7.639076e+00
    endloop
  endfacet
  facet normal 9.872343e-01 -6.713591e-16 1.592747e-01
    outer loop
      vertex   4.375180e+00 0.000000e+00 7.639076e+00
      vertex   4.375180e+00 4.000000e+00 7.639076e+00
      vertex   4.346231e+00 0.000000e+00 7.818507e+00
    endloop
  endfacet
  facet normal 9.872343e-01 5.307894e-16 1.592747e-01
    outer loop
      vertex   4.346231e+00 0.000000e+00 7.818507e+00
      vertex   4.375180e+00 4.000000e+00 7.639076e+00
      vertex   4.346231e+00 4.000000e+00 7.818507e+00
    endloop
  endfacet
  facet normal 9.985789e-01 -5.643040e-16 5.329337e-02
    outer loop
      vertex   4.346231e+00 0.000000e+00 7.818507e+00
      vertex   4.346231e+00 4.000000e+00 7.818507e+00
      vertex   4.336545e+00 4.000000e+00 8.000000e+00
    endloop
  endfacet
  facet normal 9.985789e-01 1.898383e-15 5.329337e-02
    outer loop
      vertex   4.336545e+00 4.000000e+00 8.000000e+00
      vertex   4.336545e+00 0.000000e+00 8.000000e+00
      vertex   4.346231e+00 0.000000e+00 7.818507e+00
    endloop
  endfacet
  facet normal 9.985789e-01 -0.000000e+00 5.329337e-02
    outer loop
      vertex   4.336545e+00 3.600000e+01 8.000000e+00
      vertex   4.346231e+00 3.600000e+01 7.818507e+00
      vertex   4.336545e+00 4.000000e+01 8.000000e+00
    endloop
  endfacet
  facet normal 9.985789e-01 -1.193063e-17 5.329337e-02
    outer loop
      vertex   4.336545e+00 4.000000e+01 8.000000e+00
      vertex   4.346231e+00 3.600000e+01 7.818507e+00
      vertex   4.346231e+00 4.000000e+01 7.818507e+00
    endloop
  endfacet
  facet normal 9.872343e-01 -3.536608e-17 1.592747e-01
    outer loop
      vertex   4.346231e+00 4.000000e+01 7.818507e+00
      vertex   4.346231e+00 3.600000e+01 7.818507e+00
      vertex   4.375180e+00 4.000000e+01 7.639076e+00
    endloop
  endfacet
  facet normal 9.872343e-01 -3.536608e-17 1.592747e-01
    outer loop
      vertex   4.375180e+00 4.000000e+01 7.639076e+00
      vertex   4.346231e+00 3.600000e+01 7.818507e+00
      vertex   4.375180e+00 3.600000e+01 7.639076e+00
    endloop
  endfacet
  facet normal 9.646740e-01 -5.849688e-17 2.634465e-01
    outer loop
      vertex   4.375180e+00 4.000000e+01 7.639076e+00
      vertex   4.375180e+00 3.600000e+01 7.639076e+00
      vertex   4.423061e+00 4.000000e+01 7.463746e+00
    endloop
  endfacet
  facet normal 9.646740e-01 0.000000e+00 2.634465e-01
    outer loop
      vertex   4.423061e+00 4.000000e+01 7.463746e+00
      vertex   4.375180e+00 3.600000e+01 7.639076e+00
      vertex   4.423061e+00 3.600000e+01 7.463746e+00
    endloop
  endfacet
  facet normal 9.311543e-01 0.000000e+00 3.646253e-01
    outer loop
      vertex   4.423061e+00 4.000000e+01 7.463746e+00
      vertex   4.423061e+00 3.600000e+01 7.463746e+00
      vertex   4.489332e+00 4.000000e+01 7.294508e+00
    endloop
  endfacet
  facet normal 9.311543e-01 0.000000e+00 3.646253e-01
    outer loop
      vertex   4.489332e+00 4.000000e+01 7.294508e+00
      vertex   4.423061e+00 3.600000e+01 7.463746e+00
      vertex   4.489332e+00 3.600000e+01 7.294508e+00
    endloop
  endfacet
  facet normal 8.870560e-01 0.000000e+00 4.616618e-01
    outer loop
      vertex   4.489332e+00 4.000000e+01 7.294508e+00
      vertex   4.489332e+00 3.600000e+01 7.294508e+00
      vertex   4.573240e+00 4.000000e+01 7.133284e+00
    endloop
  endfacet
  facet normal 8.870560e-01 0.000000e+00 4.616618e-01
    outer loop
      vertex   4.573240e+00 4.000000e+01 7.133284e+00
      vertex   4.489332e+00 3.600000e+01 7.294508e+00
      vertex   4.573240e+00 3.600000e+01 7.133284e+00
    endloop
  endfacet
  facet normal 8.328801e-01 0.000000e+00 5.534534e-01
    outer loop
      vertex   4.573240e+00 4.000000e+01 7.133284e+00
      vertex   4.573240e+00 3.600000e+01 7.133284e+00
      vertex   4.673831e+00 4.000000e+01 6.981907e+00
    endloop
  endfacet
  facet normal 8.328801e-01 -1.228914e-16 5.534534e-01
    outer loop
      vertex   4.673831e+00 4.000000e+01 6.981907e+00
      vertex   4.573240e+00 3.600000e+01 7.133284e+00
      vertex   4.673831e+00 3.600000e+01 6.981907e+00
    endloop
  endfacet
  facet normal 7.692421e-01 -1.418771e-16 6.389574e-01
    outer loop
      vertex   4.673831e+00 4.000000e+01 6.981907e+00
      vertex   4.673831e+00 3.600000e+01 6.981907e+00
      vertex   4.789962e+00 4.000000e+01 6.842097e+00
    endloop
  endfacet
  facet normal 7.692421e-01 0.000000e+00 6.389574e-01
    outer loop
      vertex   4.789962e+00 4.000000e+01 6.842097e+00
      vertex   4.673831e+00 3.600000e+01 6.981907e+00
      vertex   4.789962e+00 3.600000e+01 6.842097e+00
    endloop
  endfacet
  facet normal 6.968649e-01 0.000000e+00 7.172024e-01
    outer loop
      vertex   4.789962e+00 4.000000e+01 6.842097e+00
      vertex   4.789962e+00 3.600000e+01 6.842097e+00
      vertex   4.920314e+00 4.000000e+01 6.715441e+00
    endloop
  endfacet
  facet normal 6.968649e-01 1.547351e-16 7.172024e-01
    outer loop
      vertex   4.920314e+00 4.000000e+01 6.715441e+00
      vertex   4.789962e+00 3.600000e+01 6.842097e+00
      vertex   4.920314e+00 3.600000e+01 6.715441e+00
    endloop
  endfacet
  facet normal 6.165708e-01 1.369062e-16 7.872995e-01
    outer loop
      vertex   4.920314e+00 4.000000e+01 6.715441e+00
      vertex   4.920314e+00 3.600000e+01 6.715441e+00
      vertex   5.063407e+00 4.000000e+01 6.603378e+00
    endloop
  endfacet
  facet normal 6.165708e-01 0.000000e+00 7.872995e-01
    outer loop
      vertex   5.063407e+00 4.000000e+01 6.603378e+00
      vertex   4.920314e+00 3.600000e+01 6.715441e+00
      vertex   5.063407e+00 3.600000e+01 6.603378e+00
    endloop
  endfacet
  facet normal 5.292720e-01 0.000000e+00 8.484522e-01
    outer loop
      vertex   5.063407e+00 4.000000e+01 6.603378e+00
      vertex   5.063407e+00 3.600000e+01 6.603378e+00
      vertex   5.217614e+00 4.000000e+01 6.507183e+00
    endloop
  endfacet
  facet normal 5.292720e-01 0.000000e+00 8.484522e-01
    outer loop
      vertex   5.217614e+00 4.000000e+01 6.507183e+00
      vertex   5.063407e+00 3.600000e+01 6.603378e+00
      vertex   5.217614e+00 3.600000e+01 6.507183e+00
    endloop
  endfacet
  facet normal 4.359603e-01 0.000000e+00 8.999659e-01
    outer loop
      vertex   5.217614e+00 4.000000e+01 6.507183e+00
      vertex   5.217614e+00 3.600000e+01 6.507183e+00
      vertex   5.381184e+00 4.000000e+01 6.427946e+00
    endloop
  endfacet
  facet normal 4.359603e-01 0.000000e+00 8.999659e-01
    outer loop
      vertex   5.381184e+00 4.000000e+01 6.427946e+00
      vertex   5.217614e+00 3.600000e+01 6.507183e+00
      vertex   5.381184e+00 3.600000e+01 6.427946e+00
    endloop
  endfacet
  facet normal 3.376958e-01 0.000000e+00 9.412553e-01
    outer loop
      vertex   5.381184e+00 4.000000e+01 6.427946e+00
      vertex   5.381184e+00 3.600000e+01 6.427946e+00
      vertex   5.552258e+00 4.000000e+01 6.366570e+00
    endloop
  endfacet
  facet normal 3.376958e-01 2.090007e-16 9.412553e-01
    outer loop
      vertex   5.552258e+00 4.000000e+01 6.366570e+00
      vertex   5.381184e+00 3.600000e+01 6.427946e+00
      vertex   5.552258e+00 3.600000e+01 6.366570e+00
    endloop
  endfacet
  facet normal 2.355948e-01 2.157944e-16 9.718514e-01
    outer loop
      vertex   5.552258e+00 4.000000e+01 6.366570e+00
      vertex   5.552258e+00 3.600000e+01 6.366570e+00
      vertex   5.728893e+00 4.000000e+01 6.323750e+00
    endloop
  endfacet
  facet normal 2.355948e-01 5.231256e-17 9.718514e-01
    outer loop
      vertex   5.728893e+00 4.000000e+01 6.323750e+00
      vertex   5.552258e+00 3.600000e+01 6.366570e+00
      vertex   5.728893e+00 3.600000e+01 6.323750e+00
    endloop
  endfacet
  facet normal 1.308173e-01 2.904727e-17 9.914065e-01
    outer loop
      vertex   5.728893e+00 4.000000e+01 6.323750e+00
      vertex   5.728893e+00 3.600000e+01 6.323750e+00
      vertex   5.909082e+00 4.000000e+01 6.299974e+00
    endloop
  endfacet
  facet normal 1.308173e-01 2.201365e-16 9.914065e-01
    outer loop
      vertex   5.909082e+00 4.000000e+01 6.299974e+00
      vertex   5.728893e+00 3.600000e+01 6.323750e+00
      vertex   5.909082e+00 3.600000e+01 6.299974e+00
    endloop
  endfacet
  facet normal 2.455356e-02 2.219777e-16 9.996985e-01
    outer loop
      vertex   5.909082e+00 4.000000e+01 6.299974e+00
      vertex   5.909082e+00 3.600000e+01 6.299974e+00
      vertex   6.090778e+00 4.000000e+01 6.295511e+00
    endloop
  endfacet
  facet normal 2.455356e-02 5.451986e-18 9.996985e-01
    outer loop
      vertex   6.090778e+00 4.000000e+01 6.295511e+00
      vertex   5.909082e+00 3.600000e+01 6.299974e+00
      vertex   6.090778e+00 3.600000e+01 6.295511e+00
    endloop
  endfacet
  facet normal -8.198910e-02 -1.820524e-17 9.966332e-01
    outer loop
      vertex   6.090778e+00 4.000000e+01 6.295511e+00
      vertex   6.090778e+00 3.600000e+01 6.295511e+00
      vertex   6.271918e+00 4.000000e+01 6.310413e+00
    endloop
  endfacet
  facet normal -8.198910e-02 3.641048e-17 9.966332e-01
    outer loop
      vertex   6.271918e+00 4.000000e+01 6.310413e+00
      vertex   6.090778e+00 3.600000e+01 6.295511e+00
      vertex   6.271918e+00 3.600000e+01 6.310413e+00
    endloop
  endfacet
  facet normal -1.876003e-01 8.331128e-17 9.822455e-01
    outer loop
      vertex   6.271918e+00 4.000000e+01 6.310413e+00
      vertex   6.271918e+00 3.600000e+01 6.310413e+00
      vertex   6.450442e+00 4.000000e+01 6.344509e+00
    endloop
  endfacet
  facet normal -1.876003e-01 -8.331128e-17 9.822455e-01
    outer loop
      vertex   6.450442e+00 4.000000e+01 6.344509e+00
      vertex   6.271918e+00 3.600000e+01 6.310413e+00
      vertex   6.450442e+00 3.600000e+01 6.344509e+00
    endloop
  endfacet
  facet normal -2.910802e-01 -1.292656e-16 9.566986e-01
    outer loop
      vertex   6.450442e+00 4.000000e+01 6.344509e+00
      vertex   6.450442e+00 3.600000e+01 6.344509e+00
      vertex   6.624323e+00 4.000000e+01 6.397414e+00
    endloop
  endfacet
  facet normal -2.910802e-01 0.000000e+00 9.566986e-01
    outer loop
      vertex   6.624323e+00 4.000000e+01 6.397414e+00
      vertex   6.450442e+00 3.600000e+01 6.344509e+00
      vertex   6.624323e+00 3.600000e+01 6.397414e+00
    endloop
  endfacet
  facet normal -3.912533e-01 0.000000e+00 9.202830e-01
    outer loop
      vertex   6.624323e+00 4.000000e+01 6.397414e+00
      vertex   6.624323e+00 3.600000e+01 6.397414e+00
      vertex   6.791585e+00 4.000000e+01 6.468524e+00
    endloop
  endfacet
  facet normal -3.912533e-01 1.174682e-16 9.202830e-01
    outer loop
      vertex   6.791585e+00 4.000000e+01 6.468524e+00
      vertex   6.624323e+00 3.600000e+01 6.397414e+00
      vertex   6.791585e+00 3.600000e+01 6.468524e+00
    endloop
  endfacet
  facet normal -4.869814e-01 8.580492e-17 8.734124e-01
    outer loop
      vertex   6.791585e+00 4.000000e+01 6.468524e+00
      vertex   6.791585e+00 3.600000e+01 6.468524e+00
      vertex   6.950329e+00 4.000000e+01 6.557034e+00
    endloop
  endfacet
  facet normal -4.869814e-01 0.000000e+00 8.734124e-01
    outer loop
      vertex   6.950329e+00 4.000000e+01 6.557034e+00
      vertex   6.791585e+00 3.600000e+01 6.468524e+00
      vertex   6.950329e+00 3.600000e+01 6.557034e+00
    endloop
  endfacet
  facet normal -5.771770e-01 0.000000e+00 8.166191e-01
    outer loop
      vertex   6.950329e+00 4.000000e+01 6.557034e+00
      vertex   6.950329e+00 3.600000e+01 6.557034e+00
      vertex   7.098750e+00 4.000000e+01 6.661936e+00
    endloop
  endfacet
  facet normal -5.771770e-01 3.626518e-16 8.166191e-01
    outer loop
      vertex   7.098750e+00 4.000000e+01 6.661936e+00
      vertex   6.950329e+00 3.600000e+01 6.557034e+00
      vertex   7.098750e+00 3.600000e+01 6.661936e+00
    endloop
  endfacet
  facet normal -6.608155e-01 3.333105e-16 7.505484e-01
    outer loop
      vertex   7.098750e+00 4.000000e+01 6.661936e+00
      vertex   7.098750e+00 3.600000e+01 6.661936e+00
      vertex   7.235163e+00 4.000000e+01 6.782040e+00
    endloop
  endfacet
  facet normal -6.608155e-01 0.000000e+00 7.505484e-01
    outer loop
      vertex   7.235163e+00 4.000000e+01 6.782040e+00
      vertex   7.098750e+00 3.600000e+01 6.661936e+00
      vertex   7.235163e+00 3.600000e+01 6.782040e+00
    endloop
  endfacet
  facet normal -7.369467e-01 0.000000e+00 6.759509e-01
    outer loop
      vertex   7.235163e+00 4.000000e+01 6.782040e+00
      vertex   7.235163e+00 3.600000e+01 6.782040e+00
      vertex   7.358018e+00 4.000000e+01 6.915981e+00
    endloop
  endfacet
  facet normal -7.369467e-01 -3.272701e-16 6.759509e-01
    outer loop
      vertex   7.358018e+00 4.000000e+01 6.915981e+00
      vertex   7.235163e+00 3.600000e+01 6.782040e+00
      vertex   7.358018e+00 3.600000e+01 6.915981e+00
    endloop
  endfacet
  facet normal -8.047056e-01 -3.573611e-16 5.936741e-01
    outer loop
      vertex   7.358018e+00 4.000000e+01 6.915981e+00
      vertex   7.358018e+00 3.600000e+01 6.915981e+00
      vertex   7.465919e+00 4.000000e+01 7.062237e+00
    endloop
  endfacet
  facet normal -8.047056e-01 -3.573611e-16 5.936741e-01
    outer loop
      vertex   7.465919e+00 4.000000e+01 7.062237e+00
      vertex   7.358018e+00 3.600000e+01 6.915981e+00
      vertex   7.465919e+00 3.600000e+01 7.062237e+00
    endloop
  endfacet
  facet normal -8.633224e-01 -3.833922e-16 5.046528e-01
    outer loop
      vertex   7.465919e+00 4.000000e+01 7.062237e+00
      vertex   7.465919e+00 3.600000e+01 7.062237e+00
      vertex   7.557640e+00 4.000000e+01 7.219147e+00
    endloop
  endfacet
  facet normal -8.633224e-01 -1.916961e-16 5.046528e-01
    outer loop
      vertex   7.557640e+00 4.000000e+01 7.219147e+00
      vertex   7.465919e+00 3.600000e+01 7.062237e+00
      vertex   7.557640e+00 3.600000e+01 7.219147e+00
    endloop
  endfacet
  facet normal -9.121313e-01 -2.025339e-16 4.098982e-01
    outer loop
      vertex   7.557640e+00 4.000000e+01 7.219147e+00
      vertex   7.557640e+00 3.600000e+01 7.219147e+00
      vertex   7.632140e+00 4.000000e+01 7.384928e+00
    endloop
  endfacet
  facet normal -9.121313e-01 9.101570e-17 4.098982e-01
    outer loop
      vertex   7.632140e+00 4.000000e+01 7.384928e+00
      vertex   7.557640e+00 3.600000e+01 7.219147e+00
      vertex   7.632140e+00 3.600000e+01 7.384928e+00
    endloop
  endfacet
  facet normal -9.505777e-01 6.894195e-17 3.104869e-01
    outer loop
      vertex   7.632140e+00 4.000000e+01 7.384928e+00
      vertex   7.632140e+00 3.600000e+01 7.384928e+00
      vertex   7.688571e+00 4.000000e+01 7.557696e+00
    endloop
  endfacet
  facet normal -9.505777e-01 0.000000e+00 3.104869e-01
    outer loop
      vertex   7.688571e+00 4.000000e+01 7.557696e+00
      vertex   7.632140e+00 3.600000e+01 7.384928e+00
      vertex   7.688571e+00 3.600000e+01 7.557696e+00
    endloop
  endfacet
  facet normal -9.782248e-01 0.000000e+00 2.075482e-01
    outer loop
      vertex   7.688571e+00 4.000000e+01 7.557696e+00
      vertex   7.688571e+00 3.600000e+01 7.557696e+00
      vertex   7.726293e+00 4.000000e+01 7.735490e+00
    endloop
  endfacet
  facet normal -9.782248e-01 0.000000e+00 2.075482e-01
    outer loop
      vertex   7.726293e+00 4.000000e+01 7.735490e+00
      vertex   7.688571e+00 3.600000e+01 7.557696e+00
      vertex   7.726293e+00 3.600000e+01 7.735490e+00
    endloop
  endfacet
  facet normal -9.957776e-01 0.000000e+00 9.179892e-02
    outer loop
      vertex   7.726293e+00 4.000000e+01 7.735490e+00
      vertex   7.726293e+00 3.600000e+01 7.735490e+00
      vertex   7.764983e+00 4.000000e+01 8.155173e+00
    endloop
  endfacet
  facet normal -9.957776e-01 0.000000e+00 9.179892e-02
    outer loop
      vertex   7.764983e+00 4.000000e+01 8.155173e+00
      vertex   7.726293e+00 3.600000e+01 7.735490e+00
      vertex   7.764983e+00 3.600000e+01 8.155173e+00
    endloop
  endfacet
  facet normal -9.911884e-01 0.000000e+00 1.324594e-01
    outer loop
      vertex   7.764983e+00 4.000000e+01 8.155173e+00
      vertex   7.764983e+00 3.600000e+01 8.155173e+00
      vertex   7.820810e+00 4.000000e+01 8.572921e+00
    endloop
  endfacet
  facet normal -9.911884e-01 0.000000e+00 1.324594e-01
    outer loop
      vertex   7.820810e+00 4.000000e+01 8.572921e+00
      vertex   7.764983e+00 3.600000e+01 8.155173e+00
      vertex   7.820810e+00 3.600000e+01 8.572921e+00
    endloop
  endfacet
  facet normal -9.849397e-01 0.000000e+00 1.728982e-01
    outer loop
      vertex   7.820810e+00 4.000000e+01 8.572921e+00
      vertex   7.820810e+00 3.600000e+01 8.572921e+00
      vertex   7.893680e+00 4.000000e+01 8.988036e+00
    endloop
  endfacet
  facet normal -9.849397e-01 0.000000e+00 1.728982e-01
    outer loop
      vertex   7.893680e+00 4.000000e+01 8.988036e+00
      vertex   7.820810e+00 3.600000e+01 8.572921e+00
      vertex   7.893680e+00 3.600000e+01 8.988036e+00
    endloop
  endfacet
  facet normal -9.770419e-01 0.000000e+00 2.130474e-01
    outer loop
      vertex   7.893680e+00 4.000000e+01 8.988036e+00
      vertex   7.893680e+00 3.600000e+01 8.988036e+00
      vertex   7.983471e+00 4.000000e+01 9.399823e+00
    endloop
  endfacet
  facet normal -9.770419e-01 0.000000e+00 2.130474e-01
    outer loop
      vertex   7.983471e+00 4.000000e+01 9.399823e+00
      vertex   7.893680e+00 3.600000e+01 8.988036e+00
      vertex   7.983471e+00 3.600000e+01 9.399823e+00
    endloop
  endfacet
  facet normal -9.675081e-01 0.000000e+00 2.528400e-01
    outer loop
      vertex   7.983471e+00 4.000000e+01 9.399823e+00
      vertex   7.983471e+00 3.600000e+01 9.399823e+00
      vertex   8.090034e+00 4.000000e+01 9.807591e+00
    endloop
  endfacet
  facet normal -9.675081e-01 0.000000e+00 2.528400e-01
    outer loop
      vertex   8.090034e+00 4.000000e+01 9.807591e+00
      vertex   7.983471e+00 3.600000e+01 9.399823e+00
      vertex   8.090034e+00 3.600000e+01 9.807591e+00
    endloop
  endfacet
  facet normal -9.563544e-01 0.000000e+00 2.922092e-01
    outer loop
      vertex   8.090034e+00 4.000000e+01 9.807591e+00
      vertex   8.090034e+00 3.600000e+01 9.807591e+00
      vertex   8.213189e+00 4.000000e+01 1.021066e+01
    endloop
  endfacet
  facet normal -9.563544e-01 0.000000e+00 2.922092e-01
    outer loop
      vertex   8.213189e+00 4.000000e+01 1.021066e+01
      vertex   8.090034e+00 3.600000e+01 9.807591e+00
      vertex   8.213189e+00 3.600000e+01 1.021066e+01
    endloop
  endfacet
  facet normal -9.435995e-01 0.000000e+00 3.310891e-01
    outer loop
      vertex   8.213189e+00 4.000000e+01 1.021066e+01
      vertex   8.213189e+00 3.600000e+01 1.021066e+01
      vertex   8.352730e+00 4.000000e+01 1.060835e+01
    endloop
  endfacet
  facet normal -9.435995e-01 0.000000e+00 3.310891e-01
    outer loop
      vertex   8.352730e+00 4.000000e+01 1.060835e+01
      vertex   8.213189e+00 3.600000e+01 1.021066e+01
      vertex   8.352730e+00 3.600000e+01 1.060835e+01
    endloop
  endfacet
  facet normal -9.292647e-01 0.000000e+00 3.694147e-01
    outer loop
      vertex   8.352730e+00 4.000000e+01 1.060835e+01
      vertex   8.352730e+00 3.600000e+01 1.060835e+01
      vertex   8.508425e+00 4.000000e+01 1.100000e+01
    endloop
  endfacet
  facet normal -9.292647e-01 0.000000e+00 3.694147e-01
    outer loop
      vertex   8.508425e+00 4.000000e+01 1.100000e+01
      vertex   8.352730e+00 3.600000e+01 1.060835e+01
      vertex   8.508425e+00 3.600000e+01 1.100000e+01
    endloop
  endfacet
  facet normal -9.957776e-01 0.000000e+00 9.179892e-02
    outer loop
      vertex   7.726293e+00 4.000000e+00 7.735490e+00
      vertex   7.726293e+00 0.000000e+00 7.735490e+00
      vertex   7.764983e+00 4.000000e+00 8.155173e+00
    endloop
  endfacet
  facet normal -9.957776e-01 0.000000e+00 9.179892e-02
    outer loop
      vertex   7.764983e+00 4.000000e+00 8.155173e+00
      vertex   7.726293e+00 0.000000e+00 7.735490e+00
      vertex   7.764983e+00 0.000000e+00 8.155173e+00
    endloop
  endfacet
  facet normal -9.911884e-01 0.000000e+00 1.324594e-01
    outer loop
      vertex   7.764983e+00 4.000000e+00 8.155173e+00
      vertex   7.764983e+00 0.000000e+00 8.155173e+00
      vertex   7.820810e+00 4.000000e+00 8.572921e+00
    endloop
  endfacet
  facet normal -9.911884e-01 0.000000e+00 1.324594e-01
    outer loop
      vertex   7.820810e+00 4.000000e+00 8.572921e+00
      vertex   7.764983e+00 0.000000e+00 8.155173e+00
      vertex   7.820810e+00 0.000000e+00 8.572921e+00
    endloop
  endfacet
  facet normal -9.849397e-01 0.000000e+00 1.728982e-01
    outer loop
      vertex   7.820810e+00 4.000000e+00 8.572921e+00
      vertex   7.820810e+00 0.000000e+00 8.572921e+00
      vertex   7.893680e+00 4.000000e+00 8.988036e+00
    endloop
  endfacet
  facet normal -9.849397e-01 0.000000e+00 1.728982e-01
    outer loop
      vertex   7.893680e+00 4.000000e+00 8.988036e+00
      vertex   7.820810e+00 0.000000e+00 8.572921e+00
      vertex   7.893680e+00 0.000000e+00 8.988036e+00
    endloop
  endfacet
  facet normal -9.770419e-01 0.000000e+00 2.130474e-01
    outer loop
      vertex   7.893680e+00 4.000000e+00 8.988036e+00
      vertex   7.893680e+00 0.000000e+00 8.988036e+00
      vertex   7.983471e+00 4.000000e+00 9.399823e+00
    endloop
  endfacet
  facet normal -9.770419e-01 0.000000e+00 2.130474e-01
    outer loop
      vertex   7.983471e+00 4.000000e+00 9.399823e+00
      vertex   7.893680e+00 0.000000e+00 8.988036e+00
      vertex   7.983471e+00 0.000000e+00 9.399823e+00
    endloop
  endfacet
  facet normal -9.675081e-01 0.000000e+00 2.528400e-01
    outer loop
      vertex   7.983471e+00 4.000000e+00 9.399823e+00
      vertex   7.983471e+00 0.000000e+00 9.399823e+00
      vertex   8.090034e+00 4.000000e+00 9.807591e+00
    endloop
  endfacet
  facet normal -9.675081e-01 0.000000e+00 2.528400e-01
    outer loop
      vertex   8.090034e+00 4.000000e+00 9.807591e+00
      vertex   7.983471e+00 0.000000e+00 9.399823e+00
      vertex   8.090034e+00 0.000000e+00 9.807591e+00
    endloop
  endfacet
  facet normal -9.563544e-01 0.000000e+00 2.922092e-01
    outer loop
      vertex   8.090034e+00 4.000000e+00 9.807591e+00
      vertex   8.090034e+00 0.000000e+00 9.807591e+00
      vertex   8.213189e+00 4.000000e+00 1.021066e+01
    endloop
  endfacet
  facet normal -9.563544e-01 0.000000e+00 2.922092e-01
    outer loop
      vertex   8.213189e+00 4.000000e+00 1.021066e+01
      vertex   8.090034e+00 0.000000e+00 9.807591e+00
      vertex   8.213189e+00 0.000000e+00 1.021066e+01
    endloop
  endfacet
  facet normal -9.435995e-01 0.000000e+00 3.310891e-01
    outer loop
      vertex   8.213189e+00 4.000000e+00 1.021066e+01
      vertex   8.213189e+00 0.000000e+00 1.021066e+01
      vertex   8.352730e+00 4.000000e+00 1.060835e+01
    endloop
  endfacet
  facet normal -9.435995e-01 0.000000e+00 3.310891e-01
    outer loop
      vertex   8.352730e+00 4.000000e+00 1.060835e+01
      vertex   8.213189e+00 0.000000e+00 1.021066e+01
      vertex   8.352730e+00 0.000000e+00 1.060835e+01
    endloop
  endfacet
  facet normal -9.292647e-01 0.000000e+00 3.694147e-01
    outer loop
      vertex   8.352730e+00 4.000000e+00 1.060835e+01
      vertex   8.352730e+00 0.000000e+00 1.060835e+01
      vertex   8.508425e+00 4.000000e+00 1.100000e+01
    endloop
  endfacet
  facet normal -9.292647e-01 0.000000e+00 3.694147e-01
    outer loop
      vertex   8.508425e+00 4.000000e+00 1.100000e+01
      vertex   8.352730e+00 0.000000e+00 1.060835e+01
      vertex   8.508425e+00 0.000000e+00 1.100000e+01
    endloop
  endfacet
  facet normal -0.000000e+00 6.540313e-02 9.978589e-01
    outer loop
      vertex   0.000000e+00 4.869474e+00 2.008555e+00
      vertex   2.777778e+00 4.869474e+00 2.008555e+00
      vertex   0.000000e+00 5.000000e+00 2.000000e+00
    endloop
  endfacet
  facet normal 0.000000e+00 6.540313e-02 9.978589e-01
    outer loop
      vertex   0.000000e+00 5.000000e+00 2.000000e+00
      vertex   2.777778e+00 4.869474e+00 2.008555e+00
      vertex   5.555556e+00 4.869474e+00 2.008555e+00
    endloop
  endfacet
  facet normal 0.000000e+00 6.540313e-02 9.978589e-01
    outer loop
      vertex   0.000000e+00 5.000000e+00 2.000000e+00
      vertex   5.555556e+00 4.869474e+00 2.008555e+00
      vertex   8.333333e+00 4.869474e+00 2.008555e+00
    endloop
  endfacet
  facet normal 0.000000e+00 1.950903e-01 9.807853e-01
    outer loop
      vertex   8.333333e+00 4.869474e+00 2.008555e+00
      vertex   5.555556e+00 4.869474e+00 2.008555e+00
      vertex   8.333333e+00 4.741181e+00 2.034074e+00
    endloop
  endfacet
  facet normal 0.000000e+00 1.950903e-01 9.807853e-01
    outer loop
      vertex   8.333333e+00 4.869474e+00 2.008555e+00
      vertex   8.333333e+00 4.741181e+00 2.034074e+00
      vertex   1.111111e+01 4.741181e+00 2.034074e+00
    endloop
  endfacet
  facet normal 0.000000e+00 3.214395e-01 9.469301e-01
    outer loop
      vertex   1.111111e+01 4.741181e+00 2.034074e+00
      vertex   8.333333e+00 4.741181e+00 2.034074e+00
      vertex   1.111111e+01 4.617317e+00 2.076120e+00
    endloop
  endfacet
  facet normal 0.000000e+00 3.214395e-01 9.469301e-01
    outer loop
      vertex   1.111111e+01 4.741181e+00 2.034074e+00
      vertex   1.111111e+01 4.617317e+00 2.076120e+00
      vertex   1.388889e+01 4.617317e+00 2.076120e+00
    endloop
  endfacet
  facet normal 0.000000e+00 4.422887e-01 8.968727e-01
    outer loop
      vertex   1.388889e+01 4.617317e+00 2.076120e+00
      vertex   1.111111e+01 4.617317e+00 2.076120e+00
      vertex   1.388889e+01 4.500000e+00 2.133975e+00
    endloop
  endfacet
  facet normal 0.000000e+00 4.422887e-01 8.968727e-01
    outer loop
      vertex   1.388889e+01 4.617317e+00 2.076120e+00
      vertex   1.388889e+01 4.500000e+00 2.133975e+00
      vertex   1.666667e+01 4.500000e+00 2.133975e+00
    endloop
  endfacet
  facet normal 0.000000e+00 5.555702e-01 8.314696e-01
    outer loop
      vertex   1.666667e+01 4.500000e+00 2.133975e+00
      vertex   1.388889e+01 4.500000e+00 2.133975e+00
      vertex   1.666667e+01 4.391239e+00 2.206647e+00
    endloop
  endfacet
  facet normal 0.000000e+00 5.555702e-01 8.314696e-01
    outer loop
      vertex   1.666667e+01 4.500000e+00 2.133975e+00
      vertex   1.666667e+01 4.391239e+00 2.206647e+00
      vertex   1.944444e+01 4.391239e+00 2.206647e+00
    endloop
  endfacet
  facet normal 0.000000e+00 6.593458e-01 7.518398e-01
    outer loop
      vertex   1.944444e+01 4.391239e+00 2.206647e+00
      vertex   1.666667e+01 4.391239e+00 2.206647e+00
      vertex   1.944444e+01 4.292893e+00 2.292893e+00
    endloop
  endfacet
  facet normal 0.000000e+00 6.593458e-01 7.518398e-01
    outer loop
      vertex   1.944444e+01 4.391239e+00 2.206647e+00
      vertex   1.944444e+01 4.292893e+00 2.292893e+00
      vertex   2.222222e+01 4.292893e+00 2.292893e+00
    endloop
  endfacet
  facet normal 0.000000e+00 7.518398e-01 6.593458e-01
    outer loop
      vertex   2.222222e+01 4.292893e+00 2.292893e+00
      vertex   1.944444e+01 4.292893e+00 2.292893e+00
      vertex   2.222222e+01 4.206647e+00 2.391239e+00
    endloop
  endfacet
  facet normal 0.000000e+00 7.518398e-01 6.593458e-01
    outer loop
      vertex   2.222222e+01 4.292893e+00 2.292893e+00
      vertex   2.222222e+01 4.206647e+00 2.391239e+00
      vertex   2.500000e+01 4.206647e+00 2.391239e+00
    endloop
  endfacet
  facet normal 0.000000e+00 8.314696e-01 5.555702e-01
    outer loop
      vertex   2.500000e+01 4.206647e+00 2.391239e+00
      vertex   2.222222e+01 4.206647e+00 2.391239e+00
      vertex   2.500000e+01 4.133975e+00 2.500000e+00
    endloop
  endfacet
  facet normal 0.000000e+00 8.314696e-01 5.555702e-01
    outer loop
      vertex   2.500000e+01 4.133975e+00 2.500000e+00
      vertex   2.222222e+01 4.206647e+00 2.391239e+00
      vertex   2.222222e+01 4.133975e+00 2.500000e+00
    endloop
  endfacet
  facet normal 0.000000e+00 8.968727e-01 4.422887e-01
    outer loop
      vertex   2.500000e+01 4.133975e+00 2.500000e+00
      vertex   2.222222e+01 4.133975e+00 2.500000e+00
      vertex   2.500000e+01 4.076120e+00 2.617317e+00
    endloop
  endfacet
  facet normal 0.000000e+00 8.968727e-01 4.422887e-01
    outer loop
      vertex   2.500000e+01 4.076120e+00 2.617317e+00
      vertex   2.222222e+01 4.133975e+00 2.500000e+00
      vertex   2.222222e+01 4.076120e+00 2.617317e+00
    endloop
  endfacet
  facet normal 0.000000e+00 9.469301e-01 3.214395e-01
    outer loop
      vertex   2.500000e+01 4.076120e+00 2.617317e+00
      vertex   2.222222e+01 4.076120e+00 2.617317e+00
      vertex   2.500000e+01 4.034074e+00 2.741181e+00
    endloop
  endfacet
  facet normal 0.000000e+00 9.469301e-01 3.214395e-01
    outer loop
      vertex   2.500000e+01 4.034074e+00 2.741181e+00
      vertex   2.222222e+01 4.076120e+00 2.617317e+00
      vertex   2.222222e+01 4.034074e+00 2.741181e+00
    endloop
  endfacet
  facet normal 0.000000e+00 9.807853e-01 1.950903e-01
    outer loop
      vertex   2.500000e+01 4.034074e+00 2.741181e+00
      vertex   2.222222e+01 4.034074e+00 2.741181e+00
      vertex   2.500000e+01 4.008555e+00 2.869474e+00
    endloop
  endfacet
  facet normal 0.000000e+00 9.807853e-01 1.950903e-01
    outer loop
      vertex   2.500000e+01 4.008555e+00 2.869474e+00
      vertex   2.222222e+01 4.034074e+00 2.741181e+00
      vertex   2.222222e+01 4.008555e+00 2.869474e+00
    endloop
  endfacet
  facet normal 0.000000e+00 9.978589e-01 6.540313e-02
    outer loop
      vertex   2.500000e+01 4.008555e+00 2.869474e+00
      vertex   2.222222e+01 4.008555e+00 2.869474e+00
      vertex   2.500000e+01 4.000000e+00 3.000000e+00
    endloop
  endfacet
  facet normal 0.000000e+00 9.978589e-01 6.540313e-02
    outer loop
      vertex   2.500000e+01 4.000000e+00 3.000000e+00
      vertex   2.222222e+01 4.008555e+00 2.869474e+00
      vertex   1.944444e+01 4.008555e+00 2.869474e+00
    endloop
  endfacet
  facet normal 0.000000e+00 9.978589e-01 6.540313e-02
    outer loop
      vertex   2.500000e+01 4.000000e+00 3.000000e+00
      vertex   1.944444e+01 4.008555e+00 2.869474e+00
      vertex   1.666667e+01 4.008555e+00 2.869474e+00
    endloop
  endfacet
  facet normal -0.000000e+00 9.807853e-01 1.950903e-01
    outer loop
      vertex   1.666667e+01 4.008555e+00 2.869474e+00
      vertex   1.944444e+01 4.008555e+00 2.869474e+00
      vertex   1.666667e+01 4.034074e+00 2.741181e+00
    endloop
  endfacet
  facet normal 0.000000e+00 9.807853e-01 1.950903e-01
    outer loop
      vertex   1.666667e+01 4.008555e+00 2.869474e+00
      vertex   1.666667e+01 4.034074e+00 2.741181e+00
      vertex   1.388889e+01 4.034074e+00 2.741181e+00
    endloop
  endfacet
  facet normal -0.000000e+00 9.469301e-01 3.214395e-01
    outer loop
      vertex   1.388889e+01 4.034074e+00 2.741181e+00
      vertex   1.666667e+01 4.034074e+00 2.741181e+00
      vertex   1.388889e+01 4.076120e+00 2.617317e+00
    endloop
  endfacet
  facet normal 0.000000e+00 9.469301e-01 3.214395e-01
    outer loop
      vertex   1.388889e+01 4.034074e+00 2.741181e+00
      vertex   1.388889e+01 4.076120e+00 2.617317e+00
      vertex   1.111111e+01 4.076120e+00 2.617317e+00
    endloop
  endfacet
  facet normal -0.000000e+00 8.968727e-01 4.422887e-01
    outer loop
      vertex   1.111111e+01 4.076120e+00 2.617317e+00
      vertex   1.388889e+01 4.076120e+00 2.617317e+00
      vertex   1.111111e+01 4.133975e+00 2.500000e+00
    endloop
  endfacet
  facet normal 0.000000e+00 8.968727e-01 4.422887e-01
    outer loop
      vertex   1.111111e+01 4.076120e+00 2.617317e+00
      vertex   1.111111e+01 4.133975e+00 2.500000e+00
      vertex   8.333333e+00 4.133975e+00 2.500000e+00
    endloop
  endfacet
  facet normal -0.000000e+00 8.314696e-01 5.555702e-01
    outer loop
      vertex   8.333333e+00 4.133975e+00 2.500000e+00
      vertex   1.111111e+01 4.133975e+00 2.500000e+00
      vertex   8.333333e+00 4.206647e+00 2.391239e+00
    endloop
  endfacet
  facet normal 0.000000e+00 8.314696e-01 5.555702e-01
    outer loop
      vertex   8.333333e+00 4.133975e+00 2.500000e+00
      vertex   8.333333e+00 4.206647e+00 2.391239e+00
      vertex   5.555556e+00 4.206647e+00 2.391239e+00
    endloop
  endfacet
  facet normal -0.000000e+00 7.518398e-01 6.593458e-01
    outer loop
      vertex   5.555556e+00 4.206647e+00 2.391239e+00
      vertex   8.333333e+00 4.206647e+00 2.391239e+00
      vertex   5.555556e+00 4.292893e+00 2.292893e+00
    endloop
  endfacet
  facet normal 0.000000e+00 7.518398e-01 6.593458e-01
    outer loop
      vertex   5.555556e+00 4.206647e+00 2.391239e+00
      vertex   5.555556e+00 4.292893e+00 2.292893e+00
      vertex   2.777778e+00 4.292893e+00 2.292893e+00
    endloop
  endfacet
  facet normal -0.000000e+00 6.593458e-01 7.518398e-01
    outer loop
      vertex   2.777778e+00 4.292893e+00 2.292893e+00
      vertex   5.555556e+00 4.292893e+00 2.292893e+00
      vertex   2.777778e+00 4.391239e+00 2.206647e+00
    endloop
  endfacet
  facet normal 0.000000e+00 6.593458e-01 7.518398e-01
    outer loop
      vertex   2.777778e+00 4.292893e+00 2.292893e+00
      vertex   2.777778e+00 4.391239e+00 2.206647e+00
      vertex   0.000000e+00 4.391239e+00 2.206647e+00
    endloop
  endfacet
  facet normal -0.000000e+00 5.555702e-01 8.314696e-01
    outer loop
      vertex   0.000000e+00 4.391239e+00 2.206647e+00
      vertex   2.777778e+00 4.391239e+00 2.206647e+00
      vertex   0.000000e+00 4.500000e+00 2.133975e+00
    endloop
  endfacet
  facet normal -0.000000e+00 5.555702e-01 8.314696e-01
    outer loop
      vertex   0.000000e+00 4.500000e+00 2.133975e+00
      vertex   2.777778e+00 4.391239e+00 2.206647e+00
      vertex   2.777778e+00 4.500000e+00 2.133975e+00
    endloop
  endfacet
  facet normal -0.000000e+00 4.422887e-01 8.968727e-01
    outer loop
      vertex   0.000000e+00 4.500000e+00 2.133975e+00
      vertex   2.777778e+00 4.500000e+00 2.133975e+00
      vertex   0.000000e+00 4.617317e+00 2.076120e+00
    endloop
  endfacet
  facet normal -0.000000e+00 4.422887e-01 8.968727e-01
    outer loop
      vertex   0.000000e+00 4.617317e+00 2.076120e+00
      vertex   2.777778e+00 4.500000e+00 2.133975e+00
      vertex   2.777778e+00 4.617317e+00 2.076120e+00
    endloop
  endfacet
  facet normal -0.000000e+00 3.214395e-01 9.469301e-01
    outer loop
      vertex   0.000000e+00 4.617317e+00 2.076120e+00
      vertex   2.777778e+00 4.617317e+00 2.076120e+00
      vertex   0.000000e+00 4.741181e+00 2.034074e+00
    endloop
  endfacet
  facet normal -0.000000e+00 3.214395e-01 9.469301e-01
    outer loop
      vertex   0.000000e+00 4.741181e+00 2.034074e+00
      vertex   2.777778e+00 4.617317e+00 2.076120e+00
      vertex   2.777778e+00 4.741181e+00 2.034074e+00
    endloop
  endfacet
  facet normal -0.000000e+00 1.950903e-01 9.807853e-01
    outer loop
      vertex   0.000000e+00 4.741181e+00 2.034074e+00
      vertex   2.777778e+00 4.741181e+00 2.034074e+00
      vertex   0.000000e+00 4.869474e+00 2.008555e+00
    endloop
  endfacet
  facet normal -0.000000e+00 1.950903e-01 9.807853e-01
    outer loop
      vertex   0.000000e+00 4.869474e+00 2.008555e+00
      vertex   2.777778e+00 4.741181e+00 2.034074e+00
      vertex   2.777778e+00 4.869474e+00 2.008555e+00
    endloop
  endfacet
  facet normal 0.000000e+00 6.593458e-01 7.518398e-01
    outer loop
      vertex   0.000000e+00 4.391239e+00 2.206647e+00
      vertex   0.000000e+00 4.292893e+00 2.292893e+00
      vertex   2.777778e+00 4.292893e+00 2.292893e+00
    endloop
  endfacet
  facet normal 0.000000e+00 7.518398e-01 6.593458e-01
    outer loop
      vertex   2.777778e+00 4.292893e+00 2.292893e+00
      vertex   0.000000e+00 4.292893e+00 2.292893e+00
      vertex   2.777778e+00 4.206647e+00 2.391239e+00
    endloop
  endfacet
  facet normal 0.000000e+00 7.518398e-01 6.593458e-01
    outer loop
      vertex   2.777778e+00 4.292893e+00 2.292893e+00
      vertex   2.777778e+00 4.206647e+00 2.391239e+00
      vertex   5.555556e+00 4.206647e+00 2.391239e+00
    endloop
  endfacet
  facet normal 0.000000e+00 8.314696e-01 5.555702e-01
    outer loop
      vertex   5.555556e+00 4.206647e+00 2.391239e+00
      vertex   2.777778e+00 4.206647e+00 2.391239e+00
      vertex   5.555556e+00 4.133975e+00 2.500000e+00
    endloop
  endfacet
  facet normal 0.000000e+00 8.314696e-01 5.555702e-01
    outer loop
      vertex   5.555556e+00 4.206647e+00 2.391239e+00
      vertex   5.555556e+00 4.133975e+00 2.500000e+00
      vertex   8.333333e+00 4.133975e+00 2.500000e+00
    endloop
  endfacet
  facet normal 0.000000e+00 8.968727e-01 4.422887e-01
    outer loop
      vertex   8.333333e+00 4.133975e+00 2.500000e+00
      vertex   5.555556e+00 4.133975e+00 2.500000e+00
      vertex   8.333333e+00 4.076120e+00 2.617317e+00
    endloop
  endfacet
  facet normal 0.000000e+00 8.968727e-01 4.422887e-01
    outer loop
      vertex   8.333333e+00 4.133975e+00 2.500000e+00
      vertex   8.333333e+00 4.076120e+00 2.617317e+00
      vertex   1.111111e+01 4.076120e+00 2.617317e+00
    endloop
  endfacet
  facet normal 0.000000e+00 9.469301e-01 3.214395e-01
    outer loop
      vertex   1.111111e+01 4.076120e+00 2.617317e+00
      vertex   8.333333e+00 4.076120e+00 2.617317e+00
      vertex   1.111111e+01 4.034074e+00 2.741181e+00
    endloop
  endfacet
  facet normal 0.000000e+00 9.469301e-01 3.214395e-01
    outer loop
      vertex   1.111111e+01 4.076120e+00 2.617317e+00
      vertex   1.111111e+01 4.034074e+00 2.741181e+00
      vertex   1.388889e+01 4.034074e+00 2.741181e+00
    endloop
  endfacet
  facet normal 0.000000e+00 9.807853e-01 1.950903e-01
    outer loop
      vertex   1.388889e+01 4.034074e+00 2.741181e+00
      vertex   1.111111e+01 4.034074e+00 2.741181e+00
      vertex   1.388889e+01 4.008555e+00 2.869474e+00
    endloop
  endfacet
  facet normal 0.000000e+00 9.807853e-01 1.950903e-01
    outer loop
      vertex   1.388889e+01 4.034074e+00 2.741181e+00
      vertex   1.388889e+01 4.008555e+00 2.869474e+00
      vertex   1.666667e+01 4.008555e+00 2.869474e+00
    endloop
  endfacet
  facet normal 0.000000e+00 9.978589e-01 6.540313e-02
    outer loop
      vertex   1.666667e+01 4.008555e+00 2.869474e+00
      vertex   1.388889e+01 4.008555e+00 2.869474e+00
      vertex   2.500000e+01 4.000000e+00 3.000000e+00
    endloop
  endfacet
  facet normal 0.000000e+00 7.518398e-01 6.593458e-01
    outer loop
      vertex   0.000000e+00 4.292893e+00 2.292893e+00
      vertex   0.000000e+00 4.206647e+00 2.391239e+00
      vertex   2.777778e+00 4.206647e+00 2.391239e+00
    endloop
  endfacet
  facet normal 0.000000e+00 8.314696e-01 5.555702e-01
    outer loop
      vertex   2.777778e+00 4.206647e+00 2.391239e+00
      vertex   0.000000e+00 4.206647e+00 2.391239e+00
      vertex   2.777778e+00 4.133975e+00 2.500000e+00
    endloop
  endfacet
  facet normal 0.000000e+00 8.314696e-01 5.555702e-01
    outer loop
      vertex   2.777778e+00 4.206647e+00 2.391239e+00
      vertex   2.777778e+00 4.133975e+00 2.500000e+00
      vertex   5.555556e+00 4.133975e+00 2.500000e+00
    endloop
  endfacet
  facet normal 0.000000e+00 8.968727e-01 4.422887e-01
    outer loop
      vertex   5.555556e+00 4.133975e+00 2.500000e+00
      vertex   2.777778e+00 4.133975e+00 2.500000e+00
      vertex   5.555556e+00 4.076120e+00 2.617317e+00
    endloop
  endfacet
  facet normal 0.000000e+00 8.968727e-01 4.422887e-01
    outer loop
      vertex   5.555556e+00 4.133975e+00 2.500000e+00
      vertex   5.555556e+00 4.076120e+00 2.617317e+00
      vertex   8.333333e+00 4.076120e+00 2.617317e+00
    endloop
  endfacet
  facet normal 0.000000e+00 9.469301e-01 3.214395e-01
    outer loop
      vertex   8.333333e+00 4.076120e+00 2.617317e+00
      vertex   5.555556e+00 4.076120e+00 2.617317e+00
      vertex   8.333333e+00 4.034074e+00 2.741181e+00
    endloop
  endfacet
  facet normal 0.000000e+00 9.469301e-01 3.214395e-01
    outer loop
      vertex   8.333333e+00 4.076120e+00 2.617317e+00
      vertex   8.333333e+00 4.034074e+00 2.741181e+00
      vertex   1.111111e+01 4.034074e+00 2.741181e+00
    endloop
  endfacet
  facet normal 0.000000e+00 9.807853e-01 1.950903e-01
    outer loop
      vertex   1.111111e+01 4.034074e+00 2.741181e+00
      vertex   8.333333e+00 4.034074e+00 2.741181e+00
      vertex   1.111111e+01 4.008555e+00 2.869474e+00
    endloop
  endfacet
  facet normal 0.000000e+00 9.807853e-01 1.950903e-01
    outer loop
      vertex   1.111111e+01 4.034074e+00 2.741181e+00
      vertex   1.111111e+01 4.008555e+00 2.869474e+00
      vertex   1.388889e+01 4.008555e+00 2.869474e+00
    endloop
  endfacet
  facet normal 0.000000e+00 9.978589e-01 6.540313e-02
    outer loop
      vertex   1.388889e+01 4.008555e+00 2.869474e+00
      vertex   1.111111e+01 4.008555e+00 2.869474e+00
      vertex   2.500000e+01 4.000000e+00 3.000000e+00
    endloop
  endfacet
  facet normal 0.000000e+00 8.314696e-01 5.555702e-01
    outer loop
      vertex   0.000000e+00 4.206647e+00 2.391239e+00
      vertex   0.000000e+00 4.133975e+00 2.500000e+00
      vertex   2.777778e+00 4.133975e+00 2.500000e+00
    endloop
  endfacet
  facet normal 0.000000e+00 8.968727e-01 4.422887e-01
    outer loop
      vertex   2.777778e+00 4.133975e+00 2.500000e+00
      vertex   0.000000e+00 4.133975e+00 2.500000e+00
      vertex   2.777778e+00 4.076120e+00 2.617317e+00
    endloop
  endfacet
  facet normal 0.000000e+00 8.968727e-01 4.422887e-01
    outer loop
      vertex   2.777778e+00 4.133975e+00 2.500000e+00
      vertex   2.777778e+00 4.076120e+00 2.617317e+00
      vertex   5.555556e+00 4.076120e+00 2.617317e+00
    endloop
  endfacet
  facet normal 0.000000e+00 9.469301e-01 3.214395e-01
    outer loop
      vertex   5.555556e+00 4.076120e+00 2.617317e+00
      vertex   2.777778e+00 4.076120e+00 2.617317e+00
      vertex   5.555556e+00 4.034074e+00 2.741181e+00
    endloop
  endfacet
  facet normal 0.000000e+00 9.469301e-01 3.214395e-01
    outer loop
      vertex   5.555556e+00 4.076120e+00 2.617317e+00
      vertex   5.555556e+00 4.034074e+00 2.741181e+00
      vertex   8.333333e+00 4.034074e+00 2.741181e+00
    endloop
  endfacet
  facet normal 0.000000e+00 9.807853e-01 1.950903e-01
    outer loop
      vertex   8.333333e+00 4.034074e+00 2.741181e+00
      vertex   5.555556e+00 4.034074e+00 2.741181e+00
      vertex   8.333333e+00 4.008555e+00 2.869474e+00
    endloop
  endfacet
  facet normal 0.000000e+00 9.807853e-01 1.950903e-01
    outer loop
      vertex   8.333333e+00 4.034074e+00 2.741181e+00
      vertex   8.333333e+00 4.008555e+00 2.869474e+00
      vertex   1.111111e+01 4.008555e+00 2.869474e+00
    endloop
  endfacet
  facet normal 0.000000e+00 9.978589e-01 6.540313e-02
    outer loop
      vertex   1.111111e+01 4.008555e+00 2.869474e+00
      vertex   8.333333e+00 4.008555e+00 2.869474e+00
      vertex   0.000000e+00 4.000000e+00 3.000000e+00
    endloop
  endfacet
  facet normal 0.000000e+00 9.978589e-01 6.540313e-02
    outer loop
      vertex   1.111111e+01 4.008555e+00 2.869474e+00
      vertex   0.000000e+00 4.000000e+00 3.000000e+00
      vertex   2.500000e+01 4.000000e+00 3.000000e+00
    endloop
  endfacet
  facet normal 0.000000e+00 8.968727e-01 4.422887e-01
    outer loop
      vertex   0.000000e+00 4.133975e+00 2.500000e+00
      vertex   0.000000e+00 4.076120e+00 2.617317e+00
      vertex   2.777778e+00 4.076120e+00 2.617317e+00
    endloop
  endfacet
  facet normal 0.000000e+00 9.469301e-01 3.214395e-01
    outer loop
      vertex   2.777778e+00 4.076120e+00 2.617317e+00
      vertex   0.000000e+00 4.076120e+00 2.617317e+00
      vertex   2.777778e+00 4.034074e+00 2.741181e+00
    endloop
  endfacet
  facet normal 0.000000e+00 9.469301e-01 3.214395e-01
    outer loop
      vertex   2.777778e+00 4.076120e+00 2.617317e+00
      vertex   2.777778e+00 4.034074e+00 2.741181e+00
      vertex   5.555556e+00 4.034074e+00 2.741181e+00
    endloop
  endfacet
  facet normal 0.000000e+00 9.807853e-01 1.950903e-01
    outer loop
      vertex   5.555556e+00 4.034074e+00 2.741181e+00
      vertex   2.777778e+00 4.034074e+00 2.741181e+00
      vertex   5.555556e+00 4.008555e+00 2.869474e+00
    endloop
  endfacet
  facet normal 0.000000e+00 9.807853e-01 1.950903e-01
    outer loop
      vertex   5.555556e+00 4.034074e+00 2.741181e+00
      vertex   5.555556e+00 4.008555e+00 2.869474e+00
      vertex   8.333333e+00 4.008555e+00 2.869474e+00
    endloop
  endfacet
  facet normal 0.000000e+00 9.978589e-01 6.540313e-02
    outer loop
      vertex   8.333333e+00 4.008555e+00 2.869474e+00
      vertex   5.555556e+00 4.008555e+00 2.869474e+00
      vertex   0.000000e+00 4.000000e+00 3.000000e+00
    endloop
  endfacet
  facet normal 0.000000e+00 9.469301e-01 3.214395e-01
    outer loop
      vertex   0.000000e+00 4.076120e+00 2.617317e+00
      vertex   0.000000e+00 4.034074e+00 2.741181e+00
      vertex   2.777778e+00 4.034074e+00 2.741181e+00
    endloop
  endfacet
  facet normal 0.000000e+00 9.807853e-01 1.950903e-01
    outer loop
      vertex   2.777778e+00 4.034074e+00 2.741181e+00
      vertex   0.000000e+00 4.034074e+00 2.741181e+00
      vertex   2.777778e+00 4.008555e+00 2.869474e+00
    endloop
  endfacet
  facet normal 0.000000e+00 9.807853e-01 1.950903e-01
    outer loop
      vertex   2.777778e+00 4.034074e+00 2.741181e+00
      vertex   2.777778e+00 4.008555e+00 2.869474e+00
      vertex   5.555556e+00 4.008555e+00 2.869474e+00
    endloop
  endfacet
  facet normal 0.000000e+00 9.978589e-01 6.540313e-02
    outer loop
      vertex   5.555556e+00 4.008555e+00 2.869474e+00
      vertex   2.777778e+00 4.008555e+00 2.869474e+00
      vertex   0.000000e+00 4.000000e+00 3.000000e+00
    endloop
  endfacet
  facet normal 0.000000e+00 9.807853e-01 1.950903e-01
    outer loop
      vertex   0.000000e+00 4.034074e+00 2.741181e+00
      vertex   0.000000e+00 4.008555e+00 2.869474e+00
      vertex   2.777778e+00 4.008555e+00 2.869474e+00
    endloop
  endfacet
  facet normal 0.000000e+00 9.978589e-01 6.540313e-02
    outer loop
      vertex   2.777778e+00 4.008555e+00 2.869474e+00
      vertex   0.000000e+00 4.008555e+00 2.869474e+00
      vertex   0.000000e+00 4.000000e+00 3.000000e+00
    endloop
  endfacet
  facet normal 0.000000e+00 7.518398e-01 6.593458e-01
    outer loop
      vertex   2.500000e+01 4.206647e+00 2.391239e+00
      vertex   2.500000e+01 4.292893e+00 2.292893e+00
      vertex   2.222222e+01 4.292893e+00 2.292893e+00
    endloop
  endfacet
  facet normal -0.000000e+00 6.593458e-01 7.518398e-01
    outer loop
      vertex   2.222222e+01 4.292893e+00 2.292893e+00
      vertex   2.500000e+01 4.292893e+00 2.292893e+00
      vertex   2.222222e+01 4.391239e+00 2.206647e+00
    endloop
  endfacet
  facet normal 0.000000e+00 6.593458e-01 7.518398e-01
    outer loop
      vertex   2.222222e+01 4.292893e+00 2.292893e+00
      vertex   2.222222e+01 4.391239e+00 2.206647e+00
      vertex   1.944444e+01 4.391239e+00 2.206647e+00
    endloop
  endfacet
  facet normal -0.000000e+00 5.555702e-01 8.314696e-01
    outer loop
      vertex   1.944444e+01 4.391239e+00 2.206647e+00
      vertex   2.222222e+01 4.391239e+00 2.206647e+00
      vertex   1.944444e+01 4.500000e+00 2.133975e+00
    endloop
  endfacet
  facet normal 0.000000e+00 5.555702e-01 8.314696e-01
    outer loop
      vertex   1.944444e+01 4.391239e+00 2.206647e+00
      vertex   1.944444e+01 4.500000e+00 2.133975e+00
      vertex   1.666667e+01 4.500000e+00 2.133975e+00
    endloop
  endfacet
  facet normal -0.000000e+00 4.422887e-01 8.968727e-01
    outer loop
      vertex   1.666667e+01 4.500000e+00 2.133975e+00
      vertex   1.944444e+01 4.500000e+00 2.133975e+00
      vertex   1.666667e+01 4.617317e+00 2.076120e+00
    endloop
  endfacet
  facet normal 0.000000e+00 4.422887e-01 8.968727e-01
    outer loop
      vertex   1.666667e+01 4.500000e+00 2.133975e+00
      vertex   1.666667e+01 4.617317e+00 2.076120e+00
      vertex   1.388889e+01 4.617317e+00 2.076120e+00
    endloop
  endfacet
  facet normal -0.000000e+00 3.214395e-01 9.469301e-01
    outer loop
      vertex   1.388889e+01 4.617317e+00 2.076120e+00
      vertex   1.666667e+01 4.617317e+00 2.076120e+00
      vertex   1.388889e+01 4.741181e+00 2.034074e+00
    endloop
  endfacet
  facet normal 0.000000e+00 3.214395e-01 9.469301e-01
    outer loop
      vertex   1.388889e+01 4.617317e+00 2.076120e+00
      vertex   1.388889e+01 4.741181e+00 2.034074e+00
      vertex   1.111111e+01 4.741181e+00 2.034074e+00
    endloop
  endfacet
  facet normal -0.000000e+00 1.950903e-01 9.807853e-01
    outer loop
      vertex   1.111111e+01 4.741181e+00 2.034074e+00
      vertex   1.388889e+01 4.741181e+00 2.034074e+00
      vertex   1.111111e+01 4.869474e+00 2.008555e+00
    endloop
  endfacet
  facet normal 0.000000e+00 1.950903e-01 9.807853e-01
    outer loop
      vertex   1.111111e+01 4.741181e+00 2.034074e+00
      vertex   1.111111e+01 4.869474e+00 2.008555e+00
      vertex   8.333333e+00 4.869474e+00 2.008555e+00
    endloop
  endfacet
  facet normal -0.000000e+00 6.540322e-02 9.978589e-01
    outer loop
      vertex   8.333333e+00 4.869474e+00 2.008555e+00
      vertex   1.111111e+01 4.869474e+00 2.008555e+00
      vertex   1.700000e+01 5.000000e+00 2.000000e+00
    endloop
  endfacet
  facet normal 6.879406e-10 6.540317e-02 9.978589e-01
    outer loop
      vertex   8.333333e+00 4.869474e+00 2.008555e+00
      vertex   1.700000e+01 5.000000e+00 2.000000e+00
      vertex   0.000000e+00 5.000000e+00 2.000000e+00
    endloop
  endfacet
  facet normal 0.000000e+00 6.593458e-01 7.518398e-01
    outer loop
      vertex   2.500000e+01 4.292893e+00 2.292893e+00
      vertex   2.500000e+01 4.391239e+00 2.206647e+00
      vertex   2.222222e+01 4.391239e+00 2.206647e+00
    endloop
  endfacet
  facet normal -0.000000e+00 5.555702e-01 8.314696e-01
    outer loop
      vertex   2.222222e+01 4.391239e+00 2.206647e+00
      vertex   2.500000e+01 4.391239e+00 2.206647e+00
      vertex   2.222222e+01 4.500000e+00 2.133975e+00
    endloop
  endfacet
  facet normal 0.000000e+00 5.555702e-01 8.314696e-01
    outer loop
      vertex   2.222222e+01 4.391239e+00 2.206647e+00
      vertex   2.222222e+01 4.500000e+00 2.133975e+00
      vertex   1.944444e+01 4.500000e+00 2.133975e+00
    endloop
  endfacet
  facet normal -0.000000e+00 4.422887e-01 8.968727e-01
    outer loop
      vertex   1.944444e+01 4.500000e+00 2.133975e+00
      vertex   2.222222e+01 4.500000e+00 2.133975e+00
      vertex   1.944444e+01 4.617317e+00 2.076120e+00
    endloop
  endfacet
  facet normal 0.000000e+00 4.422887e-01 8.968727e-01
    outer loop
      vertex   1.944444e+01 4.500000e+00 2.133975e+00
      vertex   1.944444e+01 4.617317e+00 2.076120e+00
      vertex   1.666667e+01 4.617317e+00 2.076120e+00
    endloop
  endfacet
  facet normal -0.000000e+00 3.214395e-01 9.469301e-01
    outer loop
      vertex   1.666667e+01 4.617317e+00 2.076120e+00
      vertex   1.944444e+01 4.617317e+00 2.076120e+00
      vertex   1.666667e+01 4.741181e+00 2.034074e+00
    endloop
  endfacet
  facet normal 0.000000e+00 3.214395e-01 9.469301e-01
    outer loop
      vertex   1.666667e+01 4.617317e+00 2.076120e+00
      vertex   1.666667e+01 4.741181e+00 2.034074e+00
      vertex   1.388889e+01 4.741181e+00 2.034074e+00
    endloop
  endfacet
  facet normal -0.000000e+00 1.950903e-01 9.807853e-01
    outer loop
      vertex   1.388889e+01 4.741181e+00 2.034074e+00
      vertex   1.666667e+01 4.741181e+00 2.034074e+00
      vertex   1.388889e+01 4.869474e+00 2.008555e+00
    endloop
  endfacet
  facet normal 0.000000e+00 1.950903e-01 9.807853e-01
    outer loop
      vertex   1.388889e+01 4.741181e+00 2.034074e+00
      vertex   1.388889e+01 4.869474e+00 2.008555e+00
      vertex   1.111111e+01 4.869474e+00 2.008555e+00
    endloop
  endfacet
  facet normal -0.000000e+00 6.540322e-02 9.978589e-01
    outer loop
      vertex   1.111111e+01 4.869474e+00 2.008555e+00
      vertex   1.388889e+01 4.869474e+00 2.008555e+00
      vertex   1.700000e+01 5.000000e+00 2.000000e+00
    endloop
  endfacet
  facet normal 0.000000e+00 5.555702e-01 8.314696e-01
    outer loop
      vertex   2.500000e+01 4.391239e+00 2.206647e+00
      vertex   2.500000e+01 4.500000e+00 2.133975e+00
      vertex   2.222222e+01 4.500000e+00 2.133975e+00
    endloop
  endfacet
  facet normal -0.000000e+00 4.422887e-01 8.968727e-01
    outer loop
      vertex   2.222222e+01 4.500000e+00 2.133975e+00
      vertex   2.500000e+01 4.500000e+00 2.133975e+00
      vertex   2.222222e+01 4.617317e+00 2.076120e+00
    endloop
  endfacet
  facet normal 0.000000e+00 4.422887e-01 8.968727e-01
    outer loop
      vertex   2.222222e+01 4.500000e+00 2.133975e+00
      vertex   2.222222e+01 4.617317e+00 2.076120e+00
      vertex   1.944444e+01 4.617317e+00 2.076120e+00
    endloop
  endfacet
  facet normal -0.000000e+00 3.214395e-01 9.469301e-01
    outer loop
      vertex   1.944444e+01 4.617317e+00 2.076120e+00
      vertex   2.222222e+01 4.617317e+00 2.076120e+00
      vertex   1.944444e+01 4.741181e+00 2.034074e+00
    endloop
  endfacet
  facet normal 0.000000e+00 3.214395e-01 9.469301e-01
    outer loop
      vertex   1.944444e+01 4.617317e+00 2.076120e+00
      vertex   1.944444e+01 4.741181e+00 2.034074e+00
      vertex   1.666667e+01 4.741181e+00 2.034074e+00
    endloop
  endfacet
  facet normal -0.000000e+00 1.950903e-01 9.807853e-01
    outer loop
      vertex   1.666667e+01 4.741181e+00 2.034074e+00
      vertex   1.944444e+01 4.741181e+00 2.034074e+00
      vertex   1.666667e+01 4.869474e+00 2.008555e+00
    endloop
  endfacet
  facet normal 0.000000e+00 1.950903e-01 9.807853e-01
    outer loop
      vertex   1.666667e+01 4.741181e+00 2.034074e+00
      vertex   1.666667e+01 4.869474e+00 2.008555e+00
      vertex   1.388889e+01 4.869474e+00 2.008555e+00
    endloop
  endfacet
  facet normal -0.000000e+00 6.540322e-02 9.978589e-01
    outer loop
      vertex   1.388889e+01 4.869474e+00 2.008555e+00
      vertex   1.666667e+01 4.869474e+00 2.008555e+00
      vertex   1.700000e+01 5.000000e+00 2.000000e+00
    endloop
  endfacet
  facet normal 0.000000e+00 4.422887e-01 8.968727e-01
    outer loop
      vertex   2.500000e+01 4.500000e+00 2.133975e+00
      vertex   2.500000e+01 4.617317e+00 2.076120e+00
      vertex   2.222222e+01 4.617317e+00 2.076120e+00
    endloop
  endfacet
  facet normal -0.000000e+00 3.214395e-01 9.469301e-01
    outer loop
      vertex   2.222222e+01 4.617317e+00 2.076120e+00
      vertex   2.500000e+01 4.617317e+00 2.076120e+00
      vertex   2.222222e+01 4.741181e+00 2.034074e+00
    endloop
  endfacet
  facet normal 0.000000e+00 3.214395e-01 9.469301e-01
    outer loop
      vertex   2.222222e+01 4.617317e+00 2.076120e+00
      vertex   2.222222e+01 4.741181e+00 2.034074e+00
      vertex   1.944444e+01 4.741181e+00 2.034074e+00
    endloop
  endfacet
  facet normal -0.000000e+00 1.950903e-01 9.807853e-01
    outer loop
      vertex   1.944444e+01 4.741181e+00 2.034074e+00
      vertex   2.222222e+01 4.741181e+00 2.034074e+00
      vertex   1.944444e+01 4.869474e+00 2.008555e+00
    endloop
  endfacet
  facet normal 0.000000e+00 1.950903e-01 9.807853e-01
    outer loop
      vertex   1.944444e+01 4.741181e+00 2.034074e+00
      vertex   1.944444e+01 4.869474e+00 2.008555e+00
      vertex   1.666667e+01 4.869474e+00 2.008555e+00
    endloop
  endfacet
  facet normal -0.000000e+00 6.540322e-02 9.978589e-01
    outer loop
      vertex   1.666667e+01 4.869474e+00 2.008555e+00
      vertex   1.944444e+01 4.869474e+00 2.008555e+00
      vertex   1.700000e+01 5.000000e+00 2.000000e+00
    endloop
  endfacet
  facet normal 0.000000e+00 3.214395e-01 9.469301e-01
    outer loop
      vertex   2.500000e+01 4.617317e+00 2.076120e+00
      vertex   2.500000e+01 4.741181e+00 2.034074e+00
      vertex   2.222222e+01 4.741181e+00 2.034074e+00
    endloop
  endfacet
  facet normal -0.000000e+00 1.950903e-01 9.807853e-01
    outer loop
      vertex   2.222222e+01 4.741181e+00 2.034074e+00
      vertex   2.500000e+01 4.741181e+00 2.034074e+00
      vertex   2.222222e+01 4.869474e+00 2.008555e+00
    endloop
  endfacet
  facet normal 0.000000e+00 1.950903e-01 9.807853e-01
    outer loop
      vertex   2.222222e+01 4.741181e+00 2.034074e+00
      vertex   2.222222e+01 4.869474e+00 2.008555e+00
      vertex   1.944444e+01 4.869474e+00 2.008555e+00
    endloop
  endfacet
  facet normal -0.000000e+00 6.540322e-02 9.978589e-01
    outer loop
      vertex   1.944444e+01 4.869474e+00 2.008555e+00
      vertex   2.222222e+01 4.869474e+00 2.008555e+00
      vertex   1.700000e+01 5.000000e+00 2.000000e+00
    endloop
  endfacet
  facet normal 0.000000e+00 1.950903e-01 9.807853e-01
    outer loop
      vertex   2.500000e+01 4.741181e+00 2.034074e+00
      vertex   2.500000e+01 4.869474e+00 2.008555e+00
      vertex   2.222222e+01 4.869474e+00 2.008555e+00
    endloop
  endfacet
  facet normal -0.000000e+00 6.540313e-02 9.978589e-01
    outer loop
      vertex   2.222222e+01 4.869474e+00 2.008555e+00
      vertex   2.500000e+01 4.869474e+00 2.008555e+00
      vertex   2.500000e+01 5.000000e+00 2.000000e+00
    endloop
  endfacet
  facet normal -1.461874e-09 6.540316e-02 9.978589e-01
    outer loop
      vertex   2.222222e+01 4.869474e+00 2.008555e+00
      vertex   2.500000e+01 5.000000e+00 2.000000e+00
      vertex   1.700000e+01 5.000000e+00 2.000000e+00
    endloop
  endfacet
  facet normal 0.000000e+00 1.950903e-01 9.807853e-01
    outer loop
      vertex   5.555556e+00 4.869474e+00 2.008555e+00
      vertex   2.777778e+00 4.869474e+00 2.008555e+00
      vertex   5.555556e+00 4.741181e+00 2.034074e+00
    endloop
  endfacet
  facet normal 0.000000e+00 1.950903e-01 9.807853e-01
    outer loop
      vertex   5.555556e+00 4.741181e+00 2.034074e+00
      vertex   2.777778e+00 4.869474e+00 2.008555e+00
      vertex   2.777778e+00 4.741181e+00 2.034074e+00
    endloop
  endfacet
  facet normal 0.000000e+00 3.214395e-01 9.469301e-01
    outer loop
      vertex   5.555556e+00 4.741181e+00 2.034074e+00
      vertex   2.777778e+00 4.741181e+00 2.034074e+00
      vertex   5.555556e+00 4.617317e+00 2.076120e+00
    endloop
  endfacet
  facet normal 0.000000e+00 3.214395e-01 9.469301e-01
    outer loop
      vertex   5.555556e+00 4.617317e+00 2.076120e+00
      vertex   2.777778e+00 4.741181e+00 2.034074e+00
      vertex   2.777778e+00 4.617317e+00 2.076120e+00
    endloop
  endfacet
  facet normal 0.000000e+00 4.422887e-01 8.968727e-01
    outer loop
      vertex   5.555556e+00 4.617317e+00 2.076120e+00
      vertex   2.777778e+00 4.617317e+00 2.076120e+00
      vertex   5.555556e+00 4.500000e+00 2.133975e+00
    endloop
  endfacet
  facet normal 0.000000e+00 4.422887e-01 8.968727e-01
    outer loop
      vertex   5.555556e+00 4.500000e+00 2.133975e+00
      vertex   2.777778e+00 4.617317e+00 2.076120e+00
      vertex   2.777778e+00 4.500000e+00 2.133975e+00
    endloop
  endfacet
  facet normal 0.000000e+00 5.555702e-01 8.314696e-01
    outer loop
      vertex   5.555556e+00 4.500000e+00 2.133975e+00
      vertex   2.777778e+00 4.500000e+00 2.133975e+00
      vertex   5.555556e+00 4.391239e+00 2.206647e+00
    endloop
  endfacet
  facet normal 0.000000e+00 5.555702e-01 8.314696e-01
    outer loop
      vertex   5.555556e+00 4.391239e+00 2.206647e+00
      vertex   2.777778e+00 4.500000e+00 2.133975e+00
      vertex   2.777778e+00 4.391239e+00 2.206647e+00
    endloop
  endfacet
  facet normal 0.000000e+00 6.593458e-01 7.518398e-01
    outer loop
      vertex   5.555556e+00 4.391239e+00 2.206647e+00
      vertex   2.777778e+00 4.391239e+00 2.206647e+00
      vertex   5.555556e+00 4.292893e+00 2.292893e+00
    endloop
  endfacet
  facet normal 0.000000e+00 1.950903e-01 9.807853e-01
    outer loop
      vertex   5.555556e+00 4.869474e+00 2.008555e+00
      vertex   5.555556e+00 4.741181e+00 2.034074e+00
      vertex   8.333333e+00 4.741181e+00 2.034074e+00
    endloop
  endfacet
  facet normal 0.000000e+00 3.214395e-01 9.469301e-01
    outer loop
      vertex   8.333333e+00 4.741181e+00 2.034074e+00
      vertex   5.555556e+00 4.741181e+00 2.034074e+00
      vertex   8.333333e+00 4.617317e+00 2.076120e+00
    endloop
  endfacet
  facet normal 0.000000e+00 3.214395e-01 9.469301e-01
    outer loop
      vertex   8.333333e+00 4.741181e+00 2.034074e+00
      vertex   8.333333e+00 4.617317e+00 2.076120e+00
      vertex   1.111111e+01 4.617317e+00 2.076120e+00
    endloop
  endfacet
  facet normal 0.000000e+00 4.422887e-01 8.968727e-01
    outer loop
      vertex   1.111111e+01 4.617317e+00 2.076120e+00
      vertex   8.333333e+00 4.617317e+00 2.076120e+00
      vertex   1.111111e+01 4.500000e+00 2.133975e+00
    endloop
  endfacet
  facet normal 0.000000e+00 4.422887e-01 8.968727e-01
    outer loop
      vertex   1.111111e+01 4.617317e+00 2.076120e+00
      vertex   1.111111e+01 4.500000e+00 2.133975e+00
      vertex   1.388889e+01 4.500000e+00 2.133975e+00
    endloop
  endfacet
  facet normal 0.000000e+00 5.555702e-01 8.314696e-01
    outer loop
      vertex   1.388889e+01 4.500000e+00 2.133975e+00
      vertex   1.111111e+01 4.500000e+00 2.133975e+00
      vertex   1.388889e+01 4.391239e+00 2.206647e+00
    endloop
  endfacet
  facet normal 0.000000e+00 5.555702e-01 8.314696e-01
    outer loop
      vertex   1.388889e+01 4.500000e+00 2.133975e+00
      vertex   1.388889e+01 4.391239e+00 2.206647e+00
      vertex   1.666667e+01 4.391239e+00 2.206647e+00
    endloop
  endfacet
  facet normal 0.000000e+00 6.593458e-01 7.518398e-01
    outer loop
      vertex   1.666667e+01 4.391239e+00 2.206647e+00
      vertex   1.388889e+01 4.391239e+00 2.206647e+00
      vertex   1.666667e+01 4.292893e+00 2.292893e+00
    endloop
  endfacet
  facet normal 0.000000e+00 6.593458e-01 7.518398e-01
    outer loop
      vertex   1.666667e+01 4.391239e+00 2.206647e+00
      vertex   1.666667e+01 4.292893e+00 2.292893e+00
      vertex   1.944444e+01 4.292893e+00 2.292893e+00
    endloop
  endfacet
  facet normal 0.000000e+00 7.518398e-01 6.593458e-01
    outer loop
      vertex   1.944444e+01 4.292893e+00 2.292893e+00
      vertex   1.666667e+01 4.292893e+00 2.292893e+00
      vertex   1.944444e+01 4.206647e+00 2.391239e+00
    endloop
  endfacet
  facet normal 0.000000e+00 7.518398e-01 6.593458e-01
    outer loop
      vertex   1.944444e+01 4.292893e+00 2.292893e+00
      vertex   1.944444e+01 4.206647e+00 2.391239e+00
      vertex   2.222222e+01 4.206647e+00 2.391239e+00
    endloop
  endfacet
  facet normal 0.000000e+00 8.314696e-01 5.555702e-01
    outer loop
      vertex   2.222222e+01 4.206647e+00 2.391239e+00
      vertex   1.944444e+01 4.206647e+00 2.391239e+00
      vertex   2.222222e+01 4.133975e+00 2.500000e+00
    endloop
  endfacet
  facet normal 0.000000e+00 3.214395e-01 9.469301e-01
    outer loop
      vertex   8.333333e+00 4.617317e+00 2.076120e+00
      vertex   5.555556e+00 4.741181e+00 2.034074e+00
      vertex   5.555556e+00 4.617317e+00 2.076120e+00
    endloop
  endfacet
  facet normal 0.000000e+00 4.422887e-01 8.968727e-01
    outer loop
      vertex   8.333333e+00 4.617317e+00 2.076120e+00
      vertex   5.555556e+00 4.617317e+00 2.076120e+00
      vertex   8.333333e+00 4.500000e+00 2.133975e+00
    endloop
  endfacet
  facet normal 0.000000e+00 4.422887e-01 8.968727e-01
    outer loop
      vertex   8.333333e+00 4.500000e+00 2.133975e+00
      vertex   5.555556e+00 4.617317e+00 2.076120e+00
      vertex   5.555556e+00 4.500000e+00 2.133975e+00
    endloop
  endfacet
  facet normal 0.000000e+00 5.555702e-01 8.314696e-01
    outer loop
      vertex   8.333333e+00 4.500000e+00 2.133975e+00
      vertex   5.555556e+00 4.500000e+00 2.133975e+00
      vertex   8.333333e+00 4.391239e+00 2.206647e+00
    endloop
  endfacet
  facet normal 0.000000e+00 5.555702e-01 8.314696e-01
    outer loop
      vertex   8.333333e+00 4.391239e+00 2.206647e+00
      vertex   5.555556e+00 4.500000e+00 2.133975e+00
      vertex   5.555556e+00 4.391239e+00 2.206647e+00
    endloop
  endfacet
  facet normal 0.000000e+00 6.593458e-01 7.518398e-01
    outer loop
      vertex   8.333333e+00 4.391239e+00 2.206647e+00
      vertex   5.555556e+00 4.391239e+00 2.206647e+00
      vertex   8.333333e+00 4.292893e+00 2.292893e+00
    endloop
  endfacet
  facet normal 0.000000e+00 6.593458e-01 7.518398e-01
    outer loop
      vertex   8.333333e+00 4.292893e+00 2.292893e+00
      vertex   5.555556e+00 4.391239e+00 2.206647e+00
      vertex   5.555556e+00 4.292893e+00 2.292893e+00
    endloop
  endfacet
  facet normal 0.000000e+00 7.518398e-01 6.593458e-01
    outer loop
      vertex   8.333333e+00 4.292893e+00 2.292893e+00
      vertex   5.555556e+00 4.292893e+00 2.292893e+00
      vertex   8.333333e+00 4.206647e+00 2.391239e+00
    endloop
  endfacet
  facet normal 0.000000e+00 4.422887e-01 8.968727e-01
    outer loop
      vertex   8.333333e+00 4.617317e+00 2.076120e+00
      vertex   8.333333e+00 4.500000e+00 2.133975e+00
      vertex   1.111111e+01 4.500000e+00 2.133975e+00
    endloop
  endfacet
  facet normal 0.000000e+00 5.555702e-01 8.314696e-01
    outer loop
      vertex   1.111111e+01 4.500000e+00 2.133975e+00
      vertex   8.333333e+00 4.500000e+00 2.133975e+00
      vertex   1.111111e+01 4.391239e+00 2.206647e+00
    endloop
  endfacet
  facet normal 0.000000e+00 5.555702e-01 8.314696e-01
    outer loop
      vertex   1.111111e+01 4.500000e+00 2.133975e+00
      vertex   1.111111e+01 4.391239e+00 2.206647e+00
      vertex   1.388889e+01 4.391239e+00 2.206647e+00
    endloop
  endfacet
  facet normal 0.000000e+00 6.593458e-01 7.518398e-01
    outer loop
      vertex   1.388889e+01 4.391239e+00 2.206647e+00
      vertex   1.111111e+01 4.391239e+00 2.206647e+00
      vertex   1.388889e+01 4.292893e+00 2.292893e+00
    endloop
  endfacet
  facet normal 0.000000e+00 6.593458e-01 7.518398e-01
    outer loop
      vertex   1.388889e+01 4.391239e+00 2.206647e+00
      vertex   1.388889e+01 4.292893e+00 2.292893e+00
      vertex   1.666667e+01 4.292893e+00 2.292893e+00
    endloop
  endfacet
  facet normal 0.000000e+00 7.518398e-01 6.593458e-01
    outer loop
      vertex   1.666667e+01 4.292893e+00 2.292893e+00
      vertex   1.388889e+01 4.292893e+00 2.292893e+00
      vertex   1.666667e+01 4.206647e+00 2.391239e+00
    endloop
  endfacet
  facet normal 0.000000e+00 7.518398e-01 6.593458e-01
    outer loop
      vertex   1.666667e+01 4.292893e+00 2.292893e+00
      vertex   1.666667e+01 4.206647e+00 2.391239e+00
      vertex   1.944444e+01 4.206647e+00 2.391239e+00
    endloop
  endfacet
  facet normal 0.000000e+00 8.314696e-01 5.555702e-01
    outer loop
      vertex   1.944444e+01 4.206647e+00 2.391239e+00
      vertex   1.666667e+01 4.206647e+00 2.391239e+00
      vertex   1.944444e+01 4.133975e+00 2.500000e+00
    endloop
  endfacet
  facet normal 0.000000e+00 8.314696e-01 5.555702e-01
    outer loop
      vertex   1.944444e+01 4.206647e+00 2.391239e+00
      vertex   1.944444e+01 4.133975e+00 2.500000e+00
      vertex   2.222222e+01 4.133975e+00 2.500000e+00
    endloop
  endfacet
  facet normal 0.000000e+00 8.968727e-01 4.422887e-01
    outer loop
      vertex   2.222222e+01 4.133975e+00 2.500000e+00
      vertex   1.944444e+01 4.133975e+00 2.500000e+00
      vertex   2.222222e+01 4.076120e+00 2.617317e+00
    endloop
  endfacet
  facet normal 0.000000e+00 5.555702e-01 8.314696e-01
    outer loop
      vertex   1.111111e+01 4.391239e+00 2.206647e+00
      vertex   8.333333e+00 4.500000e+00 2.133975e+00
      vertex   8.333333e+00 4.391239e+00 2.206647e+00
    endloop
  endfacet
  facet normal 0.000000e+00 6.593458e-01 7.518398e-01
    outer loop
      vertex   1.111111e+01 4.391239e+00 2.206647e+00
      vertex   8.333333e+00 4.391239e+00 2.206647e+00
      vertex   1.111111e+01 4.292893e+00 2.292893e+00
    endloop
  endfacet
  facet normal 0.000000e+00 6.593458e-01 7.518398e-01
    outer loop
      vertex   1.111111e+01 4.292893e+00 2.292893e+00
      vertex   8.333333e+00 4.391239e+00 2.206647e+00
      vertex   8.333333e+00 4.292893e+00 2.292893e+00
    endloop
  endfacet
  facet normal 0.000000e+00 7.518398e-01 6.593458e-01
    outer loop
      vertex   1.111111e+01 4.292893e+00 2.292893e+00
      vertex   8.333333e+00 4.292893e+00 2.292893e+00
      vertex   1.111111e+01 4.206647e+00 2.391239e+00
    endloop
  endfacet
  facet normal 0.000000e+00 7.518398e-01 6.593458e-01
    outer loop
      vertex   1.111111e+01 4.206647e+00 2.391239e+00
      vertex   8.333333e+00 4.292893e+00 2.292893e+00
      vertex   8.333333e+00 4.206647e+00 2.391239e+00
    endloop
  endfacet
  facet normal 0.000000e+00 8.314696e-01 5.555702e-01
    outer loop
      vertex   1.111111e+01 4.206647e+00 2.391239e+00
      vertex   8.333333e+00 4.206647e+00 2.391239e+00
      vertex   1.111111e+01 4.133975e+00 2.500000e+00
    endloop
  endfacet
  facet normal 0.000000e+00 6.593458e-01 7.518398e-01
    outer loop
      vertex   1.111111e+01 4.391239e+00 2.206647e+00
      vertex   1.111111e+01 4.292893e+00 2.292893e+00
      vertex   1.388889e+01 4.292893e+00 2.292893e+00
    endloop
  endfacet
  facet normal 0.000000e+00 7.518398e-01 6.593458e-01
    outer loop
      vertex   1.388889e+01 4.292893e+00 2.292893e+00
      vertex   1.111111e+01 4.292893e+00 2.292893e+00
      vertex   1.388889e+01 4.206647e+00 2.391239e+00
    endloop
  endfacet
  facet normal 0.000000e+00 7.518398e-01 6.593458e-01
    outer loop
      vertex   1.388889e+01 4.292893e+00 2.292893e+00
      vertex   1.388889e+01 4.206647e+00 2.391239e+00
      vertex   1.666667e+01 4.206647e+00 2.391239e+00
    endloop
  endfacet
  facet normal 0.000000e+00 8.314696e-01 5.555702e-01
    outer loop
      vertex   1.666667e+01 4.206647e+00 2.391239e+00
      vertex   1.388889e+01 4.206647e+00 2.391239e+00
      vertex   1.666667e+01 4.133975e+00 2.500000e+00
    endloop
  endfacet
  facet normal 0.000000e+00 8.314696e-01 5.555702e-01
    outer loop
      vertex   1.666667e+01 4.206647e+00 2.391239e+00
      vertex   1.666667e+01 4.133975e+00 2.500000e+00
      vertex   1.944444e+01 4.133975e+00 2.500000e+00
    endloop
  endfacet
  facet normal 0.000000e+00 8.968727e-01 4.422887e-01
    outer loop
      vertex   1.944444e+01 4.133975e+00 2.500000e+00
      vertex   1.666667e+01 4.133975e+00 2.500000e+00
      vertex   1.944444e+01 4.076120e+00 2.617317e+00
    endloop
  endfacet
  facet normal 0.000000e+00 8.968727e-01 4.422887e-01
    outer loop
      vertex   1.944444e+01 4.133975e+00 2.500000e+00
      vertex   1.944444e+01 4.076120e+00 2.617317e+00
      vertex   2.222222e+01 4.076120e+00 2.617317e+00
    endloop
  endfacet
  facet normal 0.000000e+00 9.469301e-01 3.214395e-01
    outer loop
      vertex   2.222222e+01 4.076120e+00 2.617317e+00
      vertex   1.944444e+01 4.076120e+00 2.617317e+00
      vertex   2.222222e+01 4.034074e+00 2.741181e+00
    endloop
  endfacet
  facet normal 0.000000e+00 7.518398e-01 6.593458e-01
    outer loop
      vertex   1.388889e+01 4.206647e+00 2.391239e+00
      vertex   1.111111e+01 4.292893e+00 2.292893e+00
      vertex   1.111111e+01 4.206647e+00 2.391239e+00
    endloop
  endfacet
  facet normal 0.000000e+00 8.314696e-01 5.555702e-01
    outer loop
      vertex   1.388889e+01 4.206647e+00 2.391239e+00
      vertex   1.111111e+01 4.206647e+00 2.391239e+00
      vertex   1.388889e+01 4.133975e+00 2.500000e+00
    endloop
  endfacet
  facet normal 0.000000e+00 8.314696e-01 5.555702e-01
    outer loop
      vertex   1.388889e+01 4.133975e+00 2.500000e+00
      vertex   1.111111e+01 4.206647e+00 2.391239e+00
      vertex   1.111111e+01 4.133975e+00 2.500000e+00
    endloop
  endfacet
  facet normal 0.000000e+00 8.968727e-01 4.422887e-01
    outer loop
      vertex   1.388889e+01 4.133975e+00 2.500000e+00
      vertex   1.111111e+01 4.133975e+00 2.500000e+00
      vertex   1.388889e+01 4.076120e+00 2.617317e+00
    endloop
  endfacet
  facet normal 0.000000e+00 8.314696e-01 5.555702e-01
    outer loop
      vertex   1.388889e+01 4.206647e+00 2.391239e+00
      vertex   1.388889e+01 4.133975e+00 2.500000e+00
      vertex   1.666667e+01 4.133975e+00 2.500000e+00
    endloop
  endfacet
  facet normal 0.000000e+00 8.968727e-01 4.422887e-01
    outer loop
      vertex   1.666667e+01 4.133975e+00 2.500000e+00
      vertex   1.388889e+01 4.133975e+00 2.500000e+00
      vertex   1.666667e+01 4.076120e+00 2.617317e+00
    endloop
  endfacet
  facet normal 0.000000e+00 8.968727e-01 4.422887e-01
    outer loop
      vertex   1.666667e+01 4.133975e+00 2.500000e+00
      vertex   1.666667e+01 4.076120e+00 2.617317e+00
      vertex   1.944444e+01 4.076120e+00 2.617317e+00
    endloop
  endfacet
  facet normal 0.000000e+00 9.469301e-01 3.214395e-01
    outer loop
      vertex   1.944444e+01 4.076120e+00 2.617317e+00
      vertex   1.666667e+01 4.076120e+00 2.617317e+00
      vertex   1.944444e+01 4.034074e+00 2.741181e+00
    endloop
  endfacet
  facet normal 0.000000e+00 9.469301e-01 3.214395e-01
    outer loop
      vertex   1.944444e+01 4.076120e+00 2.617317e+00
      vertex   1.944444e+01 4.034074e+00 2.741181e+00
      vertex   2.222222e+01 4.034074e+00 2.741181e+00
    endloop
  endfacet
  facet normal 0.000000e+00 9.807853e-01 1.950903e-01
    outer loop
      vertex   2.222222e+01 4.034074e+00 2.741181e+00
      vertex   1.944444e+01 4.034074e+00 2.741181e+00
      vertex   2.222222e+01 4.008555e+00 2.869474e+00
    endloop
  endfacet
  facet normal 0.000000e+00 8.968727e-01 4.422887e-01
    outer loop
      vertex   1.666667e+01 4.076120e+00 2.617317e+00
      vertex   1.388889e+01 4.133975e+00 2.500000e+00
      vertex   1.388889e+01 4.076120e+00 2.617317e+00
    endloop
  endfacet
  facet normal 0.000000e+00 9.469301e-01 3.214395e-01
    outer loop
      vertex   1.944444e+01 4.034074e+00 2.741181e+00
      vertex   1.666667e+01 4.076120e+00 2.617317e+00
      vertex   1.666667e+01 4.034074e+00 2.741181e+00
    endloop
  endfacet
  facet normal 0.000000e+00 9.469301e-01 3.214395e-01
    outer loop
      vertex   1.666667e+01 4.034074e+00 2.741181e+00
      vertex   1.666667e+01 4.076120e+00 2.617317e+00
      vertex   1.388889e+01 4.076120e+00 2.617317e+00
    endloop
  endfacet
  facet normal 0.000000e+00 9.807853e-01 1.950903e-01
    outer loop
      vertex   2.222222e+01 4.008555e+00 2.869474e+00
      vertex   1.944444e+01 4.034074e+00 2.741181e+00
      vertex   1.944444e+01 4.008555e+00 2.869474e+00
    endloop
  endfacet
  facet normal 0.000000e+00 9.807853e-01 1.950903e-01
    outer loop
      vertex   1.944444e+01 4.008555e+00 2.869474e+00
      vertex   1.944444e+01 4.034074e+00 2.741181e+00
      vertex   1.666667e+01 4.034074e+00 2.741181e+00
    endloop
  endfacet
  facet normal 9.991772e-16 1.056568e-12 1.000000e+00
    outer loop
      vertex   1.700000e+01 5.000000e+00 2.000000e+00
      vertex   2.500000e+01 5.000000e+00 2.000000e+00
      vertex   1.724216e+01 5.007336e+00 2.000000e+00
    endloop
  endfacet
  facet normal -0.000000e+00 0.000000e+00 1.000000e+00
    outer loop
      vertex   1.724216e+01 5.007336e+00 2.000000e+00
      vertex   2.500000e+01 5.000000e+00 2.000000e+00
      vertex   1.748342e+01 5.029319e+00 2.000000e+00
    endloop
  endfacet
  facet normal -0.000000e+00 0.000000e+00 1.000000e+00
    outer loop
      vertex   1.748342e+01 5.029319e+00 2.000000e+00
      vertex   2.500000e+01 5.000000e+00 2.000000e+00
      vertex   1.772292e+01 5.065868e+00 2.000000e+00
    endloop
  endfacet
  facet normal -0.000000e+00 0.000000e+00 1.000000e+00
    outer loop
      vertex   1.772292e+01 5.065868e+00 2.000000e+00
      vertex   2.500000e+01 5.000000e+00 2.000000e+00
      vertex   1.795976e+01 5.116848e+00 2.000000e+00
    endloop
  endfacet
  facet normal -0.000000e+00 0.000000e+00 1.000000e+00
    outer loop
      vertex   1.795976e+01 5.116848e+00 2.000000e+00
      vertex   2.500000e+01 5.000000e+00 2.000000e+00
      vertex   1.819308e+01 5.182073e+00 2.000000e+00
    endloop
  endfacet
  facet normal -0.000000e+00 0.000000e+00 1.000000e+00
    outer loop
      vertex   1.819308e+01 5.182073e+00 2.000000e+00
      vertex   2.500000e+01 5.000000e+00 2.000000e+00
      vertex   2.500000e+01 5.354249e+00 2.000000e+00
    endloop
  endfacet
  facet normal 0.000000e+00 0.000000e+00 1.000000e+00
    outer loop
      vertex   1.819308e+01 5.182073e+00 2.000000e+00
      vertex   2.500000e+01 5.354249e+00 2.000000e+00
      vertex   1.842202e+01 5.261304e+00 2.000000e+00
    endloop
  endfacet
  facet normal 0.000000e+00 0.000000e+00 1.000000e+00
    outer loop
      vertex   1.842202e+01 5.261304e+00 2.000000e+00
      vertex   2.500000e+01 5.354249e+00 2.000000e+00
      vertex   1.864575e+01 5.354249e+00 2.000000e+00
    endloop
  endfacet
  facet normal -2.914331e-16 1.017707e-17 1.000000e+00
    outer loop
      vertex   1.009744e+00 2.027903e+01 2.000000e+00
      vertex   0.000000e+00 3.500000e+01 2.000000e+00
      vertex   1.000000e+00 2.000000e+01 2.000000e+00
    endloop
  endfacet
  facet normal 6.661337e-16 7.401487e-17 1.000000e+00
    outer loop
      vertex   1.000000e+00 2.000000e+01 2.000000e+00
      vertex   0.000000e+00 3.500000e+01 2.000000e+00
      vertex   0.000000e+00 5.000000e+00 2.000000e+00
    endloop
  endfacet
  facet normal 1.165733e-15 4.070828e-17 1.000000e+00
    outer loop
      vertex   1.000000e+00 2.000000e+01 2.000000e+00
      vertex   0.000000e+00 5.000000e+00 2.000000e+00
      vertex   1.009744e+00 1.972097e+01 2.000000e+00
    endloop
  endfacet
  facet normal 6.947088e-16 7.301683e-17 1.000000e+00
    outer loop
      vertex   1.009744e+00 1.972097e+01 2.000000e+00
      vertex   0.000000e+00 5.000000e+00 2.000000e+00
      vertex   1.038928e+00 1.944331e+01 2.000000e+00
    endloop
  endfacet
  facet normal 4.954041e-16 8.735310e-17 1.000000e+00
    outer loop
      vertex   1.038928e+00 1.944331e+01 2.000000e+00
      vertex   0.000000e+00 5.000000e+00 2.000000e+00
      vertex   1.087410e+00 1.916835e+01 2.000000e+00
    endloop
  endfacet
  facet normal 3.844947e-16 9.586531e-17 1.000000e+00
    outer loop
      vertex   1.087410e+00 1.916835e+01 2.000000e+00
      vertex   0.000000e+00 5.000000e+00 2.000000e+00
      vertex   1.154953e+00 1.889745e+01 2.000000e+00
    endloop
  endfacet
  facet normal 3.132623e-16 1.017851e-16 1.000000e+00
    outer loop
      vertex   1.154953e+00 1.889745e+01 2.000000e+00
      vertex   0.000000e+00 5.000000e+00 2.000000e+00
      vertex   1.241230e+00 1.863192e+01 2.000000e+00
    endloop
  endfacet
  facet normal 2.632075e-16 1.063428e-16 1.000000e+00
    outer loop
      vertex   1.241230e+00 1.863192e+01 2.000000e+00
      vertex   0.000000e+00 5.000000e+00 2.000000e+00
      vertex   1.345818e+00 1.837305e+01 2.000000e+00
    endloop
  endfacet
  facet normal 2.257614e-16 1.101112e-16 1.000000e+00
    outer loop
      vertex   1.345818e+00 1.837305e+01 2.000000e+00
      vertex   0.000000e+00 5.000000e+00 2.000000e+00
      vertex   1.468210e+00 1.812211e+01 2.000000e+00
    endloop
  endfacet
  facet normal 1.964070e-16 1.133956e-16 1.000000e+00
    outer loop
      vertex   1.468210e+00 1.812211e+01 2.000000e+00
      vertex   0.000000e+00 5.000000e+00 2.000000e+00
      vertex   1.607808e+00 1.788032e+01 2.000000e+00
    endloop
  endfacet
  facet normal 1.725339e-16 1.163756e-16 1.000000e+00
    outer loop
      vertex   1.607808e+00 1.788032e+01 2.000000e+00
      vertex   0.000000e+00 5.000000e+00 2.000000e+00
      vertex   1.763932e+00 1.764886e+01 2.000000e+00
    endloop
  endfacet
  facet normal 1.525254e-16 1.191659e-16 1.000000e+00
    outer loop
      vertex   1.763932e+00 1.764886e+01 2.000000e+00
      vertex   0.000000e+00 5.000000e+00 2.000000e+00
      vertex   1.935822e+00 1.742885e+01 2.000000e+00
    endloop
  endfacet
  facet normal 1.353228e-16 1.218452e-16 1.000000e+00
    outer loop
      vertex   1.935822e+00 1.742885e+01 2.000000e+00
      vertex   0.000000e+00 5.000000e+00 2.000000e+00
      vertex   2.122641e+00 1.722137e+01 2.000000e+00
    endloop
  endfacet
  facet normal 1.202009e-16 1.244716e-16 1.000000e+00
    outer loop
      vertex   2.122641e+00 1.722137e+01 2.000000e+00
      vertex   0.000000e+00 5.000000e+00 2.000000e+00
      vertex   2.323478e+00 1.702742e+01 2.000000e+00
    endloop
  endfacet
  facet normal 1.066420e-16 1.270910e-16 1.000000e+00
    outer loop
      vertex   2.323478e+00 1.702742e+01 2.000000e+00
      vertex   0.000000e+00 5.000000e+00 2.000000e+00
      vertex   2.537354e+00 1.684796e+01 2.000000e+00
    endloop
  endfacet
  facet normal 9.426310e-17 1.297420e-16 1.000000e+00
    outer loop
      vertex   2.537354e+00 1.684796e+01 2.000000e+00
      vertex   0.000000e+00 5.000000e+00 2.000000e+00
      vertex   2.763228e+00 1.668385e+01 2.000000e+00
    endloop
  endfacet
  facet normal 8.277025e-17 1.324601e-16 1.000000e+00
    outer loop
      vertex   2.763228e+00 1.668385e+01 2.000000e+00
      vertex   0.000000e+00 5.000000e+00 2.000000e+00
      vertex   3.000000e+00 1.653590e+01 2.000000e+00
    endloop
  endfacet
  facet normal 7.192931e-17 1.352794e-16 1.000000e+00
    outer loop
      vertex   3.000000e+00 1.653590e+01 2.000000e+00
      vertex   0.000000e+00 5.000000e+00 2.000000e+00
      vertex   3.246515e+00 1.640482e+01 2.000000e+00
    endloop
  endfacet
  facet normal 6.154620e-17 1.382350e-16 1.000000e+00
    outer loop
      vertex   3.246515e+00 1.640482e+01 2.000000e+00
      vertex   0.000000e+00 5.000000e+00 2.000000e+00
      vertex   3.501574e+00 1.629126e+01 2.000000e+00
    endloop
  endfacet
  facet normal 5.145271e-17 1.413652e-16 1.000000e+00
    outer loop
      vertex   3.501574e+00 1.629126e+01 2.000000e+00
      vertex   0.000000e+00 5.000000e+00 2.000000e+00
      vertex   3.763932e+00 1.619577e+01 2.000000e+00
    endloop
  endfacet
  facet normal 4.149568e-17 1.447126e-16 1.000000e+00
    outer loop
      vertex   3.763932e+00 1.619577e+01 2.000000e+00
      vertex   0.000000e+00 5.000000e+00 2.000000e+00
      vertex   4.032312e+00 1.611882e+01 2.000000e+00
    endloop
  endfacet
  facet normal 3.152798e-17 1.483275e-16 1.000000e+00
    outer loop
      vertex   4.032312e+00 1.611882e+01 2.000000e+00
      vertex   0.000000e+00 5.000000e+00 2.000000e+00
      vertex   4.305407e+00 1.606077e+01 2.000000e+00
    endloop
  endfacet
  facet normal 2.140012e-17 1.522698e-16 1.000000e+00
    outer loop
      vertex   4.305407e+00 1.606077e+01 2.000000e+00
      vertex   0.000000e+00 5.000000e+00 2.000000e+00
      vertex   4.581886e+00 1.602191e+01 2.000000e+00
    endloop
  endfacet
  facet normal 1.095147e-17 1.566133e-16 1.000000e+00
    outer loop
      vertex   4.581886e+00 1.602191e+01 2.000000e+00
      vertex   0.000000e+00 5.000000e+00 2.000000e+00
      vertex   4.860402e+00 1.600244e+01 2.000000e+00
    endloop
  endfacet
  facet normal -4.409527e-18 1.633992e-16 1.000000e+00
    outer loop
      vertex   4.860402e+00 1.600244e+01 2.000000e+00
      vertex   0.000000e+00 5.000000e+00 2.000000e+00
      vertex   1.312702e+01 5.354249e+00 2.000000e+00
    endloop
  endfacet
  facet normal 5.266923e-16 5.757148e-16 1.000000e+00
    outer loop
      vertex   4.860402e+00 1.600244e+01 2.000000e+00
      vertex   1.312702e+01 5.354249e+00 2.000000e+00
      vertex   1.302763e+01 8.530652e+00 2.000000e+00
    endloop
  endfacet
  facet normal 4.612086e-15 7.035411e-16 1.000000e+00
    outer loop
      vertex   1.302763e+01 8.530652e+00 2.000000e+00
      vertex   1.312702e+01 5.354249e+00 2.000000e+00
      vertex   1.306836e+01 8.263647e+00 2.000000e+00
    endloop
  endfacet
  facet normal 3.017833e-15 6.713998e-16 1.000000e+00
    outer loop
      vertex   1.306836e+01 8.263647e+00 2.000000e+00
      vertex   1.312702e+01 5.354249e+00 2.000000e+00
      vertex   1.312702e+01 8.000000e+00 2.000000e+00
    endloop
  endfacet
  facet normal -1.736772e-16 1.825421e-17 1.000000e+00
    outer loop
      vertex   1.009744e+00 2.027903e+01 2.000000e+00
      vertex   1.038928e+00 2.055669e+01 2.000000e+00
      vertex   0.000000e+00 3.500000e+01 2.000000e+00
    endloop
  endfacet
  facet normal -1.238510e-16 2.183828e-17 1.000000e+00
    outer loop
      vertex   0.000000e+00 3.500000e+01 2.000000e+00
      vertex   1.038928e+00 2.055669e+01 2.000000e+00
      vertex   1.087410e+00 2.083165e+01 2.000000e+00
    endloop
  endfacet
  facet normal -9.612369e-17 2.396633e-17 1.000000e+00
    outer loop
      vertex   0.000000e+00 3.500000e+01 2.000000e+00
      vertex   1.087410e+00 2.083165e+01 2.000000e+00
      vertex   1.154953e+00 2.110255e+01 2.000000e+00
    endloop
  endfacet
  facet normal -7.831559e-17 2.544628e-17 1.000000e+00
    outer loop
      vertex   1.154953e+00 2.110255e+01 2.000000e+00
      vertex   1.241230e+00 2.136808e+01 2.000000e+00
      vertex   0.000000e+00 3.500000e+01 2.000000e+00
    endloop
  endfacet
  facet normal -6.580189e-17 2.658569e-17 1.000000e+00
    outer loop
      vertex   0.000000e+00 3.500000e+01 2.000000e+00
      vertex   1.241230e+00 2.136808e+01 2.000000e+00
      vertex   1.345818e+00 2.162695e+01 2.000000e+00
    endloop
  endfacet
  facet normal -5.644036e-17 2.752780e-17 1.000000e+00
    outer loop
      vertex   0.000000e+00 3.500000e+01 2.000000e+00
      vertex   1.345818e+00 2.162695e+01 2.000000e+00
      vertex   1.468210e+00 2.187789e+01 2.000000e+00
    endloop
  endfacet
  facet normal -4.910174e-17 2.834891e-17 1.000000e+00
    outer loop
      vertex   1.468210e+00 2.187789e+01 2.000000e+00
      vertex   1.607808e+00 2.211968e+01 2.000000e+00
      vertex   0.000000e+00 3.500000e+01 2.000000e+00
    endloop
  endfacet
  facet normal -4.313349e-17 2.909390e-17 1.000000e+00
    outer loop
      vertex   0.000000e+00 3.500000e+01 2.000000e+00
      vertex   1.607808e+00 2.211968e+01 2.000000e+00
      vertex   1.763932e+00 2.235114e+01 2.000000e+00
    endloop
  endfacet
  facet normal -3.813134e-17 2.979147e-17 1.000000e+00
    outer loop
      vertex   0.000000e+00 3.500000e+01 2.000000e+00
      vertex   1.763932e+00 2.235114e+01 2.000000e+00
      vertex   1.935822e+00 2.257115e+01 2.000000e+00
    endloop
  endfacet
  facet normal -3.383071e-17 3.046131e-17 1.000000e+00
    outer loop
      vertex   1.935822e+00 2.257115e+01 2.000000e+00
      vertex   2.122641e+00 2.277863e+01 2.000000e+00
      vertex   0.000000e+00 3.500000e+01 2.000000e+00
    endloop
  endfacet
  facet normal -3.005022e-17 3.111791e-17 1.000000e+00
    outer loop
      vertex   0.000000e+00 3.500000e+01 2.000000e+00
      vertex   2.122641e+00 2.277863e+01 2.000000e+00
      vertex   2.323478e+00 2.297258e+01 2.000000e+00
    endloop
  endfacet
  facet normal -2.666050e-17 3.177274e-17 1.000000e+00
    outer loop
      vertex   0.000000e+00 3.500000e+01 2.000000e+00
      vertex   2.323478e+00 2.297258e+01 2.000000e+00
      vertex   2.537354e+00 2.315204e+01 2.000000e+00
    endloop
  endfacet
  facet normal -2.356578e-17 3.243551e-17 1.000000e+00
    outer loop
      vertex   2.537354e+00 2.315204e+01 2.000000e+00
      vertex   2.763228e+00 2.331615e+01 2.000000e+00
      vertex   0.000000e+00 3.500000e+01 2.000000e+00
    endloop
  endfacet
  facet normal -2.069256e-17 3.311502e-17 1.000000e+00
    outer loop
      vertex   0.000000e+00 3.500000e+01 2.000000e+00
      vertex   2.763228e+00 2.331615e+01 2.000000e+00
      vertex   3.000000e+00 2.346410e+01 2.000000e+00
    endloop
  endfacet
  facet normal -1.798233e-17 3.381984e-17 1.000000e+00
    outer loop
      vertex   0.000000e+00 3.500000e+01 2.000000e+00
      vertex   3.000000e+00 2.346410e+01 2.000000e+00
      vertex   3.246515e+00 2.359518e+01 2.000000e+00
    endloop
  endfacet
  facet normal -1.538655e-17 3.455876e-17 1.000000e+00
    outer loop
      vertex   3.246515e+00 2.359518e+01 2.000000e+00
      vertex   3.501574e+00 2.370874e+01 2.000000e+00
      vertex   0.000000e+00 3.500000e+01 2.000000e+00
    endloop
  endfacet
  facet normal -1.286318e-17 3.534129e-17 1.000000e+00
    outer loop
      vertex   0.000000e+00 3.500000e+01 2.000000e+00
      vertex   3.501574e+00 2.370874e+01 2.000000e+00
      vertex   3.763932e+00 2.380423e+01 2.000000e+00
    endloop
  endfacet
  facet normal -1.037392e-17 3.617816e-17 1.000000e+00
    outer loop
      vertex   0.000000e+00 3.500000e+01 2.000000e+00
      vertex   3.763932e+00 2.380423e+01 2.000000e+00
      vertex   4.032312e+00 2.388118e+01 2.000000e+00
    endloop
  endfacet
  facet normal -7.881995e-18 3.708187e-17 1.000000e+00
    outer loop
      vertex   4.032312e+00 2.388118e+01 2.000000e+00
      vertex   4.305407e+00 2.393923e+01 2.000000e+00
      vertex   0.000000e+00 3.500000e+01 2.000000e+00
    endloop
  endfacet
  facet normal -5.350030e-18 3.806744e-17 1.000000e+00
    outer loop
      vertex   0.000000e+00 3.500000e+01 2.000000e+00
      vertex   4.305407e+00 2.393923e+01 2.000000e+00
      vertex   4.581886e+00 2.397809e+01 2.000000e+00
    endloop
  endfacet
  facet normal -2.737868e-18 3.915333e-17 1.000000e+00
    outer loop
      vertex   0.000000e+00 3.500000e+01 2.000000e+00
      vertex   4.581886e+00 2.397809e+01 2.000000e+00
      vertex   4.860402e+00 2.399756e+01 2.000000e+00
    endloop
  endfacet
  facet normal -0.000000e+00 4.036281e-17 1.000000e+00
    outer loop
      vertex   4.860402e+00 2.399756e+01 2.000000e+00
      vertex   5.139598e+00 2.399756e+01 2.000000e+00
      vertex   0.000000e+00 3.500000e+01 2.000000e+00
    endloop
  endfacet
  facet normal 2.917751e-18 4.172578e-17 1.000000e+00
    outer loop
      vertex   0.000000e+00 3.500000e+01 2.000000e+00
      vertex   5.139598e+00 2.399756e+01 2.000000e+00
      vertex   5.418114e+00 2.397809e+01 2.000000e+00
    endloop
  endfacet
  facet normal 6.082842e-18 4.328167e-17 1.000000e+00
    outer loop
      vertex   0.000000e+00 3.500000e+01 2.000000e+00
      vertex   5.418114e+00 2.397809e+01 2.000000e+00
      vertex   5.694593e+00 2.393923e+01 2.000000e+00
    endloop
  endfacet
  facet normal -1.704353e-16 -4.759802e-17 1.000000e+00
    outer loop
      vertex   0.000000e+00 3.500000e+01 2.000000e+00
      vertex   5.694593e+00 2.393923e+01 2.000000e+00
      vertex   1.312702e+01 3.464575e+01 2.000000e+00
    endloop
  endfacet
  facet normal -3.073141e-17 -1.445799e-16 1.000000e+00
    outer loop
      vertex   1.312702e+01 3.464575e+01 2.000000e+00
      vertex   5.694593e+00 2.393923e+01 2.000000e+00
      vertex   5.967688e+00 2.388118e+01 2.000000e+00
    endloop
  endfacet
  facet normal -3.973967e-17 -1.385887e-16 1.000000e+00
    outer loop
      vertex   1.312702e+01 3.464575e+01 2.000000e+00
      vertex   5.967688e+00 2.388118e+01 2.000000e+00
      vertex   6.236068e+00 2.380423e+01 2.000000e+00
    endloop
  endfacet
  facet normal 6.542707e-16 -5.797065e-16 1.000000e+00
    outer loop
      vertex   1.312702e+01 3.464575e+01 2.000000e+00
      vertex   6.236068e+00 2.380423e+01 2.000000e+00
      vertex   1.302763e+01 3.146935e+01 2.000000e+00
    endloop
  endfacet
  facet normal 0.000000e+00 0.000000e+00 1.000000e+00
    outer loop
      vertex   1.302763e+01 3.146935e+01 2.000000e+00
      vertex   6.236068e+00 2.380423e+01 2.000000e+00
      vertex   6.498426e+00 2.370874e+01 2.000000e+00
    endloop
  endfacet
  facet normal 0.000000e+00 0.000000e+00 1.000000e+00
    outer loop
      vertex   1.302763e+01 3.146935e+01 2.000000e+00
      vertex   6.498426e+00 2.370874e+01 2.000000e+00
      vertex   1.300501e+01 3.120020e+01 2.000000e+00
    endloop
  endfacet
  facet normal 0.000000e+00 0.000000e+00 1.000000e+00
    outer loop
      vertex   1.300501e+01 3.120020e+01 2.000000e+00
      vertex   6.498426e+00 2.370874e+01 2.000000e+00
      vertex   6.753485e+00 2.359518e+01 2.000000e+00
    endloop
  endfacet
  facet normal 0.000000e+00 0.000000e+00 1.000000e+00
    outer loop
      vertex   1.300501e+01 3.120020e+01 2.000000e+00
      vertex   6.753485e+00 2.359518e+01 2.000000e+00
      vertex   7.000000e+00 2.346410e+01 2.000000e+00
    endloop
  endfacet
  facet normal 0.000000e+00 -0.000000e+00 1.000000e+00
    outer loop
      vertex   7.236772e+00 2.331615e+01 2.000000e+00
      vertex   1.542313e+01 2.732393e+01 2.000000e+00
      vertex   7.000000e+00 2.346410e+01 2.000000e+00
    endloop
  endfacet
  facet normal 0.000000e+00 0.000000e+00 1.000000e+00
    outer loop
      vertex   7.000000e+00 2.346410e+01 2.000000e+00
      vertex   1.542313e+01 2.732393e+01 2.000000e+00
      vertex   1.517864e+01 2.743873e+01 2.000000e+00
    endloop
  endfacet
  facet normal 0.000000e+00 0.000000e+00 1.000000e+00
    outer loop
      vertex   7.000000e+00 2.346410e+01 2.000000e+00
      vertex   1.517864e+01 2.743873e+01 2.000000e+00
      vertex   1.494246e+01 2.756976e+01 2.000000e+00
    endloop
  endfacet
  facet normal -0.000000e+00 0.000000e+00 1.000000e+00
    outer loop
      vertex   7.236772e+00 2.331615e+01 2.000000e+00
      vertex   7.462646e+00 2.315204e+01 2.000000e+00
      vertex   1.542313e+01 2.732393e+01 2.000000e+00
    endloop
  endfacet
  facet normal 0.000000e+00 0.000000e+00 1.000000e+00
    outer loop
      vertex   1.542313e+01 2.732393e+01 2.000000e+00
      vertex   7.462646e+00 2.315204e+01 2.000000e+00
      vertex   7.676522e+00 2.297258e+01 2.000000e+00
    endloop
  endfacet
  facet normal 0.000000e+00 0.000000e+00 1.000000e+00
    outer loop
      vertex   1.542313e+01 2.732393e+01 2.000000e+00
      vertex   7.676522e+00 2.297258e+01 2.000000e+00
      vertex   7.877359e+00 2.277863e+01 2.000000e+00
    endloop
  endfacet
  facet normal -0.000000e+00 0.000000e+00 1.000000e+00
    outer loop
      vertex   7.877359e+00 2.277863e+01 2.000000e+00
      vertex   8.064178e+00 2.257115e+01 2.000000e+00
      vertex   1.542313e+01 2.732393e+01 2.000000e+00
    endloop
  endfacet
  facet normal 0.000000e+00 0.000000e+00 1.000000e+00
    outer loop
      vertex   1.542313e+01 2.732393e+01 2.000000e+00
      vertex   8.064178e+00 2.257115e+01 2.000000e+00
      vertex   8.236068e+00 2.235114e+01 2.000000e+00
    endloop
  endfacet
  facet normal 0.000000e+00 0.000000e+00 1.000000e+00
    outer loop
      vertex   1.542313e+01 2.732393e+01 2.000000e+00
      vertex   8.236068e+00 2.235114e+01 2.000000e+00
      vertex   8.392192e+00 2.211968e+01 2.000000e+00
    endloop
  endfacet
  facet normal -0.000000e+00 0.000000e+00 1.000000e+00
    outer loop
      vertex   8.392192e+00 2.211968e+01 2.000000e+00
      vertex   8.531790e+00 2.187789e+01 2.000000e+00
      vertex   1.542313e+01 2.732393e+01 2.000000e+00
    endloop
  endfacet
  facet normal 0.000000e+00 0.000000e+00 1.000000e+00
    outer loop
      vertex   1.542313e+01 2.732393e+01 2.000000e+00
      vertex   8.531790e+00 2.187789e+01 2.000000e+00
      vertex   8.654182e+00 2.162695e+01 2.000000e+00
    endloop
  endfacet
  facet normal 0.000000e+00 0.000000e+00 1.000000e+00
    outer loop
      vertex   1.542313e+01 2.732393e+01 2.000000e+00
      vertex   8.654182e+00 2.162695e+01 2.000000e+00
      vertex   8.758771e+00 2.136808e+01 2.000000e+00
    endloop
  endfacet
  facet normal -0.000000e+00 0.000000e+00 1.000000e+00
    outer loop
      vertex   8.758771e+00 2.136808e+01 2.000000e+00
      vertex   8.845047e+00 2.110255e+01 2.000000e+00
      vertex   1.542313e+01 2.732393e+01 2.000000e+00
    endloop
  endfacet
  facet normal 0.000000e+00 0.000000e+00 1.000000e+00
    outer loop
      vertex   1.542313e+01 2.732393e+01 2.000000e+00
      vertex   8.845047e+00 2.110255e+01 2.000000e+00
      vertex   8.912590e+00 2.083165e+01 2.000000e+00
    endloop
  endfacet
  facet normal 0.000000e+00 0.000000e+00 1.000000e+00
    outer loop
      vertex   1.542313e+01 2.732393e+01 2.000000e+00
      vertex   8.912590e+00 2.083165e+01 2.000000e+00
      vertex   8.961072e+00 2.055669e+01 2.000000e+00
    endloop
  endfacet
  facet normal -0.000000e+00 0.000000e+00 1.000000e+00
    outer loop
      vertex   8.961072e+00 2.055669e+01 2.000000e+00
      vertex   8.990256e+00 2.027903e+01 2.000000e+00
      vertex   1.542313e+01 2.732393e+01 2.000000e+00
    endloop
  endfacet
  facet normal 0.000000e+00 0.000000e+00 1.000000e+00
    outer loop
      vertex   1.542313e+01 2.732393e+01 2.000000e+00
      vertex   8.990256e+00 2.027903e+01 2.000000e+00
      vertex   9.000000e+00 2.000000e+01 2.000000e+00
    endloop
  endfacet
  facet normal 0.000000e+00 0.000000e+00 1.000000e+00
    outer loop
      vertex   1.542313e+01 2.732393e+01 2.000000e+00
      vertex   9.000000e+00 2.000000e+01 2.000000e+00
      vertex   8.990256e+00 1.972097e+01 2.000000e+00
    endloop
  endfacet
  facet normal 0.000000e+00 0.000000e+00 1.000000e+00
    outer loop
      vertex   1.542313e+01 2.732393e+01 2.000000e+00
      vertex   8.990256e+00 1.972097e+01 2.000000e+00
      vertex   1.700000e+01 1.300000e+01 2.000000e+00
    endloop
  endfacet
  facet normal 0.000000e+00 0.000000e+00 1.000000e+00
    outer loop
      vertex   1.700000e+01 1.300000e+01 2.000000e+00
      vertex   8.990256e+00 1.972097e+01 2.000000e+00
      vertex   8.961072e+00 1.944331e+01 2.000000e+00
    endloop
  endfacet
  facet normal 0.000000e+00 0.000000e+00 1.000000e+00
    outer loop
      vertex   1.700000e+01 1.300000e+01 2.000000e+00
      vertex   8.961072e+00 1.944331e+01 2.000000e+00
      vertex   8.912590e+00 1.916835e+01 2.000000e+00
    endloop
  endfacet
  facet normal 0.000000e+00 0.000000e+00 1.000000e+00
    outer loop
      vertex   8.912590e+00 1.916835e+01 2.000000e+00
      vertex   8.845047e+00 1.889745e+01 2.000000e+00
      vertex   1.700000e+01 1.300000e+01 2.000000e+00
    endloop
  endfacet
  facet normal 0.000000e+00 0.000000e+00 1.000000e+00
    outer loop
      vertex   1.700000e+01 1.300000e+01 2.000000e+00
      vertex   8.845047e+00 1.889745e+01 2.000000e+00
      vertex   8.758771e+00 1.863192e+01 2.000000e+00
    endloop
  endfacet
  facet normal 0.000000e+00 0.000000e+00 1.000000e+00
    outer loop
      vertex   1.700000e+01 1.300000e+01 2.000000e+00
      vertex   8.758771e+00 1.863192e+01 2.000000e+00
      vertex   8.654182e+00 1.837305e+01 2.000000e+00
    endloop
  endfacet
  facet normal 0.000000e+00 0.000000e+00 1.000000e+00
    outer loop
      vertex   8.654182e+00 1.837305e+01 2.000000e+00
      vertex   8.531790e+00 1.812211e+01 2.000000e+00
      vertex   1.700000e+01 1.300000e+01 2.000000e+00
    endloop
  endfacet
  facet normal 0.000000e+00 0.000000e+00 1.000000e+00
    outer loop
      vertex   1.700000e+01 1.300000e+01 2.000000e+00
      vertex   8.531790e+00 1.812211e+01 2.000000e+00
      vertex   8.392192e+00 1.788032e+01 2.000000e+00
    endloop
  endfacet
  facet normal 0.000000e+00 0.000000e+00 1.000000e+00
    outer loop
      vertex   1.700000e+01 1.300000e+01 2.000000e+00
      vertex   8.392192e+00 1.788032e+01 2.000000e+00
      vertex   8.236068e+00 1.764886e+01 2.000000e+00
    endloop
  endfacet
  facet normal 0.000000e+00 0.000000e+00 1.000000e+00
    outer loop
      vertex   8.236068e+00 1.764886e+01 2.000000e+00
      vertex   8.064178e+00 1.742885e+01 2.000000e+00
      vertex   1.700000e+01 1.300000e+01 2.000000e+00
    endloop
  endfacet
  facet normal 0.000000e+00 0.000000e+00 1.000000e+00
    outer loop
      vertex   1.700000e+01 1.300000e+01 2.000000e+00
      vertex   8.064178e+00 1.742885e+01 2.000000e+00
      vertex   7.877359e+00 1.722137e+01 2.000000e+00
    endloop
  endfacet
  facet normal 0.000000e+00 0.000000e+00 1.000000e+00
    outer loop
      vertex   1.700000e+01 1.300000e+01 2.000000e+00
      vertex   7.877359e+00 1.722137e+01 2.000000e+00
      vertex   7.676522e+00 1.702742e+01 2.000000e+00
    endloop
  endfacet
  facet normal 0.000000e+00 0.000000e+00 1.000000e+00
    outer loop
      vertex   7.676522e+00 1.702742e+01 2.000000e+00
      vertex   7.462646e+00 1.684796e+01 2.000000e+00
      vertex   1.700000e+01 1.300000e+01 2.000000e+00
    endloop
  endfacet
  facet normal 0.000000e+00 0.000000e+00 1.000000e+00
    outer loop
      vertex   1.700000e+01 1.300000e+01 2.000000e+00
      vertex   7.462646e+00 1.684796e+01 2.000000e+00
      vertex   7.236772e+00 1.668385e+01 2.000000e+00
    endloop
  endfacet
  facet normal 0.000000e+00 0.000000e+00 1.000000e+00
    outer loop
      vertex   1.700000e+01 1.300000e+01 2.000000e+00
      vertex   7.236772e+00 1.668385e+01 2.000000e+00
      vertex   7.000000e+00 1.653590e+01 2.000000e+00
    endloop
  endfacet
  facet normal 0.000000e+00 0.000000e+00 1.000000e+00
    outer loop
      vertex   7.000000e+00 1.653590e+01 2.000000e+00
      vertex   6.753485e+00 1.640482e+01 2.000000e+00
      vertex   1.700000e+01 1.300000e+01 2.000000e+00
    endloop
  endfacet
  facet normal 0.000000e+00 0.000000e+00 1.000000e+00
    outer loop
      vertex   1.700000e+01 1.300000e+01 2.000000e+00
      vertex   6.753485e+00 1.640482e+01 2.000000e+00
      vertex   6.498426e+00 1.629126e+01 2.000000e+00
    endloop
  endfacet
  facet normal 0.000000e+00 0.000000e+00 1.000000e+00
    outer loop
      vertex   1.700000e+01 1.300000e+01 2.000000e+00
      vertex   6.498426e+00 1.629126e+01 2.000000e+00
      vertex   6.236068e+00 1.619577e+01 2.000000e+00
    endloop
  endfacet
  facet normal 0.000000e+00 0.000000e+00 1.000000e+00
    outer loop
      vertex   6.236068e+00 1.619577e+01 2.000000e+00
      vertex   5.967688e+00 1.611882e+01 2.000000e+00
      vertex   1.700000e+01 1.300000e+01 2.000000e+00
    endloop
  endfacet
  facet normal 0.000000e+00 0.000000e+00 1.000000e+00
    outer loop
      vertex   1.700000e+01 1.300000e+01 2.000000e+00
      vertex   5.967688e+00 1.611882e+01 2.000000e+00
      vertex   5.694593e+00 1.606077e+01 2.000000e+00
    endloop
  endfacet
  facet normal 0.000000e+00 0.000000e+00 1.000000e+00
    outer loop
      vertex   1.700000e+01 1.300000e+01 2.000000e+00
      vertex   5.694593e+00 1.606077e+01 2.000000e+00
      vertex   5.418114e+00 1.602191e+01 2.000000e+00
    endloop
  endfacet
  facet normal 0.000000e+00 0.000000e+00 1.000000e+00
    outer loop
      vertex   5.418114e+00 1.602191e+01 2.000000e+00
      vertex   5.139598e+00 1.600244e+01 2.000000e+00
      vertex   1.700000e+01 1.300000e+01 2.000000e+00
    endloop
  endfacet
  facet normal 0.000000e+00 0.000000e+00 1.000000e+00
    outer loop
      vertex   1.700000e+01 1.300000e+01 2.000000e+00
      vertex   5.139598e+00 1.600244e+01 2.000000e+00
      vertex   4.860402e+00 1.600244e+01 2.000000e+00
    endloop
  endfacet
  facet normal 0.000000e+00 0.000000e+00 1.000000e+00
    outer loop
      vertex   1.700000e+01 1.300000e+01 2.000000e+00
      vertex   4.860402e+00 1.600244e+01 2.000000e+00
      vertex   1.673006e+01 1.299088e+01 2.000000e+00
    endloop
  endfacet
  facet normal 0.000000e+00 0.000000e+00 1.000000e+00
    outer loop
      vertex   1.673006e+01 1.299088e+01 2.000000e+00
      vertex   4.860402e+00 1.600244e+01 2.000000e+00
      vertex   1.646135e+01 1.296357e+01 2.000000e+00
    endloop
  endfacet
  facet normal 0.000000e+00 0.000000e+00 1.000000e+00
    outer loop
      vertex   1.646135e+01 1.296357e+01 2.000000e+00
      vertex   4.860402e+00 1.600244e+01 2.000000e+00
      vertex   1.619510e+01 1.291818e+01 2.000000e+00
    endloop
  endfacet
  facet normal 0.000000e+00 0.000000e+00 1.000000e+00
    outer loop
      vertex   1.619510e+01 1.291818e+01 2.000000e+00
      vertex   4.860402e+00 1.600244e+01 2.000000e+00
      vertex   1.593252e+01 1.285493e+01 2.000000e+00
    endloop
  endfacet
  facet normal 0.000000e+00 0.000000e+00 1.000000e+00
    outer loop
      vertex   1.593252e+01 1.285493e+01 2.000000e+00
      vertex   4.860402e+00 1.600244e+01 2.000000e+00
      vertex   1.567480e+01 1.277410e+01 2.000000e+00
    endloop
  endfacet
  facet normal 0.000000e+00 0.000000e+00 1.000000e+00
    outer loop
      vertex   1.567480e+01 1.277410e+01 2.000000e+00
      vertex   4.860402e+00 1.600244e+01 2.000000e+00
      vertex   1.542313e+01 1.267607e+01 2.000000e+00
    endloop
  endfacet
  facet normal 0.000000e+00 0.000000e+00 1.000000e+00
    outer loop
      vertex   1.542313e+01 1.267607e+01 2.000000e+00
      vertex   4.860402e+00 1.600244e+01 2.000000e+00
      vertex   1.517864e+01 1.256127e+01 2.000000e+00
    endloop
  endfacet
  facet normal 0.000000e+00 0.000000e+00 1.000000e+00
    outer loop
      vertex   1.517864e+01 1.256127e+01 2.000000e+00
      vertex   4.860402e+00 1.600244e+01 2.000000e+00
      vertex   1.494246e+01 1.243024e+01 2.000000e+00
    endloop
  endfacet
  facet normal 0.000000e+00 0.000000e+00 1.000000e+00
    outer loop
      vertex   1.494246e+01 1.243024e+01 2.000000e+00
      vertex   4.860402e+00 1.600244e+01 2.000000e+00
      vertex   1.471567e+01 1.228357e+01 2.000000e+00
    endloop
  endfacet
  facet normal 0.000000e+00 0.000000e+00 1.000000e+00
    outer loop
      vertex   1.471567e+01 1.228357e+01 2.000000e+00
      vertex   4.860402e+00 1.600244e+01 2.000000e+00
      vertex   1.449928e+01 1.212192e+01 2.000000e+00
    endloop
  endfacet
  facet normal 0.000000e+00 0.000000e+00 1.000000e+00
    outer loop
      vertex   1.449928e+01 1.212192e+01 2.000000e+00
      vertex   4.860402e+00 1.600244e+01 2.000000e+00
      vertex   1.429430e+01 1.194605e+01 2.000000e+00
    endloop
  endfacet
  facet normal 0.000000e+00 0.000000e+00 1.000000e+00
    outer loop
      vertex   1.429430e+01 1.194605e+01 2.000000e+00
      vertex   4.860402e+00 1.600244e+01 2.000000e+00
      vertex   1.410165e+01 1.175674e+01 2.000000e+00
    endloop
  endfacet
  facet normal 0.000000e+00 0.000000e+00 1.000000e+00
    outer loop
      vertex   1.410165e+01 1.175674e+01 2.000000e+00
      vertex   4.860402e+00 1.600244e+01 2.000000e+00
      vertex   1.392222e+01 1.155486e+01 2.000000e+00
    endloop
  endfacet
  facet normal 0.000000e+00 0.000000e+00 1.000000e+00
    outer loop
      vertex   1.392222e+01 1.155486e+01 2.000000e+00
      vertex   4.860402e+00 1.600244e+01 2.000000e+00
      vertex   1.375683e+01 1.134133e+01 2.000000e+00
    endloop
  endfacet
  facet normal 0.000000e+00 0.000000e+00 1.000000e+00
    outer loop
      vertex   1.375683e+01 1.134133e+01 2.000000e+00
      vertex   4.860402e+00 1.600244e+01 2.000000e+00
      vertex   1.360622e+01 1.111713e+01 2.000000e+00
    endloop
  endfacet
  facet normal 0.000000e+00 0.000000e+00 1.000000e+00
    outer loop
      vertex   1.360622e+01 1.111713e+01 2.000000e+00
      vertex   4.860402e+00 1.600244e+01 2.000000e+00
      vertex   1.347108e+01 1.088327e+01 2.000000e+00
    endloop
  endfacet
  facet normal 0.000000e+00 0.000000e+00 1.000000e+00
    outer loop
      vertex   1.347108e+01 1.088327e+01 2.000000e+00
      vertex   4.860402e+00 1.600244e+01 2.000000e+00
      vertex   1.335203e+01 1.064083e+01 2.000000e+00
    endloop
  endfacet
  facet normal 0.000000e+00 0.000000e+00 1.000000e+00
    outer loop
      vertex   1.335203e+01 1.064083e+01 2.000000e+00
      vertex   4.860402e+00 1.600244e+01 2.000000e+00
      vertex   1.324962e+01 1.039091e+01 2.000000e+00
    endloop
  endfacet
  facet normal 0.000000e+00 0.000000e+00 1.000000e+00
    outer loop
      vertex   1.324962e+01 1.039091e+01 2.000000e+00
      vertex   4.860402e+00 1.600244e+01 2.000000e+00
      vertex   1.316430e+01 1.013464e+01 2.000000e+00
    endloop
  endfacet
  facet normal 0.000000e+00 0.000000e+00 1.000000e+00
    outer loop
      vertex   1.316430e+01 1.013464e+01 2.000000e+00
      vertex   4.860402e+00 1.600244e+01 2.000000e+00
      vertex   1.309647e+01 9.873203e+00 2.000000e+00
    endloop
  endfacet
  facet normal 0.000000e+00 0.000000e+00 1.000000e+00
    outer loop
      vertex   1.309647e+01 9.873203e+00 2.000000e+00
      vertex   4.860402e+00 1.600244e+01 2.000000e+00
      vertex   1.304644e+01 9.607784e+00 2.000000e+00
    endloop
  endfacet
  facet normal 0.000000e+00 0.000000e+00 1.000000e+00
    outer loop
      vertex   1.304644e+01 9.607784e+00 2.000000e+00
      vertex   4.860402e+00 1.600244e+01 2.000000e+00
      vertex   1.301444e+01 9.339593e+00 2.000000e+00
    endloop
  endfacet
  facet normal 0.000000e+00 0.000000e+00 1.000000e+00
    outer loop
      vertex   1.301444e+01 9.339593e+00 2.000000e+00
      vertex   4.860402e+00 1.600244e+01 2.000000e+00
      vertex   1.300061e+01 9.069854e+00 2.000000e+00
    endloop
  endfacet
  facet normal 0.000000e+00 0.000000e+00 1.000000e+00
    outer loop
      vertex   1.300061e+01 9.069854e+00 2.000000e+00
      vertex   4.860402e+00 1.600244e+01 2.000000e+00
      vertex   1.300501e+01 8.799797e+00 2.000000e+00
    endloop
  endfacet
  facet normal 0.000000e+00 0.000000e+00 1.000000e+00
    outer loop
      vertex   1.300501e+01 8.799797e+00 2.000000e+00
      vertex   4.860402e+00 1.600244e+01 2.000000e+00
      vertex   1.302763e+01 8.530652e+00 2.000000e+00
    endloop
  endfacet
  facet normal -4.702008e-16 1.074028e-12 1.000000e+00
    outer loop
      vertex   1.700000e+01 5.000000e+00 2.000000e+00
      vertex   1.675785e+01 5.007336e+00 2.000000e+00
      vertex   0.000000e+00 5.000000e+00 2.000000e+00
    endloop
  endfacet
  facet normal 0.000000e+00 0.000000e+00 1.000000e+00
    outer loop
      vertex   0.000000e+00 5.000000e+00 2.000000e+00
      vertex   1.675785e+01 5.007336e+00 2.000000e+00
      vertex   1.651658e+01 5.029319e+00 2.000000e+00
    endloop
  endfacet
  facet normal 0.000000e+00 0.000000e+00 1.000000e+00
    outer loop
      vertex   0.000000e+00 5.000000e+00 2.000000e+00
      vertex   1.651658e+01 5.029319e+00 2.000000e+00
      vertex   1.312702e+01 5.354249e+00 2.000000e+00
    endloop
  endfacet
  facet normal 0.000000e+00 0.000000e+00 1.000000e+00
    outer loop
      vertex   1.312702e+01 5.354249e+00 2.000000e+00
      vertex   1.651658e+01 5.029319e+00 2.000000e+00
      vertex   1.627708e+01 5.065868e+00 2.000000e+00
    endloop
  endfacet
  facet normal 0.000000e+00 0.000000e+00 1.000000e+00
    outer loop
      vertex   1.312702e+01 5.354249e+00 2.000000e+00
      vertex   1.627708e+01 5.065868e+00 2.000000e+00
      vertex   1.604024e+01 5.116848e+00 2.000000e+00
    endloop
  endfacet
  facet normal 0.000000e+00 0.000000e+00 1.000000e+00
    outer loop
      vertex   1.604024e+01 5.116848e+00 2.000000e+00
      vertex   1.580692e+01 5.182073e+00 2.000000e+00
      vertex   1.312702e+01 5.354249e+00 2.000000e+00
    endloop
  endfacet
  facet normal 0.000000e+00 0.000000e+00 1.000000e+00
    outer loop
      vertex   1.312702e+01 5.354249e+00 2.000000e+00
      vertex   1.580692e+01 5.182073e+00 2.000000e+00
      vertex   1.557798e+01 5.261304e+00 2.000000e+00
    endloop
  endfacet
  facet normal -0.000000e+00 0.000000e+00 1.000000e+00
    outer loop
      vertex   1.312702e+01 5.354249e+00 2.000000e+00
      vertex   1.557798e+01 5.261304e+00 2.000000e+00
      vertex   1.535425e+01 5.354249e+00 2.000000e+00
    endloop
  endfacet
  facet normal 0.000000e+00 0.000000e+00 1.000000e+00
    outer loop
      vertex   1.700000e+01 2.700000e+01 2.000000e+00
      vertex   1.673006e+01 2.700912e+01 2.000000e+00
      vertex   1.700000e+01 1.300000e+01 2.000000e+00
    endloop
  endfacet
  facet normal 0.000000e+00 0.000000e+00 1.000000e+00
    outer loop
      vertex   1.700000e+01 1.300000e+01 2.000000e+00
      vertex   1.673006e+01 2.700912e+01 2.000000e+00
      vertex   1.646135e+01 2.703643e+01 2.000000e+00
    endloop
  endfacet
  facet normal 0.000000e+00 0.000000e+00 1.000000e+00
    outer loop
      vertex   1.700000e+01 1.300000e+01 2.000000e+00
      vertex   1.646135e+01 2.703643e+01 2.000000e+00
      vertex   1.619510e+01 2.708182e+01 2.000000e+00
    endloop
  endfacet
  facet normal 0.000000e+00 0.000000e+00 1.000000e+00
    outer loop
      vertex   1.619510e+01 2.708182e+01 2.000000e+00
      vertex   1.593252e+01 2.714507e+01 2.000000e+00
      vertex   1.700000e+01 1.300000e+01 2.000000e+00
    endloop
  endfacet
  facet normal 0.000000e+00 0.000000e+00 1.000000e+00
    outer loop
      vertex   1.700000e+01 1.300000e+01 2.000000e+00
      vertex   1.593252e+01 2.714507e+01 2.000000e+00
      vertex   1.567480e+01 2.722590e+01 2.000000e+00
    endloop
  endfacet
  facet normal 0.000000e+00 0.000000e+00 1.000000e+00
    outer loop
      vertex   1.700000e+01 1.300000e+01 2.000000e+00
      vertex   1.567480e+01 2.722590e+01 2.000000e+00
      vertex   1.542313e+01 2.732393e+01 2.000000e+00
    endloop
  endfacet
  facet normal 0.000000e+00 0.000000e+00 1.000000e+00
    outer loop
      vertex   1.494246e+01 2.756976e+01 2.000000e+00
      vertex   1.471567e+01 2.771643e+01 2.000000e+00
      vertex   7.000000e+00 2.346410e+01 2.000000e+00
    endloop
  endfacet
  facet normal 0.000000e+00 0.000000e+00 1.000000e+00
    outer loop
      vertex   7.000000e+00 2.346410e+01 2.000000e+00
      vertex   1.471567e+01 2.771643e+01 2.000000e+00
      vertex   1.449928e+01 2.787808e+01 2.000000e+00
    endloop
  endfacet
  facet normal 0.000000e+00 0.000000e+00 1.000000e+00
    outer loop
      vertex   7.000000e+00 2.346410e+01 2.000000e+00
      vertex   1.449928e+01 2.787808e+01 2.000000e+00
      vertex   1.429430e+01 2.805395e+01 2.000000e+00
    endloop
  endfacet
  facet normal 0.000000e+00 0.000000e+00 1.000000e+00
    outer loop
      vertex   1.429430e+01 2.805395e+01 2.000000e+00
      vertex   1.410165e+01 2.824326e+01 2.000000e+00
      vertex   7.000000e+00 2.346410e+01 2.000000e+00
    endloop
  endfacet
  facet normal 0.000000e+00 0.000000e+00 1.000000e+00
    outer loop
      vertex   7.000000e+00 2.346410e+01 2.000000e+00
      vertex   1.410165e+01 2.824326e+01 2.000000e+00
      vertex   1.392222e+01 2.844514e+01 2.000000e+00
    endloop
  endfacet
  facet normal 0.000000e+00 0.000000e+00 1.000000e+00
    outer loop
      vertex   7.000000e+00 2.346410e+01 2.000000e+00
      vertex   1.392222e+01 2.844514e+01 2.000000e+00
      vertex   1.375683e+01 2.865867e+01 2.000000e+00
    endloop
  endfacet
  facet normal 0.000000e+00 0.000000e+00 1.000000e+00
    outer loop
      vertex   1.375683e+01 2.865867e+01 2.000000e+00
      vertex   1.360622e+01 2.888287e+01 2.000000e+00
      vertex   7.000000e+00 2.346410e+01 2.000000e+00
    endloop
  endfacet
  facet normal 0.000000e+00 0.000000e+00 1.000000e+00
    outer loop
      vertex   7.000000e+00 2.346410e+01 2.000000e+00
      vertex   1.360622e+01 2.888287e+01 2.000000e+00
      vertex   1.347108e+01 2.911673e+01 2.000000e+00
    endloop
  endfacet
  facet normal 0.000000e+00 0.000000e+00 1.000000e+00
    outer loop
      vertex   7.000000e+00 2.346410e+01 2.000000e+00
      vertex   1.347108e+01 2.911673e+01 2.000000e+00
      vertex   1.335203e+01 2.935917e+01 2.000000e+00
    endloop
  endfacet
  facet normal 0.000000e+00 0.000000e+00 1.000000e+00
    outer loop
      vertex   1.335203e+01 2.935917e+01 2.000000e+00
      vertex   1.324962e+01 2.960909e+01 2.000000e+00
      vertex   7.000000e+00 2.346410e+01 2.000000e+00
    endloop
  endfacet
  facet normal 0.000000e+00 0.000000e+00 1.000000e+00
    outer loop
      vertex   7.000000e+00 2.346410e+01 2.000000e+00
      vertex   1.324962e+01 2.960909e+01 2.000000e+00
      vertex   1.316430e+01 2.986536e+01 2.000000e+00
    endloop
  endfacet
  facet normal 0.000000e+00 0.000000e+00 1.000000e+00
    outer loop
      vertex   7.000000e+00 2.346410e+01 2.000000e+00
      vertex   1.316430e+01 2.986536e+01 2.000000e+00
      vertex   1.309647e+01 3.012680e+01 2.000000e+00
    endloop
  endfacet
  facet normal 0.000000e+00 0.000000e+00 1.000000e+00
    outer loop
      vertex   1.309647e+01 3.012680e+01 2.000000e+00
      vertex   1.304645e+01 3.039222e+01 2.000000e+00
      vertex   7.000000e+00 2.346410e+01 2.000000e+00
    endloop
  endfacet
  facet normal 0.000000e+00 0.000000e+00 1.000000e+00
    outer loop
      vertex   7.000000e+00 2.346410e+01 2.000000e+00
      vertex   1.304645e+01 3.039222e+01 2.000000e+00
      vertex   1.301444e+01 3.066041e+01 2.000000e+00
    endloop
  endfacet
  facet normal 0.000000e+00 0.000000e+00 1.000000e+00
    outer loop
      vertex   7.000000e+00 2.346410e+01 2.000000e+00
      vertex   1.301444e+01 3.066041e+01 2.000000e+00
      vertex   1.300061e+01 3.093015e+01 2.000000e+00
    endloop
  endfacet
  facet normal 0.000000e+00 -0.000000e+00 1.000000e+00
    outer loop
      vertex   1.300061e+01 3.093015e+01 2.000000e+00
      vertex   1.300501e+01 3.120020e+01 2.000000e+00
      vertex   7.000000e+00 2.346410e+01 2.000000e+00
    endloop
  endfacet
  facet normal 4.612090e-15 -7.035411e-16 1.000000e+00
    outer loop
      vertex   1.302763e+01 3.146935e+01 2.000000e+00
      vertex   1.306836e+01 3.173635e+01 2.000000e+00
      vertex   1.312702e+01 3.464575e+01 2.000000e+00
    endloop
  endfacet
  facet normal 3.017835e-15 -6.713998e-16 1.000000e+00
    outer loop
      vertex   1.312702e+01 3.464575e+01 2.000000e+00
      vertex   1.306836e+01 3.173635e+01 2.000000e+00
      vertex   1.312702e+01 3.200000e+01 2.000000e+00
    endloop
  endfacet
  facet normal 0.000000e+00 -0.000000e+00 1.000000e+00
    outer loop
      vertex   1.535425e+01 3.464575e+01 2.000000e+00
      vertex   1.557798e+01 3.473870e+01 2.000000e+00
      vertex   1.312702e+01 3.464575e+01 2.000000e+00
    endloop
  endfacet
  facet normal 0.000000e+00 0.000000e+00 1.000000e+00
    outer loop
      vertex   1.312702e+01 3.464575e+01 2.000000e+00
      vertex   1.557798e+01 3.473870e+01 2.000000e+00
      vertex   1.580692e+01 3.481793e+01 2.000000e+00
    endloop
  endfacet
  facet normal 0.000000e+00 0.000000e+00 1.000000e+00
    outer loop
      vertex   1.312702e+01 3.464575e+01 2.000000e+00
      vertex   1.580692e+01 3.481793e+01 2.000000e+00
      vertex   1.604024e+01 3.488315e+01 2.000000e+00
    endloop
  endfacet
  facet normal 0.000000e+00 -0.000000e+00 1.000000e+00
    outer loop
      vertex   1.604024e+01 3.488315e+01 2.000000e+00
      vertex   1.627708e+01 3.493413e+01 2.000000e+00
      vertex   1.312702e+01 3.464575e+01 2.000000e+00
    endloop
  endfacet
  facet normal 0.000000e+00 0.000000e+00 1.000000e+00
    outer loop
      vertex   1.312702e+01 3.464575e+01 2.000000e+00
      vertex   1.627708e+01 3.493413e+01 2.000000e+00
      vertex   1.651658e+01 3.497068e+01 2.000000e+00
    endloop
  endfacet
  facet normal -1.319932e-16 1.376910e-15 1.000000e+00
    outer loop
      vertex   1.312702e+01 3.464575e+01 2.000000e+00
      vertex   1.651658e+01 3.497068e+01 2.000000e+00
      vertex   0.000000e+00 3.500000e+01 2.000000e+00
    endloop
  endfacet
  facet normal -1.318683e-16 1.447277e-15 1.000000e+00
    outer loop
      vertex   0.000000e+00 3.500000e+01 2.000000e+00
      vertex   1.651658e+01 3.497068e+01 2.000000e+00
      vertex   1.675784e+01 3.499266e+01 2.000000e+00
    endloop
  endfacet
  facet normal -0.000000e+00 3.026835e-13 1.000000e+00
    outer loop
      vertex   0.000000e+00 3.500000e+01 2.000000e+00
      vertex   1.675784e+01 3.499266e+01 2.000000e+00
      vertex   1.700000e+01 3.500000e+01 2.000000e+00
    endloop
  endfacet
  facet normal 0.000000e+00 -9.978589e-01 6.540313e-02
    outer loop
      vertex   0.000000e+00 3.599144e+01 2.869474e+00
      vertex   2.777778e+00 3.599144e+01 2.869474e+00
      vertex   0.000000e+00 3.600000e+01 3.000000e+00
    endloop
  endfacet
  facet normal 0.000000e+00 -9.978589e-01 6.540313e-02
    outer loop
      vertex   0.000000e+00 3.600000e+01 3.000000e+00
      vertex   2.777778e+00 3.599144e+01 2.869474e+00
      vertex   5.555556e+00 3.599144e+01 2.869474e+00
    endloop
  endfacet
  facet normal 0.000000e+00 -9.978589e-01 6.540313e-02
    outer loop
      vertex   0.000000e+00 3.600000e+01 3.000000e+00
      vertex   5.555556e+00 3.599144e+01 2.869474e+00
      vertex   8.333333e+00 3.599144e+01 2.869474e+00
    endloop
  endfacet
  facet normal 0.000000e+00 -9.807853e-01 1.950903e-01
    outer loop
      vertex   8.333333e+00 3.599144e+01 2.869474e+00
      vertex   5.555556e+00 3.599144e+01 2.869474e+00
      vertex   8.333333e+00 3.596593e+01 2.741181e+00
    endloop
  endfacet
  facet normal 0.000000e+00 -9.807853e-01 1.950903e-01
    outer loop
      vertex   8.333333e+00 3.599144e+01 2.869474e+00
      vertex   8.333333e+00 3.596593e+01 2.741181e+00
      vertex   1.111111e+01 3.596593e+01 2.741181e+00
    endloop
  endfacet
  facet normal 0.000000e+00 -9.469301e-01 3.214395e-01
    outer loop
      vertex   1.111111e+01 3.596593e+01 2.741181e+00
      vertex   8.333333e+00 3.596593e+01 2.741181e+00
      vertex   1.111111e+01 3.592388e+01 2.617317e+00
    endloop
  endfacet
  facet normal 0.000000e+00 -9.469301e-01 3.214395e-01
    outer loop
      vertex   1.111111e+01 3.596593e+01 2.741181e+00
      vertex   1.111111e+01 3.592388e+01 2.617317e+00
      vertex   1.388889e+01 3.592388e+01 2.617317e+00
    endloop
  endfacet
  facet normal 0.000000e+00 -8.968727e-01 4.422887e-01
    outer loop
      vertex   1.388889e+01 3.592388e+01 2.617317e+00
      vertex   1.111111e+01 3.592388e+01 2.617317e+00
      vertex   1.388889e+01 3.586603e+01 2.500000e+00
    endloop
  endfacet
  facet normal 0.000000e+00 -8.968727e-01 4.422887e-01
    outer loop
      vertex   1.388889e+01 3.592388e+01 2.617317e+00
      vertex   1.388889e+01 3.586603e+01 2.500000e+00
      vertex   1.666667e+01 3.586603e+01 2.500000e+00
    endloop
  endfacet
  facet normal 0.000000e+00 -8.314696e-01 5.555702e-01
    outer loop
      vertex   1.666667e+01 3.586603e+01 2.500000e+00
      vertex   1.388889e+01 3.586603e+01 2.500000e+00
      vertex   1.666667e+01 3.579335e+01 2.391239e+00
    endloop
  endfacet
  facet normal 0.000000e+00 -8.314696e-01 5.555702e-01
    outer loop
      vertex   1.666667e+01 3.586603e+01 2.500000e+00
      vertex   1.666667e+01 3.579335e+01 2.391239e+00
      vertex   1.944444e+01 3.579335e+01 2.391239e+00
    endloop
  endfacet
  facet normal 0.000000e+00 -7.518398e-01 6.593458e-01
    outer loop
      vertex   1.944444e+01 3.579335e+01 2.391239e+00
      vertex   1.666667e+01 3.579335e+01 2.391239e+00
      vertex   1.944444e+01 3.570711e+01 2.292893e+00
    endloop
  endfacet
  facet normal 0.000000e+00 -7.518398e-01 6.593458e-01
    outer loop
      vertex   1.944444e+01 3.579335e+01 2.391239e+00
      vertex   1.944444e+01 3.570711e+01 2.292893e+00
      vertex   2.222222e+01 3.570711e+01 2.292893e+00
    endloop
  endfacet
  facet normal 0.000000e+00 -6.593458e-01 7.518398e-01
    outer loop
      vertex   2.222222e+01 3.570711e+01 2.292893e+00
      vertex   1.944444e+01 3.570711e+01 2.292893e+00
      vertex   2.222222e+01 3.560876e+01 2.206647e+00
    endloop
  endfacet
  facet normal 0.000000e+00 -6.593458e-01 7.518398e-01
    outer loop
      vertex   2.222222e+01 3.570711e+01 2.292893e+00
      vertex   2.222222e+01 3.560876e+01 2.206647e+00
      vertex   2.500000e+01 3.560876e+01 2.206647e+00
    endloop
  endfacet
  facet normal 0.000000e+00 -5.555702e-01 8.314696e-01
    outer loop
      vertex   2.500000e+01 3.560876e+01 2.206647e+00
      vertex   2.222222e+01 3.560876e+01 2.206647e+00
      vertex   2.500000e+01 3.550000e+01 2.133975e+00
    endloop
  endfacet
  facet normal -1.329288e-16 -5.555702e-01 8.314696e-01
    outer loop
      vertex   2.500000e+01 3.550000e+01 2.133975e+00
      vertex   2.222222e+01 3.560876e+01 2.206647e+00
      vertex   2.222222e+01 3.550000e+01 2.133975e+00
    endloop
  endfacet
  facet normal -1.433849e-16 -4.422887e-01 8.968727e-01
    outer loop
      vertex   2.500000e+01 3.550000e+01 2.133975e+00
      vertex   2.222222e+01 3.550000e+01 2.133975e+00
      vertex   2.500000e+01 3.538268e+01 2.076120e+00
    endloop
  endfacet
  facet normal -1.433849e-16 -4.422887e-01 8.968727e-01
    outer loop
      vertex   2.500000e+01 3.538268e+01 2.076120e+00
      vertex   2.222222e+01 3.550000e+01 2.133975e+00
      vertex   2.222222e+01 3.538268e+01 2.076120e+00
    endloop
  endfacet
  facet normal -1.513877e-16 -3.214395e-01 9.469301e-01
    outer loop
      vertex   2.500000e+01 3.538268e+01 2.076120e+00
      vertex   2.222222e+01 3.538268e+01 2.076120e+00
      vertex   2.500000e+01 3.525882e+01 2.034074e+00
    endloop
  endfacet
  facet normal 1.513877e-16 -3.214395e-01 9.469301e-01
    outer loop
      vertex   2.500000e+01 3.525882e+01 2.034074e+00
      vertex   2.222222e+01 3.538268e+01 2.076120e+00
      vertex   2.222222e+01 3.525882e+01 2.034074e+00
    endloop
  endfacet
  facet normal 1.568002e-16 -1.950903e-01 9.807853e-01
    outer loop
      vertex   2.500000e+01 3.525882e+01 2.034074e+00
      vertex   2.222222e+01 3.525882e+01 2.034074e+00
      vertex   2.500000e+01 3.513053e+01 2.008555e+00
    endloop
  endfacet
  facet normal -1.568002e-16 -1.950903e-01 9.807853e-01
    outer loop
      vertex   2.500000e+01 3.513053e+01 2.008555e+00
      vertex   2.222222e+01 3.525882e+01 2.034074e+00
      vertex   2.222222e+01 3.513053e+01 2.008555e+00
    endloop
  endfacet
  facet normal -1.595298e-16 -6.540313e-02 9.978589e-01
    outer loop
      vertex   2.500000e+01 3.513053e+01 2.008555e+00
      vertex   2.222222e+01 3.513053e+01 2.008555e+00
      vertex   2.500000e+01 3.500000e+01 2.000000e+00
    endloop
  endfacet
  facet normal 0.000000e+00 -6.540313e-02 9.978589e-01
    outer loop
      vertex   2.500000e+01 3.500000e+01 2.000000e+00
      vertex   2.222222e+01 3.513053e+01 2.008555e+00
      vertex   1.700000e+01 3.500000e+01 2.000000e+00
    endloop
  endfacet
  facet normal 0.000000e+00 -6.540313e-02 9.978589e-01
    outer loop
      vertex   1.700000e+01 3.500000e+01 2.000000e+00
      vertex   2.222222e+01 3.513053e+01 2.008555e+00
      vertex   1.944444e+01 3.513053e+01 2.008555e+00
    endloop
  endfacet
  facet normal 0.000000e+00 -6.540313e-02 9.978589e-01
    outer loop
      vertex   1.700000e+01 3.500000e+01 2.000000e+00
      vertex   1.944444e+01 3.513053e+01 2.008555e+00
      vertex   1.666667e+01 3.513053e+01 2.008555e+00
    endloop
  endfacet
  facet normal 0.000000e+00 -1.950903e-01 9.807853e-01
    outer loop
      vertex   1.666667e+01 3.513053e+01 2.008555e+00
      vertex   1.944444e+01 3.513053e+01 2.008555e+00
      vertex   1.666667e+01 3.525882e+01 2.034074e+00
    endloop
  endfacet
  facet normal 0.000000e+00 -1.950903e-01 9.807853e-01
    outer loop
      vertex   1.666667e+01 3.513053e+01 2.008555e+00
      vertex   1.666667e+01 3.525882e+01 2.034074e+00
      vertex   1.388889e+01 3.525882e+01 2.034074e+00
    endloop
  endfacet
  facet normal 0.000000e+00 -3.214395e-01 9.469301e-01
    outer loop
      vertex   1.388889e+01 3.525882e+01 2.034074e+00
      vertex   1.666667e+01 3.525882e+01 2.034074e+00
      vertex   1.388889e+01 3.538268e+01 2.076120e+00
    endloop
  endfacet
  facet normal 0.000000e+00 -3.214395e-01 9.469301e-01
    outer loop
      vertex   1.388889e+01 3.525882e+01 2.034074e+00
      vertex   1.388889e+01 3.538268e+01 2.076120e+00
      vertex   1.111111e+01 3.538268e+01 2.076120e+00
    endloop
  endfacet
  facet normal 0.000000e+00 -4.422887e-01 8.968727e-01
    outer loop
      vertex   1.111111e+01 3.538268e+01 2.076120e+00
      vertex   1.388889e+01 3.538268e+01 2.076120e+00
      vertex   1.111111e+01 3.550000e+01 2.133975e+00
    endloop
  endfacet
  facet normal 0.000000e+00 -4.422887e-01 8.968727e-01
    outer loop
      vertex   1.111111e+01 3.538268e+01 2.076120e+00
      vertex   1.111111e+01 3.550000e+01 2.133975e+00
      vertex   8.333333e+00 3.550000e+01 2.133975e+00
    endloop
  endfacet
  facet normal 0.000000e+00 -5.555702e-01 8.314696e-01
    outer loop
      vertex   8.333333e+00 3.550000e+01 2.133975e+00
      vertex   1.111111e+01 3.550000e+01 2.133975e+00
      vertex   8.333333e+00 3.560876e+01 2.206647e+00
    endloop
  endfacet
  facet normal 0.000000e+00 -5.555702e-01 8.314696e-01
    outer loop
      vertex   8.333333e+00 3.550000e+01 2.133975e+00
      vertex   8.333333e+00 3.560876e+01 2.206647e+00
      vertex   5.555556e+00 3.560876e+01 2.206647e+00
    endloop
  endfacet
  facet normal 0.000000e+00 -6.593458e-01 7.518398e-01
    outer loop
      vertex   5.555556e+00 3.560876e+01 2.206647e+00
      vertex   8.333333e+00 3.560876e+01 2.206647e+00
      vertex   5.555556e+00 3.570711e+01 2.292893e+00
    endloop
  endfacet
  facet normal 0.000000e+00 -6.593458e-01 7.518398e-01
    outer loop
      vertex   5.555556e+00 3.560876e+01 2.206647e+00
      vertex   5.555556e+00 3.570711e+01 2.292893e+00
      vertex   2.777778e+00 3.570711e+01 2.292893e+00
    endloop
  endfacet
  facet normal 0.000000e+00 -7.518398e-01 6.593458e-01
    outer loop
      vertex   2.777778e+00 3.570711e+01 2.292893e+00
      vertex   5.555556e+00 3.570711e+01 2.292893e+00
      vertex   2.777778e+00 3.579335e+01 2.391239e+00
    endloop
  endfacet
  facet normal -2.344152e-15 -7.518398e-01 6.593458e-01
    outer loop
      vertex   2.777778e+00 3.570711e+01 2.292893e+00
      vertex   2.777778e+00 3.579335e+01 2.391239e+00
      vertex   0.000000e+00 3.579335e+01 2.391239e+00
    endloop
  endfacet
  facet normal -2.482142e-15 -8.314696e-01 5.555702e-01
    outer loop
      vertex   0.000000e+00 3.579335e+01 2.391239e+00
      vertex   2.777778e+00 3.579335e+01 2.391239e+00
      vertex   0.000000e+00 3.586603e+01 2.500000e+00
    endloop
  endfacet
  facet normal 0.000000e+00 -8.314696e-01 5.555702e-01
    outer loop
      vertex   0.000000e+00 3.586603e+01 2.500000e+00
      vertex   2.777778e+00 3.579335e+01 2.391239e+00
      vertex   2.777778e+00 3.586603e+01 2.500000e+00
    endloop
  endfacet
  facet normal 0.000000e+00 -8.968727e-01 4.422887e-01
    outer loop
      vertex   0.000000e+00 3.586603e+01 2.500000e+00
      vertex   2.777778e+00 3.586603e+01 2.500000e+00
      vertex   0.000000e+00 3.592388e+01 2.617317e+00
    endloop
  endfacet
  facet normal 0.000000e+00 -8.968727e-01 4.422887e-01
    outer loop
      vertex   0.000000e+00 3.592388e+01 2.617317e+00
      vertex   2.777778e+00 3.586603e+01 2.500000e+00
      vertex   2.777778e+00 3.592388e+01 2.617317e+00
    endloop
  endfacet
  facet normal 0.000000e+00 -9.469301e-01 3.214395e-01
    outer loop
      vertex   0.000000e+00 3.592388e+01 2.617317e+00
      vertex   2.777778e+00 3.592388e+01 2.617317e+00
      vertex   0.000000e+00 3.596593e+01 2.741181e+00
    endloop
  endfacet
  facet normal -2.473593e-15 -9.469301e-01 3.214395e-01
    outer loop
      vertex   0.000000e+00 3.596593e+01 2.741181e+00
      vertex   2.777778e+00 3.592388e+01 2.617317e+00
      vertex   2.777778e+00 3.596593e+01 2.741181e+00
    endloop
  endfacet
  facet normal -2.539993e-15 -9.807853e-01 1.950903e-01
    outer loop
      vertex   0.000000e+00 3.596593e+01 2.741181e+00
      vertex   2.777778e+00 3.596593e+01 2.741181e+00
      vertex   0.000000e+00 3.599144e+01 2.869474e+00
    endloop
  endfacet
  facet normal 0.000000e+00 -9.807853e-01 1.950903e-01
    outer loop
      vertex   0.000000e+00 3.599144e+01 2.869474e+00
      vertex   2.777778e+00 3.596593e+01 2.741181e+00
      vertex   2.777778e+00 3.599144e+01 2.869474e+00
    endloop
  endfacet
  facet normal 1.050333e-16 -7.518398e-01 6.593458e-01
    outer loop
      vertex   0.000000e+00 3.579335e+01 2.391239e+00
      vertex   0.000000e+00 3.570711e+01 2.292893e+00
      vertex   2.777778e+00 3.570711e+01 2.292893e+00
    endloop
  endfacet
  facet normal 1.201982e-16 -6.593458e-01 7.518398e-01
    outer loop
      vertex   2.777778e+00 3.570711e+01 2.292893e+00
      vertex   0.000000e+00 3.570711e+01 2.292893e+00
      vertex   2.777778e+00 3.560876e+01 2.206647e+00
    endloop
  endfacet
  facet normal 0.000000e+00 -6.593458e-01 7.518398e-01
    outer loop
      vertex   2.777778e+00 3.570711e+01 2.292893e+00
      vertex   2.777778e+00 3.560876e+01 2.206647e+00
      vertex   5.555556e+00 3.560876e+01 2.206647e+00
    endloop
  endfacet
  facet normal 0.000000e+00 -5.555702e-01 8.314696e-01
    outer loop
      vertex   5.555556e+00 3.560876e+01 2.206647e+00
      vertex   2.777778e+00 3.560876e+01 2.206647e+00
      vertex   5.555556e+00 3.550000e+01 2.133975e+00
    endloop
  endfacet
  facet normal 0.000000e+00 -5.555702e-01 8.314696e-01
    outer loop
      vertex   5.555556e+00 3.560876e+01 2.206647e+00
      vertex   5.555556e+00 3.550000e+01 2.133975e+00
      vertex   8.333333e+00 3.550000e+01 2.133975e+00
    endloop
  endfacet
  facet normal 0.000000e+00 -4.422887e-01 8.968727e-01
    outer loop
      vertex   8.333333e+00 3.550000e+01 2.133975e+00
      vertex   5.555556e+00 3.550000e+01 2.133975e+00
      vertex   8.333333e+00 3.538268e+01 2.076120e+00
    endloop
  endfacet
  facet normal 0.000000e+00 -4.422887e-01 8.968727e-01
    outer loop
      vertex   8.333333e+00 3.550000e+01 2.133975e+00
      vertex   8.333333e+00 3.538268e+01 2.076120e+00
      vertex   1.111111e+01 3.538268e+01 2.076120e+00
    endloop
  endfacet
  facet normal 0.000000e+00 -3.214395e-01 9.469301e-01
    outer loop
      vertex   1.111111e+01 3.538268e+01 2.076120e+00
      vertex   8.333333e+00 3.538268e+01 2.076120e+00
      vertex   1.111111e+01 3.525882e+01 2.034074e+00
    endloop
  endfacet
  facet normal 0.000000e+00 -3.214395e-01 9.469301e-01
    outer loop
      vertex   1.111111e+01 3.538268e+01 2.076120e+00
      vertex   1.111111e+01 3.525882e+01 2.034074e+00
      vertex   1.388889e+01 3.525882e+01 2.034074e+00
    endloop
  endfacet
  facet normal 0.000000e+00 -1.950903e-01 9.807853e-01
    outer loop
      vertex   1.388889e+01 3.525882e+01 2.034074e+00
      vertex   1.111111e+01 3.525882e+01 2.034074e+00
      vertex   1.388889e+01 3.513053e+01 2.008555e+00
    endloop
  endfacet
  facet normal 0.000000e+00 -1.950903e-01 9.807853e-01
    outer loop
      vertex   1.388889e+01 3.525882e+01 2.034074e+00
      vertex   1.388889e+01 3.513053e+01 2.008555e+00
      vertex   1.666667e+01 3.513053e+01 2.008555e+00
    endloop
  endfacet
  facet normal 0.000000e+00 -6.540313e-02 9.978589e-01
    outer loop
      vertex   1.666667e+01 3.513053e+01 2.008555e+00
      vertex   1.388889e+01 3.513053e+01 2.008555e+00
      vertex   1.700000e+01 3.500000e+01 2.000000e+00
    endloop
  endfacet
  facet normal 0.000000e+00 -6.593458e-01 7.518398e-01
    outer loop
      vertex   0.000000e+00 3.570711e+01 2.292893e+00
      vertex   0.000000e+00 3.560876e+01 2.206647e+00
      vertex   2.777778e+00 3.560876e+01 2.206647e+00
    endloop
  endfacet
  facet normal 0.000000e+00 -5.555702e-01 8.314696e-01
    outer loop
      vertex   2.777778e+00 3.560876e+01 2.206647e+00
      vertex   0.000000e+00 3.560876e+01 2.206647e+00
      vertex   2.777778e+00 3.550000e+01 2.133975e+00
    endloop
  endfacet
  facet normal 0.000000e+00 -5.555702e-01 8.314696e-01
    outer loop
      vertex   2.777778e+00 3.560876e+01 2.206647e+00
      vertex   2.777778e+00 3.550000e+01 2.133975e+00
      vertex   5.555556e+00 3.550000e+01 2.133975e+00
    endloop
  endfacet
  facet normal 0.000000e+00 -4.422887e-01 8.968727e-01
    outer loop
      vertex   5.555556e+00 3.550000e+01 2.133975e+00
      vertex   2.777778e+00 3.550000e+01 2.133975e+00
      vertex   5.555556e+00 3.538268e+01 2.076120e+00
    endloop
  endfacet
  facet normal 0.000000e+00 -4.422887e-01 8.968727e-01
    outer loop
      vertex   5.555556e+00 3.550000e+01 2.133975e+00
      vertex   5.555556e+00 3.538268e+01 2.076120e+00
      vertex   8.333333e+00 3.538268e+01 2.076120e+00
    endloop
  endfacet
  facet normal 0.000000e+00 -3.214395e-01 9.469301e-01
    outer loop
      vertex   8.333333e+00 3.538268e+01 2.076120e+00
      vertex   5.555556e+00 3.538268e+01 2.076120e+00
      vertex   8.333333e+00 3.525882e+01 2.034074e+00
    endloop
  endfacet
  facet normal 0.000000e+00 -3.214395e-01 9.469301e-01
    outer loop
      vertex   8.333333e+00 3.538268e+01 2.076120e+00
      vertex   8.333333e+00 3.525882e+01 2.034074e+00
      vertex   1.111111e+01 3.525882e+01 2.034074e+00
    endloop
  endfacet
  facet normal 0.000000e+00 -1.950903e-01 9.807853e-01
    outer loop
      vertex   1.111111e+01 3.525882e+01 2.034074e+00
      vertex   8.333333e+00 3.525882e+01 2.034074e+00
      vertex   1.111111e+01 3.513053e+01 2.008555e+00
    endloop
  endfacet
  facet normal 0.000000e+00 -1.950903e-01 9.807853e-01
    outer loop
      vertex   1.111111e+01 3.525882e+01 2.034074e+00
      vertex   1.111111e+01 3.513053e+01 2.008555e+00
      vertex   1.388889e+01 3.513053e+01 2.008555e+00
    endloop
  endfacet
  facet normal 0.000000e+00 -6.540313e-02 9.978589e-01
    outer loop
      vertex   1.388889e+01 3.513053e+01 2.008555e+00
      vertex   1.111111e+01 3.513053e+01 2.008555e+00
      vertex   1.700000e+01 3.500000e+01 2.000000e+00
    endloop
  endfacet
  facet normal 1.336787e-16 -5.555702e-01 8.314696e-01
    outer loop
      vertex   0.000000e+00 3.560876e+01 2.206647e+00
      vertex   0.000000e+00 3.550000e+01 2.133975e+00
      vertex   2.777778e+00 3.550000e+01 2.133975e+00
    endloop
  endfacet
  facet normal 1.433849e-16 -4.422887e-01 8.968727e-01
    outer loop
      vertex   2.777778e+00 3.550000e+01 2.133975e+00
      vertex   0.000000e+00 3.550000e+01 2.133975e+00
      vertex   2.777778e+00 3.538268e+01 2.076120e+00
    endloop
  endfacet
  facet normal 0.000000e+00 -4.422887e-01 8.968727e-01
    outer loop
      vertex   2.777778e+00 3.550000e+01 2.133975e+00
      vertex   2.777778e+00 3.538268e+01 2.076120e+00
      vertex   5.555556e+00 3.538268e+01 2.076120e+00
    endloop
  endfacet
  facet normal 0.000000e+00 -3.214395e-01 9.469301e-01
    outer loop
      vertex   5.555556e+00 3.538268e+01 2.076120e+00
      vertex   2.777778e+00 3.538268e+01 2.076120e+00
      vertex   5.555556e+00 3.525882e+01 2.034074e+00
    endloop
  endfacet
  facet normal 0.000000e+00 -3.214395e-01 9.469301e-01
    outer loop
      vertex   5.555556e+00 3.538268e+01 2.076120e+00
      vertex   5.555556e+00 3.525882e+01 2.034074e+00
      vertex   8.333333e+00 3.525882e+01 2.034074e+00
    endloop
  endfacet
  facet normal 0.000000e+00 -1.950903e-01 9.807853e-01
    outer loop
      vertex   8.333333e+00 3.525882e+01 2.034074e+00
      vertex   5.555556e+00 3.525882e+01 2.034074e+00
      vertex   8.333333e+00 3.513053e+01 2.008555e+00
    endloop
  endfacet
  facet normal 0.000000e+00 -1.950903e-01 9.807853e-01
    outer loop
      vertex   8.333333e+00 3.525882e+01 2.034074e+00
      vertex   8.333333e+00 3.513053e+01 2.008555e+00
      vertex   1.111111e+01 3.513053e+01 2.008555e+00
    endloop
  endfacet
  facet normal 0.000000e+00 -6.540313e-02 9.978589e-01
    outer loop
      vertex   1.111111e+01 3.513053e+01 2.008555e+00
      vertex   8.333333e+00 3.513053e+01 2.008555e+00
      vertex   1.700000e+01 3.500000e+01 2.000000e+00
    endloop
  endfacet
  facet normal 1.432272e-16 -4.422887e-01 8.968727e-01
    outer loop
      vertex   0.000000e+00 3.550000e+01 2.133975e+00
      vertex   0.000000e+00 3.538268e+01 2.076120e+00
      vertex   2.777778e+00 3.538268e+01 2.076120e+00
    endloop
  endfacet
  facet normal 1.513877e-16 -3.214395e-01 9.469301e-01
    outer loop
      vertex   2.777778e+00 3.538268e+01 2.076120e+00
      vertex   0.000000e+00 3.538268e+01 2.076120e+00
      vertex   2.777778e+00 3.525882e+01 2.034074e+00
    endloop
  endfacet
  facet normal 0.000000e+00 -3.214395e-01 9.469301e-01
    outer loop
      vertex   2.777778e+00 3.538268e+01 2.076120e+00
      vertex   2.777778e+00 3.525882e+01 2.034074e+00
      vertex   5.555556e+00 3.525882e+01 2.034074e+00
    endloop
  endfacet
  facet normal 0.000000e+00 -1.950903e-01 9.807853e-01
    outer loop
      vertex   5.555556e+00 3.525882e+01 2.034074e+00
      vertex   2.777778e+00 3.525882e+01 2.034074e+00
      vertex   5.555556e+00 3.513053e+01 2.008555e+00
    endloop
  endfacet
  facet normal 0.000000e+00 -1.950903e-01 9.807853e-01
    outer loop
      vertex   5.555556e+00 3.525882e+01 2.034074e+00
      vertex   5.555556e+00 3.513053e+01 2.008555e+00
      vertex   8.333333e+00 3.513053e+01 2.008555e+00
    endloop
  endfacet
  facet normal 0.000000e+00 -6.540313e-02 9.978589e-01
    outer loop
      vertex   8.333333e+00 3.513053e+01 2.008555e+00
      vertex   5.555556e+00 3.513053e+01 2.008555e+00
      vertex   0.000000e+00 3.500000e+01 2.000000e+00
    endloop
  endfacet
  facet normal 0.000000e+00 -6.540313e-02 9.978589e-01
    outer loop
      vertex   8.333333e+00 3.513053e+01 2.008555e+00
      vertex   0.000000e+00 3.500000e+01 2.000000e+00
      vertex   1.700000e+01 3.500000e+01 2.000000e+00
    endloop
  endfacet
  facet normal -1.503886e-16 -3.214395e-01 9.469301e-01
    outer loop
      vertex   0.000000e+00 3.538268e+01 2.076120e+00
      vertex   0.000000e+00 3.525882e+01 2.034074e+00
      vertex   2.777778e+00 3.525882e+01 2.034074e+00
    endloop
  endfacet
  facet normal -1.568002e-16 -1.950903e-01 9.807853e-01
    outer loop
      vertex   2.777778e+00 3.525882e+01 2.034074e+00
      vertex   0.000000e+00 3.525882e+01 2.034074e+00
      vertex   2.777778e+00 3.513053e+01 2.008555e+00
    endloop
  endfacet
  facet normal 0.000000e+00 -1.950903e-01 9.807853e-01
    outer loop
      vertex   2.777778e+00 3.525882e+01 2.034074e+00
      vertex   2.777778e+00 3.513053e+01 2.008555e+00
      vertex   5.555556e+00 3.513053e+01 2.008555e+00
    endloop
  endfacet
  facet normal 0.000000e+00 -6.540313e-02 9.978589e-01
    outer loop
      vertex   5.555556e+00 3.513053e+01 2.008555e+00
      vertex   2.777778e+00 3.513053e+01 2.008555e+00
      vertex   0.000000e+00 3.500000e+01 2.000000e+00
    endloop
  endfacet
  facet normal 1.575499e-16 -1.950903e-01 9.807853e-01
    outer loop
      vertex   0.000000e+00 3.525882e+01 2.034074e+00
      vertex   0.000000e+00 3.513053e+01 2.008555e+00
      vertex   2.777778e+00 3.513053e+01 2.008555e+00
    endloop
  endfacet
  facet normal 1.595298e-16 -6.540313e-02 9.978589e-01
    outer loop
      vertex   2.777778e+00 3.513053e+01 2.008555e+00
      vertex   0.000000e+00 3.513053e+01 2.008555e+00
      vertex   0.000000e+00 3.500000e+01 2.000000e+00
    endloop
  endfacet
  facet normal -1.241302e-16 -6.593458e-01 7.518398e-01
    outer loop
      vertex   2.500000e+01 3.560876e+01 2.206647e+00
      vertex   2.500000e+01 3.570711e+01 2.292893e+00
      vertex   2.222222e+01 3.570711e+01 2.292893e+00
    endloop
  endfacet
  facet normal -1.054110e-16 -7.518398e-01 6.593458e-01
    outer loop
      vertex   2.222222e+01 3.570711e+01 2.292893e+00
      vertex   2.500000e+01 3.570711e+01 2.292893e+00
      vertex   2.222222e+01 3.579335e+01 2.391239e+00
    endloop
  endfacet
  facet normal 0.000000e+00 -7.518398e-01 6.593458e-01
    outer loop
      vertex   2.222222e+01 3.570711e+01 2.292893e+00
      vertex   2.222222e+01 3.579335e+01 2.391239e+00
      vertex   1.944444e+01 3.579335e+01 2.391239e+00
    endloop
  endfacet
  facet normal 0.000000e+00 -8.314696e-01 5.555702e-01
    outer loop
      vertex   1.944444e+01 3.579335e+01 2.391239e+00
      vertex   2.222222e+01 3.579335e+01 2.391239e+00
      vertex   1.944444e+01 3.586603e+01 2.500000e+00
    endloop
  endfacet
  facet normal 0.000000e+00 -8.314696e-01 5.555702e-01
    outer loop
      vertex   1.944444e+01 3.579335e+01 2.391239e+00
      vertex   1.944444e+01 3.586603e+01 2.500000e+00
      vertex   1.666667e+01 3.586603e+01 2.500000e+00
    endloop
  endfacet
  facet normal 0.000000e+00 -8.968727e-01 4.422887e-01
    outer loop
      vertex   1.666667e+01 3.586603e+01 2.500000e+00
      vertex   1.944444e+01 3.586603e+01 2.500000e+00
      vertex   1.666667e+01 3.592388e+01 2.617317e+00
    endloop
  endfacet
  facet normal 0.000000e+00 -8.968727e-01 4.422887e-01
    outer loop
      vertex   1.666667e+01 3.586603e+01 2.500000e+00
      vertex   1.666667e+01 3.592388e+01 2.617317e+00
      vertex   1.388889e+01 3.592388e+01 2.617317e+00
    endloop
  endfacet
  facet normal 0.000000e+00 -9.469301e-01 3.214395e-01
    outer loop
      vertex   1.388889e+01 3.592388e+01 2.617317e+00
      vertex   1.666667e+01 3.592388e+01 2.617317e+00
      vertex   1.388889e+01 3.596593e+01 2.741181e+00
    endloop
  endfacet
  facet normal 0.000000e+00 -9.469301e-01 3.214395e-01
    outer loop
      vertex   1.388889e+01 3.592388e+01 2.617317e+00
      vertex   1.388889e+01 3.596593e+01 2.741181e+00
      vertex   1.111111e+01 3.596593e+01 2.741181e+00
    endloop
  endfacet
  facet normal 0.000000e+00 -9.807853e-01 1.950903e-01
    outer loop
      vertex   1.111111e+01 3.596593e+01 2.741181e+00
      vertex   1.388889e+01 3.596593e+01 2.741181e+00
      vertex   1.111111e+01 3.599144e+01 2.869474e+00
    endloop
  endfacet
  facet normal 0.000000e+00 -9.807853e-01 1.950903e-01
    outer loop
      vertex   1.111111e+01 3.596593e+01 2.741181e+00
      vertex   1.111111e+01 3.599144e+01 2.869474e+00
      vertex   8.333333e+00 3.599144e+01 2.869474e+00
    endloop
  endfacet
  facet normal 0.000000e+00 -9.978589e-01 6.540313e-02
    outer loop
      vertex   8.333333e+00 3.599144e+01 2.869474e+00
      vertex   1.111111e+01 3.599144e+01 2.869474e+00
      vertex   0.000000e+00 3.600000e+01 3.000000e+00
    endloop
  endfacet
  facet normal 2.344152e-15 -7.518398e-01 6.593458e-01
    outer loop
      vertex   2.500000e+01 3.570711e+01 2.292893e+00
      vertex   2.500000e+01 3.579335e+01 2.391239e+00
      vertex   2.222222e+01 3.579335e+01 2.391239e+00
    endloop
  endfacet
  facet normal 2.482142e-15 -8.314696e-01 5.555702e-01
    outer loop
      vertex   2.222222e+01 3.579335e+01 2.391239e+00
      vertex   2.500000e+01 3.579335e+01 2.391239e+00
      vertex   2.222222e+01 3.586603e+01 2.500000e+00
    endloop
  endfacet
  facet normal 0.000000e+00 -8.314696e-01 5.555702e-01
    outer loop
      vertex   2.222222e+01 3.579335e+01 2.391239e+00
      vertex   2.222222e+01 3.586603e+01 2.500000e+00
      vertex   1.944444e+01 3.586603e+01 2.500000e+00
    endloop
  endfacet
  facet normal 0.000000e+00 -8.968727e-01 4.422887e-01
    outer loop
      vertex   1.944444e+01 3.586603e+01 2.500000e+00
      vertex   2.222222e+01 3.586603e+01 2.500000e+00
      vertex   1.944444e+01 3.592388e+01 2.617317e+00
    endloop
  endfacet
  facet normal 0.000000e+00 -8.968727e-01 4.422887e-01
    outer loop
      vertex   1.944444e+01 3.586603e+01 2.500000e+00
      vertex   1.944444e+01 3.592388e+01 2.617317e+00
      vertex   1.666667e+01 3.592388e+01 2.617317e+00
    endloop
  endfacet
  facet normal 0.000000e+00 -9.469301e-01 3.214395e-01
    outer loop
      vertex   1.666667e+01 3.592388e+01 2.617317e+00
      vertex   1.944444e+01 3.592388e+01 2.617317e+00
      vertex   1.666667e+01 3.596593e+01 2.741181e+00
    endloop
  endfacet
  facet normal 0.000000e+00 -9.469301e-01 3.214395e-01
    outer loop
      vertex   1.666667e+01 3.592388e+01 2.617317e+00
      vertex   1.666667e+01 3.596593e+01 2.741181e+00
      vertex   1.388889e+01 3.596593e+01 2.741181e+00
    endloop
  endfacet
  facet normal 0.000000e+00 -9.807853e-01 1.950903e-01
    outer loop
      vertex   1.388889e+01 3.596593e+01 2.741181e+00
      vertex   1.666667e+01 3.596593e+01 2.741181e+00
      vertex   1.388889e+01 3.599144e+01 2.869474e+00
    endloop
  endfacet
  facet normal 0.000000e+00 -9.807853e-01 1.950903e-01
    outer loop
      vertex   1.388889e+01 3.596593e+01 2.741181e+00
      vertex   1.388889e+01 3.599144e+01 2.869474e+00
      vertex   1.111111e+01 3.599144e+01 2.869474e+00
    endloop
  endfacet
  facet normal 0.000000e+00 -9.978589e-01 6.540313e-02
    outer loop
      vertex   1.111111e+01 3.599144e+01 2.869474e+00
      vertex   1.388889e+01 3.599144e+01 2.869474e+00
      vertex   0.000000e+00 3.600000e+01 3.000000e+00
    endloop
  endfacet
  facet normal 0.000000e+00 -8.314696e-01 5.555702e-01
    outer loop
      vertex   2.500000e+01 3.579335e+01 2.391239e+00
      vertex   2.500000e+01 3.586603e+01 2.500000e+00
      vertex   2.222222e+01 3.586603e+01 2.500000e+00
    endloop
  endfacet
  facet normal 0.000000e+00 -8.968727e-01 4.422887e-01
    outer loop
      vertex   2.222222e+01 3.586603e+01 2.500000e+00
      vertex   2.500000e+01 3.586603e+01 2.500000e+00
      vertex   2.222222e+01 3.592388e+01 2.617317e+00
    endloop
  endfacet
  facet normal 0.000000e+00 -8.968727e-01 4.422887e-01
    outer loop
      vertex   2.222222e+01 3.586603e+01 2.500000e+00
      vertex   2.222222e+01 3.592388e+01 2.617317e+00
      vertex   1.944444e+01 3.592388e+01 2.617317e+00
    endloop
  endfacet
  facet normal 0.000000e+00 -9.469301e-01 3.214395e-01
    outer loop
      vertex   1.944444e+01 3.592388e+01 2.617317e+00
      vertex   2.222222e+01 3.592388e+01 2.617317e+00
      vertex   1.944444e+01 3.596593e+01 2.741181e+00
    endloop
  endfacet
  facet normal 0.000000e+00 -9.469301e-01 3.214395e-01
    outer loop
      vertex   1.944444e+01 3.592388e+01 2.617317e+00
      vertex   1.944444e+01 3.596593e+01 2.741181e+00
      vertex   1.666667e+01 3.596593e+01 2.741181e+00
    endloop
  endfacet
  facet normal 0.000000e+00 -9.807853e-01 1.950903e-01
    outer loop
      vertex   1.666667e+01 3.596593e+01 2.741181e+00
      vertex   1.944444e+01 3.596593e+01 2.741181e+00
      vertex   1.666667e+01 3.599144e+01 2.869474e+00
    endloop
  endfacet
  facet normal 0.000000e+00 -9.807853e-01 1.950903e-01
    outer loop
      vertex   1.666667e+01 3.596593e+01 2.741181e+00
      vertex   1.666667e+01 3.599144e+01 2.869474e+00
      vertex   1.388889e+01 3.599144e+01 2.869474e+00
    endloop
  endfacet
  facet normal 0.000000e+00 -9.978589e-01 6.540313e-02
    outer loop
      vertex   1.388889e+01 3.599144e+01 2.869474e+00
      vertex   1.666667e+01 3.599144e+01 2.869474e+00
      vertex   2.500000e+01 3.600000e+01 3.000000e+00
    endloop
  endfacet
  facet normal 0.000000e+00 -9.978589e-01 6.540313e-02
    outer loop
      vertex   1.388889e+01 3.599144e+01 2.869474e+00
      vertex   2.500000e+01 3.600000e+01 3.000000e+00
      vertex   0.000000e+00 3.600000e+01 3.000000e+00
    endloop
  endfacet
  facet normal 0.000000e+00 -8.968727e-01 4.422887e-01
    outer loop
      vertex   2.500000e+01 3.586603e+01 2.500000e+00
      vertex   2.500000e+01 3.592388e+01 2.617317e+00
      vertex   2.222222e+01 3.592388e+01 2.617317e+00
    endloop
  endfacet
  facet normal 0.000000e+00 -9.469301e-01 3.214395e-01
    outer loop
      vertex   2.222222e+01 3.592388e+01 2.617317e+00
      vertex   2.500000e+01 3.592388e+01 2.617317e+00
      vertex   2.222222e+01 3.596593e+01 2.741181e+00
    endloop
  endfacet
  facet normal 0.000000e+00 -9.469301e-01 3.214395e-01
    outer loop
      vertex   2.222222e+01 3.592388e+01 2.617317e+00
      vertex   2.222222e+01 3.596593e+01 2.741181e+00
      vertex   1.944444e+01 3.596593e+01 2.741181e+00
    endloop
  endfacet
  facet normal 0.000000e+00 -9.807853e-01 1.950903e-01
    outer loop
      vertex   1.944444e+01 3.596593e+01 2.741181e+00
      vertex   2.222222e+01 3.596593e+01 2.741181e+00
      vertex   1.944444e+01 3.599144e+01 2.869474e+00
    endloop
  endfacet
  facet normal 0.000000e+00 -9.807853e-01 1.950903e-01
    outer loop
      vertex   1.944444e+01 3.596593e+01 2.741181e+00
      vertex   1.944444e+01 3.599144e+01 2.869474e+00
      vertex   1.666667e+01 3.599144e+01 2.869474e+00
    endloop
  endfacet
  facet normal 0.000000e+00 -9.978589e-01 6.540313e-02
    outer loop
      vertex   1.666667e+01 3.599144e+01 2.869474e+00
      vertex   1.944444e+01 3.599144e+01 2.869474e+00
      vertex   2.500000e+01 3.600000e+01 3.000000e+00
    endloop
  endfacet
  facet normal 2.473056e-15 -9.469301e-01 3.214395e-01
    outer loop
      vertex   2.500000e+01 3.592388e+01 2.617317e+00
      vertex   2.500000e+01 3.596593e+01 2.741181e+00
      vertex   2.222222e+01 3.596593e+01 2.741181e+00
    endloop
  endfacet
  facet normal 2.539993e-15 -9.807853e-01 1.950903e-01
    outer loop
      vertex   2.222222e+01 3.596593e+01 2.741181e+00
      vertex   2.500000e+01 3.596593e+01 2.741181e+00
      vertex   2.222222e+01 3.599144e+01 2.869474e+00
    endloop
  endfacet
  facet normal 0.000000e+00 -9.807853e-01 1.950903e-01
    outer loop
      vertex   2.222222e+01 3.596593e+01 2.741181e+00
      vertex   2.222222e+01 3.599144e+01 2.869474e+00
      vertex   1.944444e+01 3.599144e+01 2.869474e+00
    endloop
  endfacet
  facet normal 0.000000e+00 -9.978589e-01 6.540313e-02
    outer loop
      vertex   1.944444e+01 3.599144e+01 2.869474e+00
      vertex   2.222222e+01 3.599144e+01 2.869474e+00
      vertex   2.500000e+01 3.600000e+01 3.000000e+00
    endloop
  endfacet
  facet normal 0.000000e+00 -9.807853e-01 1.950903e-01
    outer loop
      vertex   2.500000e+01 3.596593e+01 2.741181e+00
      vertex   2.500000e+01 3.599144e+01 2.869474e+00
      vertex   2.222222e+01 3.599144e+01 2.869474e+00
    endloop
  endfacet
  facet normal 0.000000e+00 -9.978589e-01 6.540313e-02
    outer loop
      vertex   2.222222e+01 3.599144e+01 2.869474e+00
      vertex   2.500000e+01 3.599144e+01 2.869474e+00
      vertex   2.500000e+01 3.600000e+01 3.000000e+00
    endloop
  endfacet
  facet normal 0.000000e+00 -9.807853e-01 1.950903e-01
    outer loop
      vertex   5.555556e+00 3.599144e+01 2.869474e+00
      vertex   2.777778e+00 3.599144e+01 2.869474e+00
      vertex   5.555556e+00 3.596593e+01 2.741181e+00
    endloop
  endfacet
  facet normal 0.000000e+00 -9.807853e-01 1.950903e-01
    outer loop
      vertex   5.555556e+00 3.596593e+01 2.741181e+00
      vertex   2.777778e+00 3.599144e+01 2.869474e+00
      vertex   2.777778e+00 3.596593e+01 2.741181e+00
    endloop
  endfacet
  facet normal 0.000000e+00 -9.469301e-01 3.214395e-01
    outer loop
      vertex   5.555556e+00 3.596593e+01 2.741181e+00
      vertex   2.777778e+00 3.596593e+01 2.741181e+00
      vertex   5.555556e+00 3.592388e+01 2.617317e+00
    endloop
  endfacet
  facet normal 0.000000e+00 -9.469301e-01 3.214395e-01
    outer loop
      vertex   5.555556e+00 3.592388e+01 2.617317e+00
      vertex   2.777778e+00 3.596593e+01 2.741181e+00
      vertex   2.777778e+00 3.592388e+01 2.617317e+00
    endloop
  endfacet
  facet normal 0.000000e+00 -8.968727e-01 4.422887e-01
    outer loop
      vertex   5.555556e+00 3.592388e+01 2.617317e+00
      vertex   2.777778e+00 3.592388e+01 2.617317e+00
      vertex   5.555556e+00 3.586603e+01 2.500000e+00
    endloop
  endfacet
  facet normal 0.000000e+00 -8.968727e-01 4.422887e-01
    outer loop
      vertex   5.555556e+00 3.586603e+01 2.500000e+00
      vertex   2.777778e+00 3.592388e+01 2.617317e+00
      vertex   2.777778e+00 3.586603e+01 2.500000e+00
    endloop
  endfacet
  facet normal 0.000000e+00 -8.314696e-01 5.555702e-01
    outer loop
      vertex   5.555556e+00 3.586603e+01 2.500000e+00
      vertex   2.777778e+00 3.586603e+01 2.500000e+00
      vertex   5.555556e+00 3.579335e+01 2.391239e+00
    endloop
  endfacet
  facet normal 0.000000e+00 -8.314696e-01 5.555702e-01
    outer loop
      vertex   5.555556e+00 3.579335e+01 2.391239e+00
      vertex   2.777778e+00 3.586603e+01 2.500000e+00
      vertex   2.777778e+00 3.579335e+01 2.391239e+00
    endloop
  endfacet
  facet normal 0.000000e+00 -7.518398e-01 6.593458e-01
    outer loop
      vertex   5.555556e+00 3.579335e+01 2.391239e+00
      vertex   2.777778e+00 3.579335e+01 2.391239e+00
      vertex   5.555556e+00 3.570711e+01 2.292893e+00
    endloop
  endfacet
  facet normal 0.000000e+00 -9.807853e-01 1.950903e-01
    outer loop
      vertex   5.555556e+00 3.599144e+01 2.869474e+00
      vertex   5.555556e+00 3.596593e+01 2.741181e+00
      vertex   8.333333e+00 3.596593e+01 2.741181e+00
    endloop
  endfacet
  facet normal 0.000000e+00 -9.469301e-01 3.214395e-01
    outer loop
      vertex   8.333333e+00 3.596593e+01 2.741181e+00
      vertex   5.555556e+00 3.596593e+01 2.741181e+00
      vertex   8.333333e+00 3.592388e+01 2.617317e+00
    endloop
  endfacet
  facet normal 0.000000e+00 -9.469301e-01 3.214395e-01
    outer loop
      vertex   8.333333e+00 3.596593e+01 2.741181e+00
      vertex   8.333333e+00 3.592388e+01 2.617317e+00
      vertex   1.111111e+01 3.592388e+01 2.617317e+00
    endloop
  endfacet
  facet normal 0.000000e+00 -8.968727e-01 4.422887e-01
    outer loop
      vertex   1.111111e+01 3.592388e+01 2.617317e+00
      vertex   8.333333e+00 3.592388e+01 2.617317e+00
      vertex   1.111111e+01 3.586603e+01 2.500000e+00
    endloop
  endfacet
  facet normal 0.000000e+00 -8.968727e-01 4.422887e-01
    outer loop
      vertex   1.111111e+01 3.592388e+01 2.617317e+00
      vertex   1.111111e+01 3.586603e+01 2.500000e+00
      vertex   1.388889e+01 3.586603e+01 2.500000e+00
    endloop
  endfacet
  facet normal 0.000000e+00 -8.314696e-01 5.555702e-01
    outer loop
      vertex   1.388889e+01 3.586603e+01 2.500000e+00
      vertex   1.111111e+01 3.586603e+01 2.500000e+00
      vertex   1.388889e+01 3.579335e+01 2.391239e+00
    endloop
  endfacet
  facet normal 0.000000e+00 -8.314696e-01 5.555702e-01
    outer loop
      vertex   1.388889e+01 3.586603e+01 2.500000e+00
      vertex   1.388889e+01 3.579335e+01 2.391239e+00
      vertex   1.666667e+01 3.579335e+01 2.391239e+00
    endloop
  endfacet
  facet normal 0.000000e+00 -7.518398e-01 6.593458e-01
    outer loop
      vertex   1.666667e+01 3.579335e+01 2.391239e+00
      vertex   1.388889e+01 3.579335e+01 2.391239e+00
      vertex   1.666667e+01 3.570711e+01 2.292893e+00
    endloop
  endfacet
  facet normal 0.000000e+00 -7.518398e-01 6.593458e-01
    outer loop
      vertex   1.666667e+01 3.579335e+01 2.391239e+00
      vertex   1.666667e+01 3.570711e+01 2.292893e+00
      vertex   1.944444e+01 3.570711e+01 2.292893e+00
    endloop
  endfacet
  facet normal 0.000000e+00 -6.593458e-01 7.518398e-01
    outer loop
      vertex   1.944444e+01 3.570711e+01 2.292893e+00
      vertex   1.666667e+01 3.570711e+01 2.292893e+00
      vertex   1.944444e+01 3.560876e+01 2.206647e+00
    endloop
  endfacet
  facet normal 0.000000e+00 -6.593458e-01 7.518398e-01
    outer loop
      vertex   1.944444e+01 3.570711e+01 2.292893e+00
      vertex   1.944444e+01 3.560876e+01 2.206647e+00
      vertex   2.222222e+01 3.560876e+01 2.206647e+00
    endloop
  endfacet
  facet normal 0.000000e+00 -5.555702e-01 8.314696e-01
    outer loop
      vertex   2.222222e+01 3.560876e+01 2.206647e+00
      vertex   1.944444e+01 3.560876e+01 2.206647e+00
      vertex   2.222222e+01 3.550000e+01 2.133975e+00
    endloop
  endfacet
  facet normal 0.000000e+00 -9.469301e-01 3.214395e-01
    outer loop
      vertex   8.333333e+00 3.592388e+01 2.617317e+00
      vertex   5.555556e+00 3.596593e+01 2.741181e+00
      vertex   5.555556e+00 3.592388e+01 2.617317e+00
    endloop
  endfacet
  facet normal 0.000000e+00 -8.968727e-01 4.422887e-01
    outer loop
      vertex   8.333333e+00 3.592388e+01 2.617317e+00
      vertex   5.555556e+00 3.592388e+01 2.617317e+00
      vertex   8.333333e+00 3.586603e+01 2.500000e+00
    endloop
  endfacet
  facet normal 0.000000e+00 -8.968727e-01 4.422887e-01
    outer loop
      vertex   8.333333e+00 3.586603e+01 2.500000e+00
      vertex   5.555556e+00 3.592388e+01 2.617317e+00
      vertex   5.555556e+00 3.586603e+01 2.500000e+00
    endloop
  endfacet
  facet normal 0.000000e+00 -8.314696e-01 5.555702e-01
    outer loop
      vertex   8.333333e+00 3.586603e+01 2.500000e+00
      vertex   5.555556e+00 3.586603e+01 2.500000e+00
      vertex   8.333333e+00 3.579335e+01 2.391239e+00
    endloop
  endfacet
  facet normal 0.000000e+00 -8.314696e-01 5.555702e-01
    outer loop
      vertex   8.333333e+00 3.579335e+01 2.391239e+00
      vertex   5.555556e+00 3.586603e+01 2.500000e+00
      vertex   5.555556e+00 3.579335e+01 2.391239e+00
    endloop
  endfacet
  facet normal 0.000000e+00 -7.518398e-01 6.593458e-01
    outer loop
      vertex   8.333333e+00 3.579335e+01 2.391239e+00
      vertex   5.555556e+00 3.579335e+01 2.391239e+00
      vertex   8.333333e+00 3.570711e+01 2.292893e+00
    endloop
  endfacet
  facet normal 0.000000e+00 -7.518398e-01 6.593458e-01
    outer loop
      vertex   8.333333e+00 3.570711e+01 2.292893e+00
      vertex   5.555556e+00 3.579335e+01 2.391239e+00
      vertex   5.555556e+00 3.570711e+01 2.292893e+00
    endloop
  endfacet
  facet normal 0.000000e+00 -6.593458e-01 7.518398e-01
    outer loop
      vertex   8.333333e+00 3.570711e+01 2.292893e+00
      vertex   5.555556e+00 3.570711e+01 2.292893e+00
      vertex   8.333333e+00 3.560876e+01 2.206647e+00
    endloop
  endfacet
  facet normal 0.000000e+00 -8.968727e-01 4.422887e-01
    outer loop
      vertex   8.333333e+00 3.592388e+01 2.617317e+00
      vertex   8.333333e+00 3.586603e+01 2.500000e+00
      vertex   1.111111e+01 3.586603e+01 2.500000e+00
    endloop
  endfacet
  facet normal 0.000000e+00 -8.314696e-01 5.555702e-01
    outer loop
      vertex   1.111111e+01 3.586603e+01 2.500000e+00
      vertex   8.333333e+00 3.586603e+01 2.500000e+00
      vertex   1.111111e+01 3.579335e+01 2.391239e+00
    endloop
  endfacet
  facet normal 0.000000e+00 -8.314696e-01 5.555702e-01
    outer loop
      vertex   1.111111e+01 3.586603e+01 2.500000e+00
      vertex   1.111111e+01 3.579335e+01 2.391239e+00
      vertex   1.388889e+01 3.579335e+01 2.391239e+00
    endloop
  endfacet
  facet normal 0.000000e+00 -7.518398e-01 6.593458e-01
    outer loop
      vertex   1.388889e+01 3.579335e+01 2.391239e+00
      vertex   1.111111e+01 3.579335e+01 2.391239e+00
      vertex   1.388889e+01 3.570711e+01 2.292893e+00
    endloop
  endfacet
  facet normal 0.000000e+00 -7.518398e-01 6.593458e-01
    outer loop
      vertex   1.388889e+01 3.579335e+01 2.391239e+00
      vertex   1.388889e+01 3.570711e+01 2.292893e+00
      vertex   1.666667e+01 3.570711e+01 2.292893e+00
    endloop
  endfacet
  facet normal 0.000000e+00 -6.593458e-01 7.518398e-01
    outer loop
      vertex   1.666667e+01 3.570711e+01 2.292893e+00
      vertex   1.388889e+01 3.570711e+01 2.292893e+00
      vertex   1.666667e+01 3.560876e+01 2.206647e+00
    endloop
  endfacet
  facet normal 0.000000e+00 -6.593458e-01 7.518398e-01
    outer loop
      vertex   1.666667e+01 3.570711e+01 2.292893e+00
      vertex   1.666667e+01 3.560876e+01 2.206647e+00
      vertex   1.944444e+01 3.560876e+01 2.206647e+00
    endloop
  endfacet
  facet normal 0.000000e+00 -5.555702e-01 8.314696e-01
    outer loop
      vertex   1.944444e+01 3.560876e+01 2.206647e+00
      vertex   1.666667e+01 3.560876e+01 2.206647e+00
      vertex   1.944444e+01 3.550000e+01 2.133975e+00
    endloop
  endfacet
  facet normal 0.000000e+00 -5.555702e-01 8.314696e-01
    outer loop
      vertex   1.944444e+01 3.560876e+01 2.206647e+00
      vertex   1.944444e+01 3.550000e+01 2.133975e+00
      vertex   2.222222e+01 3.550000e+01 2.133975e+00
    endloop
  endfacet
  facet normal 0.000000e+00 -4.422887e-01 8.968727e-01
    outer loop
      vertex   2.222222e+01 3.550000e+01 2.133975e+00
      vertex   1.944444e+01 3.550000e+01 2.133975e+00
      vertex   2.222222e+01 3.538268e+01 2.076120e+00
    endloop
  endfacet
  facet normal 0.000000e+00 -8.314696e-01 5.555702e-01
    outer loop
      vertex   1.111111e+01 3.579335e+01 2.391239e+00
      vertex   8.333333e+00 3.586603e+01 2.500000e+00
      vertex   8.333333e+00 3.579335e+01 2.391239e+00
    endloop
  endfacet
  facet normal 0.000000e+00 -7.518398e-01 6.593458e-01
    outer loop
      vertex   1.111111e+01 3.579335e+01 2.391239e+00
      vertex   8.333333e+00 3.579335e+01 2.391239e+00
      vertex   1.111111e+01 3.570711e+01 2.292893e+00
    endloop
  endfacet
  facet normal 0.000000e+00 -7.518398e-01 6.593458e-01
    outer loop
      vertex   1.111111e+01 3.570711e+01 2.292893e+00
      vertex   8.333333e+00 3.579335e+01 2.391239e+00
      vertex   8.333333e+00 3.570711e+01 2.292893e+00
    endloop
  endfacet
  facet normal 0.000000e+00 -6.593458e-01 7.518398e-01
    outer loop
      vertex   1.111111e+01 3.570711e+01 2.292893e+00
      vertex   8.333333e+00 3.570711e+01 2.292893e+00
      vertex   1.111111e+01 3.560876e+01 2.206647e+00
    endloop
  endfacet
  facet normal 0.000000e+00 -6.593458e-01 7.518398e-01
    outer loop
      vertex   1.111111e+01 3.560876e+01 2.206647e+00
      vertex   8.333333e+00 3.570711e+01 2.292893e+00
      vertex   8.333333e+00 3.560876e+01 2.206647e+00
    endloop
  endfacet
  facet normal 0.000000e+00 -5.555702e-01 8.314696e-01
    outer loop
      vertex   1.111111e+01 3.560876e+01 2.206647e+00
      vertex   8.333333e+00 3.560876e+01 2.206647e+00
      vertex   1.111111e+01 3.550000e+01 2.133975e+00
    endloop
  endfacet
  facet normal 0.000000e+00 -7.518398e-01 6.593458e-01
    outer loop
      vertex   1.111111e+01 3.579335e+01 2.391239e+00
      vertex   1.111111e+01 3.570711e+01 2.292893e+00
      vertex   1.388889e+01 3.570711e+01 2.292893e+00
    endloop
  endfacet
  facet normal 0.000000e+00 -6.593458e-01 7.518398e-01
    outer loop
      vertex   1.388889e+01 3.570711e+01 2.292893e+00
      vertex   1.111111e+01 3.570711e+01 2.292893e+00
      vertex   1.388889e+01 3.560876e+01 2.206647e+00
    endloop
  endfacet
  facet normal 0.000000e+00 -6.593458e-01 7.518398e-01
    outer loop
      vertex   1.388889e+01 3.570711e+01 2.292893e+00
      vertex   1.388889e+01 3.560876e+01 2.206647e+00
      vertex   1.666667e+01 3.560876e+01 2.206647e+00
    endloop
  endfacet
  facet normal 0.000000e+00 -5.555702e-01 8.314696e-01
    outer loop
      vertex   1.666667e+01 3.560876e+01 2.206647e+00
      vertex   1.388889e+01 3.560876e+01 2.206647e+00
      vertex   1.666667e+01 3.550000e+01 2.133975e+00
    endloop
  endfacet
  facet normal 0.000000e+00 -5.555702e-01 8.314696e-01
    outer loop
      vertex   1.666667e+01 3.560876e+01 2.206647e+00
      vertex   1.666667e+01 3.550000e+01 2.133975e+00
      vertex   1.944444e+01 3.550000e+01 2.133975e+00
    endloop
  endfacet
  facet normal 0.000000e+00 -4.422887e-01 8.968727e-01
    outer loop
      vertex   1.944444e+01 3.550000e+01 2.133975e+00
      vertex   1.666667e+01 3.550000e+01 2.133975e+00
      vertex   1.944444e+01 3.538268e+01 2.076120e+00
    endloop
  endfacet
  facet normal 0.000000e+00 -4.422887e-01 8.968727e-01
    outer loop
      vertex   1.944444e+01 3.550000e+01 2.133975e+00
      vertex   1.944444e+01 3.538268e+01 2.076120e+00
      vertex   2.222222e+01 3.538268e+01 2.076120e+00
    endloop
  endfacet
  facet normal 0.000000e+00 -3.214395e-01 9.469301e-01
    outer loop
      vertex   2.222222e+01 3.538268e+01 2.076120e+00
      vertex   1.944444e+01 3.538268e+01 2.076120e+00
      vertex   2.222222e+01 3.525882e+01 2.034074e+00
    endloop
  endfacet
  facet normal 0.000000e+00 -6.593458e-01 7.518398e-01
    outer loop
      vertex   1.388889e+01 3.560876e+01 2.206647e+00
      vertex   1.111111e+01 3.570711e+01 2.292893e+00
      vertex   1.111111e+01 3.560876e+01 2.206647e+00
    endloop
  endfacet
  facet normal 0.000000e+00 -5.555702e-01 8.314696e-01
    outer loop
      vertex   1.388889e+01 3.560876e+01 2.206647e+00
      vertex   1.111111e+01 3.560876e+01 2.206647e+00
      vertex   1.388889e+01 3.550000e+01 2.133975e+00
    endloop
  endfacet
  facet normal 0.000000e+00 -5.555702e-01 8.314696e-01
    outer loop
      vertex   1.388889e+01 3.550000e+01 2.133975e+00
      vertex   1.111111e+01 3.560876e+01 2.206647e+00
      vertex   1.111111e+01 3.550000e+01 2.133975e+00
    endloop
  endfacet
  facet normal 0.000000e+00 -4.422887e-01 8.968727e-01
    outer loop
      vertex   1.388889e+01 3.550000e+01 2.133975e+00
      vertex   1.111111e+01 3.550000e+01 2.133975e+00
      vertex   1.388889e+01 3.538268e+01 2.076120e+00
    endloop
  endfacet
  facet normal 0.000000e+00 -5.555702e-01 8.314696e-01
    outer loop
      vertex   1.388889e+01 3.560876e+01 2.206647e+00
      vertex   1.388889e+01 3.550000e+01 2.133975e+00
      vertex   1.666667e+01 3.550000e+01 2.133975e+00
    endloop
  endfacet
  facet normal 0.000000e+00 -4.422887e-01 8.968727e-01
    outer loop
      vertex   1.666667e+01 3.550000e+01 2.133975e+00
      vertex   1.388889e+01 3.550000e+01 2.133975e+00
      vertex   1.666667e+01 3.538268e+01 2.076120e+00
    endloop
  endfacet
  facet normal 0.000000e+00 -4.422887e-01 8.968727e-01
    outer loop
      vertex   1.666667e+01 3.550000e+01 2.133975e+00
      vertex   1.666667e+01 3.538268e+01 2.076120e+00
      vertex   1.944444e+01 3.538268e+01 2.076120e+00
    endloop
  endfacet
  facet normal 0.000000e+00 -3.214395e-01 9.469301e-01
    outer loop
      vertex   1.944444e+01 3.538268e+01 2.076120e+00
      vertex   1.666667e+01 3.538268e+01 2.076120e+00
      vertex   1.944444e+01 3.525882e+01 2.034074e+00
    endloop
  endfacet
  facet normal 0.000000e+00 -3.214395e-01 9.469301e-01
    outer loop
      vertex   1.944444e+01 3.538268e+01 2.076120e+00
      vertex   1.944444e+01 3.525882e+01 2.034074e+00
      vertex   2.222222e+01 3.525882e+01 2.034074e+00
    endloop
  endfacet
  facet normal 0.000000e+00 -1.950903e-01 9.807853e-01
    outer loop
      vertex   2.222222e+01 3.525882e+01 2.034074e+00
      vertex   1.944444e+01 3.525882e+01 2.034074e+00
      vertex   2.222222e+01 3.513053e+01 2.008555e+00
    endloop
  endfacet
  facet normal 0.000000e+00 -4.422887e-01 8.968727e-01
    outer loop
      vertex   1.666667e+01 3.538268e+01 2.076120e+00
      vertex   1.388889e+01 3.550000e+01 2.133975e+00
      vertex   1.388889e+01 3.538268e+01 2.076120e+00
    endloop
  endfacet
  facet normal 0.000000e+00 -3.214395e-01 9.469301e-01
    outer loop
      vertex   1.944444e+01 3.525882e+01 2.034074e+00
      vertex   1.666667e+01 3.538268e+01 2.076120e+00
      vertex   1.666667e+01 3.525882e+01 2.034074e+00
    endloop
  endfacet
  facet normal 0.000000e+00 -3.214395e-01 9.469301e-01
    outer loop
      vertex   1.666667e+01 3.525882e+01 2.034074e+00
      vertex   1.666667e+01 3.538268e+01 2.076120e+00
      vertex   1.388889e+01 3.538268e+01 2.076120e+00
    endloop
  endfacet
  facet normal 0.000000e+00 -1.950903e-01 9.807853e-01
    outer loop
      vertex   2.222222e+01 3.513053e+01 2.008555e+00
      vertex   1.944444e+01 3.525882e+01 2.034074e+00
      vertex   1.944444e+01 3.513053e+01 2.008555e+00
    endloop
  endfacet
  facet normal 0.000000e+00 -1.950903e-01 9.807853e-01
    outer loop
      vertex   1.944444e+01 3.513053e+01 2.008555e+00
      vertex   1.944444e+01 3.525882e+01 2.034074e+00
      vertex   1.666667e+01 3.525882e+01 2.034074e+00
    endloop
  endfacet
  facet normal 0.000000e+00 -1.000000e+00 -0.000000e+00
    outer loop
      vertex   2.500000e+01 3.600000e+01 1.100000e+01
      vertex   1.969943e+01 3.600000e+01 7.044073e+00
      vertex   2.500000e+01 3.600000e+01 3.000000e+00
    endloop
  endfacet
  facet normal 0.000000e+00 -1.000000e+00 0.000000e+00
    outer loop
      vertex   2.500000e+01 3.600000e+01 3.000000e+00
      vertex   1.969943e+01 3.600000e+01 7.044073e+00
      vertex   1.969461e+01 3.600000e+01 6.864728e+00
    endloop
  endfacet
  facet normal 0.000000e+00 -1.000000e+00 0.000000e+00
    outer loop
      vertex   2.500000e+01 3.600000e+01 3.000000e+00
      vertex   1.969461e+01 3.600000e+01 6.864728e+00
      vertex   1.967092e+01 3.600000e+01 6.686890e+00
    endloop
  endfacet
  facet normal 0.000000e+00 -1.000000e+00 0.000000e+00
    outer loop
      vertex   1.901222e+01 3.600000e+01 1.100000e+01
      vertex   1.914990e+01 3.600000e+01 1.052106e+01
      vertex   2.500000e+01 3.600000e+01 1.100000e+01
    endloop
  endfacet
  facet normal 0.000000e+00 -1.000000e+00 0.000000e+00
    outer loop
      vertex   2.500000e+01 3.600000e+01 1.100000e+01
      vertex   1.914990e+01 3.600000e+01 1.052106e+01
      vertex   1.926996e+01 3.600000e+01 1.003741e+01
    endloop
  endfacet
  facet normal 0.000000e+00 -1.000000e+00 0.000000e+00
    outer loop
      vertex   2.500000e+01 3.600000e+01 1.100000e+01
      vertex   1.926996e+01 3.600000e+01 1.003741e+01
      vertex   1.937224e+01 3.600000e+01 9.549686e+00
    endloop
  endfacet
  facet normal 0.000000e+00 -1.000000e+00 0.000000e+00
    outer loop
      vertex   1.937224e+01 3.600000e+01 9.549686e+00
      vertex   1.945660e+01 3.600000e+01 9.058545e+00
      vertex   2.500000e+01 3.600000e+01 1.100000e+01
    endloop
  endfacet
  facet normal 0.000000e+00 -1.000000e+00 0.000000e+00
    outer loop
      vertex   2.500000e+01 3.600000e+01 1.100000e+01
      vertex   1.945660e+01 3.600000e+01 9.058545e+00
      vertex   1.952293e+01 3.600000e+01 8.564646e+00
    endloop
  endfacet
  facet normal 0.000000e+00 -1.000000e+00 0.000000e+00
    outer loop
      vertex   2.500000e+01 3.600000e+01 1.100000e+01
      vertex   1.952293e+01 3.600000e+01 8.564646e+00
      vertex   1.957114e+01 3.600000e+01 8.068650e+00
    endloop
  endfacet
  facet normal 0.000000e+00 -1.000000e+00 0.000000e+00
    outer loop
      vertex   1.957114e+01 3.600000e+01 8.068650e+00
      vertex   1.960116e+01 3.600000e+01 7.571221e+00
      vertex   2.500000e+01 3.600000e+01 1.100000e+01
    endloop
  endfacet
  facet normal 0.000000e+00 -1.000000e+00 0.000000e+00
    outer loop
      vertex   2.500000e+01 3.600000e+01 1.100000e+01
      vertex   1.960116e+01 3.600000e+01 7.571221e+00
      vertex   1.965244e+01 3.600000e+01 7.399298e+00
    endloop
  endfacet
  facet normal 0.000000e+00 -1.000000e+00 0.000000e+00
    outer loop
      vertex   2.500000e+01 3.600000e+01 1.100000e+01
      vertex   1.965244e+01 3.600000e+01 7.399298e+00
      vertex   1.968532e+01 3.600000e+01 7.222927e+00
    endloop
  endfacet
  facet normal 0.000000e+00 -1.000000e+00 0.000000e+00
    outer loop
      vertex   1.968532e+01 3.600000e+01 7.222927e+00
      vertex   1.969943e+01 3.600000e+01 7.044073e+00
      vertex   2.500000e+01 3.600000e+01 1.100000e+01
    endloop
  endfacet
  facet normal 0.000000e+00 -1.000000e+00 -0.000000e+00
    outer loop
      vertex   1.967092e+01 3.600000e+01 6.686890e+00
      vertex   1.962861e+01 3.600000e+01 6.512539e+00
      vertex   2.500000e+01 3.600000e+01 3.000000e+00
    endloop
  endfacet
  facet normal 0.000000e+00 -1.000000e+00 0.000000e+00
    outer loop
      vertex   2.500000e+01 3.600000e+01 3.000000e+00
      vertex   1.962861e+01 3.600000e+01 6.512539e+00
      vertex   1.956817e+01 3.600000e+01 6.343617e+00
    endloop
  endfacet
  facet normal 0.000000e+00 -1.000000e+00 0.000000e+00
    outer loop
      vertex   2.500000e+01 3.600000e+01 3.000000e+00
      vertex   1.956817e+01 3.600000e+01 6.343617e+00
      vertex   1.949026e+01 3.600000e+01 6.182006e+00
    endloop
  endfacet
  facet normal 0.000000e+00 -1.000000e+00 -0.000000e+00
    outer loop
      vertex   1.949026e+01 3.600000e+01 6.182006e+00
      vertex   1.939576e+01 3.600000e+01 6.029506e+00
      vertex   2.500000e+01 3.600000e+01 3.000000e+00
    endloop
  endfacet
  facet normal 0.000000e+00 -1.000000e+00 0.000000e+00
    outer loop
      vertex   2.500000e+01 3.600000e+01 3.000000e+00
      vertex   1.939576e+01 3.600000e+01 6.029506e+00
      vertex   1.928571e+01 3.600000e+01 5.887814e+00
    endloop
  endfacet
  facet normal 0.000000e+00 -1.000000e+00 0.000000e+00
    outer loop
      vertex   2.500000e+01 3.600000e+01 3.000000e+00
      vertex   1.928571e+01 3.600000e+01 5.887814e+00
      vertex   1.916134e+01 3.600000e+01 5.758510e+00
    endloop
  endfacet
  facet normal 0.000000e+00 -1.000000e+00 -0.000000e+00
    outer loop
      vertex   1.916134e+01 3.600000e+01 5.758510e+00
      vertex   1.902403e+01 3.600000e+01 5.643032e+00
      vertex   2.500000e+01 3.600000e+01 3.000000e+00
    endloop
  endfacet
  facet normal 0.000000e+00 -1.000000e+00 0.000000e+00
    outer loop
      vertex   2.500000e+01 3.600000e+01 3.000000e+00
      vertex   1.902403e+01 3.600000e+01 5.643032e+00
      vertex   1.887532e+01 3.600000e+01 5.542669e+00
    endloop
  endfacet
  facet normal 0.000000e+00 -1.000000e+00 0.000000e+00
    outer loop
      vertex   2.500000e+01 3.600000e+01 3.000000e+00
      vertex   1.887532e+01 3.600000e+01 5.542669e+00
      vertex   1.871686e+01 3.600000e+01 5.458536e+00
    endloop
  endfacet
  facet normal 0.000000e+00 -1.000000e+00 -0.000000e+00
    outer loop
      vertex   1.871686e+01 3.600000e+01 5.458536e+00
      vertex   1.855042e+01 3.600000e+01 5.391572e+00
      vertex   2.500000e+01 3.600000e+01 3.000000e+00
    endloop
  endfacet
  facet normal 0.000000e+00 -1.000000e+00 0.000000e+00
    outer loop
      vertex   2.500000e+01 3.600000e+01 3.000000e+00
      vertex   1.855042e+01 3.600000e+01 5.391572e+00
      vertex   1.837784e+01 3.600000e+01 5.342522e+00
    endloop
  endfacet
  facet normal 0.000000e+00 -1.000000e+00 0.000000e+00
    outer loop
      vertex   2.500000e+01 3.600000e+01 3.000000e+00
      vertex   1.837784e+01 3.600000e+01 5.342522e+00
      vertex   1.820106e+01 3.600000e+01 5.311932e+00
    endloop
  endfacet
  facet normal 0.000000e+00 -1.000000e+00 -0.000000e+00
    outer loop
      vertex   1.820106e+01 3.600000e+01 5.311932e+00
      vertex   1.802204e+01 3.600000e+01 5.300143e+00
      vertex   2.500000e+01 3.600000e+01 3.000000e+00
    endloop
  endfacet
  facet normal 0.000000e+00 -1.000000e+00 0.000000e+00
    outer loop
      vertex   2.500000e+01 3.600000e+01 3.000000e+00
      vertex   1.802204e+01 3.600000e+01 5.300143e+00
      vertex   1.784277e+01 3.600000e+01 5.307287e+00
    endloop
  endfacet
  facet normal 0.000000e+00 -1.000000e+00 0.000000e+00
    outer loop
      vertex   2.500000e+01 3.600000e+01 3.000000e+00
      vertex   1.784277e+01 3.600000e+01 5.307287e+00
      vertex   0.000000e+00 3.600000e+01 3.000000e+00
    endloop
  endfacet
  facet normal 0.000000e+00 -1.000000e+00 0.000000e+00
    outer loop
      vertex   0.000000e+00 3.600000e+01 3.000000e+00
      vertex   1.784277e+01 3.600000e+01 5.307287e+00
      vertex   1.766526e+01 3.600000e+01 5.333283e+00
    endloop
  endfacet
  facet normal 0.000000e+00 -1.000000e+00 0.000000e+00
    outer loop
      vertex   0.000000e+00 3.600000e+01 3.000000e+00
      vertex   1.766526e+01 3.600000e+01 5.333283e+00
      vertex   1.749147e+01 3.600000e+01 5.377843e+00
    endloop
  endfacet
  facet normal -0.000000e+00 -1.000000e+00 0.000000e+00
    outer loop
      vertex   1.749147e+01 3.600000e+01 5.377843e+00
      vertex   1.732334e+01 3.600000e+01 5.440470e+00
      vertex   0.000000e+00 3.600000e+01 3.000000e+00
    endloop
  endfacet
  facet normal -3.114032e-08 -1.000000e+00 2.210453e-07
    outer loop
      vertex   0.000000e+00 3.600000e+01 3.000000e+00
      vertex   1.732334e+01 3.600000e+01 5.440470e+00
      vertex   6.271918e+00 3.600000e+01 6.310413e+00
    endloop
  endfacet
  facet normal -1.579238e-08 -1.000000e+00 1.919671e-07
    outer loop
      vertex   0.000000e+00 3.600000e+01 3.000000e+00
      vertex   6.271918e+00 3.600000e+01 6.310413e+00
      vertex   6.090778e+00 3.600000e+01 6.295511e+00
    endloop
  endfacet
  facet normal -5.765050e-08 -1.000000e+00 -1.157299e-07
    outer loop
      vertex   1.732334e+01 3.600000e+01 5.440470e+00
      vertex   1.716276e+01 3.600000e+01 5.520466e+00
      vertex   6.271918e+00 3.600000e+01 6.310413e+00
    endloop
  endfacet
  facet normal -3.569882e-08 -1.000000e+00 1.869134e-07
    outer loop
      vertex   6.271918e+00 3.600000e+01 6.310413e+00
      vertex   1.716276e+01 3.600000e+01 5.520466e+00
      vertex   6.450442e+00 3.600000e+01 6.344509e+00
    endloop
  endfacet
  facet normal -5.694532e-08 -1.000000e+00 -8.928452e-08
    outer loop
      vertex   6.450442e+00 3.600000e+01 6.344509e+00
      vertex   1.716276e+01 3.600000e+01 5.520466e+00
      vertex   1.701149e+01 3.600000e+01 5.616940e+00
    endloop
  endfacet
  facet normal -4.141651e-08 -1.000000e+00 1.361244e-07
    outer loop
      vertex   6.450442e+00 3.600000e+01 6.344509e+00
      vertex   1.701149e+01 3.600000e+01 5.616940e+00
      vertex   6.624323e+00 3.600000e+01 6.397414e+00
    endloop
  endfacet
  facet normal -5.701516e-08 -1.000000e+00 -7.147515e-08
    outer loop
      vertex   6.624323e+00 3.600000e+01 6.397414e+00
      vertex   1.701149e+01 3.600000e+01 5.616940e+00
      vertex   1.687124e+01 3.600000e+01 5.728819e+00
    endloop
  endfacet
  facet normal -5.605687e-08 -1.000000e+00 -5.678835e-08
    outer loop
      vertex   6.624323e+00 3.600000e+01 6.397414e+00
      vertex   1.687124e+01 3.600000e+01 5.728819e+00
      vertex   1.674356e+01 3.600000e+01 5.854856e+00
    endloop
  endfacet
  facet normal -4.707526e-08 -1.000000e+00 1.107277e-07
    outer loop
      vertex   6.624323e+00 3.600000e+01 6.397414e+00
      vertex   1.674356e+01 3.600000e+01 5.854856e+00
      vertex   6.791585e+00 3.600000e+01 6.468524e+00
    endloop
  endfacet
  facet normal -5.677053e-08 -1.000000e+00 -4.650234e-08
    outer loop
      vertex   6.791585e+00 3.600000e+01 6.468524e+00
      vertex   1.674356e+01 3.600000e+01 5.854856e+00
      vertex   1.662987e+01 3.600000e+01 5.993647e+00
    endloop
  endfacet
  facet normal -5.018169e-08 -1.000000e+00 9.000203e-08
    outer loop
      vertex   6.791585e+00 3.600000e+01 6.468524e+00
      vertex   1.662987e+01 3.600000e+01 5.993647e+00
      vertex   6.950329e+00 3.600000e+01 6.557034e+00
    endloop
  endfacet
  facet normal -5.762085e-08 -1.000000e+00 -3.781004e-08
    outer loop
      vertex   6.950329e+00 3.600000e+01 6.557034e+00
      vertex   1.662987e+01 3.600000e+01 5.993647e+00
      vertex   1.653144e+01 3.600000e+01 6.143646e+00
    endloop
  endfacet
  facet normal -5.276824e-08 -1.000000e+00 7.465916e-08
    outer loop
      vertex   6.950329e+00 3.600000e+01 6.557034e+00
      vertex   1.653144e+01 3.600000e+01 6.143646e+00
      vertex   7.098750e+00 3.600000e+01 6.661936e+00
    endloop
  endfacet
  facet normal -5.852475e-08 -1.000000e+00 -3.010713e-08
    outer loop
      vertex   7.098750e+00 3.600000e+01 6.661936e+00
      vertex   1.653144e+01 3.600000e+01 6.143646e+00
      vertex   1.644937e+01 3.600000e+01 6.303183e+00
    endloop
  endfacet
  facet normal -5.497405e-08 -1.000000e+00 6.243904e-08
    outer loop
      vertex   7.098750e+00 3.600000e+01 6.661936e+00
      vertex   1.644937e+01 3.600000e+01 6.303183e+00
      vertex   7.235163e+00 3.600000e+01 6.782040e+00
    endloop
  endfacet
  facet normal -5.941498e-08 -1.000000e+00 -2.301372e-08
    outer loop
      vertex   7.235163e+00 3.600000e+01 6.782040e+00
      vertex   1.644937e+01 3.600000e+01 6.303183e+00
      vertex   1.638457e+01 3.600000e+01 6.470481e+00
    endloop
  endfacet
  facet normal -5.917592e-08 -1.000000e+00 -1.599326e-08
    outer loop
      vertex   7.235163e+00 3.600000e+01 6.782040e+00
      vertex   1.638457e+01 3.600000e+01 6.470481e+00
      vertex   1.633776e+01 3.600000e+01 6.643676e+00
    endloop
  endfacet
  facet normal -6.092472e-08 -1.000000e+00 -9.730509e-09
    outer loop
      vertex   1.630947e+01 3.600000e+01 6.820841e+00
      vertex   7.465919e+00 3.600000e+01 7.062237e+00
      vertex   1.633776e+01 3.600000e+01 6.643676e+00
    endloop
  endfacet
  facet normal -5.843186e-08 -1.000000e+00 4.310830e-08
    outer loop
      vertex   1.633776e+01 3.600000e+01 6.643676e+00
      vertex   7.465919e+00 3.600000e+01 7.062237e+00
      vertex   7.358018e+00 3.600000e+01 6.915981e+00
    endloop
  endfacet
  facet normal -5.812245e-08 -1.000000e+00 5.331176e-08
    outer loop
      vertex   1.633776e+01 3.600000e+01 6.643676e+00
      vertex   7.358018e+00 3.600000e+01 6.915981e+00
      vertex   7.235163e+00 3.600000e+01 6.782040e+00
    endloop
  endfacet
  facet normal -5.970644e-08 -1.000000e+00 3.490124e-08
    outer loop
      vertex   7.465919e+00 3.600000e+01 7.062237e+00
      vertex   1.630947e+01 3.600000e+01 6.820841e+00
      vertex   7.557640e+00 3.600000e+01 7.219147e+00
    endloop
  endfacet
  facet normal -6.144260e-08 -1.000000e+00 -3.246695e-09
    outer loop
      vertex   7.557640e+00 3.600000e+01 7.219147e+00
      vertex   1.630947e+01 3.600000e+01 6.820841e+00
      vertex   1.630000e+01 3.600000e+01 7.000000e+00
    endloop
  endfacet
  facet normal -6.067769e-08 -1.000000e+00 2.726765e-08
    outer loop
      vertex   7.557640e+00 3.600000e+01 7.219147e+00
      vertex   1.630000e+01 3.600000e+01 7.000000e+00
      vertex   7.632140e+00 3.600000e+01 7.384928e+00
    endloop
  endfacet
  facet normal -6.194347e-08 -1.000000e+00 -1.235440e-09
    outer loop
      vertex   7.632140e+00 3.600000e+01 7.384928e+00
      vertex   1.630000e+01 3.600000e+01 7.000000e+00
      vertex   1.629181e+01 3.600000e+01 7.410696e+00
    endloop
  endfacet
  facet normal -6.200741e-08 -1.000000e+00 2.025346e-08
    outer loop
      vertex   7.632140e+00 3.600000e+01 7.384928e+00
      vertex   1.629181e+01 3.600000e+01 7.410696e+00
      vertex   7.688571e+00 3.600000e+01 7.557696e+00
    endloop
  endfacet
  facet normal -1.134960e-07 -1.000000e+00 -2.993139e-06
    outer loop
      vertex   7.688571e+00 3.600000e+01 7.557696e+00
      vertex   1.629181e+01 3.600000e+01 7.410696e+00
      vertex   7.726293e+00 3.600000e+01 7.735490e+00
    endloop
  endfacet
  facet normal 0.000000e+00 -1.000000e+00 0.000000e+00
    outer loop
      vertex   7.726293e+00 3.600000e+01 7.735490e+00
      vertex   1.629181e+01 3.600000e+01 7.410696e+00
      vertex   1.626725e+01 3.600000e+01 7.820739e+00
    endloop
  endfacet
  facet normal 0.000000e+00 -1.000000e+00 0.000000e+00
    outer loop
      vertex   7.726293e+00 3.600000e+01 7.735490e+00
      vertex   1.626725e+01 3.600000e+01 7.820739e+00
      vertex   7.764983e+00 3.600000e+01 8.155173e+00
    endloop
  endfacet
  facet normal 0.000000e+00 -1.000000e+00 0.000000e+00
    outer loop
      vertex   7.764983e+00 3.600000e+01 8.155173e+00
      vertex   1.626725e+01 3.600000e+01 7.820739e+00
      vertex   1.622636e+01 3.600000e+01 8.229477e+00
    endloop
  endfacet
  facet normal 0.000000e+00 -1.000000e+00 0.000000e+00
    outer loop
      vertex   7.764983e+00 3.600000e+01 8.155173e+00
      vertex   1.622636e+01 3.600000e+01 8.229477e+00
      vertex   7.820810e+00 3.600000e+01 8.572921e+00
    endloop
  endfacet
  facet normal 0.000000e+00 -1.000000e+00 0.000000e+00
    outer loop
      vertex   7.820810e+00 3.600000e+01 8.572921e+00
      vertex   1.622636e+01 3.600000e+01 8.229477e+00
      vertex   1.616920e+01 3.600000e+01 8.636259e+00
    endloop
  endfacet
  facet normal 0.000000e+00 -1.000000e+00 0.000000e+00
    outer loop
      vertex   7.820810e+00 3.600000e+01 8.572921e+00
      vertex   1.616920e+01 3.600000e+01 8.636259e+00
      vertex   7.893680e+00 3.600000e+01 8.988036e+00
    endloop
  endfacet
  facet normal 0.000000e+00 -1.000000e+00 0.000000e+00
    outer loop
      vertex   7.893680e+00 3.600000e+01 8.988036e+00
      vertex   1.616920e+01 3.600000e+01 8.636259e+00
      vertex   1.609587e+01 3.600000e+01 9.040438e+00
    endloop
  endfacet
  facet normal 0.000000e+00 -1.000000e+00 0.000000e+00
    outer loop
      vertex   7.893680e+00 3.600000e+01 8.988036e+00
      vertex   1.609587e+01 3.600000e+01 9.040438e+00
      vertex   7.983471e+00 3.600000e+01 9.399823e+00
    endloop
  endfacet
  facet normal 0.000000e+00 -1.000000e+00 0.000000e+00
    outer loop
      vertex   7.983471e+00 3.600000e+01 9.399823e+00
      vertex   1.609587e+01 3.600000e+01 9.040438e+00
      vertex   1.600648e+01 3.600000e+01 9.441372e+00
    endloop
  endfacet
  facet normal 0.000000e+00 -1.000000e+00 0.000000e+00
    outer loop
      vertex   7.983471e+00 3.600000e+01 9.399823e+00
      vertex   1.600648e+01 3.600000e+01 9.441372e+00
      vertex   8.090034e+00 3.600000e+01 9.807591e+00
    endloop
  endfacet
  facet normal 0.000000e+00 -1.000000e+00 0.000000e+00
    outer loop
      vertex   8.090034e+00 3.600000e+01 9.807591e+00
      vertex   1.600648e+01 3.600000e+01 9.441372e+00
      vertex   1.590118e+01 3.600000e+01 9.838423e+00
    endloop
  endfacet
  facet normal 0.000000e+00 -1.000000e+00 0.000000e+00
    outer loop
      vertex   8.090034e+00 3.600000e+01 9.807591e+00
      vertex   1.590118e+01 3.600000e+01 9.838423e+00
      vertex   8.213189e+00 3.600000e+01 1.021066e+01
    endloop
  endfacet
  facet normal 0.000000e+00 -1.000000e+00 0.000000e+00
    outer loop
      vertex   8.213189e+00 3.600000e+01 1.021066e+01
      vertex   1.590118e+01 3.600000e+01 9.838423e+00
      vertex   1.578013e+01 3.600000e+01 1.023096e+01
    endloop
  endfacet
  facet normal 0.000000e+00 -1.000000e+00 0.000000e+00
    outer loop
      vertex   8.213189e+00 3.600000e+01 1.021066e+01
      vertex   1.578013e+01 3.600000e+01 1.023096e+01
      vertex   8.352730e+00 3.600000e+01 1.060835e+01
    endloop
  endfacet
  facet normal 0.000000e+00 -1.000000e+00 0.000000e+00
    outer loop
      vertex   8.352730e+00 3.600000e+01 1.060835e+01
      vertex   1.578013e+01 3.600000e+01 1.023096e+01
      vertex   1.564352e+01 3.600000e+01 1.061836e+01
    endloop
  endfacet
  facet normal 0.000000e+00 -1.000000e+00 0.000000e+00
    outer loop
      vertex   8.352730e+00 3.600000e+01 1.060835e+01
      vertex   1.564352e+01 3.600000e+01 1.061836e+01
      vertex   1.549158e+01 3.600000e+01 1.100000e+01
    endloop
  endfacet
  facet normal -0.000000e+00 -1.000000e+00 0.000000e+00
    outer loop
      vertex   1.549158e+01 3.600000e+01 1.100000e+01
      vertex   8.508425e+00 3.600000e+01 1.100000e+01
      vertex   8.352730e+00 3.600000e+01 1.060835e+01
    endloop
  endfacet
  facet normal 3.824418e-09 -1.000000e+00 1.557112e-07
    outer loop
      vertex   6.090778e+00 3.600000e+01 6.295511e+00
      vertex   5.909082e+00 3.600000e+01 6.299974e+00
      vertex   0.000000e+00 3.600000e+01 3.000000e+00
    endloop
  endfacet
  facet normal 1.735040e-08 -1.000000e+00 1.314910e-07
    outer loop
      vertex   0.000000e+00 3.600000e+01 3.000000e+00
      vertex   5.909082e+00 3.600000e+01 6.299974e+00
      vertex   5.728893e+00 3.600000e+01 6.323750e+00
    endloop
  endfacet
  facet normal 2.759519e-08 -1.000000e+00 1.138328e-07
    outer loop
      vertex   0.000000e+00 3.600000e+01 3.000000e+00
      vertex   5.728893e+00 3.600000e+01 6.323750e+00
      vertex   5.552258e+00 3.600000e+01 6.366570e+00
    endloop
  endfacet
  facet normal 3.591638e-08 -1.000000e+00 1.001093e-07
    outer loop
      vertex   5.552258e+00 3.600000e+01 6.366570e+00
      vertex   5.381184e+00 3.600000e+01 6.427946e+00
      vertex   0.000000e+00 3.600000e+01 3.000000e+00
    endloop
  endfacet
  facet normal 4.306143e-08 -1.000000e+00 8.889298e-08
    outer loop
      vertex   0.000000e+00 3.600000e+01 3.000000e+00
      vertex   5.381184e+00 3.600000e+01 6.427946e+00
      vertex   5.217614e+00 3.600000e+01 6.507183e+00
    endloop
  endfacet
  facet normal 4.948807e-08 -1.000000e+00 7.933210e-08
    outer loop
      vertex   0.000000e+00 3.600000e+01 3.000000e+00
      vertex   5.217614e+00 3.600000e+01 6.507183e+00
      vertex   5.063407e+00 3.600000e+01 6.603378e+00
    endloop
  endfacet
  facet normal 5.550607e-08 -1.000000e+00 7.087571e-08
    outer loop
      vertex   5.063407e+00 3.600000e+01 6.603378e+00
      vertex   4.920314e+00 3.600000e+01 6.715441e+00
      vertex   0.000000e+00 3.600000e+01 3.000000e+00
    endloop
  endfacet
  facet normal 6.134839e-08 -1.000000e+00 6.313880e-08
    outer loop
      vertex   0.000000e+00 3.600000e+01 3.000000e+00
      vertex   4.920314e+00 3.600000e+01 6.715441e+00
      vertex   4.789962e+00 3.600000e+01 6.842097e+00
    endloop
  endfacet
  facet normal 6.721206e-08 -1.000000e+00 5.582852e-08
    outer loop
      vertex   0.000000e+00 3.600000e+01 3.000000e+00
      vertex   4.789962e+00 3.600000e+01 6.842097e+00
      vertex   4.673831e+00 3.600000e+01 6.981907e+00
    endloop
  endfacet
  facet normal 7.328610e-08 -1.000000e+00 4.869902e-08
    outer loop
      vertex   4.673831e+00 3.600000e+01 6.981907e+00
      vertex   4.573240e+00 3.600000e+01 7.133284e+00
      vertex   0.000000e+00 3.600000e+01 3.000000e+00
    endloop
  endfacet
  facet normal 7.977568e-08 -1.000000e+00 4.151867e-08
    outer loop
      vertex   0.000000e+00 3.600000e+01 3.000000e+00
      vertex   4.573240e+00 3.600000e+01 7.133284e+00
      vertex   4.489332e+00 3.600000e+01 7.294508e+00
    endloop
  endfacet
  facet normal 8.692956e-08 -1.000000e+00 3.404025e-08
    outer loop
      vertex   0.000000e+00 3.600000e+01 3.000000e+00
      vertex   4.489332e+00 3.600000e+01 7.294508e+00
      vertex   4.423061e+00 3.600000e+01 7.463746e+00
    endloop
  endfacet
  facet normal 1.212829e-07 -1.000000e+00 0.000000e+00
    outer loop
      vertex   0.000000e+00 3.600000e+01 3.000000e+00
      vertex   4.423061e+00 3.600000e+01 7.463746e+00
      vertex   0.000000e+00 3.600000e+01 1.100000e+01
    endloop
  endfacet
  facet normal 1.551606e-07 -1.000000e+00 4.237340e-08
    outer loop
      vertex   0.000000e+00 3.600000e+01 1.100000e+01
      vertex   4.423061e+00 3.600000e+01 7.463746e+00
      vertex   4.375180e+00 3.600000e+01 7.639076e+00
    endloop
  endfacet
  facet normal 1.399554e-07 -1.000000e+00 2.257960e-08
    outer loop
      vertex   0.000000e+00 3.600000e+01 1.100000e+01
      vertex   4.375180e+00 3.600000e+01 7.639076e+00
      vertex   4.346231e+00 3.600000e+01 7.818507e+00
    endloop
  endfacet
  facet normal -2.123139e-06 -1.000000e+00 -3.069030e-06
    outer loop
      vertex   4.346231e+00 3.600000e+01 7.818507e+00
      vertex   4.336545e+00 3.600000e+01 8.000000e+00
      vertex   0.000000e+00 3.600000e+01 1.100000e+01
    endloop
  endfacet
  facet normal 0.000000e+00 -1.000000e+00 0.000000e+00
    outer loop
      vertex   0.000000e+00 3.600000e+01 1.100000e+01
      vertex   4.336545e+00 3.600000e+01 8.000000e+00
      vertex   4.383197e+00 3.600000e+01 8.507538e+00
    endloop
  endfacet
  facet normal 0.000000e+00 -1.000000e+00 0.000000e+00
    outer loop
      vertex   0.000000e+00 3.600000e+01 1.100000e+01
      vertex   4.383197e+00 3.600000e+01 8.507538e+00
      vertex   4.448695e+00 3.600000e+01 9.012989e+00
    endloop
  endfacet
  facet normal 0.000000e+00 -1.000000e+00 0.000000e+00
    outer loop
      vertex   4.448695e+00 3.600000e+01 9.012989e+00
      vertex   4.532948e+00 3.600000e+01 9.515654e+00
      vertex   0.000000e+00 3.600000e+01 1.100000e+01
    endloop
  endfacet
  facet normal 0.000000e+00 -1.000000e+00 0.000000e+00
    outer loop
      vertex   0.000000e+00 3.600000e+01 1.100000e+01
      vertex   4.532948e+00 3.600000e+01 9.515654e+00
      vertex   4.635841e+00 3.600000e+01 1.001484e+01
    endloop
  endfacet
  facet normal 0.000000e+00 -1.000000e+00 0.000000e+00
    outer loop
      vertex   0.000000e+00 3.600000e+01 1.100000e+01
      vertex   4.635841e+00 3.600000e+01 1.001484e+01
      vertex   4.757229e+00 3.600000e+01 1.050985e+01
    endloop
  endfacet
  facet normal 0.000000e+00 -1.000000e+00 0.000000e+00
    outer loop
      vertex   4.757229e+00 3.600000e+01 1.050985e+01
      vertex   4.896947e+00 3.600000e+01 1.100000e+01
      vertex   0.000000e+00 3.600000e+01 1.100000e+01
    endloop
  endfacet
  facet normal -1.000000e+00 0.000000e+00 0.000000e+00
    outer loop
      vertex   0.000000e+00 3.600000e+01 1.100000e+01
      vertex   0.000000e+00 4.000000e+01 1.100000e+01
      vertex   0.000000e+00 3.600000e+01 3.000000e+00
    endloop
  endfacet
  facet normal -1.000000e+00 0.000000e+00 0.000000e+00
    outer loop
      vertex   0.000000e+00 3.600000e+01 3.000000e+00
      vertex   0.000000e+00 4.000000e+01 1.100000e+01
      vertex   0.000000e+00 4.000000e+01 -1.500000e+00
    endloop
  endfacet
  facet normal -1.000000e+00 0.000000e+00 -0.000000e+00
    outer loop
      vertex   0.000000e+00 3.600000e+01 3.000000e+00
      vertex   0.000000e+00 4.000000e+01 -1.500000e+00
      vertex   0.000000e+00 3.599144e+01 2.869474e+00
    endloop
  endfacet
  facet normal -1.000000e+00 0.000000e+00 -0.000000e+00
    outer loop
      vertex   0.000000e+00 3.599144e+01 2.869474e+00
      vertex   0.000000e+00 4.000000e+01 -1.500000e+00
      vertex   0.000000e+00 3.596593e+01 2.741181e+00
    endloop
  endfacet
  facet normal -1.000000e+00 0.000000e+00 -0.000000e+00
    outer loop
      vertex   0.000000e+00 3.596593e+01 2.741181e+00
      vertex   0.000000e+00 4.000000e+01 -1.500000e+00
      vertex   0.000000e+00 3.592388e+01 2.617317e+00
    endloop
  endfacet
  facet normal -1.000000e+00 0.000000e+00 -0.000000e+00
    outer loop
      vertex   0.000000e+00 3.592388e+01 2.617317e+00
      vertex   0.000000e+00 4.000000e+01 -1.500000e+00
      vertex   0.000000e+00 3.586603e+01 2.500000e+00
    endloop
  endfacet
  facet normal -1.000000e+00 0.000000e+00 -0.000000e+00
    outer loop
      vertex   0.000000e+00 3.586603e+01 2.500000e+00
      vertex   0.000000e+00 4.000000e+01 -1.500000e+00
      vertex   0.000000e+00 3.579335e+01 2.391239e+00
    endloop
  endfacet
  facet normal -1.000000e+00 0.000000e+00 -0.000000e+00
    outer loop
      vertex   0.000000e+00 3.579335e+01 2.391239e+00
      vertex   0.000000e+00 4.000000e+01 -1.500000e+00
      vertex   0.000000e+00 3.570711e+01 2.292893e+00
    endloop
  endfacet
  facet normal -1.000000e+00 0.000000e+00 -0.000000e+00
    outer loop
      vertex   0.000000e+00 3.570711e+01 2.292893e+00
      vertex   0.000000e+00 4.000000e+01 -1.500000e+00
      vertex   0.000000e+00 3.560876e+01 2.206647e+00
    endloop
  endfacet
  facet normal -1.000000e+00 0.000000e+00 -0.000000e+00
    outer loop
      vertex   0.000000e+00 3.560876e+01 2.206647e+00
      vertex   0.000000e+00 4.000000e+01 -1.500000e+00
      vertex   0.000000e+00 3.550000e+01 2.133975e+00
    endloop
  endfacet
  facet normal -1.000000e+00 0.000000e+00 -0.000000e+00
    outer loop
      vertex   0.000000e+00 3.550000e+01 2.133975e+00
      vertex   0.000000e+00 4.000000e+01 -1.500000e+00
      vertex   0.000000e+00 3.538268e+01 2.076120e+00
    endloop
  endfacet
  facet normal -1.000000e+00 0.000000e+00 -0.000000e+00
    outer loop
      vertex   0.000000e+00 3.538268e+01 2.076120e+00
      vertex   0.000000e+00 4.000000e+01 -1.500000e+00
      vertex   0.000000e+00 3.525882e+01 2.034074e+00
    endloop
  endfacet
  facet normal -1.000000e+00 0.000000e+00 -0.000000e+00
    outer loop
      vertex   0.000000e+00 3.525882e+01 2.034074e+00
      vertex   0.000000e+00 4.000000e+01 -1.500000e+00
      vertex   0.000000e+00 3.513053e+01 2.008555e+00
    endloop
  endfacet
  facet normal -1.000000e+00 0.000000e+00 -0.000000e+00
    outer loop
      vertex   0.000000e+00 3.513053e+01 2.008555e+00
      vertex   0.000000e+00 4.000000e+01 -1.500000e+00
      vertex   0.000000e+00 3.500000e+01 2.000000e+00
    endloop
  endfacet
  facet normal -1.000000e+00 0.000000e+00 -0.000000e+00
    outer loop
      vertex   0.000000e+00 3.500000e+01 2.000000e+00
      vertex   0.000000e+00 4.000000e+01 -1.500000e+00
      vertex   0.000000e+00 0.000000e+00 -1.500000e+00
    endloop
  endfacet
  facet normal -1.000000e+00 -0.000000e+00 0.000000e+00
    outer loop
      vertex   0.000000e+00 3.500000e+01 2.000000e+00
      vertex   0.000000e+00 0.000000e+00 -1.500000e+00
      vertex   0.000000e+00 5.000000e+00 2.000000e+00
    endloop
  endfacet
  facet normal -1.000000e+00 -0.000000e+00 0.000000e+00
    outer loop
      vertex   0.000000e+00 5.000000e+00 2.000000e+00
      vertex   0.000000e+00 0.000000e+00 -1.500000e+00
      vertex   0.000000e+00 4.869474e+00 2.008555e+00
    endloop
  endfacet
  facet normal -1.000000e+00 -0.000000e+00 0.000000e+00
    outer loop
      vertex   0.000000e+00 4.869474e+00 2.008555e+00
      vertex   0.000000e+00 0.000000e+00 -1.500000e+00
      vertex   0.000000e+00 4.741181e+00 2.034074e+00
    endloop
  endfacet
  facet normal -1.000000e+00 -0.000000e+00 0.000000e+00
    outer loop
      vertex   0.000000e+00 4.741181e+00 2.034074e+00
      vertex   0.000000e+00 0.000000e+00 -1.500000e+00
      vertex   0.000000e+00 4.617317e+00 2.076120e+00
    endloop
  endfacet
  facet normal -1.000000e+00 -0.000000e+00 0.000000e+00
    outer loop
      vertex   0.000000e+00 4.617317e+00 2.076120e+00
      vertex   0.000000e+00 0.000000e+00 -1.500000e+00
      vertex   0.000000e+00 4.500000e+00 2.133975e+00
    endloop
  endfacet
  facet normal -1.000000e+00 -0.000000e+00 0.000000e+00
    outer loop
      vertex   0.000000e+00 4.500000e+00 2.133975e+00
      vertex   0.000000e+00 0.000000e+00 -1.500000e+00
      vertex   0.000000e+00 4.391239e+00 2.206647e+00
    endloop
  endfacet
  facet normal -1.000000e+00 -0.000000e+00 0.000000e+00
    outer loop
      vertex   0.000000e+00 4.391239e+00 2.206647e+00
      vertex   0.000000e+00 0.000000e+00 -1.500000e+00
      vertex   0.000000e+00 4.292893e+00 2.292893e+00
    endloop
  endfacet
  facet normal -1.000000e+00 -0.000000e+00 0.000000e+00
    outer loop
      vertex   0.000000e+00 4.292893e+00 2.292893e+00
      vertex   0.000000e+00 0.000000e+00 -1.500000e+00
      vertex   0.000000e+00 4.206647e+00 2.391239e+00
    endloop
  endfacet
  facet normal -1.000000e+00 -0.000000e+00 0.000000e+00
    outer loop
      vertex   0.000000e+00 4.206647e+00 2.391239e+00
      vertex   0.000000e+00 0.000000e+00 -1.500000e+00
      vertex   0.000000e+00 4.133975e+00 2.500000e+00
    endloop
  endfacet
  facet normal -1.000000e+00 -0.000000e+00 0.000000e+00
    outer loop
      vertex   0.000000e+00 4.133975e+00 2.500000e+00
      vertex   0.000000e+00 0.000000e+00 -1.500000e+00
      vertex   0.000000e+00 4.076120e+00 2.617317e+00
    endloop
  endfacet
  facet normal -1.000000e+00 -0.000000e+00 0.000000e+00
    outer loop
      vertex   0.000000e+00 4.076120e+00 2.617317e+00
      vertex   0.000000e+00 0.000000e+00 -1.500000e+00
      vertex   0.000000e+00 4.034074e+00 2.741181e+00
    endloop
  endfacet
  facet normal -1.000000e+00 -0.000000e+00 0.000000e+00
    outer loop
      vertex   0.000000e+00 4.034074e+00 2.741181e+00
      vertex   0.000000e+00 0.000000e+00 -1.500000e+00
      vertex   0.000000e+00 4.008555e+00 2.869474e+00
    endloop
  endfacet
  facet normal -1.000000e+00 -0.000000e+00 0.000000e+00
    outer loop
      vertex   0.000000e+00 4.008555e+00 2.869474e+00
      vertex   0.000000e+00 0.000000e+00 -1.500000e+00
      vertex   0.000000e+00 4.000000e+00 3.000000e+00
    endloop
  endfacet
  facet normal -1.000000e+00 -0.000000e+00 0.000000e+00
    outer loop
      vertex   0.000000e+00 4.000000e+00 3.000000e+00
      vertex   0.000000e+00 0.000000e+00 -1.500000e+00
      vertex   0.000000e+00 0.000000e+00 1.100000e+01
    endloop
  endfacet
  facet normal -1.000000e+00 0.000000e+00 0.000000e+00
    outer loop
      vertex   0.000000e+00 4.000000e+00 3.000000e+00
      vertex   0.000000e+00 0.000000e+00 1.100000e+01
      vertex   0.000000e+00 4.000000e+00 1.100000e+01
    endloop
  endfacet
  facet normal -1.682156e-16 2.775558e-17 -1.000000e+00
    outer loop
      vertex   0.000000e+00 4.000000e+01 -1.500000e+00
      vertex   3.300000e+00 2.000000e+01 -1.500000e+00
      vertex   0.000000e+00 0.000000e+00 -1.500000e+00
    endloop
  endfacet
  facet normal 0.000000e+00 0.000000e+00 -1.000000e+00
    outer loop
      vertex   0.000000e+00 0.000000e+00 -1.500000e+00
      vertex   3.300000e+00 2.000000e+01 -1.500000e+00
      vertex   3.309631e+00 1.981930e+01 -1.500000e+00
    endloop
  endfacet
  facet normal 0.000000e+00 0.000000e+00 -1.000000e+00
    outer loop
      vertex   0.000000e+00 0.000000e+00 -1.500000e+00
      vertex   3.309631e+00 1.981930e+01 -1.500000e+00
      vertex   3.338414e+00 1.964065e+01 -1.500000e+00
    endloop
  endfacet
  facet normal -5.286776e-17 3.505606e-17 -1.000000e+00
    outer loop
      vertex   2.100000e+01 4.000000e+01 -1.500000e+00
      vertex   1.588053e+01 3.227937e+01 -1.500000e+00
      vertex   0.000000e+00 4.000000e+01 -1.500000e+00
    endloop
  endfacet
  facet normal -4.662942e-17 4.788769e-17 -1.000000e+00
    outer loop
      vertex   0.000000e+00 4.000000e+01 -1.500000e+00
      vertex   1.588053e+01 3.227937e+01 -1.500000e+00
      vertex   1.575088e+01 3.215313e+01 -1.500000e+00
    endloop
  endfacet
  facet normal -4.988317e-17 4.135650e-17 -1.000000e+00
    outer loop
      vertex   0.000000e+00 4.000000e+01 -1.500000e+00
      vertex   1.575088e+01 3.215313e+01 -1.500000e+00
      vertex   1.563539e+01 3.201383e+01 -1.500000e+00
    endloop
  endfacet
  facet normal -0.000000e+00 0.000000e+00 -1.000000e+00
    outer loop
      vertex   2.127297e+01 3.999068e+01 -1.500000e+00
      vertex   1.850850e+01 3.178386e+01 -1.500000e+00
      vertex   2.100000e+01 4.000000e+01 -1.500000e+00
    endloop
  endfacet
  facet normal 0.000000e+00 0.000000e+00 -1.000000e+00
    outer loop
      vertex   2.100000e+01 4.000000e+01 -1.500000e+00
      vertex   1.850850e+01 3.178386e+01 -1.500000e+00
      vertex   1.841663e+01 3.193976e+01 -1.500000e+00
    endloop
  endfacet
  facet normal 0.000000e+00 0.000000e+00 -1.000000e+00
    outer loop
      vertex   2.100000e+01 4.000000e+01 -1.500000e+00
      vertex   1.841663e+01 3.193976e+01 -1.500000e+00
      vertex   1.830872e+01 3.208502e+01 -1.500000e+00
    endloop
  endfacet
  facet normal 0.000000e+00 0.000000e+00 -1.000000e+00
    outer loop
      vertex   1.850850e+01 3.178386e+01 -1.500000e+00
      vertex   2.127297e+01 3.999068e+01 -1.500000e+00
      vertex   1.858327e+01 3.161907e+01 -1.500000e+00
    endloop
  endfacet
  facet normal 0.000000e+00 0.000000e+00 -1.000000e+00
    outer loop
      vertex   1.858327e+01 3.161907e+01 -1.500000e+00
      vertex   2.127297e+01 3.999068e+01 -1.500000e+00
      vertex   2.154467e+01 3.996274e+01 -1.500000e+00
    endloop
  endfacet
  facet normal 0.000000e+00 0.000000e+00 -1.000000e+00
    outer loop
      vertex   1.858327e+01 3.161907e+01 -1.500000e+00
      vertex   2.154467e+01 3.996274e+01 -1.500000e+00
      vertex   2.181382e+01 3.991634e+01 -1.500000e+00
    endloop
  endfacet
  facet normal 0.000000e+00 -0.000000e+00 -1.000000e+00
    outer loop
      vertex   2.181382e+01 3.991634e+01 -1.500000e+00
      vertex   2.207919e+01 3.985167e+01 -1.500000e+00
      vertex   1.858327e+01 3.161907e+01 -1.500000e+00
    endloop
  endfacet
  facet normal 0.000000e+00 0.000000e+00 -1.000000e+00
    outer loop
      vertex   1.858327e+01 3.161907e+01 -1.500000e+00
      vertex   2.207919e+01 3.985167e+01 -1.500000e+00
      vertex   2.233952e+01 3.976904e+01 -1.500000e+00
    endloop
  endfacet
  facet normal 0.000000e+00 0.000000e+00 -1.000000e+00
    outer loop
      vertex   1.858327e+01 3.161907e+01 -1.500000e+00
      vertex   2.233952e+01 3.976904e+01 -1.500000e+00
      vertex   2.259360e+01 3.966885e+01 -1.500000e+00
    endloop
  endfacet
  facet normal 0.000000e+00 0.000000e+00 -1.000000e+00
    outer loop
      vertex   1.858327e+01 3.161907e+01 -1.500000e+00
      vertex   2.259360e+01 3.966885e+01 -1.500000e+00
      vertex   2.500000e+01 3.600000e+01 -1.500000e+00
    endloop
  endfacet
  facet normal 0.000000e+00 0.000000e+00 -1.000000e+00
    outer loop
      vertex   2.500000e+01 3.600000e+01 -1.500000e+00
      vertex   2.259360e+01 3.966885e+01 -1.500000e+00
      vertex   2.284026e+01 3.955154e+01 -1.500000e+00
    endloop
  endfacet
  facet normal 0.000000e+00 0.000000e+00 -1.000000e+00
    outer loop
      vertex   2.500000e+01 3.600000e+01 -1.500000e+00
      vertex   2.284026e+01 3.955154e+01 -1.500000e+00
      vertex   2.307834e+01 3.941768e+01 -1.500000e+00
    endloop
  endfacet
  facet normal 0.000000e+00 0.000000e+00 -1.000000e+00
    outer loop
      vertex   2.307834e+01 3.941768e+01 -1.500000e+00
      vertex   2.330672e+01 3.926788e+01 -1.500000e+00
      vertex   2.500000e+01 3.600000e+01 -1.500000e+00
    endloop
  endfacet
  facet normal 0.000000e+00 0.000000e+00 -1.000000e+00
    outer loop
      vertex   2.500000e+01 3.600000e+01 -1.500000e+00
      vertex   2.330672e+01 3.926788e+01 -1.500000e+00
      vertex   2.352435e+01 3.910285e+01 -1.500000e+00
    endloop
  endfacet
  facet normal 0.000000e+00 0.000000e+00 -1.000000e+00
    outer loop
      vertex   2.500000e+01 3.600000e+01 -1.500000e+00
      vertex   2.352435e+01 3.910285e+01 -1.500000e+00
      vertex   2.373021e+01 3.892334e+01 -1.500000e+00
    endloop
  endfacet
  facet normal 0.000000e+00 0.000000e+00 -1.000000e+00
    outer loop
      vertex   2.373021e+01 3.892334e+01 -1.500000e+00
      vertex   2.392334e+01 3.873021e+01 -1.500000e+00
      vertex   2.500000e+01 3.600000e+01 -1.500000e+00
    endloop
  endfacet
  facet normal 0.000000e+00 0.000000e+00 -1.000000e+00
    outer loop
      vertex   2.500000e+01 3.600000e+01 -1.500000e+00
      vertex   2.392334e+01 3.873021e+01 -1.500000e+00
      vertex   2.410285e+01 3.852435e+01 -1.500000e+00
    endloop
  endfacet
  facet normal 0.000000e+00 0.000000e+00 -1.000000e+00
    outer loop
      vertex   2.500000e+01 3.600000e+01 -1.500000e+00
      vertex   2.410285e+01 3.852435e+01 -1.500000e+00
      vertex   2.426788e+01 3.830672e+01 -1.500000e+00
    endloop
  endfacet
  facet normal 0.000000e+00 0.000000e+00 -1.000000e+00
    outer loop
      vertex   2.426788e+01 3.830672e+01 -1.500000e+00
      vertex   2.441768e+01 3.807834e+01 -1.500000e+00
      vertex   2.500000e+01 3.600000e+01 -1.500000e+00
    endloop
  endfacet
  facet normal 0.000000e+00 0.000000e+00 -1.000000e+00
    outer loop
      vertex   2.500000e+01 3.600000e+01 -1.500000e+00
      vertex   2.441768e+01 3.807834e+01 -1.500000e+00
      vertex   2.455154e+01 3.784026e+01 -1.500000e+00
    endloop
  endfacet
  facet normal 0.000000e+00 0.000000e+00 -1.000000e+00
    outer loop
      vertex   2.500000e+01 3.600000e+01 -1.500000e+00
      vertex   2.455154e+01 3.784026e+01 -1.500000e+00
      vertex   2.466885e+01 3.759360e+01 -1.500000e+00
    endloop
  endfacet
  facet normal 0.000000e+00 0.000000e+00 -1.000000e+00
    outer loop
      vertex   2.466885e+01 3.759360e+01 -1.500000e+00
      vertex   2.476904e+01 3.733952e+01 -1.500000e+00
      vertex   2.500000e+01 3.600000e+01 -1.500000e+00
    endloop
  endfacet
  facet normal 0.000000e+00 0.000000e+00 -1.000000e+00
    outer loop
      vertex   2.500000e+01 3.600000e+01 -1.500000e+00
      vertex   2.476904e+01 3.733952e+01 -1.500000e+00
      vertex   2.485167e+01 3.707919e+01 -1.500000e+00
    endloop
  endfacet
  facet normal 0.000000e+00 0.000000e+00 -1.000000e+00
    outer loop
      vertex   2.500000e+01 3.600000e+01 -1.500000e+00
      vertex   2.485167e+01 3.707919e+01 -1.500000e+00
      vertex   2.491634e+01 3.681382e+01 -1.500000e+00
    endloop
  endfacet
  facet normal 0.000000e+00 0.000000e+00 -1.000000e+00
    outer loop
      vertex   2.491634e+01 3.681382e+01 -1.500000e+00
      vertex   2.496274e+01 3.654467e+01 -1.500000e+00
      vertex   2.500000e+01 3.600000e+01 -1.500000e+00
    endloop
  endfacet
  facet normal 0.000000e+00 0.000000e+00 -1.000000e+00
    outer loop
      vertex   2.500000e+01 3.600000e+01 -1.500000e+00
      vertex   2.496274e+01 3.654467e+01 -1.500000e+00
      vertex   2.499068e+01 3.627297e+01 -1.500000e+00
    endloop
  endfacet
  facet normal 0.000000e+00 0.000000e+00 -1.000000e+00
    outer loop
      vertex   2.500000e+01 4.000000e+00 -1.500000e+00
      vertex   1.850850e+01 9.783857e+00 -1.500000e+00
      vertex   2.500000e+01 3.600000e+01 -1.500000e+00
    endloop
  endfacet
  facet normal 0.000000e+00 0.000000e+00 -1.000000e+00
    outer loop
      vertex   2.500000e+01 3.600000e+01 -1.500000e+00
      vertex   1.850850e+01 9.783857e+00 -1.500000e+00
      vertex   1.850850e+01 3.021614e+01 -1.500000e+00
    endloop
  endfacet
  facet normal 0.000000e+00 0.000000e+00 -1.000000e+00
    outer loop
      vertex   2.500000e+01 3.600000e+01 -1.500000e+00
      vertex   1.850850e+01 3.021614e+01 -1.500000e+00
      vertex   1.858327e+01 3.038093e+01 -1.500000e+00
    endloop
  endfacet
  facet normal -0.000000e+00 0.000000e+00 -1.000000e+00
    outer loop
      vertex   2.499068e+01 3.727030e+00 -1.500000e+00
      vertex   2.496274e+01 3.455333e+00 -1.500000e+00
      vertex   2.500000e+01 4.000000e+00 -1.500000e+00
    endloop
  endfacet
  facet normal 0.000000e+00 0.000000e+00 -1.000000e+00
    outer loop
      vertex   2.500000e+01 4.000000e+00 -1.500000e+00
      vertex   2.496274e+01 3.455333e+00 -1.500000e+00
      vertex   2.491634e+01 3.186176e+00 -1.500000e+00
    endloop
  endfacet
  facet normal 0.000000e+00 0.000000e+00 -1.000000e+00
    outer loop
      vertex   2.500000e+01 4.000000e+00 -1.500000e+00
      vertex   2.491634e+01 3.186176e+00 -1.500000e+00
      vertex   2.485167e+01 2.920813e+00 -1.500000e+00
    endloop
  endfacet
  facet normal -0.000000e+00 0.000000e+00 -1.000000e+00
    outer loop
      vertex   2.485167e+01 2.920813e+00 -1.500000e+00
      vertex   2.476904e+01 2.660482e+00 -1.500000e+00
      vertex   2.500000e+01 4.000000e+00 -1.500000e+00
    endloop
  endfacet
  facet normal 0.000000e+00 0.000000e+00 -1.000000e+00
    outer loop
      vertex   2.500000e+01 4.000000e+00 -1.500000e+00
      vertex   2.476904e+01 2.660482e+00 -1.500000e+00
      vertex   2.466885e+01 2.406396e+00 -1.500000e+00
    endloop
  endfacet
  facet normal 0.000000e+00 0.000000e+00 -1.000000e+00
    outer loop
      vertex   2.500000e+01 4.000000e+00 -1.500000e+00
      vertex   2.466885e+01 2.406396e+00 -1.500000e+00
      vertex   2.455154e+01 2.159740e+00 -1.500000e+00
    endloop
  endfacet
  facet normal -0.000000e+00 0.000000e+00 -1.000000e+00
    outer loop
      vertex   2.455154e+01 2.159740e+00 -1.500000e+00
      vertex   2.441768e+01 1.921664e+00 -1.500000e+00
      vertex   2.500000e+01 4.000000e+00 -1.500000e+00
    endloop
  endfacet
  facet normal 0.000000e+00 0.000000e+00 -1.000000e+00
    outer loop
      vertex   2.500000e+01 4.000000e+00 -1.500000e+00
      vertex   2.441768e+01 1.921664e+00 -1.500000e+00
      vertex   2.426788e+01 1.693279e+00 -1.500000e+00
    endloop
  endfacet
  facet normal 0.000000e+00 0.000000e+00 -1.000000e+00
    outer loop
      vertex   2.500000e+01 4.000000e+00 -1.500000e+00
      vertex   2.426788e+01 1.693279e+00 -1.500000e+00
      vertex   2.410285e+01 1.475648e+00 -1.500000e+00
    endloop
  endfacet
  facet normal -0.000000e+00 0.000000e+00 -1.000000e+00
    outer loop
      vertex   2.410285e+01 1.475648e+00 -1.500000e+00
      vertex   2.392334e+01 1.269787e+00 -1.500000e+00
      vertex   2.500000e+01 4.000000e+00 -1.500000e+00
    endloop
  endfacet
  facet normal 0.000000e+00 0.000000e+00 -1.000000e+00
    outer loop
      vertex   2.500000e+01 4.000000e+00 -1.500000e+00
      vertex   2.392334e+01 1.269787e+00 -1.500000e+00
      vertex   2.373021e+01 1.076656e+00 -1.500000e+00
    endloop
  endfacet
  facet normal 0.000000e+00 0.000000e+00 -1.000000e+00
    outer loop
      vertex   2.500000e+01 4.000000e+00 -1.500000e+00
      vertex   2.373021e+01 1.076656e+00 -1.500000e+00
      vertex   2.352435e+01 8.971548e-01 -1.500000e+00
    endloop
  endfacet
  facet normal -0.000000e+00 0.000000e+00 -1.000000e+00
    outer loop
      vertex   2.352435e+01 8.971548e-01 -1.500000e+00
      vertex   2.330672e+01 7.321204e-01 -1.500000e+00
      vertex   2.500000e+01 4.000000e+00 -1.500000e+00
    endloop
  endfacet
  facet normal 0.000000e+00 0.000000e+00 -1.000000e+00
    outer loop
      vertex   2.500000e+01 4.000000e+00 -1.500000e+00
      vertex   2.330672e+01 7.321204e-01 -1.500000e+00
      vertex   2.307834e+01 5.823224e-01 -1.500000e+00
    endloop
  endfacet
  facet normal 0.000000e+00 0.000000e+00 -1.000000e+00
    outer loop
      vertex   2.500000e+01 4.000000e+00 -1.500000e+00
      vertex   2.307834e+01 5.823224e-01 -1.500000e+00
      vertex   2.284026e+01 4.484591e-01 -1.500000e+00
    endloop
  endfacet
  facet normal -0.000000e+00 0.000000e+00 -1.000000e+00
    outer loop
      vertex   2.284026e+01 4.484591e-01 -1.500000e+00
      vertex   2.259360e+01 3.311548e-01 -1.500000e+00
      vertex   2.500000e+01 4.000000e+00 -1.500000e+00
    endloop
  endfacet
  facet normal 0.000000e+00 0.000000e+00 -1.000000e+00
    outer loop
      vertex   2.500000e+01 4.000000e+00 -1.500000e+00
      vertex   2.259360e+01 3.311548e-01 -1.500000e+00
      vertex   2.233952e+01 2.309563e-01 -1.500000e+00
    endloop
  endfacet
  facet normal 0.000000e+00 0.000000e+00 -1.000000e+00
    outer loop
      vertex   2.500000e+01 4.000000e+00 -1.500000e+00
      vertex   2.233952e+01 2.309563e-01 -1.500000e+00
      vertex   2.207919e+01 1.483309e-01 -1.500000e+00
    endloop
  endfacet
  facet normal -0.000000e+00 0.000000e+00 -1.000000e+00
    outer loop
      vertex   2.207919e+01 1.483309e-01 -1.500000e+00
      vertex   2.181382e+01 8.366365e-02 -1.500000e+00
      vertex   2.500000e+01 4.000000e+00 -1.500000e+00
    endloop
  endfacet
  facet normal 0.000000e+00 0.000000e+00 -1.000000e+00
    outer loop
      vertex   2.500000e+01 4.000000e+00 -1.500000e+00
      vertex   2.181382e+01 8.366365e-02 -1.500000e+00
      vertex   2.154467e+01 3.725622e-02 -1.500000e+00
    endloop
  endfacet
  facet normal -0.000000e+00 0.000000e+00 -1.000000e+00
    outer loop
      vertex   2.500000e+01 4.000000e+00 -1.500000e+00
      vertex   2.154467e+01 3.725622e-02 -1.500000e+00
      vertex   1.704526e+01 7.300602e+00 -1.500000e+00
    endloop
  endfacet
  facet normal 0.000000e+00 0.000000e+00 -1.000000e+00
    outer loop
      vertex   1.704526e+01 7.300602e+00 -1.500000e+00
      vertex   2.154467e+01 3.725622e-02 -1.500000e+00
      vertex   2.127297e+01 9.324923e-03 -1.500000e+00
    endloop
  endfacet
  facet normal 0.000000e+00 0.000000e+00 -1.000000e+00
    outer loop
      vertex   1.704526e+01 7.300602e+00 -1.500000e+00
      vertex   2.127297e+01 9.324923e-03 -1.500000e+00
      vertex   2.100000e+01 0.000000e+00 -1.500000e+00
    endloop
  endfacet
  facet normal 0.000000e+00 0.000000e+00 -1.000000e+00
    outer loop
      vertex   0.000000e+00 0.000000e+00 -1.500000e+00
      vertex   1.588053e+01 7.720630e+00 -1.500000e+00
      vertex   2.100000e+01 0.000000e+00 -1.500000e+00
    endloop
  endfacet
  facet normal 0.000000e+00 0.000000e+00 -1.000000e+00
    outer loop
      vertex   2.100000e+01 0.000000e+00 -1.500000e+00
      vertex   1.588053e+01 7.720630e+00 -1.500000e+00
      vertex   1.602286e+01 7.608885e+00 -1.500000e+00
    endloop
  endfacet
  facet normal 0.000000e+00 0.000000e+00 -1.000000e+00
    outer loop
      vertex   2.100000e+01 0.000000e+00 -1.500000e+00
      vertex   1.602286e+01 7.608885e+00 -1.500000e+00
      vertex   1.617626e+01 7.512903e+00 -1.500000e+00
    endloop
  endfacet
  facet normal -0.000000e+00 0.000000e+00 -1.000000e+00
    outer loop
      vertex   1.530963e+01 9.180699e+00 -1.500000e+00
      vertex   1.530000e+01 9.000000e+00 -1.500000e+00
      vertex   5.045255e+00 1.830060e+01 -1.500000e+00
    endloop
  endfacet
  facet normal 0.000000e+00 0.000000e+00 -1.000000e+00
    outer loop
      vertex   5.045255e+00 1.830060e+01 -1.500000e+00
      vertex   1.530000e+01 9.000000e+00 -1.500000e+00
      vertex   1.530963e+01 8.819301e+00 -1.500000e+00
    endloop
  endfacet
  facet normal 0.000000e+00 -0.000000e+00 -1.000000e+00
    outer loop
      vertex   5.045255e+00 1.830060e+01 -1.500000e+00
      vertex   1.530963e+01 8.819301e+00 -1.500000e+00
      vertex   0.000000e+00 0.000000e+00 -1.500000e+00
    endloop
  endfacet
  facet normal 0.000000e+00 0.000000e+00 -1.000000e+00
    outer loop
      vertex   0.000000e+00 0.000000e+00 -1.500000e+00
      vertex   1.530963e+01 8.819301e+00 -1.500000e+00
      vertex   1.533841e+01 8.640650e+00 -1.500000e+00
    endloop
  endfacet
  facet normal 0.000000e+00 0.000000e+00 -1.000000e+00
    outer loop
      vertex   0.000000e+00 0.000000e+00 -1.500000e+00
      vertex   1.533841e+01 8.640650e+00 -1.500000e+00
      vertex   1.538602e+01 8.466070e+00 -1.500000e+00
    endloop
  endfacet
  facet normal 0.000000e+00 -0.000000e+00 -1.000000e+00
    outer loop
      vertex   1.538602e+01 8.466070e+00 -1.500000e+00
      vertex   1.545192e+01 8.297539e+00 -1.500000e+00
      vertex   0.000000e+00 0.000000e+00 -1.500000e+00
    endloop
  endfacet
  facet normal 0.000000e+00 0.000000e+00 -1.000000e+00
    outer loop
      vertex   0.000000e+00 0.000000e+00 -1.500000e+00
      vertex   1.545192e+01 8.297539e+00 -1.500000e+00
      vertex   1.553536e+01 8.136968e+00 -1.500000e+00
    endloop
  endfacet
  facet normal 0.000000e+00 0.000000e+00 -1.000000e+00
    outer loop
      vertex   0.000000e+00 0.000000e+00 -1.500000e+00
      vertex   1.553536e+01 8.136968e+00 -1.500000e+00
      vertex   1.563539e+01 7.986175e+00 -1.500000e+00
    endloop
  endfacet
  facet normal 0.000000e+00 -0.000000e+00 -1.000000e+00
    outer loop
      vertex   1.563539e+01 7.986175e+00 -1.500000e+00
      vertex   1.575088e+01 7.846870e+00 -1.500000e+00
      vertex   0.000000e+00 0.000000e+00 -1.500000e+00
    endloop
  endfacet
  facet normal 0.000000e+00 0.000000e+00 -1.000000e+00
    outer loop
      vertex   0.000000e+00 0.000000e+00 -1.500000e+00
      vertex   1.575088e+01 7.846870e+00 -1.500000e+00
      vertex   1.588053e+01 7.720630e+00 -1.500000e+00
    endloop
  endfacet
  facet normal 0.000000e+00 0.000000e+00 -1.000000e+00
    outer loop
      vertex   1.617626e+01 7.512903e+00 -1.500000e+00
      vertex   1.633900e+01 7.433770e+00 -1.500000e+00
      vertex   2.100000e+01 0.000000e+00 -1.500000e+00
    endloop
  endfacet
  facet normal 0.000000e+00 0.000000e+00 -1.000000e+00
    outer loop
      vertex   2.100000e+01 0.000000e+00 -1.500000e+00
      vertex   1.633900e+01 7.433770e+00 -1.500000e+00
      vertex   1.650922e+01 7.372383e+00 -1.500000e+00
    endloop
  endfacet
  facet normal 0.000000e+00 0.000000e+00 -1.000000e+00
    outer loop
      vertex   2.100000e+01 0.000000e+00 -1.500000e+00
      vertex   1.650922e+01 7.372383e+00 -1.500000e+00
      vertex   1.668501e+01 7.329437e+00 -1.500000e+00
    endloop
  endfacet
  facet normal 0.000000e+00 0.000000e+00 -1.000000e+00
    outer loop
      vertex   1.668501e+01 7.329437e+00 -1.500000e+00
      vertex   1.686436e+01 7.305420e+00 -1.500000e+00
      vertex   2.100000e+01 0.000000e+00 -1.500000e+00
    endloop
  endfacet
  facet normal 0.000000e+00 0.000000e+00 -1.000000e+00
    outer loop
      vertex   2.100000e+01 0.000000e+00 -1.500000e+00
      vertex   1.686436e+01 7.305420e+00 -1.500000e+00
      vertex   1.704526e+01 7.300602e+00 -1.500000e+00
    endloop
  endfacet
  facet normal 0.000000e+00 0.000000e+00 -1.000000e+00
    outer loop
      vertex   1.704526e+01 7.300602e+00 -1.500000e+00
      vertex   1.722563e+01 7.315040e+00 -1.500000e+00
      vertex   2.500000e+01 4.000000e+00 -1.500000e+00
    endloop
  endfacet
  facet normal 0.000000e+00 0.000000e+00 -1.000000e+00
    outer loop
      vertex   2.500000e+01 4.000000e+00 -1.500000e+00
      vertex   1.722563e+01 7.315040e+00 -1.500000e+00
      vertex   1.740346e+01 7.348569e+00 -1.500000e+00
    endloop
  endfacet
  facet normal 0.000000e+00 0.000000e+00 -1.000000e+00
    outer loop
      vertex   2.500000e+01 4.000000e+00 -1.500000e+00
      vertex   1.740346e+01 7.348569e+00 -1.500000e+00
      vertex   1.757671e+01 7.400810e+00 -1.500000e+00
    endloop
  endfacet
  facet normal 0.000000e+00 0.000000e+00 -1.000000e+00
    outer loop
      vertex   1.757671e+01 7.400810e+00 -1.500000e+00
      vertex   1.774342e+01 7.471169e+00 -1.500000e+00
      vertex   2.500000e+01 4.000000e+00 -1.500000e+00
    endloop
  endfacet
  facet normal 0.000000e+00 0.000000e+00 -1.000000e+00
    outer loop
      vertex   2.500000e+01 4.000000e+00 -1.500000e+00
      vertex   1.774342e+01 7.471169e+00 -1.500000e+00
      vertex   1.790172e+01 7.558851e+00 -1.500000e+00
    endloop
  endfacet
  facet normal 0.000000e+00 0.000000e+00 -1.000000e+00
    outer loop
      vertex   2.500000e+01 4.000000e+00 -1.500000e+00
      vertex   1.790172e+01 7.558851e+00 -1.500000e+00
      vertex   1.804979e+01 7.662862e+00 -1.500000e+00
    endloop
  endfacet
  facet normal 0.000000e+00 0.000000e+00 -1.000000e+00
    outer loop
      vertex   1.804979e+01 7.662862e+00 -1.500000e+00
      vertex   1.818597e+01 7.782024e+00 -1.500000e+00
      vertex   2.500000e+01 4.000000e+00 -1.500000e+00
    endloop
  endfacet
  facet normal 0.000000e+00 0.000000e+00 -1.000000e+00
    outer loop
      vertex   2.500000e+01 4.000000e+00 -1.500000e+00
      vertex   1.818597e+01 7.782024e+00 -1.500000e+00
      vertex   1.830872e+01 7.914985e+00 -1.500000e+00
    endloop
  endfacet
  facet normal 0.000000e+00 0.000000e+00 -1.000000e+00
    outer loop
      vertex   2.500000e+01 4.000000e+00 -1.500000e+00
      vertex   1.830872e+01 7.914985e+00 -1.500000e+00
      vertex   1.841663e+01 8.060240e+00 -1.500000e+00
    endloop
  endfacet
  facet normal 0.000000e+00 0.000000e+00 -1.000000e+00
    outer loop
      vertex   1.841663e+01 8.060240e+00 -1.500000e+00
      vertex   1.850850e+01 8.216143e+00 -1.500000e+00
      vertex   2.500000e+01 4.000000e+00 -1.500000e+00
    endloop
  endfacet
  facet normal 0.000000e+00 0.000000e+00 -1.000000e+00
    outer loop
      vertex   2.500000e+01 4.000000e+00 -1.500000e+00
      vertex   1.850850e+01 8.216143e+00 -1.500000e+00
      vertex   1.858327e+01 8.380927e+00 -1.500000e+00
    endloop
  endfacet
  facet normal 0.000000e+00 0.000000e+00 -1.000000e+00
    outer loop
      vertex   2.500000e+01 4.000000e+00 -1.500000e+00
      vertex   1.858327e+01 8.380927e+00 -1.500000e+00
      vertex   1.864011e+01 8.552726e+00 -1.500000e+00
    endloop
  endfacet
  facet normal 0.000000e+00 0.000000e+00 -1.000000e+00
    outer loop
      vertex   1.864011e+01 8.552726e+00 -1.500000e+00
      vertex   1.867836e+01 8.729592e+00 -1.500000e+00
      vertex   2.500000e+01 4.000000e+00 -1.500000e+00
    endloop
  endfacet
  facet normal 0.000000e+00 0.000000e+00 -1.000000e+00
    outer loop
      vertex   2.500000e+01 4.000000e+00 -1.500000e+00
      vertex   1.867836e+01 8.729592e+00 -1.500000e+00
      vertex   1.869759e+01 8.909522e+00 -1.500000e+00
    endloop
  endfacet
  facet normal 0.000000e+00 0.000000e+00 -1.000000e+00
    outer loop
      vertex   2.500000e+01 4.000000e+00 -1.500000e+00
      vertex   1.869759e+01 8.909522e+00 -1.500000e+00
      vertex   1.869759e+01 9.090478e+00 -1.500000e+00
    endloop
  endfacet
  facet normal 0.000000e+00 0.000000e+00 -1.000000e+00
    outer loop
      vertex   1.869759e+01 9.090478e+00 -1.500000e+00
      vertex   1.867836e+01 9.270408e+00 -1.500000e+00
      vertex   2.500000e+01 4.000000e+00 -1.500000e+00
    endloop
  endfacet
  facet normal 0.000000e+00 0.000000e+00 -1.000000e+00
    outer loop
      vertex   2.500000e+01 4.000000e+00 -1.500000e+00
      vertex   1.867836e+01 9.270408e+00 -1.500000e+00
      vertex   1.864011e+01 9.447274e+00 -1.500000e+00
    endloop
  endfacet
  facet normal 0.000000e+00 0.000000e+00 -1.000000e+00
    outer loop
      vertex   2.500000e+01 4.000000e+00 -1.500000e+00
      vertex   1.864011e+01 9.447274e+00 -1.500000e+00
      vertex   1.858327e+01 9.619073e+00 -1.500000e+00
    endloop
  endfacet
  facet normal 0.000000e+00 0.000000e+00 -1.000000e+00
    outer loop
      vertex   1.858327e+01 9.619073e+00 -1.500000e+00
      vertex   1.850850e+01 9.783857e+00 -1.500000e+00
      vertex   2.500000e+01 4.000000e+00 -1.500000e+00
    endloop
  endfacet
  facet normal 0.000000e+00 0.000000e+00 -1.000000e+00
    outer loop
      vertex   1.850850e+01 9.783857e+00 -1.500000e+00
      vertex   1.841663e+01 9.939760e+00 -1.500000e+00
      vertex   1.850850e+01 3.021614e+01 -1.500000e+00
    endloop
  endfacet
  facet normal 0.000000e+00 0.000000e+00 -1.000000e+00
    outer loop
      vertex   1.850850e+01 3.021614e+01 -1.500000e+00
      vertex   1.841663e+01 9.939760e+00 -1.500000e+00
      vertex   1.841663e+01 3.006024e+01 -1.500000e+00
    endloop
  endfacet
  facet normal 0.000000e+00 -0.000000e+00 -1.000000e+00
    outer loop
      vertex   1.841663e+01 3.006024e+01 -1.500000e+00
      vertex   1.841663e+01 9.939760e+00 -1.500000e+00
      vertex   1.830872e+01 1.008502e+01 -1.500000e+00
    endloop
  endfacet
  facet normal 0.000000e+00 0.000000e+00 -1.000000e+00
    outer loop
      vertex   1.841663e+01 3.006024e+01 -1.500000e+00
      vertex   1.830872e+01 1.008502e+01 -1.500000e+00
      vertex   1.830872e+01 2.991499e+01 -1.500000e+00
    endloop
  endfacet
  facet normal 0.000000e+00 -0.000000e+00 -1.000000e+00
    outer loop
      vertex   1.830872e+01 2.991499e+01 -1.500000e+00
      vertex   1.830872e+01 1.008502e+01 -1.500000e+00
      vertex   1.818597e+01 1.021798e+01 -1.500000e+00
    endloop
  endfacet
  facet normal 0.000000e+00 0.000000e+00 -1.000000e+00
    outer loop
      vertex   1.830872e+01 2.991499e+01 -1.500000e+00
      vertex   1.818597e+01 1.021798e+01 -1.500000e+00
      vertex   1.818597e+01 2.978202e+01 -1.500000e+00
    endloop
  endfacet
  facet normal 0.000000e+00 -0.000000e+00 -1.000000e+00
    outer loop
      vertex   1.818597e+01 2.978202e+01 -1.500000e+00
      vertex   1.818597e+01 1.021798e+01 -1.500000e+00
      vertex   1.804979e+01 2.966286e+01 -1.500000e+00
    endloop
  endfacet
  facet normal 0.000000e+00 0.000000e+00 -1.000000e+00
    outer loop
      vertex   1.804979e+01 2.966286e+01 -1.500000e+00
      vertex   1.818597e+01 1.021798e+01 -1.500000e+00
      vertex   1.804979e+01 1.033714e+01 -1.500000e+00
    endloop
  endfacet
  facet normal 0.000000e+00 -0.000000e+00 -1.000000e+00
    outer loop
      vertex   1.804979e+01 2.966286e+01 -1.500000e+00
      vertex   1.804979e+01 1.033714e+01 -1.500000e+00
      vertex   1.790172e+01 2.955885e+01 -1.500000e+00
    endloop
  endfacet
  facet normal 0.000000e+00 0.000000e+00 -1.000000e+00
    outer loop
      vertex   1.790172e+01 2.955885e+01 -1.500000e+00
      vertex   1.804979e+01 1.033714e+01 -1.500000e+00
      vertex   1.790172e+01 1.044115e+01 -1.500000e+00
    endloop
  endfacet
  facet normal 0.000000e+00 -0.000000e+00 -1.000000e+00
    outer loop
      vertex   1.790172e+01 2.955885e+01 -1.500000e+00
      vertex   1.790172e+01 1.044115e+01 -1.500000e+00
      vertex   1.774342e+01 2.947117e+01 -1.500000e+00
    endloop
  endfacet
  facet normal 0.000000e+00 0.000000e+00 -1.000000e+00
    outer loop
      vertex   1.774342e+01 2.947117e+01 -1.500000e+00
      vertex   1.790172e+01 1.044115e+01 -1.500000e+00
      vertex   1.774342e+01 1.052883e+01 -1.500000e+00
    endloop
  endfacet
  facet normal 0.000000e+00 -0.000000e+00 -1.000000e+00
    outer loop
      vertex   1.774342e+01 2.947117e+01 -1.500000e+00
      vertex   1.774342e+01 1.052883e+01 -1.500000e+00
      vertex   1.757671e+01 2.940081e+01 -1.500000e+00
    endloop
  endfacet
  facet normal 0.000000e+00 0.000000e+00 -1.000000e+00
    outer loop
      vertex   1.757671e+01 2.940081e+01 -1.500000e+00
      vertex   1.774342e+01 1.052883e+01 -1.500000e+00
      vertex   1.757671e+01 1.059919e+01 -1.500000e+00
    endloop
  endfacet
  facet normal 0.000000e+00 -0.000000e+00 -1.000000e+00
    outer loop
      vertex   1.757671e+01 2.940081e+01 -1.500000e+00
      vertex   1.757671e+01 1.059919e+01 -1.500000e+00
      vertex   1.740346e+01 2.934857e+01 -1.500000e+00
    endloop
  endfacet
  facet normal 0.000000e+00 0.000000e+00 -1.000000e+00
    outer loop
      vertex   1.740346e+01 2.934857e+01 -1.500000e+00
      vertex   1.757671e+01 1.059919e+01 -1.500000e+00
      vertex   1.740346e+01 1.065143e+01 -1.500000e+00
    endloop
  endfacet
  facet normal 0.000000e+00 -0.000000e+00 -1.000000e+00
    outer loop
      vertex   1.740346e+01 2.934857e+01 -1.500000e+00
      vertex   1.740346e+01 1.065143e+01 -1.500000e+00
      vertex   1.722563e+01 2.931504e+01 -1.500000e+00
    endloop
  endfacet
  facet normal 0.000000e+00 0.000000e+00 -1.000000e+00
    outer loop
      vertex   1.722563e+01 2.931504e+01 -1.500000e+00
      vertex   1.740346e+01 1.065143e+01 -1.500000e+00
      vertex   1.722563e+01 1.068496e+01 -1.500000e+00
    endloop
  endfacet
  facet normal 0.000000e+00 -0.000000e+00 -1.000000e+00
    outer loop
      vertex   1.722563e+01 2.931504e+01 -1.500000e+00
      vertex   1.722563e+01 1.068496e+01 -1.500000e+00
      vertex   1.704526e+01 2.930060e+01 -1.500000e+00
    endloop
  endfacet
  facet normal 0.000000e+00 0.000000e+00 -1.000000e+00
    outer loop
      vertex   1.704526e+01 2.930060e+01 -1.500000e+00
      vertex   1.722563e+01 1.068496e+01 -1.500000e+00
      vertex   1.704526e+01 1.069940e+01 -1.500000e+00
    endloop
  endfacet
  facet normal -0.000000e+00 -0.000000e+00 -1.000000e+00
    outer loop
      vertex   1.704526e+01 2.930060e+01 -1.500000e+00
      vertex   1.704526e+01 1.069940e+01 -1.500000e+00
      vertex   1.686436e+01 2.930542e+01 -1.500000e+00
    endloop
  endfacet
  facet normal -0.000000e+00 -0.000000e+00 -1.000000e+00
    outer loop
      vertex   1.686436e+01 2.930542e+01 -1.500000e+00
      vertex   1.704526e+01 1.069940e+01 -1.500000e+00
      vertex   1.668501e+01 2.932944e+01 -1.500000e+00
    endloop
  endfacet
  facet normal 0.000000e+00 -0.000000e+00 -1.000000e+00
    outer loop
      vertex   1.668501e+01 2.932944e+01 -1.500000e+00
      vertex   1.704526e+01 1.069940e+01 -1.500000e+00
      vertex   6.697591e+00 1.990952e+01 -1.500000e+00
    endloop
  endfacet
  facet normal 0.000000e+00 0.000000e+00 -1.000000e+00
    outer loop
      vertex   1.668501e+01 2.932944e+01 -1.500000e+00
      vertex   6.697591e+00 1.990952e+01 -1.500000e+00
      vertex   6.697591e+00 2.009048e+01 -1.500000e+00
    endloop
  endfacet
  facet normal 0.000000e+00 0.000000e+00 -1.000000e+00
    outer loop
      vertex   1.686436e+01 1.069458e+01 -1.500000e+00
      vertex   5.045255e+00 1.830060e+01 -1.500000e+00
      vertex   1.704526e+01 1.069940e+01 -1.500000e+00
    endloop
  endfacet
  facet normal 0.000000e+00 0.000000e+00 -1.000000e+00
    outer loop
      vertex   1.704526e+01 1.069940e+01 -1.500000e+00
      vertex   5.045255e+00 1.830060e+01 -1.500000e+00
      vertex   5.225633e+00 1.831504e+01 -1.500000e+00
    endloop
  endfacet
  facet normal 0.000000e+00 0.000000e+00 -1.000000e+00
    outer loop
      vertex   1.704526e+01 1.069940e+01 -1.500000e+00
      vertex   5.225633e+00 1.831504e+01 -1.500000e+00
      vertex   5.403455e+00 1.834857e+01 -1.500000e+00
    endloop
  endfacet
  facet normal -0.000000e+00 0.000000e+00 -1.000000e+00
    outer loop
      vertex   1.686436e+01 1.069458e+01 -1.500000e+00
      vertex   1.668501e+01 1.067056e+01 -1.500000e+00
      vertex   5.045255e+00 1.830060e+01 -1.500000e+00
    endloop
  endfacet
  facet normal 0.000000e+00 0.000000e+00 -1.000000e+00
    outer loop
      vertex   5.045255e+00 1.830060e+01 -1.500000e+00
      vertex   1.668501e+01 1.067056e+01 -1.500000e+00
      vertex   1.650922e+01 1.062762e+01 -1.500000e+00
    endloop
  endfacet
  facet normal 0.000000e+00 0.000000e+00 -1.000000e+00
    outer loop
      vertex   5.045255e+00 1.830060e+01 -1.500000e+00
      vertex   1.650922e+01 1.062762e+01 -1.500000e+00
      vertex   1.633900e+01 1.056623e+01 -1.500000e+00
    endloop
  endfacet
  facet normal -0.000000e+00 0.000000e+00 -1.000000e+00
    outer loop
      vertex   1.633900e+01 1.056623e+01 -1.500000e+00
      vertex   1.617626e+01 1.048710e+01 -1.500000e+00
      vertex   5.045255e+00 1.830060e+01 -1.500000e+00
    endloop
  endfacet
  facet normal 0.000000e+00 0.000000e+00 -1.000000e+00
    outer loop
      vertex   5.045255e+00 1.830060e+01 -1.500000e+00
      vertex   1.617626e+01 1.048710e+01 -1.500000e+00
      vertex   1.602286e+01 1.039111e+01 -1.500000e+00
    endloop
  endfacet
  facet normal 0.000000e+00 0.000000e+00 -1.000000e+00
    outer loop
      vertex   5.045255e+00 1.830060e+01 -1.500000e+00
      vertex   1.602286e+01 1.039111e+01 -1.500000e+00
      vertex   1.588053e+01 1.027937e+01 -1.500000e+00
    endloop
  endfacet
  facet normal -0.000000e+00 0.000000e+00 -1.000000e+00
    outer loop
      vertex   1.588053e+01 1.027937e+01 -1.500000e+00
      vertex   1.575088e+01 1.015313e+01 -1.500000e+00
      vertex   5.045255e+00 1.830060e+01 -1.500000e+00
    endloop
  endfacet
  facet normal 0.000000e+00 0.000000e+00 -1.000000e+00
    outer loop
      vertex   5.045255e+00 1.830060e+01 -1.500000e+00
      vertex   1.575088e+01 1.015313e+01 -1.500000e+00
      vertex   1.563539e+01 1.001382e+01 -1.500000e+00
    endloop
  endfacet
  facet normal 0.000000e+00 0.000000e+00 -1.000000e+00
    outer loop
      vertex   5.045255e+00 1.830060e+01 -1.500000e+00
      vertex   1.563539e+01 1.001382e+01 -1.500000e+00
      vertex   1.553536e+01 9.863032e+00 -1.500000e+00
    endloop
  endfacet
  facet normal -0.000000e+00 0.000000e+00 -1.000000e+00
    outer loop
      vertex   1.553536e+01 9.863032e+00 -1.500000e+00
      vertex   1.545192e+01 9.702461e+00 -1.500000e+00
      vertex   5.045255e+00 1.830060e+01 -1.500000e+00
    endloop
  endfacet
  facet normal 0.000000e+00 0.000000e+00 -1.000000e+00
    outer loop
      vertex   5.045255e+00 1.830060e+01 -1.500000e+00
      vertex   1.545192e+01 9.702461e+00 -1.500000e+00
      vertex   1.538602e+01 9.533930e+00 -1.500000e+00
    endloop
  endfacet
  facet normal 0.000000e+00 0.000000e+00 -1.000000e+00
    outer loop
      vertex   5.045255e+00 1.830060e+01 -1.500000e+00
      vertex   1.538602e+01 9.533930e+00 -1.500000e+00
      vertex   1.533841e+01 9.359350e+00 -1.500000e+00
    endloop
  endfacet
  facet normal -0.000000e+00 0.000000e+00 -1.000000e+00
    outer loop
      vertex   1.533841e+01 9.359350e+00 -1.500000e+00
      vertex   1.530963e+01 9.180699e+00 -1.500000e+00
      vertex   5.045255e+00 1.830060e+01 -1.500000e+00
    endloop
  endfacet
  facet normal -0.000000e+00 0.000000e+00 -1.000000e+00
    outer loop
      vertex   1.530963e+01 3.081930e+01 -1.500000e+00
      vertex   5.403455e+00 2.165143e+01 -1.500000e+00
      vertex   1.530000e+01 3.100000e+01 -1.500000e+00
    endloop
  endfacet
  facet normal 0.000000e+00 0.000000e+00 -1.000000e+00
    outer loop
      vertex   1.530000e+01 3.100000e+01 -1.500000e+00
      vertex   5.403455e+00 2.165143e+01 -1.500000e+00
      vertex   5.225633e+00 2.168496e+01 -1.500000e+00
    endloop
  endfacet
  facet normal -0.000000e+00 0.000000e+00 -1.000000e+00
    outer loop
      vertex   1.530000e+01 3.100000e+01 -1.500000e+00
      vertex   5.225633e+00 2.168496e+01 -1.500000e+00
      vertex   1.530963e+01 3.118070e+01 -1.500000e+00
    endloop
  endfacet
  facet normal -4.499332e-17 4.778064e-17 -1.000000e+00
    outer loop
      vertex   1.530963e+01 3.118070e+01 -1.500000e+00
      vertex   5.225633e+00 2.168496e+01 -1.500000e+00
      vertex   0.000000e+00 4.000000e+01 -1.500000e+00
    endloop
  endfacet
  facet normal -6.635902e-17 1.069142e-17 -1.000000e+00
    outer loop
      vertex   1.530963e+01 3.118070e+01 -1.500000e+00
      vertex   0.000000e+00 4.000000e+01 -1.500000e+00
      vertex   1.533841e+01 3.135935e+01 -1.500000e+00
    endloop
  endfacet
  facet normal -6.274285e-17 1.711065e-17 -1.000000e+00
    outer loop
      vertex   1.533841e+01 3.135935e+01 -1.500000e+00
      vertex   0.000000e+00 4.000000e+01 -1.500000e+00
      vertex   1.538602e+01 3.153393e+01 -1.500000e+00
    endloop
  endfacet
  facet normal -5.938187e-17 2.321883e-17 -1.000000e+00
    outer loop
      vertex   1.538602e+01 3.153393e+01 -1.500000e+00
      vertex   0.000000e+00 4.000000e+01 -1.500000e+00
      vertex   1.545192e+01 3.170246e+01 -1.500000e+00
    endloop
  endfacet
  facet normal -5.617528e-17 2.919022e-17 -1.000000e+00
    outer loop
      vertex   1.545192e+01 3.170246e+01 -1.500000e+00
      vertex   0.000000e+00 4.000000e+01 -1.500000e+00
      vertex   1.553536e+01 3.186303e+01 -1.500000e+00
    endloop
  endfacet
  facet normal -5.303641e-17 3.518306e-17 -1.000000e+00
    outer loop
      vertex   1.553536e+01 3.186303e+01 -1.500000e+00
      vertex   0.000000e+00 4.000000e+01 -1.500000e+00
      vertex   1.563539e+01 3.201383e+01 -1.500000e+00
    endloop
  endfacet
  facet normal 0.000000e+00 -0.000000e+00 -1.000000e+00
    outer loop
      vertex   1.530963e+01 3.081930e+01 -1.500000e+00
      vertex   1.533841e+01 3.064065e+01 -1.500000e+00
      vertex   5.403455e+00 2.165143e+01 -1.500000e+00
    endloop
  endfacet
  facet normal 0.000000e+00 0.000000e+00 -1.000000e+00
    outer loop
      vertex   5.403455e+00 2.165143e+01 -1.500000e+00
      vertex   1.533841e+01 3.064065e+01 -1.500000e+00
      vertex   1.538602e+01 3.046607e+01 -1.500000e+00
    endloop
  endfacet
  facet normal 0.000000e+00 0.000000e+00 -1.000000e+00
    outer loop
      vertex   5.403455e+00 2.165143e+01 -1.500000e+00
      vertex   1.538602e+01 3.046607e+01 -1.500000e+00
      vertex   1.545192e+01 3.029754e+01 -1.500000e+00
    endloop
  endfacet
  facet normal 0.000000e+00 -0.000000e+00 -1.000000e+00
    outer loop
      vertex   1.545192e+01 3.029754e+01 -1.500000e+00
      vertex   1.553536e+01 3.013697e+01 -1.500000e+00
      vertex   5.403455e+00 2.165143e+01 -1.500000e+00
    endloop
  endfacet
  facet normal 0.000000e+00 0.000000e+00 -1.000000e+00
    outer loop
      vertex   5.403455e+00 2.165143e+01 -1.500000e+00
      vertex   1.553536e+01 3.013697e+01 -1.500000e+00
      vertex   1.563539e+01 2.998618e+01 -1.500000e+00
    endloop
  endfacet
  facet normal 0.000000e+00 0.000000e+00 -1.000000e+00
    outer loop
      vertex   5.403455e+00 2.165143e+01 -1.500000e+00
      vertex   1.563539e+01 2.998618e+01 -1.500000e+00
      vertex   1.575088e+01 2.984687e+01 -1.500000e+00
    endloop
  endfacet
  facet normal 0.000000e+00 -0.000000e+00 -1.000000e+00
    outer loop
      vertex   1.575088e+01 2.984687e+01 -1.500000e+00
      vertex   1.588053e+01 2.972063e+01 -1.500000e+00
      vertex   5.403455e+00 2.165143e+01 -1.500000e+00
    endloop
  endfacet
  facet normal 0.000000e+00 0.000000e+00 -1.000000e+00
    outer loop
      vertex   5.403455e+00 2.165143e+01 -1.500000e+00
      vertex   1.588053e+01 2.972063e+01 -1.500000e+00
      vertex   1.602286e+01 2.960889e+01 -1.500000e+00
    endloop
  endfacet
  facet normal 0.000000e+00 0.000000e+00 -1.000000e+00
    outer loop
      vertex   5.403455e+00 2.165143e+01 -1.500000e+00
      vertex   1.602286e+01 2.960889e+01 -1.500000e+00
      vertex   1.617626e+01 2.951290e+01 -1.500000e+00
    endloop
  endfacet
  facet normal 0.000000e+00 -0.000000e+00 -1.000000e+00
    outer loop
      vertex   1.617626e+01 2.951290e+01 -1.500000e+00
      vertex   1.633900e+01 2.943377e+01 -1.500000e+00
      vertex   5.403455e+00 2.165143e+01 -1.500000e+00
    endloop
  endfacet
  facet normal 0.000000e+00 0.000000e+00 -1.000000e+00
    outer loop
      vertex   5.403455e+00 2.165143e+01 -1.500000e+00
      vertex   1.633900e+01 2.943377e+01 -1.500000e+00
      vertex   1.650922e+01 2.937238e+01 -1.500000e+00
    endloop
  endfacet
  facet normal 0.000000e+00 0.000000e+00 -1.000000e+00
    outer loop
      vertex   5.403455e+00 2.165143e+01 -1.500000e+00
      vertex   1.650922e+01 2.937238e+01 -1.500000e+00
      vertex   1.668501e+01 2.932944e+01 -1.500000e+00
    endloop
  endfacet
  facet normal 0.000000e+00 0.000000e+00 -1.000000e+00
    outer loop
      vertex   1.858327e+01 3.038093e+01 -1.500000e+00
      vertex   1.864011e+01 3.055273e+01 -1.500000e+00
      vertex   2.500000e+01 3.600000e+01 -1.500000e+00
    endloop
  endfacet
  facet normal 0.000000e+00 0.000000e+00 -1.000000e+00
    outer loop
      vertex   2.500000e+01 3.600000e+01 -1.500000e+00
      vertex   1.864011e+01 3.055273e+01 -1.500000e+00
      vertex   1.867836e+01 3.072959e+01 -1.500000e+00
    endloop
  endfacet
  facet normal 0.000000e+00 0.000000e+00 -1.000000e+00
    outer loop
      vertex   2.500000e+01 3.600000e+01 -1.500000e+00
      vertex   1.867836e+01 3.072959e+01 -1.500000e+00
      vertex   1.869759e+01 3.090952e+01 -1.500000e+00
    endloop
  endfacet
  facet normal 0.000000e+00 0.000000e+00 -1.000000e+00
    outer loop
      vertex   1.869759e+01 3.090952e+01 -1.500000e+00
      vertex   1.869759e+01 3.109048e+01 -1.500000e+00
      vertex   2.500000e+01 3.600000e+01 -1.500000e+00
    endloop
  endfacet
  facet normal 0.000000e+00 0.000000e+00 -1.000000e+00
    outer loop
      vertex   2.500000e+01 3.600000e+01 -1.500000e+00
      vertex   1.869759e+01 3.109048e+01 -1.500000e+00
      vertex   1.867836e+01 3.127041e+01 -1.500000e+00
    endloop
  endfacet
  facet normal 0.000000e+00 0.000000e+00 -1.000000e+00
    outer loop
      vertex   2.500000e+01 3.600000e+01 -1.500000e+00
      vertex   1.867836e+01 3.127041e+01 -1.500000e+00
      vertex   1.864011e+01 3.144727e+01 -1.500000e+00
    endloop
  endfacet
  facet normal 0.000000e+00 0.000000e+00 -1.000000e+00
    outer loop
      vertex   1.864011e+01 3.144727e+01 -1.500000e+00
      vertex   1.858327e+01 3.161907e+01 -1.500000e+00
      vertex   2.500000e+01 3.600000e+01 -1.500000e+00
    endloop
  endfacet
  facet normal 0.000000e+00 0.000000e+00 -1.000000e+00
    outer loop
      vertex   1.830872e+01 3.208502e+01 -1.500000e+00
      vertex   1.818597e+01 3.221798e+01 -1.500000e+00
      vertex   2.100000e+01 4.000000e+01 -1.500000e+00
    endloop
  endfacet
  facet normal 0.000000e+00 0.000000e+00 -1.000000e+00
    outer loop
      vertex   2.100000e+01 4.000000e+01 -1.500000e+00
      vertex   1.818597e+01 3.221798e+01 -1.500000e+00
      vertex   1.804979e+01 3.233714e+01 -1.500000e+00
    endloop
  endfacet
  facet normal 0.000000e+00 0.000000e+00 -1.000000e+00
    outer loop
      vertex   2.100000e+01 4.000000e+01 -1.500000e+00
      vertex   1.804979e+01 3.233714e+01 -1.500000e+00
      vertex   1.790172e+01 3.244115e+01 -1.500000e+00
    endloop
  endfacet
  facet normal 0.000000e+00 0.000000e+00 -1.000000e+00
    outer loop
      vertex   1.790172e+01 3.244115e+01 -1.500000e+00
      vertex   1.774342e+01 3.252883e+01 -1.500000e+00
      vertex   2.100000e+01 4.000000e+01 -1.500000e+00
    endloop
  endfacet
  facet normal 0.000000e+00 0.000000e+00 -1.000000e+00
    outer loop
      vertex   2.100000e+01 4.000000e+01 -1.500000e+00
      vertex   1.774342e+01 3.252883e+01 -1.500000e+00
      vertex   1.757671e+01 3.259919e+01 -1.500000e+00
    endloop
  endfacet
  facet normal 0.000000e+00 0.000000e+00 -1.000000e+00
    outer loop
      vertex   2.100000e+01 4.000000e+01 -1.500000e+00
      vertex   1.757671e+01 3.259919e+01 -1.500000e+00
      vertex   1.740346e+01 3.265143e+01 -1.500000e+00
    endloop
  endfacet
  facet normal 0.000000e+00 0.000000e+00 -1.000000e+00
    outer loop
      vertex   1.740346e+01 3.265143e+01 -1.500000e+00
      vertex   1.722563e+01 3.268496e+01 -1.500000e+00
      vertex   2.100000e+01 4.000000e+01 -1.500000e+00
    endloop
  endfacet
  facet normal 0.000000e+00 0.000000e+00 -1.000000e+00
    outer loop
      vertex   2.100000e+01 4.000000e+01 -1.500000e+00
      vertex   1.722563e+01 3.268496e+01 -1.500000e+00
      vertex   1.704526e+01 3.269940e+01 -1.500000e+00
    endloop
  endfacet
  facet normal 0.000000e+00 0.000000e+00 -1.000000e+00
    outer loop
      vertex   2.100000e+01 4.000000e+01 -1.500000e+00
      vertex   1.704526e+01 3.269940e+01 -1.500000e+00
      vertex   1.686436e+01 3.269458e+01 -1.500000e+00
    endloop
  endfacet
  facet normal -0.000000e+00 0.000000e+00 -1.000000e+00
    outer loop
      vertex   1.686436e+01 3.269458e+01 -1.500000e+00
      vertex   1.668501e+01 3.267056e+01 -1.500000e+00
      vertex   2.100000e+01 4.000000e+01 -1.500000e+00
    endloop
  endfacet
  facet normal 0.000000e+00 0.000000e+00 -1.000000e+00
    outer loop
      vertex   2.100000e+01 4.000000e+01 -1.500000e+00
      vertex   1.668501e+01 3.267056e+01 -1.500000e+00
      vertex   1.650922e+01 3.262762e+01 -1.500000e+00
    endloop
  endfacet
  facet normal 0.000000e+00 0.000000e+00 -1.000000e+00
    outer loop
      vertex   2.100000e+01 4.000000e+01 -1.500000e+00
      vertex   1.650922e+01 3.262762e+01 -1.500000e+00
      vertex   1.633900e+01 3.256623e+01 -1.500000e+00
    endloop
  endfacet
  facet normal -0.000000e+00 0.000000e+00 -1.000000e+00
    outer loop
      vertex   1.633900e+01 3.256623e+01 -1.500000e+00
      vertex   1.617626e+01 3.248710e+01 -1.500000e+00
      vertex   2.100000e+01 4.000000e+01 -1.500000e+00
    endloop
  endfacet
  facet normal 0.000000e+00 0.000000e+00 -1.000000e+00
    outer loop
      vertex   2.100000e+01 4.000000e+01 -1.500000e+00
      vertex   1.617626e+01 3.248710e+01 -1.500000e+00
      vertex   1.602286e+01 3.239112e+01 -1.500000e+00
    endloop
  endfacet
  facet normal 0.000000e+00 0.000000e+00 -1.000000e+00
    outer loop
      vertex   2.100000e+01 4.000000e+01 -1.500000e+00
      vertex   1.602286e+01 3.239112e+01 -1.500000e+00
      vertex   1.588053e+01 3.227937e+01 -1.500000e+00
    endloop
  endfacet
  facet normal 0.000000e+00 -0.000000e+00 -1.000000e+00
    outer loop
      vertex   3.338414e+00 1.964065e+01 -1.500000e+00
      vertex   3.386024e+00 1.946607e+01 -1.500000e+00
      vertex   0.000000e+00 0.000000e+00 -1.500000e+00
    endloop
  endfacet
  facet normal 0.000000e+00 0.000000e+00 -1.000000e+00
    outer loop
      vertex   0.000000e+00 0.000000e+00 -1.500000e+00
      vertex   3.386024e+00 1.946607e+01 -1.500000e+00
      vertex   3.451921e+00 1.929754e+01 -1.500000e+00
    endloop
  endfacet
  facet normal 0.000000e+00 0.000000e+00 -1.000000e+00
    outer loop
      vertex   0.000000e+00 0.000000e+00 -1.500000e+00
      vertex   3.451921e+00 1.929754e+01 -1.500000e+00
      vertex   3.535358e+00 1.913697e+01 -1.500000e+00
    endloop
  endfacet
  facet normal 0.000000e+00 -0.000000e+00 -1.000000e+00
    outer loop
      vertex   3.535358e+00 1.913697e+01 -1.500000e+00
      vertex   3.635390e+00 1.898618e+01 -1.500000e+00
      vertex   0.000000e+00 0.000000e+00 -1.500000e+00
    endloop
  endfacet
  facet normal 0.000000e+00 0.000000e+00 -1.000000e+00
    outer loop
      vertex   0.000000e+00 0.000000e+00 -1.500000e+00
      vertex   3.635390e+00 1.898618e+01 -1.500000e+00
      vertex   3.750884e+00 1.884687e+01 -1.500000e+00
    endloop
  endfacet
  facet normal 0.000000e+00 0.000000e+00 -1.000000e+00
    outer loop
      vertex   0.000000e+00 0.000000e+00 -1.500000e+00
      vertex   3.750884e+00 1.884687e+01 -1.500000e+00
      vertex   3.880531e+00 1.872063e+01 -1.500000e+00
    endloop
  endfacet
  facet normal 0.000000e+00 -0.000000e+00 -1.000000e+00
    outer loop
      vertex   3.880531e+00 1.872063e+01 -1.500000e+00
      vertex   4.022861e+00 1.860889e+01 -1.500000e+00
      vertex   0.000000e+00 0.000000e+00 -1.500000e+00
    endloop
  endfacet
  facet normal 0.000000e+00 0.000000e+00 -1.000000e+00
    outer loop
      vertex   0.000000e+00 0.000000e+00 -1.500000e+00
      vertex   4.022861e+00 1.860889e+01 -1.500000e+00
      vertex   4.176264e+00 1.851290e+01 -1.500000e+00
    endloop
  endfacet
  facet normal 0.000000e+00 0.000000e+00 -1.000000e+00
    outer loop
      vertex   0.000000e+00 0.000000e+00 -1.500000e+00
      vertex   4.176264e+00 1.851290e+01 -1.500000e+00
      vertex   4.338999e+00 1.843377e+01 -1.500000e+00
    endloop
  endfacet
  facet normal 0.000000e+00 -0.000000e+00 -1.000000e+00
    outer loop
      vertex   4.338999e+00 1.843377e+01 -1.500000e+00
      vertex   4.509224e+00 1.837238e+01 -1.500000e+00
      vertex   0.000000e+00 0.000000e+00 -1.500000e+00
    endloop
  endfacet
  facet normal 0.000000e+00 0.000000e+00 -1.000000e+00
    outer loop
      vertex   0.000000e+00 0.000000e+00 -1.500000e+00
      vertex   4.509224e+00 1.837238e+01 -1.500000e+00
      vertex   4.685009e+00 1.832944e+01 -1.500000e+00
    endloop
  endfacet
  facet normal 0.000000e+00 0.000000e+00 -1.000000e+00
    outer loop
      vertex   0.000000e+00 0.000000e+00 -1.500000e+00
      vertex   4.685009e+00 1.832944e+01 -1.500000e+00
      vertex   4.864364e+00 1.830542e+01 -1.500000e+00
    endloop
  endfacet
  facet normal 0.000000e+00 -0.000000e+00 -1.000000e+00
    outer loop
      vertex   4.864364e+00 1.830542e+01 -1.500000e+00
      vertex   5.045255e+00 1.830060e+01 -1.500000e+00
      vertex   0.000000e+00 0.000000e+00 -1.500000e+00
    endloop
  endfacet
  facet normal 0.000000e+00 0.000000e+00 -1.000000e+00
    outer loop
      vertex   5.403455e+00 1.834857e+01 -1.500000e+00
      vertex   5.576706e+00 1.840081e+01 -1.500000e+00
      vertex   1.704526e+01 1.069940e+01 -1.500000e+00
    endloop
  endfacet
  facet normal 0.000000e+00 0.000000e+00 -1.000000e+00
    outer loop
      vertex   1.704526e+01 1.069940e+01 -1.500000e+00
      vertex   5.576706e+00 1.840081e+01 -1.500000e+00
      vertex   5.743423e+00 1.847117e+01 -1.500000e+00
    endloop
  endfacet
  facet normal 0.000000e+00 0.000000e+00 -1.000000e+00
    outer loop
      vertex   1.704526e+01 1.069940e+01 -1.500000e+00
      vertex   5.743423e+00 1.847117e+01 -1.500000e+00
      vertex   5.901716e+00 1.855885e+01 -1.500000e+00
    endloop
  endfacet
  facet normal 0.000000e+00 0.000000e+00 -1.000000e+00
    outer loop
      vertex   5.901716e+00 1.855885e+01 -1.500000e+00
      vertex   6.049792e+00 1.866286e+01 -1.500000e+00
      vertex   1.704526e+01 1.069940e+01 -1.500000e+00
    endloop
  endfacet
  facet normal 0.000000e+00 0.000000e+00 -1.000000e+00
    outer loop
      vertex   1.704526e+01 1.069940e+01 -1.500000e+00
      vertex   6.049792e+00 1.866286e+01 -1.500000e+00
      vertex   6.185974e+00 1.878202e+01 -1.500000e+00
    endloop
  endfacet
  facet normal 0.000000e+00 0.000000e+00 -1.000000e+00
    outer loop
      vertex   1.704526e+01 1.069940e+01 -1.500000e+00
      vertex   6.185974e+00 1.878202e+01 -1.500000e+00
      vertex   6.308718e+00 1.891499e+01 -1.500000e+00
    endloop
  endfacet
  facet normal 0.000000e+00 0.000000e+00 -1.000000e+00
    outer loop
      vertex   6.308718e+00 1.891499e+01 -1.500000e+00
      vertex   6.416634e+00 1.906024e+01 -1.500000e+00
      vertex   1.704526e+01 1.069940e+01 -1.500000e+00
    endloop
  endfacet
  facet normal 0.000000e+00 0.000000e+00 -1.000000e+00
    outer loop
      vertex   1.704526e+01 1.069940e+01 -1.500000e+00
      vertex   6.416634e+00 1.906024e+01 -1.500000e+00
      vertex   6.508499e+00 1.921614e+01 -1.500000e+00
    endloop
  endfacet
  facet normal 0.000000e+00 0.000000e+00 -1.000000e+00
    outer loop
      vertex   1.704526e+01 1.069940e+01 -1.500000e+00
      vertex   6.508499e+00 1.921614e+01 -1.500000e+00
      vertex   6.583272e+00 1.938093e+01 -1.500000e+00
    endloop
  endfacet
  facet normal 0.000000e+00 0.000000e+00 -1.000000e+00
    outer loop
      vertex   6.583272e+00 1.938093e+01 -1.500000e+00
      vertex   6.640105e+00 1.955273e+01 -1.500000e+00
      vertex   1.704526e+01 1.069940e+01 -1.500000e+00
    endloop
  endfacet
  facet normal 0.000000e+00 0.000000e+00 -1.000000e+00
    outer loop
      vertex   1.704526e+01 1.069940e+01 -1.500000e+00
      vertex   6.640105e+00 1.955273e+01 -1.500000e+00
      vertex   6.678356e+00 1.972959e+01 -1.500000e+00
    endloop
  endfacet
  facet normal 0.000000e+00 0.000000e+00 -1.000000e+00
    outer loop
      vertex   1.704526e+01 1.069940e+01 -1.500000e+00
      vertex   6.678356e+00 1.972959e+01 -1.500000e+00
      vertex   6.697591e+00 1.990952e+01 -1.500000e+00
    endloop
  endfacet
  facet normal 0.000000e+00 0.000000e+00 -1.000000e+00
    outer loop
      vertex   6.697591e+00 2.009048e+01 -1.500000e+00
      vertex   6.678356e+00 2.027041e+01 -1.500000e+00
      vertex   1.668501e+01 2.932944e+01 -1.500000e+00
    endloop
  endfacet
  facet normal 0.000000e+00 0.000000e+00 -1.000000e+00
    outer loop
      vertex   1.668501e+01 2.932944e+01 -1.500000e+00
      vertex   6.678356e+00 2.027041e+01 -1.500000e+00
      vertex   6.640105e+00 2.044727e+01 -1.500000e+00
    endloop
  endfacet
  facet normal 0.000000e+00 0.000000e+00 -1.000000e+00
    outer loop
      vertex   1.668501e+01 2.932944e+01 -1.500000e+00
      vertex   6.640105e+00 2.044727e+01 -1.500000e+00
      vertex   6.583272e+00 2.061907e+01 -1.500000e+00
    endloop
  endfacet
  facet normal 0.000000e+00 0.000000e+00 -1.000000e+00
    outer loop
      vertex   6.583272e+00 2.061907e+01 -1.500000e+00
      vertex   6.508499e+00 2.078386e+01 -1.500000e+00
      vertex   1.668501e+01 2.932944e+01 -1.500000e+00
    endloop
  endfacet
  facet normal 0.000000e+00 0.000000e+00 -1.000000e+00
    outer loop
      vertex   1.668501e+01 2.932944e+01 -1.500000e+00
      vertex   6.508499e+00 2.078386e+01 -1.500000e+00
      vertex   6.416634e+00 2.093976e+01 -1.500000e+00
    endloop
  endfacet
  facet normal 0.000000e+00 0.000000e+00 -1.000000e+00
    outer loop
      vertex   1.668501e+01 2.932944e+01 -1.500000e+00
      vertex   6.416634e+00 2.093976e+01 -1.500000e+00
      vertex   6.308718e+00 2.108502e+01 -1.500000e+00
    endloop
  endfacet
  facet normal 0.000000e+00 0.000000e+00 -1.000000e+00
    outer loop
      vertex   6.308718e+00 2.108502e+01 -1.500000e+00
      vertex   6.185974e+00 2.121798e+01 -1.500000e+00
      vertex   1.668501e+01 2.932944e+01 -1.500000e+00
    endloop
  endfacet
  facet normal 0.000000e+00 0.000000e+00 -1.000000e+00
    outer loop
      vertex   1.668501e+01 2.932944e+01 -1.500000e+00
      vertex   6.185974e+00 2.121798e+01 -1.500000e+00
      vertex   6.049792e+00 2.133714e+01 -1.500000e+00
    endloop
  endfacet
  facet normal 0.000000e+00 0.000000e+00 -1.000000e+00
    outer loop
      vertex   1.668501e+01 2.932944e+01 -1.500000e+00
      vertex   6.049792e+00 2.133714e+01 -1.500000e+00
      vertex   5.901716e+00 2.144115e+01 -1.500000e+00
    endloop
  endfacet
  facet normal 0.000000e+00 0.000000e+00 -1.000000e+00
    outer loop
      vertex   5.901716e+00 2.144115e+01 -1.500000e+00
      vertex   5.743423e+00 2.152883e+01 -1.500000e+00
      vertex   1.668501e+01 2.932944e+01 -1.500000e+00
    endloop
  endfacet
  facet normal 0.000000e+00 0.000000e+00 -1.000000e+00
    outer loop
      vertex   1.668501e+01 2.932944e+01 -1.500000e+00
      vertex   5.743423e+00 2.152883e+01 -1.500000e+00
      vertex   5.576706e+00 2.159919e+01 -1.500000e+00
    endloop
  endfacet
  facet normal 0.000000e+00 0.000000e+00 -1.000000e+00
    outer loop
      vertex   1.668501e+01 2.932944e+01 -1.500000e+00
      vertex   5.576706e+00 2.159919e+01 -1.500000e+00
      vertex   5.403455e+00 2.165143e+01 -1.500000e+00
    endloop
  endfacet
  facet normal 4.965346e-18 6.203481e-17 -1.000000e+00
    outer loop
      vertex   5.225633e+00 2.168496e+01 -1.500000e+00
      vertex   5.045255e+00 2.169940e+01 -1.500000e+00
      vertex   0.000000e+00 4.000000e+01 -1.500000e+00
    endloop
  endfacet
  facet normal -1.603757e-18 6.022379e-17 -1.000000e+00
    outer loop
      vertex   0.000000e+00 4.000000e+01 -1.500000e+00
      vertex   5.045255e+00 2.169940e+01 -1.500000e+00
      vertex   4.864364e+00 2.169458e+01 -1.500000e+00
    endloop
  endfacet
  facet normal -7.842578e-18 5.856593e-17 -1.000000e+00
    outer loop
      vertex   0.000000e+00 4.000000e+01 -1.500000e+00
      vertex   4.864364e+00 2.169458e+01 -1.500000e+00
      vertex   4.685009e+00 2.167056e+01 -1.500000e+00
    endloop
  endfacet
  facet normal -1.392804e-17 5.701048e-17 -1.000000e+00
    outer loop
      vertex   4.685009e+00 2.167056e+01 -1.500000e+00
      vertex   4.509224e+00 2.162762e+01 -1.500000e+00
      vertex   0.000000e+00 4.000000e+01 -1.500000e+00
    endloop
  endfacet
  facet normal -2.002013e-17 5.551527e-17 -1.000000e+00
    outer loop
      vertex   0.000000e+00 4.000000e+01 -1.500000e+00
      vertex   4.509224e+00 2.162762e+01 -1.500000e+00
      vertex   4.338999e+00 2.156623e+01 -1.500000e+00
    endloop
  endfacet
  facet normal -2.627896e-17 5.404205e-17 -1.000000e+00
    outer loop
      vertex   0.000000e+00 4.000000e+01 -1.500000e+00
      vertex   4.338999e+00 2.156623e+01 -1.500000e+00
      vertex   4.176264e+00 2.148710e+01 -1.500000e+00
    endloop
  endfacet
  facet normal -3.288173e-17 5.255255e-17 -1.000000e+00
    outer loop
      vertex   4.176264e+00 2.148710e+01 -1.500000e+00
      vertex   4.022861e+00 2.139111e+01 -1.500000e+00
      vertex   0.000000e+00 4.000000e+01 -1.500000e+00
    endloop
  endfacet
  facet normal -4.004366e-17 5.100429e-17 -1.000000e+00
    outer loop
      vertex   0.000000e+00 4.000000e+01 -1.500000e+00
      vertex   4.022861e+00 2.139111e+01 -1.500000e+00
      vertex   3.880531e+00 2.127937e+01 -1.500000e+00
    endloop
  endfacet
  facet normal -4.804844e-17 4.934501e-17 -1.000000e+00
    outer loop
      vertex   0.000000e+00 4.000000e+01 -1.500000e+00
      vertex   3.880531e+00 2.127937e+01 -1.500000e+00
      vertex   3.750884e+00 2.115313e+01 -1.500000e+00
    endloop
  endfacet
  facet normal -5.729826e-17 4.750412e-17 -1.000000e+00
    outer loop
      vertex   3.750884e+00 2.115313e+01 -1.500000e+00
      vertex   3.635390e+00 2.101382e+01 -1.500000e+00
      vertex   0.000000e+00 4.000000e+01 -1.500000e+00
    endloop
  endfacet
  facet normal -6.840411e-17 4.537762e-17 -1.000000e+00
    outer loop
      vertex   0.000000e+00 4.000000e+01 -1.500000e+00
      vertex   3.635390e+00 2.101382e+01 -1.500000e+00
      vertex   3.535358e+00 2.086303e+01 -1.500000e+00
    endloop
  endfacet
  facet normal -8.236411e-17 4.279865e-17 -1.000000e+00
    outer loop
      vertex   0.000000e+00 4.000000e+01 -1.500000e+00
      vertex   3.535358e+00 2.086303e+01 -1.500000e+00
      vertex   3.451921e+00 2.070246e+01 -1.500000e+00
    endloop
  endfacet
  facet normal -1.009530e-16 3.947350e-17 -1.000000e+00
    outer loop
      vertex   3.451921e+00 2.070246e+01 -1.500000e+00
      vertex   3.386024e+00 2.053393e+01 -1.500000e+00
      vertex   0.000000e+00 4.000000e+01 -1.500000e+00
    endloop
  endfacet
  facet normal -1.276907e-16 3.482261e-17 -1.000000e+00
    outer loop
      vertex   0.000000e+00 4.000000e+01 -1.500000e+00
      vertex   3.386024e+00 2.053393e+01 -1.500000e+00
      vertex   3.338414e+00 2.035935e+01 -1.500000e+00
    endloop
  endfacet
  facet normal -1.707297e-16 2.750707e-17 -1.000000e+00
    outer loop
      vertex   0.000000e+00 4.000000e+01 -1.500000e+00
      vertex   3.338414e+00 2.035935e+01 -1.500000e+00
      vertex   3.309631e+00 2.018070e+01 -1.500000e+00
    endloop
  endfacet
  facet normal -2.542910e-16 1.355313e-17 -1.000000e+00
    outer loop
      vertex   3.309631e+00 2.018070e+01 -1.500000e+00
      vertex   3.300000e+00 2.000000e+01 -1.500000e+00
      vertex   0.000000e+00 4.000000e+01 -1.500000e+00
    endloop
  endfacet
  facet normal 0.000000e+00 1.000000e+00 0.000000e+00
    outer loop
      vertex   0.000000e+00 4.000000e+01 1.100000e+01
      vertex   4.573240e+00 4.000000e+01 7.133284e+00
      vertex   0.000000e+00 4.000000e+01 -1.500000e+00
    endloop
  endfacet
  facet normal 0.000000e+00 1.000000e+00 0.000000e+00
    outer loop
      vertex   0.000000e+00 4.000000e+01 -1.500000e+00
      vertex   4.573240e+00 4.000000e+01 7.133284e+00
      vertex   4.673831e+00 4.000000e+01 6.981907e+00
    endloop
  endfacet
  facet normal 0.000000e+00 1.000000e+00 0.000000e+00
    outer loop
      vertex   0.000000e+00 4.000000e+01 -1.500000e+00
      vertex   4.673831e+00 4.000000e+01 6.981907e+00
      vertex   4.789962e+00 4.000000e+01 6.842097e+00
    endloop
  endfacet
  facet normal 0.000000e+00 1.000000e+00 0.000000e+00
    outer loop
      vertex   4.896947e+00 4.000000e+01 1.100000e+01
      vertex   4.757229e+00 4.000000e+01 1.050985e+01
      vertex   0.000000e+00 4.000000e+01 1.100000e+01
    endloop
  endfacet
  facet normal 0.000000e+00 1.000000e+00 0.000000e+00
    outer loop
      vertex   0.000000e+00 4.000000e+01 1.100000e+01
      vertex   4.757229e+00 4.000000e+01 1.050985e+01
      vertex   4.635841e+00 4.000000e+01 1.001484e+01
    endloop
  endfacet
  facet normal 0.000000e+00 1.000000e+00 0.000000e+00
    outer loop
      vertex   0.000000e+00 4.000000e+01 1.100000e+01
      vertex   4.635841e+00 4.000000e+01 1.001484e+01
      vertex   4.532948e+00 4.000000e+01 9.515654e+00
    endloop
  endfacet
  facet normal 0.000000e+00 1.000000e+00 0.000000e+00
    outer loop
      vertex   4.532948e+00 4.000000e+01 9.515654e+00
      vertex   4.448695e+00 4.000000e+01 9.012989e+00
      vertex   0.000000e+00 4.000000e+01 1.100000e+01
    endloop
  endfacet
  facet normal 0.000000e+00 1.000000e+00 0.000000e+00
    outer loop
      vertex   0.000000e+00 4.000000e+01 1.100000e+01
      vertex   4.448695e+00 4.000000e+01 9.012989e+00
      vertex   4.383197e+00 4.000000e+01 8.507538e+00
    endloop
  endfacet
  facet normal 0.000000e+00 1.000000e+00 0.000000e+00
    outer loop
      vertex   0.000000e+00 4.000000e+01 1.100000e+01
      vertex   4.383197e+00 4.000000e+01 8.507538e+00
      vertex   4.336545e+00 4.000000e+01 8.000000e+00
    endloop
  endfacet
  facet normal 0.000000e+00 1.000000e+00 0.000000e+00
    outer loop
      vertex   4.336545e+00 4.000000e+01 8.000000e+00
      vertex   4.346231e+00 4.000000e+01 7.818507e+00
      vertex   0.000000e+00 4.000000e+01 1.100000e+01
    endloop
  endfacet
  facet normal 0.000000e+00 1.000000e+00 0.000000e+00
    outer loop
      vertex   0.000000e+00 4.000000e+01 1.100000e+01
      vertex   4.346231e+00 4.000000e+01 7.818507e+00
      vertex   4.375180e+00 4.000000e+01 7.639076e+00
    endloop
  endfacet
  facet normal 0.000000e+00 1.000000e+00 0.000000e+00
    outer loop
      vertex   0.000000e+00 4.000000e+01 1.100000e+01
      vertex   4.375180e+00 4.000000e+01 7.639076e+00
      vertex   4.423061e+00 4.000000e+01 7.463746e+00
    endloop
  endfacet
  facet normal 0.000000e+00 1.000000e+00 0.000000e+00
    outer loop
      vertex   4.423061e+00 4.000000e+01 7.463746e+00
      vertex   4.489332e+00 4.000000e+01 7.294508e+00
      vertex   0.000000e+00 4.000000e+01 1.100000e+01
    endloop
  endfacet
  facet normal 0.000000e+00 1.000000e+00 0.000000e+00
    outer loop
      vertex   0.000000e+00 4.000000e+01 1.100000e+01
      vertex   4.489332e+00 4.000000e+01 7.294508e+00
      vertex   4.573240e+00 4.000000e+01 7.133284e+00
    endloop
  endfacet
  facet normal 0.000000e+00 1.000000e+00 0.000000e+00
    outer loop
      vertex   4.789962e+00 4.000000e+01 6.842097e+00
      vertex   4.920314e+00 4.000000e+01 6.715441e+00
      vertex   0.000000e+00 4.000000e+01 -1.500000e+00
    endloop
  endfacet
  facet normal 0.000000e+00 1.000000e+00 0.000000e+00
    outer loop
      vertex   0.000000e+00 4.000000e+01 -1.500000e+00
      vertex   4.920314e+00 4.000000e+01 6.715441e+00
      vertex   5.063407e+00 4.000000e+01 6.603378e+00
    endloop
  endfacet
  facet normal 0.000000e+00 1.000000e+00 0.000000e+00
    outer loop
      vertex   0.000000e+00 4.000000e+01 -1.500000e+00
      vertex   5.063407e+00 4.000000e+01 6.603378e+00
      vertex   5.217614e+00 4.000000e+01 6.507183e+00
    endloop
  endfacet
  facet normal 0.000000e+00 1.000000e+00 0.000000e+00
    outer loop
      vertex   5.217614e+00 4.000000e+01 6.507183e+00
      vertex   5.381184e+00 4.000000e+01 6.427946e+00
      vertex   0.000000e+00 4.000000e+01 -1.500000e+00
    endloop
  endfacet
  facet normal 0.000000e+00 1.000000e+00 0.000000e+00
    outer loop
      vertex   0.000000e+00 4.000000e+01 -1.500000e+00
      vertex   5.381184e+00 4.000000e+01 6.427946e+00
      vertex   5.552258e+00 4.000000e+01 6.366570e+00
    endloop
  endfacet
  facet normal 0.000000e+00 1.000000e+00 0.000000e+00
    outer loop
      vertex   0.000000e+00 4.000000e+01 -1.500000e+00
      vertex   5.552258e+00 4.000000e+01 6.366570e+00
      vertex   5.728893e+00 4.000000e+01 6.323750e+00
    endloop
  endfacet
  facet normal 0.000000e+00 1.000000e+00 0.000000e+00
    outer loop
      vertex   5.728893e+00 4.000000e+01 6.323750e+00
      vertex   5.909082e+00 4.000000e+01 6.299974e+00
      vertex   0.000000e+00 4.000000e+01 -1.500000e+00
    endloop
  endfacet
  facet normal 0.000000e+00 1.000000e+00 0.000000e+00
    outer loop
      vertex   0.000000e+00 4.000000e+01 -1.500000e+00
      vertex   5.909082e+00 4.000000e+01 6.299974e+00
      vertex   6.090778e+00 4.000000e+01 6.295511e+00
    endloop
  endfacet
  facet normal 0.000000e+00 1.000000e+00 0.000000e+00
    outer loop
      vertex   0.000000e+00 4.000000e+01 -1.500000e+00
      vertex   6.090778e+00 4.000000e+01 6.295511e+00
      vertex   6.271918e+00 4.000000e+01 6.310413e+00
    endloop
  endfacet
  facet normal -0.000000e+00 1.000000e+00 0.000000e+00
    outer loop
      vertex   6.271918e+00 4.000000e+01 6.310413e+00
      vertex   6.450442e+00 4.000000e+01 6.344509e+00
      vertex   0.000000e+00 4.000000e+01 -1.500000e+00
    endloop
  endfacet
  facet normal 0.000000e+00 1.000000e+00 0.000000e+00
    outer loop
      vertex   0.000000e+00 4.000000e+01 -1.500000e+00
      vertex   6.450442e+00 4.000000e+01 6.344509e+00
      vertex   1.732334e+01 4.000000e+01 5.440470e+00
    endloop
  endfacet
  facet normal -0.000000e+00 1.000000e+00 0.000000e+00
    outer loop
      vertex   0.000000e+00 4.000000e+01 -1.500000e+00
      vertex   1.732334e+01 4.000000e+01 5.440470e+00
      vertex   2.100000e+01 4.000000e+01 -1.500000e+00
    endloop
  endfacet
  facet normal 0.000000e+00 1.000000e+00 0.000000e+00
    outer loop
      vertex   2.100000e+01 4.000000e+01 -1.500000e+00
      vertex   1.732334e+01 4.000000e+01 5.440470e+00
      vertex   1.749147e+01 4.000000e+01 5.377843e+00
    endloop
  endfacet
  facet normal 0.000000e+00 1.000000e+00 0.000000e+00
    outer loop
      vertex   2.100000e+01 4.000000e+01 -1.500000e+00
      vertex   1.749147e+01 4.000000e+01 5.377843e+00
      vertex   1.766526e+01 4.000000e+01 5.333283e+00
    endloop
  endfacet
  facet normal 0.000000e+00 1.000000e+00 0.000000e+00
    outer loop
      vertex   1.732334e+01 4.000000e+01 5.440470e+00
      vertex   6.450442e+00 4.000000e+01 6.344509e+00
      vertex   1.716276e+01 4.000000e+01 5.520466e+00
    endloop
  endfacet
  facet normal 0.000000e+00 1.000000e+00 0.000000e+00
    outer loop
      vertex   1.716276e+01 4.000000e+01 5.520466e+00
      vertex   6.450442e+00 4.000000e+01 6.344509e+00
      vertex   6.624323e+00 4.000000e+01 6.397414e+00
    endloop
  endfacet
  facet normal 0.000000e+00 1.000000e+00 0.000000e+00
    outer loop
      vertex   1.716276e+01 4.000000e+01 5.520466e+00
      vertex   6.624323e+00 4.000000e+01 6.397414e+00
      vertex   1.701149e+01 4.000000e+01 5.616940e+00
    endloop
  endfacet
  facet normal 0.000000e+00 1.000000e+00 0.000000e+00
    outer loop
      vertex   1.701149e+01 4.000000e+01 5.616940e+00
      vertex   6.624323e+00 4.000000e+01 6.397414e+00
      vertex   6.791585e+00 4.000000e+01 6.468524e+00
    endloop
  endfacet
  facet normal 0.000000e+00 1.000000e+00 0.000000e+00
    outer loop
      vertex   1.701149e+01 4.000000e+01 5.616940e+00
      vertex   6.791585e+00 4.000000e+01 6.468524e+00
      vertex   1.687124e+01 4.000000e+01 5.728819e+00
    endloop
  endfacet
  facet normal 0.000000e+00 1.000000e+00 0.000000e+00
    outer loop
      vertex   1.687124e+01 4.000000e+01 5.728819e+00
      vertex   6.791585e+00 4.000000e+01 6.468524e+00
      vertex   6.950329e+00 4.000000e+01 6.557034e+00
    endloop
  endfacet
  facet normal 0.000000e+00 1.000000e+00 0.000000e+00
    outer loop
      vertex   1.687124e+01 4.000000e+01 5.728819e+00
      vertex   6.950329e+00 4.000000e+01 6.557034e+00
      vertex   1.674356e+01 4.000000e+01 5.854856e+00
    endloop
  endfacet
  facet normal 0.000000e+00 1.000000e+00 0.000000e+00
    outer loop
      vertex   1.674356e+01 4.000000e+01 5.854856e+00
      vertex   6.950329e+00 4.000000e+01 6.557034e+00
      vertex   7.098750e+00 4.000000e+01 6.661936e+00
    endloop
  endfacet
  facet normal 0.000000e+00 1.000000e+00 0.000000e+00
    outer loop
      vertex   1.674356e+01 4.000000e+01 5.854856e+00
      vertex   7.098750e+00 4.000000e+01 6.661936e+00
      vertex   1.662987e+01 4.000000e+01 5.993647e+00
    endloop
  endfacet
  facet normal 0.000000e+00 1.000000e+00 0.000000e+00
    outer loop
      vertex   1.662987e+01 4.000000e+01 5.993647e+00
      vertex   7.098750e+00 4.000000e+01 6.661936e+00
      vertex   1.653144e+01 4.000000e+01 6.143646e+00
    endloop
  endfacet
  facet normal 0.000000e+00 1.000000e+00 0.000000e+00
    outer loop
      vertex   1.653144e+01 4.000000e+01 6.143646e+00
      vertex   7.098750e+00 4.000000e+01 6.661936e+00
      vertex   7.235163e+00 4.000000e+01 6.782040e+00
    endloop
  endfacet
  facet normal 0.000000e+00 1.000000e+00 0.000000e+00
    outer loop
      vertex   1.653144e+01 4.000000e+01 6.143646e+00
      vertex   7.235163e+00 4.000000e+01 6.782040e+00
      vertex   1.644937e+01 4.000000e+01 6.303183e+00
    endloop
  endfacet
  facet normal 0.000000e+00 1.000000e+00 0.000000e+00
    outer loop
      vertex   1.644937e+01 4.000000e+01 6.303183e+00
      vertex   7.235163e+00 4.000000e+01 6.782040e+00
      vertex   7.358018e+00 4.000000e+01 6.915981e+00
    endloop
  endfacet
  facet normal 0.000000e+00 1.000000e+00 0.000000e+00
    outer loop
      vertex   1.644937e+01 4.000000e+01 6.303183e+00
      vertex   7.358018e+00 4.000000e+01 6.915981e+00
      vertex   1.638457e+01 4.000000e+01 6.470481e+00
    endloop
  endfacet
  facet normal 0.000000e+00 1.000000e+00 0.000000e+00
    outer loop
      vertex   1.638457e+01 4.000000e+01 6.470481e+00
      vertex   7.358018e+00 4.000000e+01 6.915981e+00
      vertex   7.465919e+00 4.000000e+01 7.062237e+00
    endloop
  endfacet
  facet normal 0.000000e+00 1.000000e+00 0.000000e+00
    outer loop
      vertex   1.638457e+01 4.000000e+01 6.470481e+00
      vertex   7.465919e+00 4.000000e+01 7.062237e+00
      vertex   1.633776e+01 4.000000e+01 6.643676e+00
    endloop
  endfacet
  facet normal 0.000000e+00 1.000000e+00 0.000000e+00
    outer loop
      vertex   1.633776e+01 4.000000e+01 6.643676e+00
      vertex   7.465919e+00 4.000000e+01 7.062237e+00
      vertex   7.557640e+00 4.000000e+01 7.219147e+00
    endloop
  endfacet
  facet normal 0.000000e+00 1.000000e+00 0.000000e+00
    outer loop
      vertex   1.633776e+01 4.000000e+01 6.643676e+00
      vertex   7.557640e+00 4.000000e+01 7.219147e+00
      vertex   1.630947e+01 4.000000e+01 6.820841e+00
    endloop
  endfacet
  facet normal 0.000000e+00 1.000000e+00 0.000000e+00
    outer loop
      vertex   1.630947e+01 4.000000e+01 6.820841e+00
      vertex   7.557640e+00 4.000000e+01 7.219147e+00
      vertex   7.632140e+00 4.000000e+01 7.384928e+00
    endloop
  endfacet
  facet normal 0.000000e+00 1.000000e+00 0.000000e+00
    outer loop
      vertex   1.630947e+01 4.000000e+01 6.820841e+00
      vertex   7.632140e+00 4.000000e+01 7.384928e+00
      vertex   1.630000e+01 4.000000e+01 7.000000e+00
    endloop
  endfacet
  facet normal 0.000000e+00 1.000000e+00 0.000000e+00
    outer loop
      vertex   1.630000e+01 4.000000e+01 7.000000e+00
      vertex   7.632140e+00 4.000000e+01 7.384928e+00
      vertex   7.688571e+00 4.000000e+01 7.557696e+00
    endloop
  endfacet
  facet normal 0.000000e+00 1.000000e+00 0.000000e+00
    outer loop
      vertex   1.630000e+01 4.000000e+01 7.000000e+00
      vertex   7.688571e+00 4.000000e+01 7.557696e+00
      vertex   1.629181e+01 4.000000e+01 7.410696e+00
    endloop
  endfacet
  facet normal 0.000000e+00 1.000000e+00 0.000000e+00
    outer loop
      vertex   1.629181e+01 4.000000e+01 7.410696e+00
      vertex   7.688571e+00 4.000000e+01 7.557696e+00
      vertex   7.726293e+00 4.000000e+01 7.735490e+00
    endloop
  endfacet
  facet normal 0.000000e+00 1.000000e+00 0.000000e+00
    outer loop
      vertex   1.629181e+01 4.000000e+01 7.410696e+00
      vertex   7.726293e+00 4.000000e+01 7.735490e+00
      vertex   1.626725e+01 4.000000e+01 7.820739e+00
    endloop
  endfacet
  facet normal 0.000000e+00 1.000000e+00 0.000000e+00
    outer loop
      vertex   1.626725e+01 4.000000e+01 7.820739e+00
      vertex   7.726293e+00 4.000000e+01 7.735490e+00
      vertex   7.764983e+00 4.000000e+01 8.155173e+00
    endloop
  endfacet
  facet normal 0.000000e+00 1.000000e+00 0.000000e+00
    outer loop
      vertex   1.626725e+01 4.000000e+01 7.820739e+00
      vertex   7.764983e+00 4.000000e+01 8.155173e+00
      vertex   1.622636e+01 4.000000e+01 8.229477e+00
    endloop
  endfacet
  facet normal 0.000000e+00 1.000000e+00 0.000000e+00
    outer loop
      vertex   1.622636e+01 4.000000e+01 8.229477e+00
      vertex   7.764983e+00 4.000000e+01 8.155173e+00
      vertex   7.820810e+00 4.000000e+01 8.572921e+00
    endloop
  endfacet
  facet normal 0.000000e+00 1.000000e+00 0.000000e+00
    outer loop
      vertex   1.622636e+01 4.000000e+01 8.229477e+00
      vertex   7.820810e+00 4.000000e+01 8.572921e+00
      vertex   1.616920e+01 4.000000e+01 8.636259e+00
    endloop
  endfacet
  facet normal 0.000000e+00 1.000000e+00 0.000000e+00
    outer loop
      vertex   1.616920e+01 4.000000e+01 8.636259e+00
      vertex   7.820810e+00 4.000000e+01 8.572921e+00
      vertex   7.893680e+00 4.000000e+01 8.988036e+00
    endloop
  endfacet
  facet normal 0.000000e+00 1.000000e+00 0.000000e+00
    outer loop
      vertex   1.616920e+01 4.000000e+01 8.636259e+00
      vertex   7.893680e+00 4.000000e+01 8.988036e+00
      vertex   1.609587e+01 4.000000e+01 9.040438e+00
    endloop
  endfacet
  facet normal 0.000000e+00 1.000000e+00 0.000000e+00
    outer loop
      vertex   1.609587e+01 4.000000e+01 9.040438e+00
      vertex   7.893680e+00 4.000000e+01 8.988036e+00
      vertex   7.983471e+00 4.000000e+01 9.399823e+00
    endloop
  endfacet
  facet normal 0.000000e+00 1.000000e+00 0.000000e+00
    outer loop
      vertex   1.609587e+01 4.000000e+01 9.040438e+00
      vertex   7.983471e+00 4.000000e+01 9.399823e+00
      vertex   1.600648e+01 4.000000e+01 9.441372e+00
    endloop
  endfacet
  facet normal 0.000000e+00 1.000000e+00 0.000000e+00
    outer loop
      vertex   1.600648e+01 4.000000e+01 9.441372e+00
      vertex   7.983471e+00 4.000000e+01 9.399823e+00
      vertex   8.090034e+00 4.000000e+01 9.807591e+00
    endloop
  endfacet
  facet normal 0.000000e+00 1.000000e+00 0.000000e+00
    outer loop
      vertex   1.600648e+01 4.000000e+01 9.441372e+00
      vertex   8.090034e+00 4.000000e+01 9.807591e+00
      vertex   1.590118e+01 4.000000e+01 9.838423e+00
    endloop
  endfacet
  facet normal 0.000000e+00 1.000000e+00 0.000000e+00
    outer loop
      vertex   1.590118e+01 4.000000e+01 9.838423e+00
      vertex   8.090034e+00 4.000000e+01 9.807591e+00
      vertex   8.213189e+00 4.000000e+01 1.021066e+01
    endloop
  endfacet
  facet normal 0.000000e+00 1.000000e+00 0.000000e+00
    outer loop
      vertex   1.590118e+01 4.000000e+01 9.838423e+00
      vertex   8.213189e+00 4.000000e+01 1.021066e+01
      vertex   1.578013e+01 4.000000e+01 1.023096e+01
    endloop
  endfacet
  facet normal 0.000000e+00 1.000000e+00 0.000000e+00
    outer loop
      vertex   1.578013e+01 4.000000e+01 1.023096e+01
      vertex   8.213189e+00 4.000000e+01 1.021066e+01
      vertex   8.352730e+00 4.000000e+01 1.060835e+01
    endloop
  endfacet
  facet normal 0.000000e+00 1.000000e+00 0.000000e+00
    outer loop
      vertex   1.578013e+01 4.000000e+01 1.023096e+01
      vertex   8.352730e+00 4.000000e+01 1.060835e+01
      vertex   1.564352e+01 4.000000e+01 1.061836e+01
    endloop
  endfacet
  facet normal 0.000000e+00 1.000000e+00 0.000000e+00
    outer loop
      vertex   1.564352e+01 4.000000e+01 1.061836e+01
      vertex   8.352730e+00 4.000000e+01 1.060835e+01
      vertex   1.549158e+01 4.000000e+01 1.100000e+01
    endloop
  endfacet
  facet normal 0.000000e+00 1.000000e+00 0.000000e+00
    outer loop
      vertex   1.549158e+01 4.000000e+01 1.100000e+01
      vertex   8.352730e+00 4.000000e+01 1.060835e+01
      vertex   8.508425e+00 4.000000e+01 1.100000e+01
    endloop
  endfacet
  facet normal 0.000000e+00 1.000000e+00 0.000000e+00
    outer loop
      vertex   1.766526e+01 4.000000e+01 5.333283e+00
      vertex   1.784277e+01 4.000000e+01 5.307287e+00
      vertex   2.100000e+01 4.000000e+01 -1.500000e+00
    endloop
  endfacet
  facet normal 0.000000e+00 1.000000e+00 0.000000e+00
    outer loop
      vertex   2.100000e+01 4.000000e+01 -1.500000e+00
      vertex   1.784277e+01 4.000000e+01 5.307287e+00
      vertex   1.802204e+01 4.000000e+01 5.300143e+00
    endloop
  endfacet
  facet normal 0.000000e+00 1.000000e+00 0.000000e+00
    outer loop
      vertex   2.100000e+01 4.000000e+01 -1.500000e+00
      vertex   1.802204e+01 4.000000e+01 5.300143e+00
      vertex   1.820106e+01 4.000000e+01 5.311932e+00
    endloop
  endfacet
  facet normal -0.000000e+00 1.000000e+00 0.000000e+00
    outer loop
      vertex   1.820106e+01 4.000000e+01 5.311932e+00
      vertex   1.837784e+01 4.000000e+01 5.342522e+00
      vertex   2.100000e+01 4.000000e+01 -1.500000e+00
    endloop
  endfacet
  facet normal 0.000000e+00 1.000000e+00 0.000000e+00
    outer loop
      vertex   2.100000e+01 4.000000e+01 -1.500000e+00
      vertex   1.837784e+01 4.000000e+01 5.342522e+00
      vertex   1.855042e+01 4.000000e+01 5.391572e+00
    endloop
  endfacet
  facet normal 0.000000e+00 1.000000e+00 0.000000e+00
    outer loop
      vertex   2.100000e+01 4.000000e+01 -1.500000e+00
      vertex   1.855042e+01 4.000000e+01 5.391572e+00
      vertex   1.871686e+01 4.000000e+01 5.458536e+00
    endloop
  endfacet
  facet normal -0.000000e+00 1.000000e+00 0.000000e+00
    outer loop
      vertex   1.871686e+01 4.000000e+01 5.458536e+00
      vertex   1.887532e+01 4.000000e+01 5.542669e+00
      vertex   2.100000e+01 4.000000e+01 -1.500000e+00
    endloop
  endfacet
  facet normal 0.000000e+00 1.000000e+00 0.000000e+00
    outer loop
      vertex   2.100000e+01 4.000000e+01 -1.500000e+00
      vertex   1.887532e+01 4.000000e+01 5.542669e+00
      vertex   1.902403e+01 4.000000e+01 5.643032e+00
    endloop
  endfacet
  facet normal 0.000000e+00 1.000000e+00 0.000000e+00
    outer loop
      vertex   2.100000e+01 4.000000e+01 -1.500000e+00
      vertex   1.902403e+01 4.000000e+01 5.643032e+00
      vertex   1.916134e+01 4.000000e+01 5.758510e+00
    endloop
  endfacet
  facet normal -0.000000e+00 1.000000e+00 0.000000e+00
    outer loop
      vertex   1.916134e+01 4.000000e+01 5.758510e+00
      vertex   1.928571e+01 4.000000e+01 5.887814e+00
      vertex   2.100000e+01 4.000000e+01 -1.500000e+00
    endloop
  endfacet
  facet normal 0.000000e+00 1.000000e+00 0.000000e+00
    outer loop
      vertex   2.100000e+01 4.000000e+01 -1.500000e+00
      vertex   1.928571e+01 4.000000e+01 5.887814e+00
      vertex   1.939576e+01 4.000000e+01 6.029506e+00
    endloop
  endfacet
  facet normal 0.000000e+00 1.000000e+00 0.000000e+00
    outer loop
      vertex   2.100000e+01 4.000000e+01 -1.500000e+00
      vertex   1.939576e+01 4.000000e+01 6.029506e+00
      vertex   1.949026e+01 4.000000e+01 6.182006e+00
    endloop
  endfacet
  facet normal -0.000000e+00 1.000000e+00 0.000000e+00
    outer loop
      vertex   1.949026e+01 4.000000e+01 6.182006e+00
      vertex   1.956817e+01 4.000000e+01 6.343617e+00
      vertex   2.100000e+01 4.000000e+01 -1.500000e+00
    endloop
  endfacet
  facet normal 0.000000e+00 1.000000e+00 0.000000e+00
    outer loop
      vertex   2.100000e+01 4.000000e+01 -1.500000e+00
      vertex   1.956817e+01 4.000000e+01 6.343617e+00
      vertex   1.962861e+01 4.000000e+01 6.512539e+00
    endloop
  endfacet
  facet normal 0.000000e+00 1.000000e+00 0.000000e+00
    outer loop
      vertex   2.100000e+01 4.000000e+01 -1.500000e+00
      vertex   1.962861e+01 4.000000e+01 6.512539e+00
      vertex   1.967092e+01 4.000000e+01 6.686890e+00
    endloop
  endfacet
  facet normal 0.000000e+00 1.000000e+00 -0.000000e+00
    outer loop
      vertex   2.100000e+01 4.000000e+01 -1.500000e+00
      vertex   1.967092e+01 4.000000e+01 6.686890e+00
      vertex   2.100000e+01 4.000000e+01 1.100000e+01
    endloop
  endfacet
  facet normal 0.000000e+00 1.000000e+00 0.000000e+00
    outer loop
      vertex   2.100000e+01 4.000000e+01 1.100000e+01
      vertex   1.967092e+01 4.000000e+01 6.686890e+00
      vertex   1.969461e+01 4.000000e+01 6.864728e+00
    endloop
  endfacet
  facet normal 0.000000e+00 1.000000e+00 0.000000e+00
    outer loop
      vertex   2.100000e+01 4.000000e+01 1.100000e+01
      vertex   1.969461e+01 4.000000e+01 6.864728e+00
      vertex   1.969943e+01 4.000000e+01 7.044073e+00
    endloop
  endfacet
  facet normal 0.000000e+00 1.000000e+00 -0.000000e+00
    outer loop
      vertex   1.969943e+01 4.000000e+01 7.044073e+00
      vertex   1.968532e+01 4.000000e+01 7.222927e+00
      vertex   2.100000e+01 4.000000e+01 1.100000e+01
    endloop
  endfacet
  facet normal 0.000000e+00 1.000000e+00 0.000000e+00
    outer loop
      vertex   2.100000e+01 4.000000e+01 1.100000e+01
      vertex   1.968532e+01 4.000000e+01 7.222927e+00
      vertex   1.965244e+01 4.000000e+01 7.399298e+00
    endloop
  endfacet
  facet normal 0.000000e+00 1.000000e+00 0.000000e+00
    outer loop
      vertex   2.100000e+01 4.000000e+01 1.100000e+01
      vertex   1.965244e+01 4.000000e+01 7.399298e+00
      vertex   1.957114e+01 4.000000e+01 8.068650e+00
    endloop
  endfacet
  facet normal 0.000000e+00 1.000000e+00 0.000000e+00
    outer loop
      vertex   1.957114e+01 4.000000e+01 8.068650e+00
      vertex   1.965244e+01 4.000000e+01 7.399298e+00
      vertex   1.960116e+01 4.000000e+01 7.571221e+00
    endloop
  endfacet
  facet normal 0.000000e+00 1.000000e+00 -0.000000e+00
    outer loop
      vertex   1.957114e+01 4.000000e+01 8.068650e+00
      vertex   1.952293e+01 4.000000e+01 8.564646e+00
      vertex   2.100000e+01 4.000000e+01 1.100000e+01
    endloop
  endfacet
  facet normal 0.000000e+00 1.000000e+00 0.000000e+00
    outer loop
      vertex   2.100000e+01 4.000000e+01 1.100000e+01
      vertex   1.952293e+01 4.000000e+01 8.564646e+00
      vertex   1.945660e+01 4.000000e+01 9.058545e+00
    endloop
  endfacet
  facet normal 0.000000e+00 1.000000e+00 0.000000e+00
    outer loop
      vertex   2.100000e+01 4.000000e+01 1.100000e+01
      vertex   1.945660e+01 4.000000e+01 9.058545e+00
      vertex   1.937224e+01 4.000000e+01 9.549686e+00
    endloop
  endfacet
  facet normal 0.000000e+00 1.000000e+00 -0.000000e+00
    outer loop
      vertex   1.937224e+01 4.000000e+01 9.549686e+00
      vertex   1.926996e+01 4.000000e+01 1.003741e+01
      vertex   2.100000e+01 4.000000e+01 1.100000e+01
    endloop
  endfacet
  facet normal 0.000000e+00 1.000000e+00 0.000000e+00
    outer loop
      vertex   2.100000e+01 4.000000e+01 1.100000e+01
      vertex   1.926996e+01 4.000000e+01 1.003741e+01
      vertex   1.914990e+01 4.000000e+01 1.052106e+01
    endloop
  endfacet
  facet normal 0.000000e+00 1.000000e+00 0.000000e+00
    outer loop
      vertex   2.100000e+01 4.000000e+01 1.100000e+01
      vertex   1.914990e+01 4.000000e+01 1.052106e+01
      vertex   1.901222e+01 4.000000e+01 1.100000e+01
    endloop
  endfacet
  facet normal 0.000000e+00 0.000000e+00 1.000000e+00
    outer loop
      vertex   0.000000e+00 3.600000e+01 1.100000e+01
      vertex   4.896947e+00 3.600000e+01 1.100000e+01
      vertex   0.000000e+00 4.000000e+01 1.100000e+01
    endloop
  endfacet
  facet normal -0.000000e+00 0.000000e+00 1.000000e+00
    outer loop
      vertex   0.000000e+00 4.000000e+01 1.100000e+01
      vertex   4.896947e+00 3.600000e+01 1.100000e+01
      vertex   4.896947e+00 4.000000e+01 1.100000e+01
    endloop
  endfacet
  facet normal 9.290729e-01 0.000000e+00 3.698967e-01
    outer loop
      vertex   1.549158e+01 4.000000e+01 1.100000e+01
      vertex   1.549158e+01 3.600000e+01 1.100000e+01
      vertex   1.564352e+01 4.000000e+01 1.061836e+01
    endloop
  endfacet
  facet normal 9.290729e-01 0.000000e+00 3.698967e-01
    outer loop
      vertex   1.564352e+01 4.000000e+01 1.061836e+01
      vertex   1.549158e+01 3.600000e+01 1.100000e+01
      vertex   1.564352e+01 3.600000e+01 1.061836e+01
    endloop
  endfacet
  facet normal 9.430831e-01 0.000000e+00 3.325572e-01
    outer loop
      vertex   1.564352e+01 4.000000e+01 1.061836e+01
      vertex   1.564352e+01 3.600000e+01 1.061836e+01
      vertex   1.578013e+01 4.000000e+01 1.023096e+01
    endloop
  endfacet
  facet normal 9.430831e-01 0.000000e+00 3.325572e-01
    outer loop
      vertex   1.578013e+01 4.000000e+01 1.023096e+01
      vertex   1.564352e+01 3.600000e+01 1.061836e+01
      vertex   1.578013e+01 3.600000e+01 1.023096e+01
    endloop
  endfacet
  facet normal 9.555933e-01 0.000000e+00 2.946888e-01
    outer loop
      vertex   1.578013e+01 4.000000e+01 1.023096e+01
      vertex   1.578013e+01 3.600000e+01 1.023096e+01
      vertex   1.590118e+01 4.000000e+01 9.838423e+00
    endloop
  endfacet
  facet normal 9.555933e-01 0.000000e+00 2.946888e-01
    outer loop
      vertex   1.590118e+01 4.000000e+01 9.838423e+00
      vertex   1.578013e+01 3.600000e+01 1.023096e+01
      vertex   1.590118e+01 3.600000e+01 9.838423e+00
    endloop
  endfacet
  facet normal 9.665836e-01 0.000000e+00 2.563517e-01
    outer loop
      vertex   1.590118e+01 4.000000e+01 9.838423e+00
      vertex   1.590118e+01 3.600000e+01 9.838423e+00
      vertex   1.600648e+01 4.000000e+01 9.441372e+00
    endloop
  endfacet
  facet normal 9.665836e-01 0.000000e+00 2.563517e-01
    outer loop
      vertex   1.600648e+01 4.000000e+01 9.441372e+00
      vertex   1.590118e+01 3.600000e+01 9.838423e+00
      vertex   1.600648e+01 3.600000e+01 9.441372e+00
    endloop
  endfacet
  facet normal 9.760365e-01 0.000000e+00 2.176069e-01
    outer loop
      vertex   1.600648e+01 4.000000e+01 9.441372e+00
      vertex   1.600648e+01 3.600000e+01 9.441372e+00
      vertex   1.609587e+01 4.000000e+01 9.040438e+00
    endloop
  endfacet
  facet normal 9.760365e-01 0.000000e+00 2.176069e-01
    outer loop
      vertex   1.609587e+01 4.000000e+01 9.040438e+00
      vertex   1.600648e+01 3.600000e+01 9.441372e+00
      vertex   1.609587e+01 3.600000e+01 9.040438e+00
    endloop
  endfacet
  facet normal 9.839370e-01 0.000000e+00 1.785159e-01
    outer loop
      vertex   1.609587e+01 4.000000e+01 9.040438e+00
      vertex   1.609587e+01 3.600000e+01 9.040438e+00
      vertex   1.616920e+01 4.000000e+01 8.636259e+00
    endloop
  endfacet
  facet normal 9.839370e-01 0.000000e+00 1.785159e-01
    outer loop
      vertex   1.616920e+01 4.000000e+01 8.636259e+00
      vertex   1.609587e+01 3.600000e+01 9.040438e+00
      vertex   1.616920e+01 3.600000e+01 8.636259e+00
    endloop
  endfacet
  facet normal 9.902726e-01 0.000000e+00 1.391410e-01
    outer loop
      vertex   1.616920e+01 4.000000e+01 8.636259e+00
      vertex   1.616920e+01 3.600000e+01 8.636259e+00
      vertex   1.622636e+01 4.000000e+01 8.229477e+00
    endloop
  endfacet
  facet normal 9.902726e-01 0.000000e+00 1.391410e-01
    outer loop
      vertex   1.622636e+01 4.000000e+01 8.229477e+00
      vertex   1.616920e+01 3.600000e+01 8.636259e+00
      vertex   1.622636e+01 3.600000e+01 8.229477e+00
    endloop
  endfacet
  facet normal 9.950331e-01 0.000000e+00 9.954482e-02
    outer loop
      vertex   1.622636e+01 4.000000e+01 8.229477e+00
      vertex   1.622636e+01 3.600000e+01 8.229477e+00
      vertex   1.626725e+01 4.000000e+01 7.820739e+00
    endloop
  endfacet
  facet normal 9.950331e-01 0.000000e+00 9.954482e-02
    outer loop
      vertex   1.626725e+01 4.000000e+01 7.820739e+00
      vertex   1.622636e+01 3.600000e+01 8.229477e+00
      vertex   1.626725e+01 3.600000e+01 7.820739e+00
    endloop
  endfacet
  facet normal 9.982110e-01 0.000000e+00 5.979029e-02
    outer loop
      vertex   1.626725e+01 4.000000e+01 7.820739e+00
      vertex   1.626725e+01 3.600000e+01 7.820739e+00
      vertex   1.629181e+01 4.000000e+01 7.410696e+00
    endloop
  endfacet
  facet normal 9.982110e-01 0.000000e+00 5.979029e-02
    outer loop
      vertex   1.629181e+01 4.000000e+01 7.410696e+00
      vertex   1.626725e+01 3.600000e+01 7.820739e+00
      vertex   1.629181e+01 3.600000e+01 7.410696e+00
    endloop
  endfacet
  facet normal 9.998012e-01 0.000000e+00 1.994067e-02
    outer loop
      vertex   1.629181e+01 4.000000e+01 7.410696e+00
      vertex   1.629181e+01 3.600000e+01 7.410696e+00
      vertex   1.630000e+01 4.000000e+01 7.000000e+00
    endloop
  endfacet
  facet normal 9.998012e-01 0.000000e+00 1.994067e-02
    outer loop
      vertex   1.630000e+01 4.000000e+01 7.000000e+00
      vertex   1.629181e+01 3.600000e+01 7.410696e+00
      vertex   1.630000e+01 3.600000e+01 7.000000e+00
    endloop
  endfacet
  facet normal 9.998012e-01 -0.000000e+00 1.994067e-02
    outer loop
      vertex   1.630000e+01 0.000000e+00 7.000000e+00
      vertex   1.630000e+01 4.000000e+00 7.000000e+00
      vertex   1.629181e+01 0.000000e+00 7.410696e+00
    endloop
  endfacet
  facet normal 9.998012e-01 -0.000000e+00 1.994067e-02
    outer loop
      vertex   1.629181e+01 0.000000e+00 7.410696e+00
      vertex   1.630000e+01 4.000000e+00 7.000000e+00
      vertex   1.629181e+01 4.000000e+00 7.410696e+00
    endloop
  endfacet
  facet normal 9.982110e-01 -0.000000e+00 5.979029e-02
    outer loop
      vertex   1.629181e+01 0.000000e+00 7.410696e+00
      vertex   1.629181e+01 4.000000e+00 7.410696e+00
      vertex   1.626725e+01 0.000000e+00 7.820739e+00
    endloop
  endfacet
  facet normal 9.982110e-01 -0.000000e+00 5.979029e-02
    outer loop
      vertex   1.626725e+01 0.000000e+00 7.820739e+00
      vertex   1.629181e+01 4.000000e+00 7.410696e+00
      vertex   1.626725e+01 4.000000e+00 7.820739e+00
    endloop
  endfacet
  facet normal 9.950331e-01 -0.000000e+00 9.954482e-02
    outer loop
      vertex   1.626725e+01 0.000000e+00 7.820739e+00
      vertex   1.626725e+01 4.000000e+00 7.820739e+00
      vertex   1.622636e+01 0.000000e+00 8.229477e+00
    endloop
  endfacet
  facet normal 9.950331e-01 -0.000000e+00 9.954482e-02
    outer loop
      vertex   1.622636e+01 0.000000e+00 8.229477e+00
      vertex   1.626725e+01 4.000000e+00 7.820739e+00
      vertex   1.622636e+01 4.000000e+00 8.229477e+00
    endloop
  endfacet
  facet normal 9.902726e-01 -0.000000e+00 1.391410e-01
    outer loop
      vertex   1.622636e+01 0.000000e+00 8.229477e+00
      vertex   1.622636e+01 4.000000e+00 8.229477e+00
      vertex   1.616920e+01 0.000000e+00 8.636259e+00
    endloop
  endfacet
  facet normal 9.902726e-01 -0.000000e+00 1.391410e-01
    outer loop
      vertex   1.616920e+01 0.000000e+00 8.636259e+00
      vertex   1.622636e+01 4.000000e+00 8.229477e+00
      vertex   1.616920e+01 4.000000e+00 8.636259e+00
    endloop
  endfacet
  facet normal 9.839370e-01 -0.000000e+00 1.785159e-01
    outer loop
      vertex   1.616920e+01 0.000000e+00 8.636259e+00
      vertex   1.616920e+01 4.000000e+00 8.636259e+00
      vertex   1.609587e+01 0.000000e+00 9.040438e+00
    endloop
  endfacet
  facet normal 9.839370e-01 -0.000000e+00 1.785159e-01
    outer loop
      vertex   1.609587e+01 0.000000e+00 9.040438e+00
      vertex   1.616920e+01 4.000000e+00 8.636259e+00
      vertex   1.609587e+01 4.000000e+00 9.040438e+00
    endloop
  endfacet
  facet normal 9.760365e-01 -0.000000e+00 2.176069e-01
    outer loop
      vertex   1.609587e+01 0.000000e+00 9.040438e+00
      vertex   1.609587e+01 4.000000e+00 9.040438e+00
      vertex   1.600648e+01 0.000000e+00 9.441372e+00
    endloop
  endfacet
  facet normal 9.760365e-01 -0.000000e+00 2.176069e-01
    outer loop
      vertex   1.600648e+01 0.000000e+00 9.441372e+00
      vertex   1.609587e+01 4.000000e+00 9.040438e+00
      vertex   1.600648e+01 4.000000e+00 9.441372e+00
    endloop
  endfacet
  facet normal 9.665836e-01 -0.000000e+00 2.563517e-01
    outer loop
      vertex   1.600648e+01 0.000000e+00 9.441372e+00
      vertex   1.600648e+01 4.000000e+00 9.441372e+00
      vertex   1.590118e+01 0.000000e+00 9.838423e+00
    endloop
  endfacet
  facet normal 9.665836e-01 -0.000000e+00 2.563517e-01
    outer loop
      vertex   1.590118e+01 0.000000e+00 9.838423e+00
      vertex   1.600648e+01 4.000000e+00 9.441372e+00
      vertex   1.590118e+01 4.000000e+00 9.838423e+00
    endloop
  endfacet
  facet normal 9.555933e-01 -0.000000e+00 2.946888e-01
    outer loop
      vertex   1.590118e+01 0.000000e+00 9.838423e+00
      vertex   1.590118e+01 4.000000e+00 9.838423e+00
      vertex   1.578013e+01 0.000000e+00 1.023096e+01
    endloop
  endfacet
  facet normal 9.555933e-01 -0.000000e+00 2.946888e-01
    outer loop
      vertex   1.578013e+01 0.000000e+00 1.023096e+01
      vertex   1.590118e+01 4.000000e+00 9.838423e+00
      vertex   1.578013e+01 4.000000e+00 1.023096e+01
    endloop
  endfacet
  facet normal 9.430831e-01 -0.000000e+00 3.325572e-01
    outer loop
      vertex   1.578013e+01 0.000000e+00 1.023096e+01
      vertex   1.578013e+01 4.000000e+00 1.023096e+01
      vertex   1.564352e+01 0.000000e+00 1.061836e+01
    endloop
  endfacet
  facet normal 9.430831e-01 -0.000000e+00 3.325572e-01
    outer loop
      vertex   1.564352e+01 0.000000e+00 1.061836e+01
      vertex   1.578013e+01 4.000000e+00 1.023096e+01
      vertex   1.564352e+01 4.000000e+00 1.061836e+01
    endloop
  endfacet
  facet normal 9.290729e-01 -0.000000e+00 3.698967e-01
    outer loop
      vertex   1.564352e+01 0.000000e+00 1.061836e+01
      vertex   1.564352e+01 4.000000e+00 1.061836e+01
      vertex   1.549158e+01 0.000000e+00 1.100000e+01
    endloop
  endfacet
  facet normal 9.290729e-01 -0.000000e+00 3.698967e-01
    outer loop
      vertex   1.549158e+01 0.000000e+00 1.100000e+01
      vertex   1.564352e+01 4.000000e+00 1.061836e+01
      vertex   1.549158e+01 4.000000e+00 1.100000e+01
    endloop
  endfacet
  facet normal -9.981838e-01 -0.000000e+00 -6.024124e-02
    outer loop
      vertex   1.960116e+01 4.000000e+01 7.571221e+00
      vertex   1.960116e+01 3.600000e+01 7.571221e+00
      vertex   1.957114e+01 4.000000e+01 8.068650e+00
    endloop
  endfacet
  facet normal -9.981838e-01 -0.000000e+00 -6.024124e-02
    outer loop
      vertex   1.957114e+01 4.000000e+01 8.068650e+00
      vertex   1.960116e+01 3.600000e+01 7.571221e+00
      vertex   1.957114e+01 3.600000e+01 8.068650e+00
    endloop
  endfacet
  facet normal -9.953102e-01 -0.000000e+00 -9.673504e-02
    outer loop
      vertex   1.957114e+01 4.000000e+01 8.068650e+00
      vertex   1.957114e+01 3.600000e+01 8.068650e+00
      vertex   1.952293e+01 4.000000e+01 8.564646e+00
    endloop
  endfacet
  facet normal -9.953102e-01 -0.000000e+00 -9.673504e-02
    outer loop
      vertex   1.952293e+01 4.000000e+01 8.564646e+00
      vertex   1.957114e+01 3.600000e+01 8.068650e+00
      vertex   1.952293e+01 3.600000e+01 8.564646e+00
    endloop
  endfacet
  facet normal -9.911027e-01 -0.000000e+00 -1.330992e-01
    outer loop
      vertex   1.952293e+01 4.000000e+01 8.564646e+00
      vertex   1.952293e+01 3.600000e+01 8.564646e+00
      vertex   1.945660e+01 4.000000e+01 9.058545e+00
    endloop
  endfacet
  facet normal -9.911027e-01 -0.000000e+00 -1.330992e-01
    outer loop
      vertex   1.945660e+01 4.000000e+01 9.058545e+00
      vertex   1.952293e+01 3.600000e+01 8.564646e+00
      vertex   1.945660e+01 3.600000e+01 9.058545e+00
    endloop
  endfacet
  facet normal -9.855671e-01 -0.000000e+00 -1.692850e-01
    outer loop
      vertex   1.945660e+01 4.000000e+01 9.058545e+00
      vertex   1.945660e+01 3.600000e+01 9.058545e+00
      vertex   1.937224e+01 4.000000e+01 9.549686e+00
    endloop
  endfacet
  facet normal -9.855671e-01 -0.000000e+00 -1.692850e-01
    outer loop
      vertex   1.937224e+01 4.000000e+01 9.549686e+00
      vertex   1.945660e+01 3.600000e+01 9.058545e+00
      vertex   1.937224e+01 3.600000e+01 9.549686e+00
    endloop
  endfacet
  facet normal -9.787108e-01 -0.000000e+00 -2.052440e-01
    outer loop
      vertex   1.937224e+01 4.000000e+01 9.549686e+00
      vertex   1.937224e+01 3.600000e+01 9.549686e+00
      vertex   1.926996e+01 4.000000e+01 1.003741e+01
    endloop
  endfacet
  facet normal -9.787108e-01 -0.000000e+00 -2.052440e-01
    outer loop
      vertex   1.926996e+01 4.000000e+01 1.003741e+01
      vertex   1.937224e+01 3.600000e+01 9.549686e+00
      vertex   1.926996e+01 3.600000e+01 1.003741e+01
    endloop
  endfacet
  facet normal -9.705430e-01 -0.000000e+00 -2.409279e-01
    outer loop
      vertex   1.926996e+01 4.000000e+01 1.003741e+01
      vertex   1.926996e+01 3.600000e+01 1.003741e+01
      vertex   1.914990e+01 4.000000e+01 1.052106e+01
    endloop
  endfacet
  facet normal -9.705430e-01 -0.000000e+00 -2.409279e-01
    outer loop
      vertex   1.914990e+01 4.000000e+01 1.052106e+01
      vertex   1.926996e+01 3.600000e+01 1.003741e+01
      vertex   1.914990e+01 3.600000e+01 1.052106e+01
    endloop
  endfacet
  facet normal -9.610746e-01 -0.000000e+00 -2.762889e-01
    outer loop
      vertex   1.914990e+01 4.000000e+01 1.052106e+01
      vertex   1.914990e+01 3.600000e+01 1.052106e+01
      vertex   1.901222e+01 4.000000e+01 1.100000e+01
    endloop
  endfacet
  facet normal -9.610746e-01 -0.000000e+00 -2.762889e-01
    outer loop
      vertex   1.901222e+01 4.000000e+01 1.100000e+01
      vertex   1.914990e+01 3.600000e+01 1.052106e+01
      vertex   1.901222e+01 3.600000e+01 1.100000e+01
    endloop
  endfacet
  facet normal -9.610746e-01 0.000000e+00 -2.762889e-01
    outer loop
      vertex   1.901222e+01 0.000000e+00 1.100000e+01
      vertex   1.901222e+01 4.000000e+00 1.100000e+01
      vertex   1.914990e+01 0.000000e+00 1.052106e+01
    endloop
  endfacet
  facet normal -9.610746e-01 0.000000e+00 -2.762889e-01
    outer loop
      vertex   1.914990e+01 0.000000e+00 1.052106e+01
      vertex   1.901222e+01 4.000000e+00 1.100000e+01
      vertex   1.914990e+01 4.000000e+00 1.052106e+01
    endloop
  endfacet
  facet normal -9.705430e-01 0.000000e+00 -2.409279e-01
    outer loop
      vertex   1.914990e+01 0.000000e+00 1.052106e+01
      vertex   1.914990e+01 4.000000e+00 1.052106e+01
      vertex   1.926996e+01 0.000000e+00 1.003741e+01
    endloop
  endfacet
  facet normal -9.705430e-01 0.000000e+00 -2.409279e-01
    outer loop
      vertex   1.926996e+01 0.000000e+00 1.003741e+01
      vertex   1.914990e+01 4.000000e+00 1.052106e+01
      vertex   1.926996e+01 4.000000e+00 1.003741e+01
    endloop
  endfacet
  facet normal -9.787108e-01 0.000000e+00 -2.052440e-01
    outer loop
      vertex   1.926996e+01 0.000000e+00 1.003741e+01
      vertex   1.926996e+01 4.000000e+00 1.003741e+01
      vertex   1.937224e+01 0.000000e+00 9.549686e+00
    endloop
  endfacet
  facet normal -9.787108e-01 0.000000e+00 -2.052440e-01
    outer loop
      vertex   1.937224e+01 0.000000e+00 9.549686e+00
      vertex   1.926996e+01 4.000000e+00 1.003741e+01
      vertex   1.937224e+01 4.000000e+00 9.549686e+00
    endloop
  endfacet
  facet normal -9.855671e-01 0.000000e+00 -1.692850e-01
    outer loop
      vertex   1.937224e+01 0.000000e+00 9.549686e+00
      vertex   1.937224e+01 4.000000e+00 9.549686e+00
      vertex   1.945660e+01 0.000000e+00 9.058545e+00
    endloop
  endfacet
  facet normal -9.855671e-01 0.000000e+00 -1.692850e-01
    outer loop
      vertex   1.945660e+01 0.000000e+00 9.058545e+00
      vertex   1.937224e+01 4.000000e+00 9.549686e+00
      vertex   1.945660e+01 4.000000e+00 9.058545e+00
    endloop
  endfacet
  facet normal -9.911027e-01 0.000000e+00 -1.330992e-01
    outer loop
      vertex   1.945660e+01 0.000000e+00 9.058545e+00
      vertex   1.945660e+01 4.000000e+00 9.058545e+00
      vertex   1.952293e+01 0.000000e+00 8.564646e+00
    endloop
  endfacet
  facet normal -9.911027e-01 0.000000e+00 -1.330992e-01
    outer loop
      vertex   1.952293e+01 0.000000e+00 8.564646e+00
      vertex   1.945660e+01 4.000000e+00 9.058545e+00
      vertex   1.952293e+01 4.000000e+00 8.564646e+00
    endloop
  endfacet
  facet normal -9.953102e-01 0.000000e+00 -9.673504e-02
    outer loop
      vertex   1.952293e+01 0.000000e+00 8.564646e+00
      vertex   1.952293e+01 4.000000e+00 8.564646e+00
      vertex   1.957114e+01 0.000000e+00 8.068650e+00
    endloop
  endfacet
  facet normal -9.953102e-01 0.000000e+00 -9.673504e-02
    outer loop
      vertex   1.957114e+01 0.000000e+00 8.068650e+00
      vertex   1.952293e+01 4.000000e+00 8.564646e+00
      vertex   1.957114e+01 4.000000e+00 8.068650e+00
    endloop
  endfacet
  facet normal -9.981838e-01 0.000000e+00 -6.024124e-02
    outer loop
      vertex   1.957114e+01 0.000000e+00 8.068650e+00
      vertex   1.957114e+01 4.000000e+00 8.068650e+00
      vertex   1.960116e+01 0.000000e+00 7.571221e+00
    endloop
  endfacet
  facet normal -9.981838e-01 0.000000e+00 -6.024124e-02
    outer loop
      vertex   1.960116e+01 0.000000e+00 7.571221e+00
      vertex   1.957114e+01 4.000000e+00 8.068650e+00
      vertex   1.960116e+01 4.000000e+00 7.571221e+00
    endloop
  endfacet
  facet normal 0.000000e+00 0.000000e+00 1.000000e+00
    outer loop
      vertex   1.549158e+01 4.000000e+00 1.100000e+01
      vertex   8.508425e+00 4.000000e+00 1.100000e+01
      vertex   1.549158e+01 0.000000e+00 1.100000e+01
    endloop
  endfacet
  facet normal 0.000000e+00 0.000000e+00 1.000000e+00
    outer loop
      vertex   1.549158e+01 0.000000e+00 1.100000e+01
      vertex   8.508425e+00 4.000000e+00 1.100000e+01
      vertex   8.508425e+00 0.000000e+00 1.100000e+01
    endloop
  endfacet
  facet normal 0.000000e+00 0.000000e+00 1.000000e+00
    outer loop
      vertex   1.901222e+01 0.000000e+00 1.100000e+01
      vertex   2.100000e+01 0.000000e+00 1.100000e+01
      vertex   1.901222e+01 4.000000e+00 1.100000e+01
    endloop
  endfacet
  facet normal 0.000000e+00 0.000000e+00 1.000000e+00
    outer loop
      vertex   1.901222e+01 4.000000e+00 1.100000e+01
      vertex   2.100000e+01 0.000000e+00 1.100000e+01
      vertex   2.127297e+01 9.324923e-03 1.100000e+01
    endloop
  endfacet
  facet normal 0.000000e+00 0.000000e+00 1.000000e+00
    outer loop
      vertex   1.901222e+01 4.000000e+00 1.100000e+01
      vertex   2.127297e+01 9.324923e-03 1.100000e+01
      vertex   2.154467e+01 3.725622e-02 1.100000e+01
    endloop
  endfacet
  facet normal 0.000000e+00 -0.000000e+00 1.000000e+00
    outer loop
      vertex   2.154467e+01 3.725622e-02 1.100000e+01
      vertex   2.181382e+01 8.366365e-02 1.100000e+01
      vertex   1.901222e+01 4.000000e+00 1.100000e+01
    endloop
  endfacet
  facet normal 0.000000e+00 0.000000e+00 1.000000e+00
    outer loop
      vertex   1.901222e+01 4.000000e+00 1.100000e+01
      vertex   2.181382e+01 8.366365e-02 1.100000e+01
      vertex   2.207919e+01 1.483309e-01 1.100000e+01
    endloop
  endfacet
  facet normal 0.000000e+00 0.000000e+00 1.000000e+00
    outer loop
      vertex   1.901222e+01 4.000000e+00 1.100000e+01
      vertex   2.207919e+01 1.483309e-01 1.100000e+01
      vertex   2.233952e+01 2.309563e-01 1.100000e+01
    endloop
  endfacet
  facet normal 0.000000e+00 -0.000000e+00 1.000000e+00
    outer loop
      vertex   2.233952e+01 2.309563e-01 1.100000e+01
      vertex   2.259360e+01 3.311548e-01 1.100000e+01
      vertex   1.901222e+01 4.000000e+00 1.100000e+01
    endloop
  endfacet
  facet normal 0.000000e+00 0.000000e+00 1.000000e+00
    outer loop
      vertex   1.901222e+01 4.000000e+00 1.100000e+01
      vertex   2.259360e+01 3.311548e-01 1.100000e+01
      vertex   2.284026e+01 4.484591e-01 1.100000e+01
    endloop
  endfacet
  facet normal 0.000000e+00 0.000000e+00 1.000000e+00
    outer loop
      vertex   1.901222e+01 4.000000e+00 1.100000e+01
      vertex   2.284026e+01 4.484591e-01 1.100000e+01
      vertex   2.307834e+01 5.823224e-01 1.100000e+01
    endloop
  endfacet
  facet normal 0.000000e+00 -0.000000e+00 1.000000e+00
    outer loop
      vertex   2.307834e+01 5.823224e-01 1.100000e+01
      vertex   2.330672e+01 7.321204e-01 1.100000e+01
      vertex   1.901222e+01 4.000000e+00 1.100000e+01
    endloop
  endfacet
  facet normal 0.000000e+00 0.000000e+00 1.000000e+00
    outer loop
      vertex   1.901222e+01 4.000000e+00 1.100000e+01
      vertex   2.330672e+01 7.321204e-01 1.100000e+01
      vertex   2.352435e+01 8.971548e-01 1.100000e+01
    endloop
  endfacet
  facet normal 0.000000e+00 0.000000e+00 1.000000e+00
    outer loop
      vertex   1.901222e+01 4.000000e+00 1.100000e+01
      vertex   2.352435e+01 8.971548e-01 1.100000e+01
      vertex   2.373021e+01 1.076656e+00 1.100000e+01
    endloop
  endfacet
  facet normal 0.000000e+00 -0.000000e+00 1.000000e+00
    outer loop
      vertex   2.373021e+01 1.076656e+00 1.100000e+01
      vertex   2.392334e+01 1.269787e+00 1.100000e+01
      vertex   1.901222e+01 4.000000e+00 1.100000e+01
    endloop
  endfacet
  facet normal 0.000000e+00 0.000000e+00 1.000000e+00
    outer loop
      vertex   1.901222e+01 4.000000e+00 1.100000e+01
      vertex   2.392334e+01 1.269787e+00 1.100000e+01
      vertex   2.410285e+01 1.475648e+00 1.100000e+01
    endloop
  endfacet
  facet normal 0.000000e+00 0.000000e+00 1.000000e+00
    outer loop
      vertex   1.901222e+01 4.000000e+00 1.100000e+01
      vertex   2.410285e+01 1.475648e+00 1.100000e+01
      vertex   2.426788e+01 1.693279e+00 1.100000e+01
    endloop
  endfacet
  facet normal 0.000000e+00 -0.000000e+00 1.000000e+00
    outer loop
      vertex   2.426788e+01 1.693279e+00 1.100000e+01
      vertex   2.441768e+01 1.921664e+00 1.100000e+01
      vertex   1.901222e+01 4.000000e+00 1.100000e+01
    endloop
  endfacet
  facet normal 0.000000e+00 0.000000e+00 1.000000e+00
    outer loop
      vertex   1.901222e+01 4.000000e+00 1.100000e+01
      vertex   2.441768e+01 1.921664e+00 1.100000e+01
      vertex   2.455154e+01 2.159740e+00 1.100000e+01
    endloop
  endfacet
  facet normal 0.000000e+00 0.000000e+00 1.000000e+00
    outer loop
      vertex   1.901222e+01 4.000000e+00 1.100000e+01
      vertex   2.455154e+01 2.159740e+00 1.100000e+01
      vertex   2.466885e+01 2.406396e+00 1.100000e+01
    endloop
  endfacet
  facet normal 0.000000e+00 -0.000000e+00 1.000000e+00
    outer loop
      vertex   2.466885e+01 2.406396e+00 1.100000e+01
      vertex   2.476904e+01 2.660482e+00 1.100000e+01
      vertex   1.901222e+01 4.000000e+00 1.100000e+01
    endloop
  endfacet
  facet normal 0.000000e+00 0.000000e+00 1.000000e+00
    outer loop
      vertex   1.901222e+01 4.000000e+00 1.100000e+01
      vertex   2.476904e+01 2.660482e+00 1.100000e+01
      vertex   2.485167e+01 2.920813e+00 1.100000e+01
    endloop
  endfacet
  facet normal 0.000000e+00 0.000000e+00 1.000000e+00
    outer loop
      vertex   1.901222e+01 4.000000e+00 1.100000e+01
      vertex   2.485167e+01 2.920813e+00 1.100000e+01
      vertex   2.491634e+01 3.186176e+00 1.100000e+01
    endloop
  endfacet
  facet normal 0.000000e+00 -0.000000e+00 1.000000e+00
    outer loop
      vertex   2.491634e+01 3.186176e+00 1.100000e+01
      vertex   2.496274e+01 3.455333e+00 1.100000e+01
      vertex   1.901222e+01 4.000000e+00 1.100000e+01
    endloop
  endfacet
  facet normal 0.000000e+00 0.000000e+00 1.000000e+00
    outer loop
      vertex   1.901222e+01 4.000000e+00 1.100000e+01
      vertex   2.496274e+01 3.455333e+00 1.100000e+01
      vertex   2.499068e+01 3.727030e+00 1.100000e+01
    endloop
  endfacet
  facet normal -0.000000e+00 0.000000e+00 1.000000e+00
    outer loop
      vertex   1.901222e+01 4.000000e+00 1.100000e+01
      vertex   2.499068e+01 3.727030e+00 1.100000e+01
      vertex   2.500000e+01 4.000000e+00 1.100000e+01
    endloop
  endfacet
  facet normal 0.000000e+00 -1.000000e+00 0.000000e+00
    outer loop
      vertex   0.000000e+00 0.000000e+00 -1.500000e+00
      vertex   4.573240e+00 0.000000e+00 7.133284e+00
      vertex   0.000000e+00 0.000000e+00 1.100000e+01
    endloop
  endfacet
  facet normal 0.000000e+00 -1.000000e+00 0.000000e+00
    outer loop
      vertex   0.000000e+00 0.000000e+00 1.100000e+01
      vertex   4.573240e+00 0.000000e+00 7.133284e+00
      vertex   4.489332e+00 0.000000e+00 7.294508e+00
    endloop
  endfacet
  facet normal 0.000000e+00 -1.000000e+00 0.000000e+00
    outer loop
      vertex   0.000000e+00 0.000000e+00 1.100000e+01
      vertex   4.489332e+00 0.000000e+00 7.294508e+00
      vertex   4.423061e+00 0.000000e+00 7.463746e+00
    endloop
  endfacet
  facet normal 0.000000e+00 -1.000000e+00 0.000000e+00
    outer loop
      vertex   2.100000e+01 0.000000e+00 -1.500000e+00
      vertex   1.732334e+01 0.000000e+00 5.440470e+00
      vertex   0.000000e+00 0.000000e+00 -1.500000e+00
    endloop
  endfacet
  facet normal 0.000000e+00 -1.000000e+00 0.000000e+00
    outer loop
      vertex   0.000000e+00 0.000000e+00 -1.500000e+00
      vertex   1.732334e+01 0.000000e+00 5.440470e+00
      vertex   6.450442e+00 0.000000e+00 6.344509e+00
    endloop
  endfacet
  facet normal 0.000000e+00 -1.000000e+00 0.000000e+00
    outer loop
      vertex   0.000000e+00 0.000000e+00 -1.500000e+00
      vertex   6.450442e+00 0.000000e+00 6.344509e+00
      vertex   6.271918e+00 0.000000e+00 6.310413e+00
    endloop
  endfacet
  facet normal 0.000000e+00 -1.000000e+00 -0.000000e+00
    outer loop
      vertex   2.100000e+01 0.000000e+00 1.100000e+01
      vertex   1.967092e+01 0.000000e+00 6.686890e+00
      vertex   2.100000e+01 0.000000e+00 -1.500000e+00
    endloop
  endfacet
  facet normal 0.000000e+00 -1.000000e+00 0.000000e+00
    outer loop
      vertex   2.100000e+01 0.000000e+00 -1.500000e+00
      vertex   1.967092e+01 0.000000e+00 6.686890e+00
      vertex   1.962861e+01 0.000000e+00 6.512539e+00
    endloop
  endfacet
  facet normal 0.000000e+00 -1.000000e+00 0.000000e+00
    outer loop
      vertex   2.100000e+01 0.000000e+00 -1.500000e+00
      vertex   1.962861e+01 0.000000e+00 6.512539e+00
      vertex   1.956817e+01 0.000000e+00 6.343617e+00
    endloop
  endfacet
  facet normal 0.000000e+00 -1.000000e+00 0.000000e+00
    outer loop
      vertex   1.901222e+01 0.000000e+00 1.100000e+01
      vertex   1.914990e+01 0.000000e+00 1.052106e+01
      vertex   2.100000e+01 0.000000e+00 1.100000e+01
    endloop
  endfacet
  facet normal 0.000000e+00 -1.000000e+00 0.000000e+00
    outer loop
      vertex   2.100000e+01 0.000000e+00 1.100000e+01
      vertex   1.914990e+01 0.000000e+00 1.052106e+01
      vertex   1.926996e+01 0.000000e+00 1.003741e+01
    endloop
  endfacet
  facet normal 0.000000e+00 -1.000000e+00 0.000000e+00
    outer loop
      vertex   2.100000e+01 0.000000e+00 1.100000e+01
      vertex   1.926996e+01 0.000000e+00 1.003741e+01
      vertex   1.937224e+01 0.000000e+00 9.549686e+00
    endloop
  endfacet
  facet normal 0.000000e+00 -1.000000e+00 0.000000e+00
    outer loop
      vertex   1.937224e+01 0.000000e+00 9.549686e+00
      vertex   1.945660e+01 0.000000e+00 9.058545e+00
      vertex   2.100000e+01 0.000000e+00 1.100000e+01
    endloop
  endfacet
  facet normal 0.000000e+00 -1.000000e+00 0.000000e+00
    outer loop
      vertex   2.100000e+01 0.000000e+00 1.100000e+01
      vertex   1.945660e+01 0.000000e+00 9.058545e+00
      vertex   1.952293e+01 0.000000e+00 8.564646e+00
    endloop
  endfacet
  facet normal 0.000000e+00 -1.000000e+00 0.000000e+00
    outer loop
      vertex   2.100000e+01 0.000000e+00 1.100000e+01
      vertex   1.952293e+01 0.000000e+00 8.564646e+00
      vertex   1.957114e+01 0.000000e+00 8.068650e+00
    endloop
  endfacet
  facet normal 0.000000e+00 -1.000000e+00 0.000000e+00
    outer loop
      vertex   1.960116e+01 0.000000e+00 7.571221e+00
      vertex   1.965244e+01 0.000000e+00 7.399298e+00
      vertex   1.957114e+01 0.000000e+00 8.068650e+00
    endloop
  endfacet
  facet normal 0.000000e+00 -1.000000e+00 0.000000e+00
    outer loop
      vertex   1.957114e+01 0.000000e+00 8.068650e+00
      vertex   1.965244e+01 0.000000e+00 7.399298e+00
      vertex   2.100000e+01 0.000000e+00 1.100000e+01
    endloop
  endfacet
  facet normal 0.000000e+00 -1.000000e+00 0.000000e+00
    outer loop
      vertex   1.965244e+01 0.000000e+00 7.399298e+00
      vertex   1.968532e+01 0.000000e+00 7.222927e+00
      vertex   2.100000e+01 0.000000e+00 1.100000e+01
    endloop
  endfacet
  facet normal 0.000000e+00 -1.000000e+00 0.000000e+00
    outer loop
      vertex   2.100000e+01 0.000000e+00 1.100000e+01
      vertex   1.968532e+01 0.000000e+00 7.222927e+00
      vertex   1.969943e+01 0.000000e+00 7.044073e+00
    endloop
  endfacet
  facet normal 0.000000e+00 -1.000000e+00 0.000000e+00
    outer loop
      vertex   2.100000e+01 0.000000e+00 1.100000e+01
      vertex   1.969943e+01 0.000000e+00 7.044073e+00
      vertex   1.969461e+01 0.000000e+00 6.864728e+00
    endloop
  endfacet
  facet normal 0.000000e+00 -1.000000e+00 -0.000000e+00
    outer loop
      vertex   1.969461e+01 0.000000e+00 6.864728e+00
      vertex   1.967092e+01 0.000000e+00 6.686890e+00
      vertex   2.100000e+01 0.000000e+00 1.100000e+01
    endloop
  endfacet
  facet normal 0.000000e+00 -1.000000e+00 -0.000000e+00
    outer loop
      vertex   1.956817e+01 0.000000e+00 6.343617e+00
      vertex   1.949026e+01 0.000000e+00 6.182006e+00
      vertex   2.100000e+01 0.000000e+00 -1.500000e+00
    endloop
  endfacet
  facet normal 0.000000e+00 -1.000000e+00 0.000000e+00
    outer loop
      vertex   2.100000e+01 0.000000e+00 -1.500000e+00
      vertex   1.949026e+01 0.000000e+00 6.182006e+00
      vertex   1.939576e+01 0.000000e+00 6.029506e+00
    endloop
  endfacet
  facet normal 0.000000e+00 -1.000000e+00 0.000000e+00
    outer loop
      vertex   2.100000e+01 0.000000e+00 -1.500000e+00
      vertex   1.939576e+01 0.000000e+00 6.029506e+00
      vertex   1.928571e+01 0.000000e+00 5.887814e+00
    endloop
  endfacet
  facet normal 0.000000e+00 -1.000000e+00 -0.000000e+00
    outer loop
      vertex   1.928571e+01 0.000000e+00 5.887814e+00
      vertex   1.916134e+01 0.000000e+00 5.758510e+00
      vertex   2.100000e+01 0.000000e+00 -1.500000e+00
    endloop
  endfacet
  facet normal 0.000000e+00 -1.000000e+00 0.000000e+00
    outer loop
      vertex   2.100000e+01 0.000000e+00 -1.500000e+00
      vertex   1.916134e+01 0.000000e+00 5.758510e+00
      vertex   1.902403e+01 0.000000e+00 5.643032e+00
    endloop
  endfacet
  facet normal 0.000000e+00 -1.000000e+00 0.000000e+00
    outer loop
      vertex   2.100000e+01 0.000000e+00 -1.500000e+00
      vertex   1.902403e+01 0.000000e+00 5.643032e+00
      vertex   1.887532e+01 0.000000e+00 5.542669e+00
    endloop
  endfacet
  facet normal 0.000000e+00 -1.000000e+00 -0.000000e+00
    outer loop
      vertex   1.887532e+01 0.000000e+00 5.542669e+00
      vertex   1.871686e+01 0.000000e+00 5.458536e+00
      vertex   2.100000e+01 0.000000e+00 -1.500000e+00
    endloop
  endfacet
  facet normal 0.000000e+00 -1.000000e+00 0.000000e+00
    outer loop
      vertex   2.100000e+01 0.000000e+00 -1.500000e+00
      vertex   1.871686e+01 0.000000e+00 5.458536e+00
      vertex   1.855042e+01 0.000000e+00 5.391572e+00
    endloop
  endfacet
  facet normal 0.000000e+00 -1.000000e+00 0.000000e+00
    outer loop
      vertex   2.100000e+01 0.000000e+00 -1.500000e+00
      vertex   1.855042e+01 0.000000e+00 5.391572e+00
      vertex   1.837784e+01 0.000000e+00 5.342522e+00
    endloop
  endfacet
  facet normal 0.000000e+00 -1.000000e+00 -0.000000e+00
    outer loop
      vertex   1.837784e+01 0.000000e+00 5.342522e+00
      vertex   1.820106e+01 0.000000e+00 5.311932e+00
      vertex   2.100000e+01 0.000000e+00 -1.500000e+00
    endloop
  endfacet
  facet normal 0.000000e+00 -1.000000e+00 0.000000e+00
    outer loop
      vertex   2.100000e+01 0.000000e+00 -1.500000e+00
      vertex   1.820106e+01 0.000000e+00 5.311932e+00
      vertex   1.802204e+01 0.000000e+00 5.300143e+00
    endloop
  endfacet
  facet normal 0.000000e+00 -1.000000e+00 0.000000e+00
    outer loop
      vertex   2.100000e+01 0.000000e+00 -1.500000e+00
      vertex   1.802204e+01 0.000000e+00 5.300143e+00
      vertex   1.784277e+01 0.000000e+00 5.307287e+00
    endloop
  endfacet
  facet normal -0.000000e+00 -1.000000e+00 -0.000000e+00
    outer loop
      vertex   1.784277e+01 0.000000e+00 5.307287e+00
      vertex   1.766526e+01 0.000000e+00 5.333283e+00
      vertex   2.100000e+01 0.000000e+00 -1.500000e+00
    endloop
  endfacet
  facet normal 0.000000e+00 -1.000000e+00 0.000000e+00
    outer loop
      vertex   2.100000e+01 0.000000e+00 -1.500000e+00
      vertex   1.766526e+01 0.000000e+00 5.333283e+00
      vertex   1.749147e+01 0.000000e+00 5.377843e+00
    endloop
  endfacet
  facet normal 0.000000e+00 -1.000000e+00 0.000000e+00
    outer loop
      vertex   2.100000e+01 0.000000e+00 -1.500000e+00
      vertex   1.749147e+01 0.000000e+00 5.377843e+00
      vertex   1.732334e+01 0.000000e+00 5.440470e+00
    endloop
  endfacet
  facet normal 0.000000e+00 -1.000000e+00 0.000000e+00
    outer loop
      vertex   1.732334e+01 0.000000e+00 5.440470e+00
      vertex   1.716276e+01 0.000000e+00 5.520466e+00
      vertex   6.450442e+00 0.000000e+00 6.344509e+00
    endloop
  endfacet
  facet normal 0.000000e+00 -1.000000e+00 0.000000e+00
    outer loop
      vertex   6.450442e+00 0.000000e+00 6.344509e+00
      vertex   1.716276e+01 0.000000e+00 5.520466e+00
      vertex   6.624323e+00 0.000000e+00 6.397414e+00
    endloop
  endfacet
  facet normal 0.000000e+00 -1.000000e+00 0.000000e+00
    outer loop
      vertex   6.624323e+00 0.000000e+00 6.397414e+00
      vertex   1.716276e+01 0.000000e+00 5.520466e+00
      vertex   1.701149e+01 0.000000e+00 5.616940e+00
    endloop
  endfacet
  facet normal 0.000000e+00 -1.000000e+00 0.000000e+00
    outer loop
      vertex   6.624323e+00 0.000000e+00 6.397414e+00
      vertex   1.701149e+01 0.000000e+00 5.616940e+00
      vertex   6.791585e+00 0.000000e+00 6.468524e+00
    endloop
  endfacet
  facet normal 0.000000e+00 -1.000000e+00 0.000000e+00
    outer loop
      vertex   6.791585e+00 0.000000e+00 6.468524e+00
      vertex   1.701149e+01 0.000000e+00 5.616940e+00
      vertex   1.687124e+01 0.000000e+00 5.728819e+00
    endloop
  endfacet
  facet normal 0.000000e+00 -1.000000e+00 0.000000e+00
    outer loop
      vertex   6.791585e+00 0.000000e+00 6.468524e+00
      vertex   1.687124e+01 0.000000e+00 5.728819e+00
      vertex   6.950329e+00 0.000000e+00 6.557034e+00
    endloop
  endfacet
  facet normal 0.000000e+00 -1.000000e+00 0.000000e+00
    outer loop
      vertex   6.950329e+00 0.000000e+00 6.557034e+00
      vertex   1.687124e+01 0.000000e+00 5.728819e+00
      vertex   1.674356e+01 0.000000e+00 5.854856e+00
    endloop
  endfacet
  facet normal 0.000000e+00 -1.000000e+00 0.000000e+00
    outer loop
      vertex   6.950329e+00 0.000000e+00 6.557034e+00
      vertex   1.674356e+01 0.000000e+00 5.854856e+00
      vertex   7.098750e+00 0.000000e+00 6.661936e+00
    endloop
  endfacet
  facet normal 0.000000e+00 -1.000000e+00 0.000000e+00
    outer loop
      vertex   7.098750e+00 0.000000e+00 6.661936e+00
      vertex   1.674356e+01 0.000000e+00 5.854856e+00
      vertex   1.662987e+01 0.000000e+00 5.993647e+00
    endloop
  endfacet
  facet normal 0.000000e+00 -1.000000e+00 0.000000e+00
    outer loop
      vertex   7.098750e+00 0.000000e+00 6.661936e+00
      vertex   1.662987e+01 0.000000e+00 5.993647e+00
      vertex   1.653144e+01 0.000000e+00 6.143646e+00
    endloop
  endfacet
  facet normal 0.000000e+00 -1.000000e+00 0.000000e+00
    outer loop
      vertex   7.098750e+00 0.000000e+00 6.661936e+00
      vertex   1.653144e+01 0.000000e+00 6.143646e+00
      vertex   7.235163e+00 0.000000e+00 6.782040e+00
    endloop
  endfacet
  facet normal 0.000000e+00 -1.000000e+00 0.000000e+00
    outer loop
      vertex   7.235163e+00 0.000000e+00 6.782040e+00
      vertex   1.653144e+01 0.000000e+00 6.143646e+00
      vertex   1.644937e+01 0.000000e+00 6.303183e+00
    endloop
  endfacet
  facet normal 0.000000e+00 -1.000000e+00 0.000000e+00
    outer loop
      vertex   7.235163e+00 0.000000e+00 6.782040e+00
      vertex   1.644937e+01 0.000000e+00 6.303183e+00
      vertex   7.358018e+00 0.000000e+00 6.915981e+00
    endloop
  endfacet
  facet normal 0.000000e+00 -1.000000e+00 0.000000e+00
    outer loop
      vertex   7.358018e+00 0.000000e+00 6.915981e+00
      vertex   1.644937e+01 0.000000e+00 6.303183e+00
      vertex   1.638457e+01 0.000000e+00 6.470481e+00
    endloop
  endfacet
  facet normal 0.000000e+00 -1.000000e+00 0.000000e+00
    outer loop
      vertex   7.358018e+00 0.000000e+00 6.915981e+00
      vertex   1.638457e+01 0.000000e+00 6.470481e+00
      vertex   7.465919e+00 0.000000e+00 7.062237e+00
    endloop
  endfacet
  facet normal 0.000000e+00 -1.000000e+00 0.000000e+00
    outer loop
      vertex   7.465919e+00 0.000000e+00 7.062237e+00
      vertex   1.638457e+01 0.000000e+00 6.470481e+00
      vertex   1.633776e+01 0.000000e+00 6.643676e+00
    endloop
  endfacet
  facet normal 0.000000e+00 -1.000000e+00 0.000000e+00
    outer loop
      vertex   7.465919e+00 0.000000e+00 7.062237e+00
      vertex   1.633776e+01 0.000000e+00 6.643676e+00
      vertex   7.557640e+00 0.000000e+00 7.219147e+00
    endloop
  endfacet
  facet normal 0.000000e+00 -1.000000e+00 0.000000e+00
    outer loop
      vertex   7.557640e+00 0.000000e+00 7.219147e+00
      vertex   1.633776e+01 0.000000e+00 6.643676e+00
      vertex   1.630947e+01 0.000000e+00 6.820841e+00
    endloop
  endfacet
  facet normal 0.000000e+00 -1.000000e+00 0.000000e+00
    outer loop
      vertex   7.557640e+00 0.000000e+00 7.219147e+00
      vertex   1.630947e+01 0.000000e+00 6.820841e+00
      vertex   7.632140e+00 0.000000e+00 7.384928e+00
    endloop
  endfacet
  facet normal 0.000000e+00 -1.000000e+00 0.000000e+00
    outer loop
      vertex   7.632140e+00 0.000000e+00 7.384928e+00
      vertex   1.630947e+01 0.000000e+00 6.820841e+00
      vertex   1.630000e+01 0.000000e+00 7.000000e+00
    endloop
  endfacet
  facet normal 0.000000e+00 -1.000000e+00 0.000000e+00
    outer loop
      vertex   7.632140e+00 0.000000e+00 7.384928e+00
      vertex   1.630000e+01 0.000000e+00 7.000000e+00
      vertex   7.688571e+00 0.000000e+00 7.557696e+00
    endloop
  endfacet
  facet normal 0.000000e+00 -1.000000e+00 0.000000e+00
    outer loop
      vertex   7.688571e+00 0.000000e+00 7.557696e+00
      vertex   1.630000e+01 0.000000e+00 7.000000e+00
      vertex   1.629181e+01 0.000000e+00 7.410696e+00
    endloop
  endfacet
  facet normal 0.000000e+00 -1.000000e+00 0.000000e+00
    outer loop
      vertex   7.688571e+00 0.000000e+00 7.557696e+00
      vertex   1.629181e+01 0.000000e+00 7.410696e+00
      vertex   7.726293e+00 0.000000e+00 7.735490e+00
    endloop
  endfacet
  facet normal 0.000000e+00 -1.000000e+00 0.000000e+00
    outer loop
      vertex   7.726293e+00 0.000000e+00 7.735490e+00
      vertex   1.629181e+01 0.000000e+00 7.410696e+00
      vertex   1.626725e+01 0.000000e+00 7.820739e+00
    endloop
  endfacet
  facet normal 0.000000e+00 -1.000000e+00 0.000000e+00
    outer loop
      vertex   7.726293e+00 0.000000e+00 7.735490e+00
      vertex   1.626725e+01 0.000000e+00 7.820739e+00
      vertex   7.764983e+00 0.000000e+00 8.155173e+00
    endloop
  endfacet
  facet normal 0.000000e+00 -1.000000e+00 0.000000e+00
    outer loop
      vertex   7.764983e+00 0.000000e+00 8.155173e+00
      vertex   1.626725e+01 0.000000e+00 7.820739e+00
      vertex   1.622636e+01 0.000000e+00 8.229477e+00
    endloop
  endfacet
  facet normal 0.000000e+00 -1.000000e+00 0.000000e+00
    outer loop
      vertex   7.764983e+00 0.000000e+00 8.155173e+00
      vertex   1.622636e+01 0.000000e+00 8.229477e+00
      vertex   7.820810e+00 0.000000e+00 8.572921e+00
    endloop
  endfacet
  facet normal 0.000000e+00 -1.000000e+00 0.000000e+00
    outer loop
      vertex   7.820810e+00 0.000000e+00 8.572921e+00
      vertex   1.622636e+01 0.000000e+00 8.229477e+00
      vertex   1.616920e+01 0.000000e+00 8.636259e+00
    endloop
  endfacet
  facet normal 0.000000e+00 -1.000000e+00 0.000000e+00
    outer loop
      vertex   7.820810e+00 0.000000e+00 8.572921e+00
      vertex   1.616920e+01 0.000000e+00 8.636259e+00
      vertex   7.893680e+00 0.000000e+00 8.988036e+00
    endloop
  endfacet
  facet normal 0.000000e+00 -1.000000e+00 0.000000e+00
    outer loop
      vertex   7.893680e+00 0.000000e+00 8.988036e+00
      vertex   1.616920e+01 0.000000e+00 8.636259e+00
      vertex   1.609587e+01 0.000000e+00 9.040438e+00
    endloop
  endfacet
  facet normal 0.000000e+00 -1.000000e+00 0.000000e+00
    outer loop
      vertex   7.893680e+00 0.000000e+00 8.988036e+00
      vertex   1.609587e+01 0.000000e+00 9.040438e+00
      vertex   7.983471e+00 0.000000e+00 9.399823e+00
    endloop
  endfacet
  facet normal 0.000000e+00 -1.000000e+00 0.000000e+00
    outer loop
      vertex   7.983471e+00 0.000000e+00 9.399823e+00
      vertex   1.609587e+01 0.000000e+00 9.040438e+00
      vertex   1.600648e+01 0.000000e+00 9.441372e+00
    endloop
  endfacet
  facet normal 0.000000e+00 -1.000000e+00 0.000000e+00
    outer loop
      vertex   7.983471e+00 0.000000e+00 9.399823e+00
      vertex   1.600648e+01 0.000000e+00 9.441372e+00
      vertex   8.090034e+00 0.000000e+00 9.807591e+00
    endloop
  endfacet
  facet normal 0.000000e+00 -1.000000e+00 0.000000e+00
    outer loop
      vertex   8.090034e+00 0.000000e+00 9.807591e+00
      vertex   1.600648e+01 0.000000e+00 9.441372e+00
      vertex   1.590118e+01 0.000000e+00 9.838423e+00
    endloop
  endfacet
  facet normal 0.000000e+00 -1.000000e+00 0.000000e+00
    outer loop
      vertex   8.090034e+00 0.000000e+00 9.807591e+00
      vertex   1.590118e+01 0.000000e+00 9.838423e+00
      vertex   8.213189e+00 0.000000e+00 1.021066e+01
    endloop
  endfacet
  facet normal 0.000000e+00 -1.000000e+00 0.000000e+00
    outer loop
      vertex   8.213189e+00 0.000000e+00 1.021066e+01
      vertex   1.590118e+01 0.000000e+00 9.838423e+00
      vertex   1.578013e+01 0.000000e+00 1.023096e+01
    endloop
  endfacet
  facet normal 0.000000e+00 -1.000000e+00 0.000000e+00
    outer loop
      vertex   8.213189e+00 0.000000e+00 1.021066e+01
      vertex   1.578013e+01 0.000000e+00 1.023096e+01
      vertex   8.352730e+00 0.000000e+00 1.060835e+01
    endloop
  endfacet
  facet normal 0.000000e+00 -1.000000e+00 0.000000e+00
    outer loop
      vertex   8.352730e+00 0.000000e+00 1.060835e+01
      vertex   1.578013e+01 0.000000e+00 1.023096e+01
      vertex   1.564352e+01 0.000000e+00 1.061836e+01
    endloop
  endfacet
  facet normal 0.000000e+00 -1.000000e+00 0.000000e+00
    outer loop
      vertex   8.352730e+00 0.000000e+00 1.060835e+01
      vertex   1.564352e+01 0.000000e+00 1.061836e+01
      vertex   1.549158e+01 0.000000e+00 1.100000e+01
    endloop
  endfacet
  facet normal -0.000000e+00 -1.000000e+00 0.000000e+00
    outer loop
      vertex   1.549158e+01 0.000000e+00 1.100000e+01
      vertex   8.508425e+00 0.000000e+00 1.100000e+01
      vertex   8.352730e+00 0.000000e+00 1.060835e+01
    endloop
  endfacet
  facet normal 0.000000e+00 -1.000000e+00 0.000000e+00
    outer loop
      vertex   6.271918e+00 0.000000e+00 6.310413e+00
      vertex   6.090778e+00 0.000000e+00 6.295511e+00
      vertex   0.000000e+00 0.000000e+00 -1.500000e+00
    endloop
  endfacet
  facet normal 0.000000e+00 -1.000000e+00 0.000000e+00
    outer loop
      vertex   0.000000e+00 0.000000e+00 -1.500000e+00
      vertex   6.090778e+00 0.000000e+00 6.295511e+00
      vertex   5.909082e+00 0.000000e+00 6.299974e+00
    endloop
  endfacet
  facet normal 0.000000e+00 -1.000000e+00 0.000000e+00
    outer loop
      vertex   0.000000e+00 0.000000e+00 -1.500000e+00
      vertex   5.909082e+00 0.000000e+00 6.299974e+00
      vertex   5.728893e+00 0.000000e+00 6.323750e+00
    endloop
  endfacet
  facet normal -0.000000e+00 -1.000000e+00 0.000000e+00
    outer loop
      vertex   5.728893e+00 0.000000e+00 6.323750e+00
      vertex   5.552258e+00 0.000000e+00 6.366570e+00
      vertex   0.000000e+00 0.000000e+00 -1.500000e+00
    endloop
  endfacet
  facet normal 0.000000e+00 -1.000000e+00 0.000000e+00
    outer loop
      vertex   0.000000e+00 0.000000e+00 -1.500000e+00
      vertex   5.552258e+00 0.000000e+00 6.366570e+00
      vertex   5.381184e+00 0.000000e+00 6.427946e+00
    endloop
  endfacet
  facet normal 0.000000e+00 -1.000000e+00 0.000000e+00
    outer loop
      vertex   0.000000e+00 0.000000e+00 -1.500000e+00
      vertex   5.381184e+00 0.000000e+00 6.427946e+00
      vertex   5.217614e+00 0.000000e+00 6.507183e+00
    endloop
  endfacet
  facet normal -0.000000e+00 -1.000000e+00 0.000000e+00
    outer loop
      vertex   5.217614e+00 0.000000e+00 6.507183e+00
      vertex   5.063407e+00 0.000000e+00 6.603378e+00
      vertex   0.000000e+00 0.000000e+00 -1.500000e+00
    endloop
  endfacet
  facet normal 0.000000e+00 -1.000000e+00 0.000000e+00
    outer loop
      vertex   0.000000e+00 0.000000e+00 -1.500000e+00
      vertex   5.063407e+00 0.000000e+00 6.603378e+00
      vertex   4.920314e+00 0.000000e+00 6.715441e+00
    endloop
  endfacet
  facet normal 0.000000e+00 -1.000000e+00 0.000000e+00
    outer loop
      vertex   0.000000e+00 0.000000e+00 -1.500000e+00
      vertex   4.920314e+00 0.000000e+00 6.715441e+00
      vertex   4.789962e+00 0.000000e+00 6.842097e+00
    endloop
  endfacet
  facet normal -0.000000e+00 -1.000000e+00 0.000000e+00
    outer loop
      vertex   4.789962e+00 0.000000e+00 6.842097e+00
      vertex   4.673831e+00 0.000000e+00 6.981907e+00
      vertex   0.000000e+00 0.000000e+00 -1.500000e+00
    endloop
  endfacet
  facet normal 0.000000e+00 -1.000000e+00 0.000000e+00
    outer loop
      vertex   0.000000e+00 0.000000e+00 -1.500000e+00
      vertex   4.673831e+00 0.000000e+00 6.981907e+00
      vertex   4.573240e+00 0.000000e+00 7.133284e+00
    endloop
  endfacet
  facet normal 0.000000e+00 -1.000000e+00 0.000000e+00
    outer loop
      vertex   4.423061e+00 0.000000e+00 7.463746e+00
      vertex   4.375180e+00 0.000000e+00 7.639076e+00
      vertex   0.000000e+00 0.000000e+00 1.100000e+01
    endloop
  endfacet
  facet normal 0.000000e+00 -1.000000e+00 0.000000e+00
    outer loop
      vertex   0.000000e+00 0.000000e+00 1.100000e+01
      vertex   4.375180e+00 0.000000e+00 7.639076e+00
      vertex   4.346231e+00 0.000000e+00 7.818507e+00
    endloop
  endfacet
  facet normal 0.000000e+00 -1.000000e+00 0.000000e+00
    outer loop
      vertex   0.000000e+00 0.000000e+00 1.100000e+01
      vertex   4.346231e+00 0.000000e+00 7.818507e+00
      vertex   4.336545e+00 0.000000e+00 8.000000e+00
    endloop
  endfacet
  facet normal 0.000000e+00 -1.000000e+00 0.000000e+00
    outer loop
      vertex   4.336545e+00 0.000000e+00 8.000000e+00
      vertex   4.383197e+00 0.000000e+00 8.507538e+00
      vertex   0.000000e+00 0.000000e+00 1.100000e+01
    endloop
  endfacet
  facet normal 0.000000e+00 -1.000000e+00 0.000000e+00
    outer loop
      vertex   0.000000e+00 0.000000e+00 1.100000e+01
      vertex   4.383197e+00 0.000000e+00 8.507538e+00
      vertex   4.448695e+00 0.000000e+00 9.012989e+00
    endloop
  endfacet
  facet normal 0.000000e+00 -1.000000e+00 0.000000e+00
    outer loop
      vertex   0.000000e+00 0.000000e+00 1.100000e+01
      vertex   4.448695e+00 0.000000e+00 9.012989e+00
      vertex   4.532948e+00 0.000000e+00 9.515654e+00
    endloop
  endfacet
  facet normal 0.000000e+00 -1.000000e+00 0.000000e+00
    outer loop
      vertex   4.532948e+00 0.000000e+00 9.515654e+00
      vertex   4.635841e+00 0.000000e+00 1.001484e+01
      vertex   0.000000e+00 0.000000e+00 1.100000e+01
    endloop
  endfacet
  facet normal 0.000000e+00 -1.000000e+00 0.000000e+00
    outer loop
      vertex   0.000000e+00 0.000000e+00 1.100000e+01
      vertex   4.635841e+00 0.000000e+00 1.001484e+01
      vertex   4.757229e+00 0.000000e+00 1.050985e+01
    endloop
  endfacet
  facet normal 0.000000e+00 -1.000000e+00 0.000000e+00
    outer loop
      vertex   0.000000e+00 0.000000e+00 1.100000e+01
      vertex   4.757229e+00 0.000000e+00 1.050985e+01
      vertex   4.896947e+00 0.000000e+00 1.100000e+01
    endloop
  endfacet
  facet normal -9.582759e-01 0.000000e+00 -2.858450e-01
    outer loop
      vertex   1.960116e+01 0.000000e+00 7.571221e+00
      vertex   1.960116e+01 4.000000e+00 7.571221e+00
      vertex   1.965244e+01 0.000000e+00 7.399298e+00
    endloop
  endfacet
  facet normal -9.582759e-01 -1.269407e-16 -2.858450e-01
    outer loop
      vertex   1.965244e+01 0.000000e+00 7.399298e+00
      vertex   1.960116e+01 4.000000e+00 7.571221e+00
      vertex   1.965244e+01 4.000000e+00 7.399298e+00
    endloop
  endfacet
  facet normal -9.830640e-01 -8.138486e-17 -1.832624e-01
    outer loop
      vertex   1.965244e+01 0.000000e+00 7.399298e+00
      vertex   1.965244e+01 4.000000e+00 7.399298e+00
      vertex   1.968532e+01 0.000000e+00 7.222927e+00
    endloop
  endfacet
  facet normal -9.830640e-01 0.000000e+00 -1.832624e-01
    outer loop
      vertex   1.968532e+01 0.000000e+00 7.222927e+00
      vertex   1.965244e+01 4.000000e+00 7.399298e+00
      vertex   1.968532e+01 4.000000e+00 7.222927e+00
    endloop
  endfacet
  facet normal -9.969032e-01 0.000000e+00 -7.863876e-02
    outer loop
      vertex   1.968532e+01 0.000000e+00 7.222927e+00
      vertex   1.968532e+01 4.000000e+00 7.222927e+00
      vertex   1.969943e+01 0.000000e+00 7.044073e+00
    endloop
  endfacet
  facet normal -9.969032e-01 -1.746131e-17 -7.863876e-02
    outer loop
      vertex   1.969943e+01 0.000000e+00 7.044073e+00
      vertex   1.968532e+01 4.000000e+00 7.222927e+00
      vertex   1.969943e+01 4.000000e+00 7.044073e+00
    endloop
  endfacet
  facet normal -9.996392e-01 5.964286e-18 2.686076e-02
    outer loop
      vertex   1.969943e+01 0.000000e+00 7.044073e+00
      vertex   1.969943e+01 4.000000e+00 7.044073e+00
      vertex   1.969461e+01 0.000000e+00 6.864728e+00
    endloop
  endfacet
  facet normal -9.996392e-01 1.192857e-17 2.686076e-02
    outer loop
      vertex   1.969461e+01 0.000000e+00 6.864728e+00
      vertex   1.969943e+01 4.000000e+00 7.044073e+00
      vertex   1.969461e+01 4.000000e+00 6.864728e+00
    endloop
  endfacet
  facet normal -9.912416e-01 5.864691e-17 1.320611e-01
    outer loop
      vertex   1.969461e+01 0.000000e+00 6.864728e+00
      vertex   1.969461e+01 4.000000e+00 6.864728e+00
      vertex   1.967092e+01 0.000000e+00 6.686890e+00
    endloop
  endfacet
  facet normal -9.912416e-01 0.000000e+00 1.320611e-01
    outer loop
      vertex   1.967092e+01 0.000000e+00 6.686890e+00
      vertex   1.969461e+01 4.000000e+00 6.864728e+00
      vertex   1.967092e+01 4.000000e+00 6.686890e+00
    endloop
  endfacet
  facet normal -9.718039e-01 0.000000e+00 2.357906e-01
    outer loop
      vertex   1.967092e+01 0.000000e+00 6.686890e+00
      vertex   1.967092e+01 4.000000e+00 6.686890e+00
      vertex   1.962861e+01 0.000000e+00 6.512539e+00
    endloop
  endfacet
  facet normal -9.718039e-01 0.000000e+00 2.357906e-01
    outer loop
      vertex   1.962861e+01 0.000000e+00 6.512539e+00
      vertex   1.967092e+01 4.000000e+00 6.686890e+00
      vertex   1.962861e+01 4.000000e+00 6.512539e+00
    endloop
  endfacet
  facet normal -9.415426e-01 0.000000e+00 3.368940e-01
    outer loop
      vertex   1.962861e+01 0.000000e+00 6.512539e+00
      vertex   1.962861e+01 4.000000e+00 6.512539e+00
      vertex   1.956817e+01 0.000000e+00 6.343617e+00
    endloop
  endfacet
  facet normal -9.415426e-01 7.480549e-17 3.368940e-01
    outer loop
      vertex   1.956817e+01 0.000000e+00 6.343617e+00
      vertex   1.962861e+01 4.000000e+00 6.512539e+00
      vertex   1.956817e+01 4.000000e+00 6.343617e+00
    endloop
  endfacet
  facet normal -9.007948e-01 9.642178e-17 4.342451e-01
    outer loop
      vertex   1.956817e+01 0.000000e+00 6.343617e+00
      vertex   1.956817e+01 4.000000e+00 6.343617e+00
      vertex   1.949026e+01 0.000000e+00 6.182006e+00
    endloop
  endfacet
  facet normal -9.007948e-01 1.928436e-16 4.342451e-01
    outer loop
      vertex   1.949026e+01 0.000000e+00 6.182006e+00
      vertex   1.956817e+01 4.000000e+00 6.343617e+00
      vertex   1.949026e+01 4.000000e+00 6.182006e+00
    endloop
  endfacet
  facet normal -8.500142e-01 2.339283e-16 5.267598e-01
    outer loop
      vertex   1.949026e+01 0.000000e+00 6.182006e+00
      vertex   1.949026e+01 4.000000e+00 6.182006e+00
      vertex   1.939576e+01 0.000000e+00 6.029506e+00
    endloop
  endfacet
  facet normal -8.500142e-01 2.339283e-16 5.267598e-01
    outer loop
      vertex   1.939576e+01 0.000000e+00 6.029506e+00
      vertex   1.949026e+01 4.000000e+00 6.182006e+00
      vertex   1.939576e+01 4.000000e+00 6.029506e+00
    endloop
  endfacet
  facet normal -7.897665e-01 2.724077e-16 6.134076e-01
    outer loop
      vertex   1.939576e+01 0.000000e+00 6.029506e+00
      vertex   1.939576e+01 4.000000e+00 6.029506e+00
      vertex   1.928571e+01 0.000000e+00 5.887814e+00
    endloop
  endfacet
  facet normal -7.897665e-01 0.000000e+00 6.134076e-01
    outer loop
      vertex   1.928571e+01 0.000000e+00 5.887814e+00
      vertex   1.939576e+01 4.000000e+00 6.029506e+00
      vertex   1.928571e+01 4.000000e+00 5.887814e+00
    endloop
  endfacet
  facet normal -7.207226e-01 0.000000e+00 6.932235e-01
    outer loop
      vertex   1.928571e+01 0.000000e+00 5.887814e+00
      vertex   1.928571e+01 4.000000e+00 5.887814e+00
      vertex   1.916134e+01 0.000000e+00 5.758510e+00
    endloop
  endfacet
  facet normal -7.207226e-01 0.000000e+00 6.932235e-01
    outer loop
      vertex   1.916134e+01 0.000000e+00 5.758510e+00
      vertex   1.928571e+01 4.000000e+00 5.887814e+00
      vertex   1.916134e+01 4.000000e+00 5.758510e+00
    endloop
  endfacet
  facet normal -6.436516e-01 0.000000e+00 7.653186e-01
    outer loop
      vertex   1.916134e+01 0.000000e+00 5.758510e+00
      vertex   1.916134e+01 4.000000e+00 5.758510e+00
      vertex   1.902403e+01 0.000000e+00 5.643032e+00
    endloop
  endfacet
  facet normal -6.436516e-01 1.699349e-16 7.653186e-01
    outer loop
      vertex   1.902403e+01 0.000000e+00 5.643032e+00
      vertex   1.916134e+01 4.000000e+00 5.758510e+00
      vertex   1.902403e+01 4.000000e+00 5.643032e+00
    endloop
  endfacet
  facet normal -5.594119e-01 1.840505e-16 8.288898e-01
    outer loop
      vertex   1.902403e+01 0.000000e+00 5.643032e+00
      vertex   1.902403e+01 4.000000e+00 5.643032e+00
      vertex   1.887532e+01 0.000000e+00 5.542669e+00
    endloop
  endfacet
  facet normal -5.594119e-01 0.000000e+00 8.288898e-01
    outer loop
      vertex   1.887532e+01 0.000000e+00 5.542669e+00
      vertex   1.902403e+01 4.000000e+00 5.643032e+00
      vertex   1.887532e+01 4.000000e+00 5.542669e+00
    endloop
  endfacet
  facet normal -4.689416e-01 0.000000e+00 8.832292e-01
    outer loop
      vertex   1.887532e+01 0.000000e+00 5.542669e+00
      vertex   1.887532e+01 4.000000e+00 5.542669e+00
      vertex   1.871686e+01 0.000000e+00 5.458536e+00
    endloop
  endfacet
  facet normal -4.689416e-01 0.000000e+00 8.832292e-01
    outer loop
      vertex   1.871686e+01 0.000000e+00 5.458536e+00
      vertex   1.887532e+01 4.000000e+00 5.542669e+00
      vertex   1.871686e+01 4.000000e+00 5.458536e+00
    endloop
  endfacet
  facet normal -3.732485e-01 0.000000e+00 9.277314e-01
    outer loop
      vertex   1.871686e+01 0.000000e+00 5.458536e+00
      vertex   1.871686e+01 4.000000e+00 5.458536e+00
      vertex   1.855042e+01 0.000000e+00 5.391572e+00
    endloop
  endfacet
  facet normal -3.732485e-01 0.000000e+00 9.277314e-01
    outer loop
      vertex   1.855042e+01 0.000000e+00 5.391572e+00
      vertex   1.871686e+01 4.000000e+00 5.458536e+00
      vertex   1.855042e+01 4.000000e+00 5.391572e+00
    endloop
  endfacet
  facet normal -2.733982e-01 0.000000e+00 9.619009e-01
    outer loop
      vertex   1.855042e+01 0.000000e+00 5.391572e+00
      vertex   1.855042e+01 4.000000e+00 5.391572e+00
      vertex   1.837784e+01 0.000000e+00 5.342522e+00
    endloop
  endfacet
  facet normal -2.733982e-01 0.000000e+00 9.619009e-01
    outer loop
      vertex   1.837784e+01 0.000000e+00 5.342522e+00
      vertex   1.855042e+01 4.000000e+00 5.391572e+00
      vertex   1.837784e+01 4.000000e+00 5.342522e+00
    endloop
  endfacet
  facet normal -1.705029e-01 0.000000e+00 9.853572e-01
    outer loop
      vertex   1.837784e+01 0.000000e+00 5.342522e+00
      vertex   1.837784e+01 4.000000e+00 5.342522e+00
      vertex   1.820106e+01 0.000000e+00 5.311932e+00
    endloop
  endfacet
  facet normal -1.705029e-01 0.000000e+00 9.853572e-01
    outer loop
      vertex   1.820106e+01 0.000000e+00 5.311932e+00
      vertex   1.837784e+01 4.000000e+00 5.342522e+00
      vertex   1.820106e+01 4.000000e+00 5.311932e+00
    endloop
  endfacet
  facet normal -6.570865e-02 0.000000e+00 9.978389e-01
    outer loop
      vertex   1.820106e+01 0.000000e+00 5.311932e+00
      vertex   1.820106e+01 4.000000e+00 5.311932e+00
      vertex   1.802204e+01 0.000000e+00 5.300143e+00
    endloop
  endfacet
  facet normal -6.570865e-02 0.000000e+00 9.978389e-01
    outer loop
      vertex   1.802204e+01 0.000000e+00 5.300143e+00
      vertex   1.820106e+01 4.000000e+00 5.311932e+00
      vertex   1.802204e+01 4.000000e+00 5.300143e+00
    endloop
  endfacet
  facet normal 3.981747e-02 -0.000000e+00 9.992070e-01
    outer loop
      vertex   1.802204e+01 0.000000e+00 5.300143e+00
      vertex   1.802204e+01 4.000000e+00 5.300143e+00
      vertex   1.784277e+01 0.000000e+00 5.307287e+00
    endloop
  endfacet
  facet normal 3.981747e-02 -0.000000e+00 9.992070e-01
    outer loop
      vertex   1.784277e+01 0.000000e+00 5.307287e+00
      vertex   1.802204e+01 4.000000e+00 5.300143e+00
      vertex   1.784277e+01 4.000000e+00 5.307287e+00
    endloop
  endfacet
  facet normal 1.449001e-01 -0.000000e+00 9.894463e-01
    outer loop
      vertex   1.784277e+01 0.000000e+00 5.307287e+00
      vertex   1.784277e+01 4.000000e+00 5.307287e+00
      vertex   1.766526e+01 0.000000e+00 5.333283e+00
    endloop
  endfacet
  facet normal 1.449001e-01 -0.000000e+00 9.894463e-01
    outer loop
      vertex   1.766526e+01 0.000000e+00 5.333283e+00
      vertex   1.784277e+01 4.000000e+00 5.307287e+00
      vertex   1.766526e+01 4.000000e+00 5.333283e+00
    endloop
  endfacet
  facet normal 2.483689e-01 -0.000000e+00 9.686655e-01
    outer loop
      vertex   1.766526e+01 0.000000e+00 5.333283e+00
      vertex   1.766526e+01 4.000000e+00 5.333283e+00
      vertex   1.749147e+01 0.000000e+00 5.377843e+00
    endloop
  endfacet
  facet normal 2.483689e-01 -2.150870e-16 9.686655e-01
    outer loop
      vertex   1.749147e+01 0.000000e+00 5.377843e+00
      vertex   1.766526e+01 4.000000e+00 5.333283e+00
      vertex   1.749147e+01 4.000000e+00 5.377843e+00
    endloop
  endfacet
  facet normal 3.490715e-01 -2.080771e-16 9.370961e-01
    outer loop
      vertex   1.749147e+01 0.000000e+00 5.377843e+00
      vertex   1.749147e+01 4.000000e+00 5.377843e+00
      vertex   1.732334e+01 0.000000e+00 5.440470e+00
    endloop
  endfacet
  facet normal 3.490715e-01 -2.080771e-16 9.370961e-01
    outer loop
      vertex   1.732334e+01 0.000000e+00 5.440470e+00
      vertex   1.749147e+01 4.000000e+00 5.377843e+00
      vertex   1.732334e+01 4.000000e+00 5.440470e+00
    endloop
  endfacet
  facet normal 4.458862e-01 -1.987498e-16 8.950897e-01
    outer loop
      vertex   1.732334e+01 0.000000e+00 5.440470e+00
      vertex   1.732334e+01 4.000000e+00 5.440470e+00
      vertex   1.716276e+01 0.000000e+00 5.520466e+00
    endloop
  endfacet
  facet normal 4.458862e-01 -0.000000e+00 8.950897e-01
    outer loop
      vertex   1.716276e+01 0.000000e+00 5.520466e+00
      vertex   1.732334e+01 4.000000e+00 5.440470e+00
      vertex   1.716276e+01 4.000000e+00 5.520466e+00
    endloop
  endfacet
  facet normal 5.377348e-01 -0.000000e+00 8.431140e-01
    outer loop
      vertex   1.716276e+01 0.000000e+00 5.520466e+00
      vertex   1.716276e+01 4.000000e+00 5.520466e+00
      vertex   1.701149e+01 0.000000e+00 5.616940e+00
    endloop
  endfacet
  facet normal 5.377348e-01 -0.000000e+00 8.431140e-01
    outer loop
      vertex   1.701149e+01 0.000000e+00 5.616940e+00
      vertex   1.716276e+01 4.000000e+00 5.520466e+00
      vertex   1.701149e+01 4.000000e+00 5.616940e+00
    endloop
  endfacet
  facet normal 6.235943e-01 -0.000000e+00 7.817481e-01
    outer loop
      vertex   1.701149e+01 0.000000e+00 5.616940e+00
      vertex   1.701149e+01 4.000000e+00 5.616940e+00
      vertex   1.687124e+01 0.000000e+00 5.728819e+00
    endloop
  endfacet
  facet normal 6.235943e-01 -0.000000e+00 7.817481e-01
    outer loop
      vertex   1.687124e+01 0.000000e+00 5.728819e+00
      vertex   1.701149e+01 4.000000e+00 5.616940e+00
      vertex   1.687124e+01 4.000000e+00 5.728819e+00
    endloop
  endfacet
  facet normal 7.025085e-01 -0.000000e+00 7.116754e-01
    outer loop
      vertex   1.687124e+01 0.000000e+00 5.728819e+00
      vertex   1.687124e+01 4.000000e+00 5.728819e+00
      vertex   1.674356e+01 0.000000e+00 5.854856e+00
    endloop
  endfacet
  facet normal 7.025085e-01 -0.000000e+00 7.116754e-01
    outer loop
      vertex   1.674356e+01 0.000000e+00 5.854856e+00
      vertex   1.687124e+01 4.000000e+00 5.728819e+00
      vertex   1.674356e+01 4.000000e+00 5.854856e+00
    endloop
  endfacet
  facet normal 7.735984e-01 -0.000000e+00 6.336762e-01
    outer loop
      vertex   1.674356e+01 0.000000e+00 5.854856e+00
      vertex   1.674356e+01 4.000000e+00 5.854856e+00
      vertex   1.662987e+01 0.000000e+00 5.993647e+00
    endloop
  endfacet
  facet normal 7.735984e-01 -0.000000e+00 6.336762e-01
    outer loop
      vertex   1.662987e+01 0.000000e+00 5.993647e+00
      vertex   1.674356e+01 4.000000e+00 5.854856e+00
      vertex   1.662987e+01 4.000000e+00 5.993647e+00
    endloop
  endfacet
  facet normal 8.360722e-01 -0.000000e+00 5.486195e-01
    outer loop
      vertex   1.662987e+01 0.000000e+00 5.993647e+00
      vertex   1.662987e+01 4.000000e+00 5.993647e+00
      vertex   1.653144e+01 0.000000e+00 6.143646e+00
    endloop
  endfacet
  facet normal 8.360722e-01 -0.000000e+00 5.486195e-01
    outer loop
      vertex   1.653144e+01 0.000000e+00 6.143646e+00
      vertex   1.662987e+01 4.000000e+00 5.993647e+00
      vertex   1.653144e+01 4.000000e+00 6.143646e+00
    endloop
  endfacet
  facet normal 8.892341e-01 -0.000000e+00 4.574524e-01
    outer loop
      vertex   1.653144e+01 0.000000e+00 6.143646e+00
      vertex   1.653144e+01 4.000000e+00 6.143646e+00
      vertex   1.644937e+01 0.000000e+00 6.303183e+00
    endloop
  endfacet
  facet normal 8.892341e-01 -0.000000e+00 4.574524e-01
    outer loop
      vertex   1.644937e+01 0.000000e+00 6.303183e+00
      vertex   1.653144e+01 4.000000e+00 6.143646e+00
      vertex   1.644937e+01 4.000000e+00 6.303183e+00
    endloop
  endfacet
  facet normal 9.324921e-01 -0.000000e+00 3.611903e-01
    outer loop
      vertex   1.644937e+01 0.000000e+00 6.303183e+00
      vertex   1.644937e+01 4.000000e+00 6.303183e+00
      vertex   1.638457e+01 0.000000e+00 6.470481e+00
    endloop
  endfacet
  facet normal 9.324921e-01 -0.000000e+00 3.611903e-01
    outer loop
      vertex   1.638457e+01 0.000000e+00 6.470481e+00
      vertex   1.644937e+01 4.000000e+00 6.303183e+00
      vertex   1.638457e+01 4.000000e+00 6.470481e+00
    endloop
  endfacet
  facet normal 9.653643e-01 -0.000000e+00 2.609055e-01
    outer loop
      vertex   1.638457e+01 0.000000e+00 6.470481e+00
      vertex   1.638457e+01 4.000000e+00 6.470481e+00
      vertex   1.633776e+01 0.000000e+00 6.643676e+00
    endloop
  endfacet
  facet normal 9.653643e-01 -0.000000e+00 2.609055e-01
    outer loop
      vertex   1.633776e+01 0.000000e+00 6.643676e+00
      vertex   1.638457e+01 4.000000e+00 6.470481e+00
      vertex   1.633776e+01 4.000000e+00 6.643676e+00
    endloop
  endfacet
  facet normal 9.874847e-01 -0.000000e+00 1.577148e-01
    outer loop
      vertex   1.633776e+01 0.000000e+00 6.643676e+00
      vertex   1.633776e+01 4.000000e+00 6.643676e+00
      vertex   1.630947e+01 0.000000e+00 6.820841e+00
    endloop
  endfacet
  facet normal 9.874847e-01 -0.000000e+00 1.577148e-01
    outer loop
      vertex   1.630947e+01 0.000000e+00 6.820841e+00
      vertex   1.633776e+01 4.000000e+00 6.643676e+00
      vertex   1.630947e+01 4.000000e+00 6.820841e+00
    endloop
  endfacet
  facet normal 9.986068e-01 -0.000000e+00 5.276749e-02
    outer loop
      vertex   1.630947e+01 0.000000e+00 6.820841e+00
      vertex   1.630947e+01 4.000000e+00 6.820841e+00
      vertex   1.630000e+01 0.000000e+00 7.000000e+00
    endloop
  endfacet
  facet normal 9.986068e-01 -0.000000e+00 5.276749e-02
    outer loop
      vertex   1.630000e+01 0.000000e+00 7.000000e+00
      vertex   1.630947e+01 4.000000e+00 6.820841e+00
      vertex   1.630000e+01 4.000000e+00 7.000000e+00
    endloop
  endfacet
  facet normal -0.000000e+00 0.000000e+00 1.000000e+00
    outer loop
      vertex   1.901222e+01 4.000000e+01 1.100000e+01
      vertex   1.901222e+01 3.600000e+01 1.100000e+01
      vertex   2.100000e+01 4.000000e+01 1.100000e+01
    endloop
  endfacet
  facet normal 0.000000e+00 0.000000e+00 1.000000e+00
    outer loop
      vertex   2.100000e+01 4.000000e+01 1.100000e+01
      vertex   1.901222e+01 3.600000e+01 1.100000e+01
      vertex   2.127297e+01 3.999068e+01 1.100000e+01
    endloop
  endfacet
  facet normal 0.000000e+00 0.000000e+00 1.000000e+00
    outer loop
      vertex   2.127297e+01 3.999068e+01 1.100000e+01
      vertex   1.901222e+01 3.600000e+01 1.100000e+01
      vertex   2.154467e+01 3.996274e+01 1.100000e+01
    endloop
  endfacet
  facet normal 0.000000e+00 0.000000e+00 1.000000e+00
    outer loop
      vertex   2.154467e+01 3.996274e+01 1.100000e+01
      vertex   1.901222e+01 3.600000e+01 1.100000e+01
      vertex   2.181382e+01 3.991634e+01 1.100000e+01
    endloop
  endfacet
  facet normal 0.000000e+00 0.000000e+00 1.000000e+00
    outer loop
      vertex   2.181382e+01 3.991634e+01 1.100000e+01
      vertex   1.901222e+01 3.600000e+01 1.100000e+01
      vertex   2.207919e+01 3.985167e+01 1.100000e+01
    endloop
  endfacet
  facet normal 0.000000e+00 0.000000e+00 1.000000e+00
    outer loop
      vertex   2.207919e+01 3.985167e+01 1.100000e+01
      vertex   1.901222e+01 3.600000e+01 1.100000e+01
      vertex   2.233952e+01 3.976904e+01 1.100000e+01
    endloop
  endfacet
  facet normal 0.000000e+00 0.000000e+00 1.000000e+00
    outer loop
      vertex   2.233952e+01 3.976904e+01 1.100000e+01
      vertex   1.901222e+01 3.600000e+01 1.100000e+01
      vertex   2.259360e+01 3.966885e+01 1.100000e+01
    endloop
  endfacet
  facet normal 0.000000e+00 0.000000e+00 1.000000e+00
    outer loop
      vertex   2.259360e+01 3.966885e+01 1.100000e+01
      vertex   1.901222e+01 3.600000e+01 1.100000e+01
      vertex   2.284026e+01 3.955154e+01 1.100000e+01
    endloop
  endfacet
  facet normal 0.000000e+00 0.000000e+00 1.000000e+00
    outer loop
      vertex   2.284026e+01 3.955154e+01 1.100000e+01
      vertex   1.901222e+01 3.600000e+01 1.100000e+01
      vertex   2.307834e+01 3.941768e+01 1.100000e+01
    endloop
  endfacet
  facet normal 0.000000e+00 0.000000e+00 1.000000e+00
    outer loop
      vertex   2.307834e+01 3.941768e+01 1.100000e+01
      vertex   1.901222e+01 3.600000e+01 1.100000e+01
      vertex   2.330672e+01 3.926788e+01 1.100000e+01
    endloop
  endfacet
  facet normal 0.000000e+00 0.000000e+00 1.000000e+00
    outer loop
      vertex   2.330672e+01 3.926788e+01 1.100000e+01
      vertex   1.901222e+01 3.600000e+01 1.100000e+01
      vertex   2.352435e+01 3.910285e+01 1.100000e+01
    endloop
  endfacet
  facet normal 0.000000e+00 0.000000e+00 1.000000e+00
    outer loop
      vertex   2.352435e+01 3.910285e+01 1.100000e+01
      vertex   1.901222e+01 3.600000e+01 1.100000e+01
      vertex   2.373021e+01 3.892334e+01 1.100000e+01
    endloop
  endfacet
  facet normal 0.000000e+00 0.000000e+00 1.000000e+00
    outer loop
      vertex   2.373021e+01 3.892334e+01 1.100000e+01
      vertex   1.901222e+01 3.600000e+01 1.100000e+01
      vertex   2.392334e+01 3.873021e+01 1.100000e+01
    endloop
  endfacet
  facet normal 0.000000e+00 0.000000e+00 1.000000e+00
    outer loop
      vertex   2.392334e+01 3.873021e+01 1.100000e+01
      vertex   1.901222e+01 3.600000e+01 1.100000e+01
      vertex   2.410285e+01 3.852435e+01 1.100000e+01
    endloop
  endfacet
  facet normal 0.000000e+00 0.000000e+00 1.000000e+00
    outer loop
      vertex   2.410285e+01 3.852435e+01 1.100000e+01
      vertex   1.901222e+01 3.600000e+01 1.100000e+01
      vertex   2.426788e+01 3.830672e+01 1.100000e+01
    endloop
  endfacet
  facet normal 0.000000e+00 0.000000e+00 1.000000e+00
    outer loop
      vertex   2.426788e+01 3.830672e+01 1.100000e+01
      vertex   1.901222e+01 3.600000e+01 1.100000e+01
      vertex   2.441768e+01 3.807834e+01 1.100000e+01
    endloop
  endfacet
  facet normal 0.000000e+00 0.000000e+00 1.000000e+00
    outer loop
      vertex   2.441768e+01 3.807834e+01 1.100000e+01
      vertex   1.901222e+01 3.600000e+01 1.100000e+01
      vertex   2.455154e+01 3.784026e+01 1.100000e+01
    endloop
  endfacet
  facet normal 0.000000e+00 0.000000e+00 1.000000e+00
    outer loop
      vertex   2.455154e+01 3.784026e+01 1.100000e+01
      vertex   1.901222e+01 3.600000e+01 1.100000e+01
      vertex   2.466885e+01 3.759360e+01 1.100000e+01
    endloop
  endfacet
  facet normal 0.000000e+00 0.000000e+00 1.000000e+00
    outer loop
      vertex   2.466885e+01 3.759360e+01 1.100000e+01
      vertex   1.901222e+01 3.600000e+01 1.100000e+01
      vertex   2.476904e+01 3.733952e+01 1.100000e+01
    endloop
  endfacet
  facet normal 0.000000e+00 0.000000e+00 1.000000e+00
    outer loop
      vertex   2.476904e+01 3.733952e+01 1.100000e+01
      vertex   1.901222e+01 3.600000e+01 1.100000e+01
      vertex   2.485167e+01 3.707919e+01 1.100000e+01
    endloop
  endfacet
  facet normal 0.000000e+00 0.000000e+00 1.000000e+00
    outer loop
      vertex   2.485167e+01 3.707919e+01 1.100000e+01
      vertex   1.901222e+01 3.600000e+01 1.100000e+01
      vertex   2.491634e+01 3.681382e+01 1.100000e+01
    endloop
  endfacet
  facet normal 0.000000e+00 0.000000e+00 1.000000e+00
    outer loop
      vertex   2.491634e+01 3.681382e+01 1.100000e+01
      vertex   1.901222e+01 3.600000e+01 1.100000e+01
      vertex   2.496274e+01 3.654467e+01 1.100000e+01
    endloop
  endfacet
  facet normal 0.000000e+00 0.000000e+00 1.000000e+00
    outer loop
      vertex   2.496274e+01 3.654467e+01 1.100000e+01
      vertex   1.901222e+01 3.600000e+01 1.100000e+01
      vertex   2.499068e+01 3.627297e+01 1.100000e+01
    endloop
  endfacet
  facet normal 0.000000e+00 0.000000e+00 1.000000e+00
    outer loop
      vertex   2.499068e+01 3.627297e+01 1.100000e+01
      vertex   1.901222e+01 3.600000e+01 1.100000e+01
      vertex   2.500000e+01 3.600000e+01 1.100000e+01
    endloop
  endfacet
  facet normal 1.000000e+00 0.000000e+00 0.000000e+00
    outer loop
      vertex   1.312702e+01 5.354249e+00 2.000000e+00
      vertex   1.312702e+01 5.556925e+00 1.832764e+00
      vertex   1.312702e+01 8.000000e+00 2.000000e+00
    endloop
  endfacet
  facet normal 1.000000e+00 0.000000e+00 0.000000e+00
    outer loop
      vertex   1.312702e+01 8.000000e+00 2.000000e+00
      vertex   1.312702e+01 5.556925e+00 1.832764e+00
      vertex   1.312702e+01 5.770144e+00 1.679196e+00
    endloop
  endfacet
  facet normal 1.000000e+00 0.000000e+00 0.000000e+00
    outer loop
      vertex   1.312702e+01 8.000000e+00 2.000000e+00
      vertex   1.312702e+01 5.770144e+00 1.679196e+00
      vertex   1.312702e+01 5.992985e+00 1.539958e+00
    endloop
  endfacet
  facet normal 1.000000e+00 -0.000000e+00 0.000000e+00
    outer loop
      vertex   1.312702e+01 5.992985e+00 1.539958e+00
      vertex   1.312702e+01 6.224488e+00 1.415651e+00
      vertex   1.312702e+01 8.000000e+00 2.000000e+00
    endloop
  endfacet
  facet normal 1.000000e+00 0.000000e+00 0.000000e+00
    outer loop
      vertex   1.312702e+01 8.000000e+00 2.000000e+00
      vertex   1.312702e+01 6.224488e+00 1.415651e+00
      vertex   1.312702e+01 6.463652e+00 1.306812e+00
    endloop
  endfacet
  facet normal 1.000000e+00 0.000000e+00 0.000000e+00
    outer loop
      vertex   1.312702e+01 8.000000e+00 2.000000e+00
      vertex   1.312702e+01 6.463652e+00 1.306812e+00
      vertex   1.312702e+01 6.709447e+00 1.213911e+00
    endloop
  endfacet
  facet normal 1.000000e+00 -0.000000e+00 0.000000e+00
    outer loop
      vertex   1.312702e+01 6.709447e+00 1.213911e+00
      vertex   1.312702e+01 6.960810e+00 1.137347e+00
      vertex   1.312702e+01 8.000000e+00 2.000000e+00
    endloop
  endfacet
  facet normal 1.000000e+00 0.000000e+00 0.000000e+00
    outer loop
      vertex   1.312702e+01 8.000000e+00 2.000000e+00
      vertex   1.312702e+01 6.960810e+00 1.137347e+00
      vertex   1.312702e+01 7.216658e+00 1.077453e+00
    endloop
  endfacet
  facet normal 1.000000e+00 0.000000e+00 0.000000e+00
    outer loop
      vertex   1.312702e+01 8.000000e+00 2.000000e+00
      vertex   1.312702e+01 7.216658e+00 1.077453e+00
      vertex   1.312702e+01 7.475887e+00 1.034486e+00
    endloop
  endfacet
  facet normal 1.000000e+00 -0.000000e+00 0.000000e+00
    outer loop
      vertex   1.312702e+01 7.475887e+00 1.034486e+00
      vertex   1.312702e+01 7.737377e+00 1.008631e+00
      vertex   1.312702e+01 8.000000e+00 2.000000e+00
    endloop
  endfacet
  facet normal 1.000000e+00 0.000000e+00 0.000000e+00
    outer loop
      vertex   1.312702e+01 8.000000e+00 2.000000e+00
      vertex   1.312702e+01 7.737377e+00 1.008631e+00
      vertex   1.312702e+01 8.000000e+00 1.000000e+00
    endloop
  endfacet
  facet normal 1.768438e-02 3.284051e-02 9.993041e-01
    outer loop
      vertex   1.312702e+01 8.000000e+00 1.000000e+00
      vertex   1.312702e+01 7.737377e+00 1.008631e+00
      vertex   1.319104e+01 7.778658e+00 1.006141e+00
    endloop
  endfacet
  facet normal -1.145552e-02 7.788676e-02 9.968964e-01
    outer loop
      vertex   1.319104e+01 7.778658e+00 1.006141e+00
      vertex   1.312702e+01 7.737377e+00 1.008631e+00
      vertex   1.326587e+01 7.566047e+00 1.023612e+00
    endloop
  endfacet
  facet normal 1.403761e-02 9.838551e-02 9.950494e-01
    outer loop
      vertex   1.326587e+01 7.566047e+00 1.023612e+00
      vertex   1.312702e+01 7.737377e+00 1.008631e+00
      vertex   1.312702e+01 7.475887e+00 1.034486e+00
    endloop
  endfacet
  facet normal -8.299596e-03 1.323177e-01 9.911726e-01
    outer loop
      vertex   1.326587e+01 7.566047e+00 1.023612e+00
      vertex   1.312702e+01 7.475887e+00 1.034486e+00
      vertex   1.335262e+01 7.358516e+00 1.052043e+00
    endloop
  endfacet
  facet normal 8.294137e-03 1.635145e-01 9.865061e-01
    outer loop
      vertex   1.335262e+01 7.358516e+00 1.052043e+00
      vertex   1.312702e+01 7.475887e+00 1.034486e+00
      vertex   1.312702e+01 7.216658e+00 1.077453e+00
    endloop
  endfacet
  facet normal -5.585391e-03 1.849126e-01 9.827391e-01
    outer loop
      vertex   1.335262e+01 7.358516e+00 1.052043e+00
      vertex   1.312702e+01 7.216658e+00 1.077453e+00
      vertex   1.345224e+01 7.153717e+00 1.091144e+00
    endloop
  endfacet
  facet normal 3.123334e-03 2.279383e-01 9.736706e-01
    outer loop
      vertex   1.345224e+01 7.153717e+00 1.091144e+00
      vertex   1.312702e+01 7.216658e+00 1.077453e+00
      vertex   1.312702e+01 6.960810e+00 1.137347e+00
    endloop
  endfacet
  facet normal -1.901582e-03 2.359528e-01 9.717627e-01
    outer loop
      vertex   1.345224e+01 7.153717e+00 1.091144e+00
      vertex   1.312702e+01 6.960810e+00 1.137347e+00
      vertex   1.356402e+01 6.953281e+00 1.140031e+00
    endloop
  endfacet
  facet normal -9.886214e-04 2.843004e-01 9.587347e-01
    outer loop
      vertex   1.356402e+01 6.953281e+00 1.140031e+00
      vertex   1.312702e+01 6.960810e+00 1.137347e+00
      vertex   1.368725e+01 6.758838e+00 1.197817e+00
    endloop
  endfacet
  facet normal 1.791341e-03 2.913746e-01 9.566073e-01
    outer loop
      vertex   1.368725e+01 6.758838e+00 1.197817e+00
      vertex   1.312702e+01 6.960810e+00 1.137347e+00
      vertex   1.312702e+01 6.709447e+00 1.213911e+00
    endloop
  endfacet
  facet normal -2.064889e-03 3.308977e-01 9.436644e-01
    outer loop
      vertex   1.368725e+01 6.758838e+00 1.197817e+00
      vertex   1.312702e+01 6.709447e+00 1.213911e+00
      vertex   1.382123e+01 6.572018e+00 1.263619e+00
    endloop
  endfacet
  facet normal 3.010819e-03 3.535518e-01 9.354101e-01
    outer loop
      vertex   1.382123e+01 6.572018e+00 1.263619e+00
      vertex   1.312702e+01 6.709447e+00 1.213911e+00
      vertex   1.312702e+01 6.463652e+00 1.306812e+00
    endloop
  endfacet
  facet normal -1.465401e-03 3.783428e-01 9.256644e-01
    outer loop
      vertex   1.382123e+01 6.572018e+00 1.263619e+00
      vertex   1.312702e+01 6.463652e+00 1.306812e+00
      vertex   1.396520e+01 6.394378e+00 1.336453e+00
    endloop
  endfacet
  facet normal 2.046103e-03 4.142051e-01 9.101813e-01
    outer loop
      vertex   1.396520e+01 6.394378e+00 1.336453e+00
      vertex   1.312702e+01 6.463652e+00 1.306812e+00
      vertex   1.312702e+01 6.224488e+00 1.415651e+00
    endloop
  endfacet
  facet normal -1.549890e-04 4.231444e-01 9.060623e-01
    outer loop
      vertex   1.396520e+01 6.394378e+00 1.336453e+00
      vertex   1.312702e+01 6.224488e+00 1.415651e+00
      vertex   1.411790e+01 6.226826e+00 1.414729e+00
    endloop
  endfacet
  facet normal -2.681025e-04 4.632538e-01 8.862256e-01
    outer loop
      vertex   1.411790e+01 6.226826e+00 1.414729e+00
      vertex   1.312702e+01 6.224488e+00 1.415651e+00
      vertex   1.427774e+01 6.069976e+00 1.496767e+00
    endloop
  endfacet
  facet normal 1.416747e-03 4.730706e-01 8.810234e-01
    outer loop
      vertex   1.427774e+01 6.069976e+00 1.496767e+00
      vertex   1.312702e+01 6.224488e+00 1.415651e+00
      vertex   1.312702e+01 5.992985e+00 1.539958e+00
    endloop
  endfacet
  facet normal -9.236384e-04 4.997256e-01 8.661833e-01
    outer loop
      vertex   1.427774e+01 6.069976e+00 1.496767e+00
      vertex   1.312702e+01 5.992985e+00 1.539958e+00
      vertex   1.444314e+01 5.924442e+00 1.580906e+00
    endloop
  endfacet
  facet normal 1.211310e-03 5.298944e-01 8.480628e-01
    outer loop
      vertex   1.444314e+01 5.924442e+00 1.580906e+00
      vertex   1.312702e+01 5.992985e+00 1.539958e+00
      vertex   1.312702e+01 5.770144e+00 1.679196e+00
    endloop
  endfacet
  facet normal 3.412682e-04 5.351926e-01 8.447300e-01
    outer loop
      vertex   1.444314e+01 5.924442e+00 1.580906e+00
      vertex   1.312702e+01 5.770144e+00 1.679196e+00
      vertex   1.461250e+01 5.790841e+00 1.665482e+00
    endloop
  endfacet
  facet normal -2.927523e-04 5.668455e-01 8.238241e-01
    outer loop
      vertex   1.461250e+01 5.790841e+00 1.665482e+00
      vertex   1.312702e+01 5.770144e+00 1.679196e+00
      vertex   1.478438e+01 5.669680e+00 1.748910e+00
    endloop
  endfacet
  facet normal 1.294055e-03 5.844313e-01 8.114422e-01
    outer loop
      vertex   1.478438e+01 5.669680e+00 1.748910e+00
      vertex   1.312702e+01 5.770144e+00 1.679196e+00
      vertex   1.312702e+01 5.556925e+00 1.832764e+00
    endloop
  endfacet
  facet normal -3.730979e-05 5.971018e-01 8.021655e-01
    outer loop
      vertex   1.478438e+01 5.669680e+00 1.748910e+00
      vertex   1.312702e+01 5.556925e+00 1.832764e+00
      vertex   1.496421e+01 5.556877e+00 1.832885e+00
    endloop
  endfacet
  facet normal -3.524801e-05 6.239878e-01 7.814341e-01
    outer loop
      vertex   1.496421e+01 5.556877e+00 1.832885e+00
      vertex   1.312702e+01 5.556925e+00 1.832764e+00
      vertex   1.515454e+01 5.451215e+00 1.917267e+00
    endloop
  endfacet
  facet normal 1.035833e-03 6.364464e-01 7.713203e-01
    outer loop
      vertex   1.515454e+01 5.451215e+00 1.917267e+00
      vertex   1.312702e+01 5.556925e+00 1.832764e+00
      vertex   1.312702e+01 5.354249e+00 2.000000e+00
    endloop
  endfacet
  facet normal 0.000000e+00 6.490690e-01 7.607295e-01
    outer loop
      vertex   1.515454e+01 5.451215e+00 1.917267e+00
      vertex   1.312702e+01 5.354249e+00 2.000000e+00
      vertex   1.535425e+01 5.354249e+00 2.000000e+00
    endloop
  endfacet
  facet normal -0.000000e+00 3.026835e-13 1.000000e+00
    outer loop
      vertex   1.700000e+01 3.500000e+01 2.000000e+00
      vertex   1.724216e+01 3.499266e+01 2.000000e+00
      vertex   2.500000e+01 3.500000e+01 2.000000e+00
    endloop
  endfacet
  facet normal 2.832795e-16 3.109040e-15 1.000000e+00
    outer loop
      vertex   2.500000e+01 3.500000e+01 2.000000e+00
      vertex   1.724216e+01 3.499266e+01 2.000000e+00
      vertex   1.748342e+01 3.497068e+01 2.000000e+00
    endloop
  endfacet
  facet normal 2.880443e-16 1.887476e-15 1.000000e+00
    outer loop
      vertex   2.500000e+01 3.500000e+01 2.000000e+00
      vertex   1.748342e+01 3.497068e+01 2.000000e+00
      vertex   1.772292e+01 3.493413e+01 2.000000e+00
    endloop
  endfacet
  facet normal 2.928156e-16 1.360347e-15 1.000000e+00
    outer loop
      vertex   1.772292e+01 3.493413e+01 2.000000e+00
      vertex   1.795976e+01 3.488315e+01 2.000000e+00
      vertex   2.500000e+01 3.500000e+01 2.000000e+00
    endloop
  endfacet
  facet normal 2.977177e-16 1.064988e-15 1.000000e+00
    outer loop
      vertex   2.500000e+01 3.500000e+01 2.000000e+00
      vertex   1.795976e+01 3.488315e+01 2.000000e+00
      vertex   1.819308e+01 3.481793e+01 2.000000e+00
    endloop
  endfacet
  facet normal 1.585452e-16 6.268043e-15 1.000000e+00
    outer loop
      vertex   2.500000e+01 3.500000e+01 2.000000e+00
      vertex   1.819308e+01 3.481793e+01 2.000000e+00
      vertex   2.500000e+01 3.464575e+01 2.000000e+00
    endloop
  endfacet
  facet normal 0.000000e+00 0.000000e+00 1.000000e+00
    outer loop
      vertex   2.500000e+01 3.464575e+01 2.000000e+00
      vertex   1.819308e+01 3.481793e+01 2.000000e+00
      vertex   1.842203e+01 3.473870e+01 2.000000e+00
    endloop
  endfacet
  facet normal 0.000000e+00 0.000000e+00 1.000000e+00
    outer loop
      vertex   2.500000e+01 3.464575e+01 2.000000e+00
      vertex   1.842203e+01 3.473870e+01 2.000000e+00
      vertex   1.864575e+01 3.464575e+01 2.000000e+00
    endloop
  endfacet
  facet normal 1.000000e+00 5.837709e-17 -1.776357e-15
    outer loop
      vertex   1.312702e+01 3.200000e+01 1.000000e+00
      vertex   1.312702e+01 3.226262e+01 1.008631e+00
      vertex   1.312702e+01 3.200000e+01 2.000000e+00
    endloop
  endfacet
  facet normal 1.000000e+00 1.726443e-16 -1.746086e-15
    outer loop
      vertex   1.312702e+01 3.200000e+01 2.000000e+00
      vertex   1.312702e+01 3.226262e+01 1.008631e+00
      vertex   1.312702e+01 3.252411e+01 1.034486e+00
    endloop
  endfacet
  facet normal 1.000000e+00 2.797766e-16 -1.687931e-15
    outer loop
      vertex   1.312702e+01 3.200000e+01 2.000000e+00
      vertex   1.312702e+01 3.252411e+01 1.034486e+00
      vertex   1.312702e+01 3.278334e+01 1.077453e+00
    endloop
  endfacet
  facet normal 1.000000e+00 3.760177e-16 -1.606212e-15
    outer loop
      vertex   1.312702e+01 3.278334e+01 1.077453e+00
      vertex   1.312702e+01 3.303919e+01 1.137347e+00
      vertex   1.312702e+01 3.200000e+01 2.000000e+00
    endloop
  endfacet
  facet normal 1.000000e+00 4.588468e-16 -1.506433e-15
    outer loop
      vertex   1.312702e+01 3.200000e+01 2.000000e+00
      vertex   1.312702e+01 3.303919e+01 1.137347e+00
      vertex   1.312702e+01 3.329055e+01 1.213911e+00
    endloop
  endfacet
  facet normal 1.000000e+00 5.270541e-16 -1.394454e-15
    outer loop
      vertex   1.312702e+01 3.200000e+01 2.000000e+00
      vertex   1.312702e+01 3.329055e+01 1.213911e+00
      vertex   1.312702e+01 3.353635e+01 1.306812e+00
    endloop
  endfacet
  facet normal 1.000000e+00 5.805903e-16 -1.275799e-15
    outer loop
      vertex   1.312702e+01 3.353635e+01 1.306812e+00
      vertex   1.312702e+01 3.377551e+01 1.415651e+00
      vertex   1.312702e+01 3.200000e+01 2.000000e+00
    endloop
  endfacet
  facet normal 1.000000e+00 6.202851e-16 -1.155188e-15
    outer loop
      vertex   1.312702e+01 3.200000e+01 2.000000e+00
      vertex   1.312702e+01 3.377551e+01 1.415651e+00
      vertex   1.312702e+01 3.400701e+01 1.539958e+00
    endloop
  endfacet
  facet normal 1.000000e+00 6.475295e-16 -1.036330e-15
    outer loop
      vertex   1.312702e+01 3.200000e+01 2.000000e+00
      vertex   1.312702e+01 3.400701e+01 1.539958e+00
      vertex   1.312702e+01 3.422986e+01 1.679196e+00
    endloop
  endfacet
  facet normal 1.000000e+00 6.639914e-16 -9.219060e-16
    outer loop
      vertex   1.312702e+01 3.422986e+01 1.679196e+00
      vertex   1.312702e+01 3.444308e+01 1.832764e+00
      vertex   1.312702e+01 3.200000e+01 2.000000e+00
    endloop
  endfacet
  facet normal 1.000000e+00 6.713998e-16 -8.136809e-16
    outer loop
      vertex   1.312702e+01 3.200000e+01 2.000000e+00
      vertex   1.312702e+01 3.444308e+01 1.832764e+00
      vertex   1.312702e+01 3.464575e+01 2.000000e+00
    endloop
  endfacet
  facet normal 9.993908e-01 3.489950e-02 0.000000e+00
    outer loop
      vertex   1.009744e+00 1.972097e+01 2.000000e+00
      vertex   1.009744e+00 1.972097e+01 1.000000e+00
      vertex   1.000000e+00 2.000000e+01 2.000000e+00
    endloop
  endfacet
  facet normal 9.993908e-01 3.489950e-02 0.000000e+00
    outer loop
      vertex   1.000000e+00 2.000000e+01 2.000000e+00
      vertex   1.009744e+00 1.972097e+01 1.000000e+00
      vertex   1.000000e+00 2.000000e+01 1.000000e+00
    endloop
  endfacet
  facet normal 9.993908e-01 -3.489950e-02 0.000000e+00
    outer loop
      vertex   1.000000e+00 2.000000e+01 2.000000e+00
      vertex   1.000000e+00 2.000000e+01 1.000000e+00
      vertex   1.009744e+00 2.027903e+01 2.000000e+00
    endloop
  endfacet
  facet normal 9.993908e-01 -3.489950e-02 0.000000e+00
    outer loop
      vertex   1.009744e+00 2.027903e+01 2.000000e+00
      vertex   1.000000e+00 2.000000e+01 1.000000e+00
      vertex   1.009744e+00 2.027903e+01 1.000000e+00
    endloop
  endfacet
  facet normal 9.945219e-01 -1.045285e-01 0.000000e+00
    outer loop
      vertex   1.009744e+00 2.027903e+01 2.000000e+00
      vertex   1.009744e+00 2.027903e+01 1.000000e+00
      vertex   1.038928e+00 2.055669e+01 2.000000e+00
    endloop
  endfacet
  facet normal 9.945219e-01 -1.045285e-01 0.000000e+00
    outer loop
      vertex   1.038928e+00 2.055669e+01 2.000000e+00
      vertex   1.009744e+00 2.027903e+01 1.000000e+00
      vertex   1.038928e+00 2.055669e+01 1.000000e+00
    endloop
  endfacet
  facet normal 9.848078e-01 -1.736482e-01 0.000000e+00
    outer loop
      vertex   1.038928e+00 2.055669e+01 2.000000e+00
      vertex   1.038928e+00 2.055669e+01 1.000000e+00
      vertex   1.087410e+00 2.083165e+01 2.000000e+00
    endloop
  endfacet
  facet normal 9.848078e-01 -1.736482e-01 4.373425e-16
    outer loop
      vertex   1.087410e+00 2.083165e+01 2.000000e+00
      vertex   1.038928e+00 2.055669e+01 1.000000e+00
      vertex   1.087410e+00 2.083165e+01 1.000000e+00
    endloop
  endfacet
  facet normal 9.702957e-01 -2.419219e-01 4.308979e-16
    outer loop
      vertex   1.087410e+00 2.083165e+01 2.000000e+00
      vertex   1.087410e+00 2.083165e+01 1.000000e+00
      vertex   1.154953e+00 2.110255e+01 2.000000e+00
    endloop
  endfacet
  facet normal 9.702957e-01 -2.419219e-01 -4.308979e-16
    outer loop
      vertex   1.154953e+00 2.110255e+01 2.000000e+00
      vertex   1.087410e+00 2.083165e+01 1.000000e+00
      vertex   1.154953e+00 2.110255e+01 1.000000e+00
    endloop
  endfacet
  facet normal 9.510565e-01 -3.090170e-01 -4.223539e-16
    outer loop
      vertex   1.154953e+00 2.110255e+01 2.000000e+00
      vertex   1.154953e+00 2.110255e+01 1.000000e+00
      vertex   1.241230e+00 2.136808e+01 2.000000e+00
    endloop
  endfacet
  facet normal 9.510565e-01 -3.090170e-01 -4.223539e-16
    outer loop
      vertex   1.241230e+00 2.136808e+01 2.000000e+00
      vertex   1.154953e+00 2.110255e+01 1.000000e+00
      vertex   1.241230e+00 2.136808e+01 1.000000e+00
    endloop
  endfacet
  facet normal 9.271839e-01 -3.746066e-01 -4.117523e-16
    outer loop
      vertex   1.241230e+00 2.136808e+01 2.000000e+00
      vertex   1.241230e+00 2.136808e+01 1.000000e+00
      vertex   1.345818e+00 2.162695e+01 2.000000e+00
    endloop
  endfacet
  facet normal 9.271839e-01 -3.746066e-01 -1.029381e-15
    outer loop
      vertex   1.345818e+00 2.162695e+01 2.000000e+00
      vertex   1.241230e+00 2.136808e+01 1.000000e+00
      vertex   1.345818e+00 2.162695e+01 1.000000e+00
    endloop
  endfacet
  facet normal 8.987940e-01 -4.383711e-01 -9.978618e-16
    outer loop
      vertex   1.345818e+00 2.162695e+01 2.000000e+00
      vertex   1.345818e+00 2.162695e+01 1.000000e+00
      vertex   1.468210e+00 2.187789e+01 2.000000e+00
    endloop
  endfacet
  facet normal 8.987940e-01 -4.383711e-01 0.000000e+00
    outer loop
      vertex   1.468210e+00 2.187789e+01 2.000000e+00
      vertex   1.345818e+00 2.162695e+01 1.000000e+00
      vertex   1.468210e+00 2.187789e+01 1.000000e+00
    endloop
  endfacet
  facet normal 8.660254e-01 -5.000000e-01 0.000000e+00
    outer loop
      vertex   1.468210e+00 2.187789e+01 2.000000e+00
      vertex   1.468210e+00 2.187789e+01 1.000000e+00
      vertex   1.607808e+00 2.211968e+01 2.000000e+00
    endloop
  endfacet
  facet normal 8.660254e-01 -5.000000e-01 0.000000e+00
    outer loop
      vertex   1.607808e+00 2.211968e+01 2.000000e+00
      vertex   1.468210e+00 2.187789e+01 1.000000e+00
      vertex   1.607808e+00 2.211968e+01 1.000000e+00
    endloop
  endfacet
  facet normal 8.290376e-01 -5.591929e-01 0.000000e+00
    outer loop
      vertex   1.607808e+00 2.211968e+01 2.000000e+00
      vertex   1.607808e+00 2.211968e+01 1.000000e+00
      vertex   1.763932e+00 2.235114e+01 2.000000e+00
    endloop
  endfacet
  facet normal 8.290376e-01 -5.591929e-01 0.000000e+00
    outer loop
      vertex   1.763932e+00 2.235114e+01 2.000000e+00
      vertex   1.607808e+00 2.211968e+01 1.000000e+00
      vertex   1.763932e+00 2.235114e+01 1.000000e+00
    endloop
  endfacet
  facet normal 7.880108e-01 -6.156615e-01 0.000000e+00
    outer loop
      vertex   1.763932e+00 2.235114e+01 2.000000e+00
      vertex   1.763932e+00 2.235114e+01 1.000000e+00
      vertex   1.935822e+00 2.257115e+01 2.000000e+00
    endloop
  endfacet
  facet normal 7.880108e-01 -6.156615e-01 0.000000e+00
    outer loop
      vertex   1.935822e+00 2.257115e+01 2.000000e+00
      vertex   1.763932e+00 2.235114e+01 1.000000e+00
      vertex   1.935822e+00 2.257115e+01 1.000000e+00
    endloop
  endfacet
  facet normal 7.431448e-01 -6.691306e-01 0.000000e+00
    outer loop
      vertex   1.935822e+00 2.257115e+01 2.000000e+00
      vertex   1.935822e+00 2.257115e+01 1.000000e+00
      vertex   2.122641e+00 2.277863e+01 2.000000e+00
    endloop
  endfacet
  facet normal 7.431448e-01 -6.691306e-01 0.000000e+00
    outer loop
      vertex   2.122641e+00 2.277863e+01 2.000000e+00
      vertex   1.935822e+00 2.257115e+01 1.000000e+00
      vertex   2.122641e+00 2.277863e+01 1.000000e+00
    endloop
  endfacet
  facet normal 6.946584e-01 -7.193398e-01 0.000000e+00
    outer loop
      vertex   2.122641e+00 2.277863e+01 2.000000e+00
      vertex   2.122641e+00 2.277863e+01 1.000000e+00
      vertex   2.323478e+00 2.297258e+01 2.000000e+00
    endloop
  endfacet
  facet normal 6.946584e-01 -7.193398e-01 0.000000e+00
    outer loop
      vertex   2.323478e+00 2.297258e+01 2.000000e+00
      vertex   2.122641e+00 2.277863e+01 1.000000e+00
      vertex   2.323478e+00 2.297258e+01 1.000000e+00
    endloop
  endfacet
  facet normal 6.427876e-01 -7.660444e-01 0.000000e+00
    outer loop
      vertex   2.323478e+00 2.297258e+01 2.000000e+00
      vertex   2.323478e+00 2.297258e+01 1.000000e+00
      vertex   2.537354e+00 2.315204e+01 2.000000e+00
    endloop
  endfacet
  facet normal 6.427876e-01 -7.660444e-01 4.872163e-15
    outer loop
      vertex   2.537354e+00 2.315204e+01 2.000000e+00
      vertex   2.323478e+00 2.297258e+01 1.000000e+00
      vertex   2.537354e+00 2.315204e+01 1.000000e+00
    endloop
  endfacet
  facet normal 5.877853e-01 -8.090170e-01 5.226353e-15
    outer loop
      vertex   2.537354e+00 2.315204e+01 2.000000e+00
      vertex   2.537354e+00 2.315204e+01 1.000000e+00
      vertex   2.763228e+00 2.331615e+01 2.000000e+00
    endloop
  endfacet
  facet normal 5.877853e-01 -8.090170e-01 -1.044116e-15
    outer loop
      vertex   2.763228e+00 2.331615e+01 2.000000e+00
      vertex   2.537354e+00 2.315204e+01 1.000000e+00
      vertex   2.763228e+00 2.331615e+01 1.000000e+00
    endloop
  endfacet
  facet normal 5.299193e-01 -8.480481e-01 -9.413257e-16
    outer loop
      vertex   2.763228e+00 2.331615e+01 2.000000e+00
      vertex   2.763228e+00 2.331615e+01 1.000000e+00
      vertex   3.000000e+00 2.346410e+01 2.000000e+00
    endloop
  endfacet
  facet normal 5.299193e-01 -8.480481e-01 0.000000e+00
    outer loop
      vertex   3.000000e+00 2.346410e+01 2.000000e+00
      vertex   2.763228e+00 2.331615e+01 1.000000e+00
      vertex   3.000000e+00 2.346410e+01 1.000000e+00
    endloop
  endfacet
  facet normal 4.694716e-01 -8.829476e-01 0.000000e+00
    outer loop
      vertex   3.000000e+00 2.346410e+01 2.000000e+00
      vertex   3.000000e+00 2.346410e+01 1.000000e+00
      vertex   3.246515e+00 2.359518e+01 2.000000e+00
    endloop
  endfacet
  facet normal 4.694716e-01 -8.829476e-01 0.000000e+00
    outer loop
      vertex   3.246515e+00 2.359518e+01 2.000000e+00
      vertex   3.000000e+00 2.346410e+01 1.000000e+00
      vertex   3.246515e+00 2.359518e+01 1.000000e+00
    endloop
  endfacet
  facet normal 4.067366e-01 -9.135455e-01 0.000000e+00
    outer loop
      vertex   3.246515e+00 2.359518e+01 2.000000e+00
      vertex   3.246515e+00 2.359518e+01 1.000000e+00
      vertex   3.501574e+00 2.370874e+01 2.000000e+00
    endloop
  endfacet
  facet normal 4.067366e-01 -9.135455e-01 -5.418821e-16
    outer loop
      vertex   3.501574e+00 2.370874e+01 2.000000e+00
      vertex   3.246515e+00 2.359518e+01 1.000000e+00
      vertex   3.501574e+00 2.370874e+01 1.000000e+00
    endloop
  endfacet
  facet normal 3.420201e-01 -9.396926e-01 -4.556624e-16
    outer loop
      vertex   3.501574e+00 2.370874e+01 2.000000e+00
      vertex   3.501574e+00 2.370874e+01 1.000000e+00
      vertex   3.763932e+00 2.380423e+01 2.000000e+00
    endloop
  endfacet
  facet normal 3.420201e-01 -9.396926e-01 0.000000e+00
    outer loop
      vertex   3.763932e+00 2.380423e+01 2.000000e+00
      vertex   3.501574e+00 2.370874e+01 1.000000e+00
      vertex   3.763932e+00 2.380423e+01 1.000000e+00
    endloop
  endfacet
  facet normal 2.756374e-01 -9.612617e-01 0.000000e+00
    outer loop
      vertex   3.763932e+00 2.380423e+01 2.000000e+00
      vertex   3.763932e+00 2.380423e+01 1.000000e+00
      vertex   4.032312e+00 2.388118e+01 2.000000e+00
    endloop
  endfacet
  facet normal 2.756374e-01 -9.612617e-01 0.000000e+00
    outer loop
      vertex   4.032312e+00 2.388118e+01 2.000000e+00
      vertex   3.763932e+00 2.380423e+01 1.000000e+00
      vertex   4.032312e+00 2.388118e+01 1.000000e+00
    endloop
  endfacet
  facet normal 2.079117e-01 -9.781476e-01 0.000000e+00
    outer loop
      vertex   4.032312e+00 2.388118e+01 2.000000e+00
      vertex   4.032312e+00 2.388118e+01 1.000000e+00
      vertex   4.305407e+00 2.393923e+01 2.000000e+00
    endloop
  endfacet
  facet normal 2.079117e-01 -9.781476e-01 1.846627e-16
    outer loop
      vertex   4.305407e+00 2.393923e+01 2.000000e+00
      vertex   4.032312e+00 2.388118e+01 1.000000e+00
      vertex   4.305407e+00 2.393923e+01 1.000000e+00
    endloop
  endfacet
  facet normal 1.391731e-01 -9.902681e-01 1.236105e-16
    outer loop
      vertex   4.305407e+00 2.393923e+01 2.000000e+00
      vertex   4.305407e+00 2.393923e+01 1.000000e+00
      vertex   4.581886e+00 2.397809e+01 2.000000e+00
    endloop
  endfacet
  facet normal 1.391731e-01 -9.902681e-01 1.236105e-16
    outer loop
      vertex   4.581886e+00 2.397809e+01 2.000000e+00
      vertex   4.305407e+00 2.393923e+01 1.000000e+00
      vertex   4.581886e+00 2.397809e+01 1.000000e+00
    endloop
  endfacet
  facet normal 6.975647e-02 -9.975641e-01 6.195619e-17
    outer loop
      vertex   4.581886e+00 2.397809e+01 2.000000e+00
      vertex   4.581886e+00 2.397809e+01 1.000000e+00
      vertex   4.860402e+00 2.399756e+01 2.000000e+00
    endloop
  endfacet
  facet normal 6.975647e-02 -9.975641e-01 -1.239124e-16
    outer loop
      vertex   4.860402e+00 2.399756e+01 2.000000e+00
      vertex   4.581886e+00 2.397809e+01 1.000000e+00
      vertex   4.860402e+00 2.399756e+01 1.000000e+00
    endloop
  endfacet
  facet normal 0.000000e+00 -1.000000e+00 -0.000000e+00
    outer loop
      vertex   4.860402e+00 2.399756e+01 2.000000e+00
      vertex   4.860402e+00 2.399756e+01 1.000000e+00
      vertex   5.139598e+00 2.399756e+01 2.000000e+00
    endloop
  endfacet
  facet normal 0.000000e+00 -1.000000e+00 0.000000e+00
    outer loop
      vertex   5.139598e+00 2.399756e+01 2.000000e+00
      vertex   4.860402e+00 2.399756e+01 1.000000e+00
      vertex   5.139598e+00 2.399756e+01 1.000000e+00
    endloop
  endfacet
  facet normal -6.975647e-02 -9.975641e-01 6.195619e-17
    outer loop
      vertex   5.139598e+00 2.399756e+01 2.000000e+00
      vertex   5.139598e+00 2.399756e+01 1.000000e+00
      vertex   5.418114e+00 2.397809e+01 2.000000e+00
    endloop
  endfacet
  facet normal -6.975647e-02 -9.975641e-01 1.239124e-16
    outer loop
      vertex   5.418114e+00 2.397809e+01 2.000000e+00
      vertex   5.139598e+00 2.399756e+01 1.000000e+00
      vertex   5.418114e+00 2.397809e+01 1.000000e+00
    endloop
  endfacet
  facet normal -1.391731e-01 -9.902681e-01 2.472211e-16
    outer loop
      vertex   5.418114e+00 2.397809e+01 2.000000e+00
      vertex   5.418114e+00 2.397809e+01 1.000000e+00
      vertex   5.694593e+00 2.393923e+01 2.000000e+00
    endloop
  endfacet
  facet normal -1.391731e-01 -9.902681e-01 2.472211e-16
    outer loop
      vertex   5.694593e+00 2.393923e+01 2.000000e+00
      vertex   5.418114e+00 2.397809e+01 1.000000e+00
      vertex   5.694593e+00 2.393923e+01 1.000000e+00
    endloop
  endfacet
  facet normal -2.079117e-01 -9.781476e-01 3.693254e-16
    outer loop
      vertex   5.694593e+00 2.393923e+01 2.000000e+00
      vertex   5.694593e+00 2.393923e+01 1.000000e+00
      vertex   5.967688e+00 2.388118e+01 2.000000e+00
    endloop
  endfacet
  facet normal -2.079117e-01 -9.781476e-01 1.846627e-16
    outer loop
      vertex   5.967688e+00 2.388118e+01 2.000000e+00
      vertex   5.694593e+00 2.393923e+01 1.000000e+00
      vertex   5.967688e+00 2.388118e+01 1.000000e+00
    endloop
  endfacet
  facet normal -2.756374e-01 -9.612617e-01 2.448152e-16
    outer loop
      vertex   5.967688e+00 2.388118e+01 2.000000e+00
      vertex   5.967688e+00 2.388118e+01 1.000000e+00
      vertex   6.236068e+00 2.380423e+01 2.000000e+00
    endloop
  endfacet
  facet normal -2.756374e-01 -9.612617e-01 -0.000000e+00
    outer loop
      vertex   6.236068e+00 2.380423e+01 2.000000e+00
      vertex   5.967688e+00 2.388118e+01 1.000000e+00
      vertex   6.236068e+00 2.380423e+01 1.000000e+00
    endloop
  endfacet
  facet normal -3.420201e-01 -9.396926e-01 -0.000000e+00
    outer loop
      vertex   6.236068e+00 2.380423e+01 2.000000e+00
      vertex   6.236068e+00 2.380423e+01 1.000000e+00
      vertex   6.498426e+00 2.370874e+01 2.000000e+00
    endloop
  endfacet
  facet normal -3.420201e-01 -9.396926e-01 -0.000000e+00
    outer loop
      vertex   6.498426e+00 2.370874e+01 2.000000e+00
      vertex   6.236068e+00 2.380423e+01 1.000000e+00
      vertex   6.498426e+00 2.370874e+01 1.000000e+00
    endloop
  endfacet
  facet normal -4.067366e-01 -9.135455e-01 -0.000000e+00
    outer loop
      vertex   6.498426e+00 2.370874e+01 2.000000e+00
      vertex   6.498426e+00 2.370874e+01 1.000000e+00
      vertex   6.753485e+00 2.359518e+01 2.000000e+00
    endloop
  endfacet
  facet normal -4.067366e-01 -9.135455e-01 -0.000000e+00
    outer loop
      vertex   6.753485e+00 2.359518e+01 2.000000e+00
      vertex   6.498426e+00 2.370874e+01 1.000000e+00
      vertex   6.753485e+00 2.359518e+01 1.000000e+00
    endloop
  endfacet
  facet normal -4.694716e-01 -8.829476e-01 -0.000000e+00
    outer loop
      vertex   6.753485e+00 2.359518e+01 2.000000e+00
      vertex   6.753485e+00 2.359518e+01 1.000000e+00
      vertex   7.000000e+00 2.346410e+01 2.000000e+00
    endloop
  endfacet
  facet normal -4.694716e-01 -8.829476e-01 -8.339490e-16
    outer loop
      vertex   7.000000e+00 2.346410e+01 2.000000e+00
      vertex   6.753485e+00 2.359518e+01 1.000000e+00
      vertex   7.000000e+00 2.346410e+01 1.000000e+00
    endloop
  endfacet
  facet normal -5.299193e-01 -8.480481e-01 -9.413257e-16
    outer loop
      vertex   7.000000e+00 2.346410e+01 2.000000e+00
      vertex   7.000000e+00 2.346410e+01 1.000000e+00
      vertex   7.236772e+00 2.331615e+01 2.000000e+00
    endloop
  endfacet
  facet normal -5.299193e-01 -8.480481e-01 -2.542209e-15
    outer loop
      vertex   7.236772e+00 2.331615e+01 2.000000e+00
      vertex   7.000000e+00 2.346410e+01 1.000000e+00
      vertex   7.236772e+00 2.331615e+01 1.000000e+00
    endloop
  endfacet
  facet normal -5.877853e-01 -8.090170e-01 -2.352148e-15
    outer loop
      vertex   7.236772e+00 2.331615e+01 2.000000e+00
      vertex   7.236772e+00 2.331615e+01 1.000000e+00
      vertex   7.462646e+00 2.315204e+01 2.000000e+00
    endloop
  endfacet
  facet normal -5.877853e-01 -8.090170e-01 -4.182237e-15
    outer loop
      vertex   7.462646e+00 2.315204e+01 2.000000e+00
      vertex   7.236772e+00 2.331615e+01 1.000000e+00
      vertex   7.462646e+00 2.315204e+01 1.000000e+00
    endloop
  endfacet
  facet normal -6.427876e-01 -7.660444e-01 -3.730343e-15
    outer loop
      vertex   7.462646e+00 2.315204e+01 2.000000e+00
      vertex   7.462646e+00 2.315204e+01 1.000000e+00
      vertex   7.676522e+00 2.297258e+01 2.000000e+00
    endloop
  endfacet
  facet normal -6.427876e-01 -7.660444e-01 5.709101e-16
    outer loop
      vertex   7.676522e+00 2.297258e+01 2.000000e+00
      vertex   7.462646e+00 2.315204e+01 1.000000e+00
      vertex   7.676522e+00 2.297258e+01 1.000000e+00
    endloop
  endfacet
  facet normal -6.946584e-01 -7.193398e-01 6.169806e-16
    outer loop
      vertex   7.676522e+00 2.297258e+01 2.000000e+00
      vertex   7.676522e+00 2.297258e+01 1.000000e+00
      vertex   7.877359e+00 2.277863e+01 2.000000e+00
    endloop
  endfacet
  facet normal -6.946584e-01 -7.193398e-01 1.850942e-15
    outer loop
      vertex   7.877359e+00 2.277863e+01 2.000000e+00
      vertex   7.676522e+00 2.297258e+01 1.000000e+00
      vertex   7.877359e+00 2.277863e+01 1.000000e+00
    endloop
  endfacet
  facet normal -7.431448e-01 -6.691306e-01 1.980136e-15
    outer loop
      vertex   7.877359e+00 2.277863e+01 2.000000e+00
      vertex   7.877359e+00 2.277863e+01 1.000000e+00
      vertex   8.064178e+00 2.257115e+01 2.000000e+00
    endloop
  endfacet
  facet normal -7.431448e-01 -6.691306e-01 -0.000000e+00
    outer loop
      vertex   8.064178e+00 2.257115e+01 2.000000e+00
      vertex   7.877359e+00 2.277863e+01 1.000000e+00
      vertex   8.064178e+00 2.257115e+01 1.000000e+00
    endloop
  endfacet
  facet normal -7.880108e-01 -6.156615e-01 -0.000000e+00
    outer loop
      vertex   8.064178e+00 2.257115e+01 2.000000e+00
      vertex   8.064178e+00 2.257115e+01 1.000000e+00
      vertex   8.236068e+00 2.235114e+01 2.000000e+00
    endloop
  endfacet
  facet normal -7.880108e-01 -6.156615e-01 -0.000000e+00
    outer loop
      vertex   8.236068e+00 2.235114e+01 2.000000e+00
      vertex   8.064178e+00 2.257115e+01 1.000000e+00
      vertex   8.236068e+00 2.235114e+01 1.000000e+00
    endloop
  endfacet
  facet normal -8.290376e-01 -5.591929e-01 -0.000000e+00
    outer loop
      vertex   8.236068e+00 2.235114e+01 2.000000e+00
      vertex   8.236068e+00 2.235114e+01 1.000000e+00
      vertex   8.392192e+00 2.211968e+01 2.000000e+00
    endloop
  endfacet
  facet normal -8.290376e-01 -5.591929e-01 -0.000000e+00
    outer loop
      vertex   8.392192e+00 2.211968e+01 2.000000e+00
      vertex   8.236068e+00 2.235114e+01 1.000000e+00
      vertex   8.392192e+00 2.211968e+01 1.000000e+00
    endloop
  endfacet
  facet normal -8.660254e-01 -5.000000e-01 -0.000000e+00
    outer loop
      vertex   8.392192e+00 2.211968e+01 2.000000e+00
      vertex   8.392192e+00 2.211968e+01 1.000000e+00
      vertex   8.531790e+00 2.187789e+01 2.000000e+00
    endloop
  endfacet
  facet normal -8.660254e-01 -5.000000e-01 -1.776357e-15
    outer loop
      vertex   8.531790e+00 2.187789e+01 2.000000e+00
      vertex   8.392192e+00 2.211968e+01 1.000000e+00
      vertex   8.531790e+00 2.187789e+01 1.000000e+00
    endloop
  endfacet
  facet normal -8.987940e-01 -4.383711e-01 -1.557407e-15
    outer loop
      vertex   8.531790e+00 2.187789e+01 2.000000e+00
      vertex   8.531790e+00 2.187789e+01 1.000000e+00
      vertex   8.654182e+00 2.162695e+01 2.000000e+00
    endloop
  endfacet
  facet normal -8.987940e-01 -4.383711e-01 -0.000000e+00
    outer loop
      vertex   8.654182e+00 2.162695e+01 2.000000e+00
      vertex   8.531790e+00 2.187789e+01 1.000000e+00
      vertex   8.654182e+00 2.162695e+01 1.000000e+00
    endloop
  endfacet
  facet normal -9.271839e-01 -3.746066e-01 -0.000000e+00
    outer loop
      vertex   8.654182e+00 2.162695e+01 2.000000e+00
      vertex   8.654182e+00 2.162695e+01 1.000000e+00
      vertex   8.758771e+00 2.136808e+01 2.000000e+00
    endloop
  endfacet
  facet normal -9.271839e-01 -3.746066e-01 -0.000000e+00
    outer loop
      vertex   8.758771e+00 2.136808e+01 2.000000e+00
      vertex   8.654182e+00 2.162695e+01 1.000000e+00
      vertex   8.758771e+00 2.136808e+01 1.000000e+00
    endloop
  endfacet
  facet normal -9.510565e-01 -3.090170e-01 -0.000000e+00
    outer loop
      vertex   8.758771e+00 2.136808e+01 2.000000e+00
      vertex   8.758771e+00 2.136808e+01 1.000000e+00
      vertex   8.845047e+00 2.110255e+01 2.000000e+00
    endloop
  endfacet
  facet normal -9.510565e-01 -3.090170e-01 -0.000000e+00
    outer loop
      vertex   8.845047e+00 2.110255e+01 2.000000e+00
      vertex   8.758771e+00 2.136808e+01 1.000000e+00
      vertex   8.845047e+00 2.110255e+01 1.000000e+00
    endloop
  endfacet
  facet normal -9.702957e-01 -2.419219e-01 -0.000000e+00
    outer loop
      vertex   8.845047e+00 2.110255e+01 2.000000e+00
      vertex   8.845047e+00 2.110255e+01 1.000000e+00
      vertex   8.912590e+00 2.083165e+01 2.000000e+00
    endloop
  endfacet
  facet normal -9.702957e-01 -2.419219e-01 -0.000000e+00
    outer loop
      vertex   8.912590e+00 2.083165e+01 2.000000e+00
      vertex   8.845047e+00 2.110255e+01 1.000000e+00
      vertex   8.912590e+00 2.083165e+01 1.000000e+00
    endloop
  endfacet
  facet normal -9.848078e-01 -1.736482e-01 -0.000000e+00
    outer loop
      vertex   8.912590e+00 2.083165e+01 2.000000e+00
      vertex   8.912590e+00 2.083165e+01 1.000000e+00
      vertex   8.961072e+00 2.055669e+01 2.000000e+00
    endloop
  endfacet
  facet normal -9.848078e-01 -1.736482e-01 -6.169223e-16
    outer loop
      vertex   8.961072e+00 2.055669e+01 2.000000e+00
      vertex   8.912590e+00 2.083165e+01 1.000000e+00
      vertex   8.961072e+00 2.055669e+01 1.000000e+00
    endloop
  endfacet
  facet normal -9.945219e-01 -1.045285e-01 -3.713597e-16
    outer loop
      vertex   8.961072e+00 2.055669e+01 2.000000e+00
      vertex   8.961072e+00 2.055669e+01 1.000000e+00
      vertex   8.990256e+00 2.027903e+01 2.000000e+00
    endloop
  endfacet
  facet normal -9.945219e-01 -1.045285e-01 -0.000000e+00
    outer loop
      vertex   8.990256e+00 2.027903e+01 2.000000e+00
      vertex   8.961072e+00 2.055669e+01 1.000000e+00
      vertex   8.990256e+00 2.027903e+01 1.000000e+00
    endloop
  endfacet
  facet normal -9.993908e-01 -3.489950e-02 -0.000000e+00
    outer loop
      vertex   8.990256e+00 2.027903e+01 2.000000e+00
      vertex   8.990256e+00 2.027903e+01 1.000000e+00
      vertex   9.000000e+00 2.000000e+01 2.000000e+00
    endloop
  endfacet
  facet normal -9.993908e-01 -3.489950e-02 -0.000000e+00
    outer loop
      vertex   9.000000e+00 2.000000e+01 2.000000e+00
      vertex   8.990256e+00 2.027903e+01 1.000000e+00
      vertex   9.000000e+00 2.000000e+01 1.000000e+00
    endloop
  endfacet
  facet normal -9.993908e-01 3.489950e-02 0.000000e+00
    outer loop
      vertex   9.000000e+00 2.000000e+01 2.000000e+00
      vertex   9.000000e+00 2.000000e+01 1.000000e+00
      vertex   8.990256e+00 1.972097e+01 2.000000e+00
    endloop
  endfacet
  facet normal -9.993908e-01 3.489950e-02 0.000000e+00
    outer loop
      vertex   8.990256e+00 1.972097e+01 2.000000e+00
      vertex   9.000000e+00 2.000000e+01 1.000000e+00
      vertex   8.990256e+00 1.972097e+01 1.000000e+00
    endloop
  endfacet
  facet normal -9.945219e-01 1.045285e-01 0.000000e+00
    outer loop
      vertex   8.990256e+00 1.972097e+01 2.000000e+00
      vertex   8.990256e+00 1.972097e+01 1.000000e+00
      vertex   8.961072e+00 1.944331e+01 2.000000e+00
    endloop
  endfacet
  facet normal -9.945219e-01 1.045285e-01 0.000000e+00
    outer loop
      vertex   8.961072e+00 1.944331e+01 2.000000e+00
      vertex   8.990256e+00 1.972097e+01 1.000000e+00
      vertex   8.961072e+00 1.944331e+01 1.000000e+00
    endloop
  endfacet
  facet normal -9.848078e-01 1.736482e-01 0.000000e+00
    outer loop
      vertex   8.961072e+00 1.944331e+01 2.000000e+00
      vertex   8.961072e+00 1.944331e+01 1.000000e+00
      vertex   8.912590e+00 1.916835e+01 2.000000e+00
    endloop
  endfacet
  facet normal -9.848078e-01 1.736482e-01 6.169223e-16
    outer loop
      vertex   8.912590e+00 1.916835e+01 2.000000e+00
      vertex   8.961072e+00 1.944331e+01 1.000000e+00
      vertex   8.912590e+00 1.916835e+01 1.000000e+00
    endloop
  endfacet
  facet normal -9.702957e-01 2.419219e-01 8.594792e-16
    outer loop
      vertex   8.912590e+00 1.916835e+01 2.000000e+00
      vertex   8.912590e+00 1.916835e+01 1.000000e+00
      vertex   8.845047e+00 1.889745e+01 2.000000e+00
    endloop
  endfacet
  facet normal -9.702957e-01 2.419219e-01 0.000000e+00
    outer loop
      vertex   8.845047e+00 1.889745e+01 2.000000e+00
      vertex   8.912590e+00 1.916835e+01 1.000000e+00
      vertex   8.845047e+00 1.889745e+01 1.000000e+00
    endloop
  endfacet
  facet normal -9.510565e-01 3.090170e-01 0.000000e+00
    outer loop
      vertex   8.845047e+00 1.889745e+01 2.000000e+00
      vertex   8.845047e+00 1.889745e+01 1.000000e+00
      vertex   8.758771e+00 1.863192e+01 2.000000e+00
    endloop
  endfacet
  facet normal -9.510565e-01 3.090170e-01 0.000000e+00
    outer loop
      vertex   8.758771e+00 1.863192e+01 2.000000e+00
      vertex   8.845047e+00 1.889745e+01 1.000000e+00
      vertex   8.758771e+00 1.863192e+01 1.000000e+00
    endloop
  endfacet
  facet normal -9.271839e-01 3.746066e-01 0.000000e+00
    outer loop
      vertex   8.758771e+00 1.863192e+01 2.000000e+00
      vertex   8.758771e+00 1.863192e+01 1.000000e+00
      vertex   8.654182e+00 1.837305e+01 2.000000e+00
    endloop
  endfacet
  facet normal -9.271839e-01 3.746066e-01 0.000000e+00
    outer loop
      vertex   8.654182e+00 1.837305e+01 2.000000e+00
      vertex   8.758771e+00 1.863192e+01 1.000000e+00
      vertex   8.654182e+00 1.837305e+01 1.000000e+00
    endloop
  endfacet
  facet normal -8.987940e-01 4.383711e-01 0.000000e+00
    outer loop
      vertex   8.654182e+00 1.837305e+01 2.000000e+00
      vertex   8.654182e+00 1.837305e+01 1.000000e+00
      vertex   8.531790e+00 1.812211e+01 2.000000e+00
    endloop
  endfacet
  facet normal -8.987940e-01 4.383711e-01 1.557407e-15
    outer loop
      vertex   8.531790e+00 1.812211e+01 2.000000e+00
      vertex   8.654182e+00 1.837305e+01 1.000000e+00
      vertex   8.531790e+00 1.812211e+01 1.000000e+00
    endloop
  endfacet
  facet normal -8.660254e-01 5.000000e-01 1.776357e-15
    outer loop
      vertex   8.531790e+00 1.812211e+01 2.000000e+00
      vertex   8.531790e+00 1.812211e+01 1.000000e+00
      vertex   8.392192e+00 1.788032e+01 2.000000e+00
    endloop
  endfacet
  facet normal -8.660254e-01 5.000000e-01 0.000000e+00
    outer loop
      vertex   8.392192e+00 1.788032e+01 2.000000e+00
      vertex   8.531790e+00 1.812211e+01 1.000000e+00
      vertex   8.392192e+00 1.788032e+01 1.000000e+00
    endloop
  endfacet
  facet normal -8.290376e-01 5.591929e-01 0.000000e+00
    outer loop
      vertex   8.392192e+00 1.788032e+01 2.000000e+00
      vertex   8.392192e+00 1.788032e+01 1.000000e+00
      vertex   8.236068e+00 1.764886e+01 2.000000e+00
    endloop
  endfacet
  facet normal -8.290376e-01 5.591929e-01 0.000000e+00
    outer loop
      vertex   8.236068e+00 1.764886e+01 2.000000e+00
      vertex   8.392192e+00 1.788032e+01 1.000000e+00
      vertex   8.236068e+00 1.764886e+01 1.000000e+00
    endloop
  endfacet
  facet normal -7.880108e-01 6.156615e-01 0.000000e+00
    outer loop
      vertex   8.236068e+00 1.764886e+01 2.000000e+00
      vertex   8.236068e+00 1.764886e+01 1.000000e+00
      vertex   8.064178e+00 1.742885e+01 2.000000e+00
    endloop
  endfacet
  facet normal -7.880108e-01 6.156615e-01 0.000000e+00
    outer loop
      vertex   8.064178e+00 1.742885e+01 2.000000e+00
      vertex   8.236068e+00 1.764886e+01 1.000000e+00
      vertex   8.064178e+00 1.742885e+01 1.000000e+00
    endloop
  endfacet
  facet normal -7.431448e-01 6.691306e-01 0.000000e+00
    outer loop
      vertex   8.064178e+00 1.742885e+01 2.000000e+00
      vertex   8.064178e+00 1.742885e+01 1.000000e+00
      vertex   7.877359e+00 1.722137e+01 2.000000e+00
    endloop
  endfacet
  facet normal -7.431448e-01 6.691306e-01 3.970939e-16
    outer loop
      vertex   7.877359e+00 1.722137e+01 2.000000e+00
      vertex   8.064178e+00 1.742885e+01 1.000000e+00
      vertex   7.877359e+00 1.722137e+01 1.000000e+00
    endloop
  endfacet
  facet normal -6.946584e-01 7.193398e-01 7.046666e-16
    outer loop
      vertex   7.877359e+00 1.722137e+01 2.000000e+00
      vertex   7.877359e+00 1.722137e+01 1.000000e+00
      vertex   7.676522e+00 1.702742e+01 2.000000e+00
    endloop
  endfacet
  facet normal -6.946584e-01 7.193398e-01 -6.169806e-16
    outer loop
      vertex   7.676522e+00 1.702742e+01 2.000000e+00
      vertex   7.877359e+00 1.722137e+01 1.000000e+00
      vertex   7.676522e+00 1.702742e+01 1.000000e+00
    endloop
  endfacet
  facet normal -6.427876e-01 7.660444e-01 -5.709101e-16
    outer loop
      vertex   7.676522e+00 1.702742e+01 2.000000e+00
      vertex   7.676522e+00 1.702742e+01 1.000000e+00
      vertex   7.462646e+00 1.684796e+01 2.000000e+00
    endloop
  endfacet
  facet normal -6.427876e-01 7.660444e-01 -1.712730e-15
    outer loop
      vertex   7.462646e+00 1.684796e+01 2.000000e+00
      vertex   7.676522e+00 1.702742e+01 1.000000e+00
      vertex   7.462646e+00 1.684796e+01 1.000000e+00
    endloop
  endfacet
  facet normal -5.877853e-01 8.090170e-01 -1.566175e-15
    outer loop
      vertex   7.462646e+00 1.684796e+01 2.000000e+00
      vertex   7.462646e+00 1.684796e+01 1.000000e+00
      vertex   7.236772e+00 1.668385e+01 2.000000e+00
    endloop
  endfacet
  facet normal -5.877853e-01 8.090170e-01 -5.220582e-16
    outer loop
      vertex   7.236772e+00 1.668385e+01 2.000000e+00
      vertex   7.462646e+00 1.684796e+01 1.000000e+00
      vertex   7.236772e+00 1.668385e+01 1.000000e+00
    endloop
  endfacet
  facet normal -5.299193e-01 8.480481e-01 -4.706629e-16
    outer loop
      vertex   7.236772e+00 1.668385e+01 2.000000e+00
      vertex   7.236772e+00 1.668385e+01 1.000000e+00
      vertex   7.000000e+00 1.653590e+01 2.000000e+00
    endloop
  endfacet
  facet normal -5.299193e-01 8.480481e-01 -2.071546e-15
    outer loop
      vertex   7.000000e+00 1.653590e+01 2.000000e+00
      vertex   7.236772e+00 1.668385e+01 1.000000e+00
      vertex   7.000000e+00 1.653590e+01 1.000000e+00
    endloop
  endfacet
  facet normal -4.694716e-01 8.829476e-01 -2.302911e-15
    outer loop
      vertex   7.000000e+00 1.653590e+01 2.000000e+00
      vertex   7.000000e+00 1.653590e+01 1.000000e+00
      vertex   6.753485e+00 1.640482e+01 2.000000e+00
    endloop
  endfacet
  facet normal -4.694716e-01 8.829476e-01 0.000000e+00
    outer loop
      vertex   6.753485e+00 1.640482e+01 2.000000e+00
      vertex   7.000000e+00 1.653590e+01 1.000000e+00
      vertex   6.753485e+00 1.640482e+01 1.000000e+00
    endloop
  endfacet
  facet normal -4.067366e-01 9.135455e-01 0.000000e+00
    outer loop
      vertex   6.753485e+00 1.640482e+01 2.000000e+00
      vertex   6.753485e+00 1.640482e+01 1.000000e+00
      vertex   6.498426e+00 1.629126e+01 2.000000e+00
    endloop
  endfacet
  facet normal -4.067366e-01 9.135455e-01 0.000000e+00
    outer loop
      vertex   6.498426e+00 1.629126e+01 2.000000e+00
      vertex   6.753485e+00 1.640482e+01 1.000000e+00
      vertex   6.498426e+00 1.629126e+01 1.000000e+00
    endloop
  endfacet
  facet normal -3.420201e-01 9.396926e-01 0.000000e+00
    outer loop
      vertex   6.498426e+00 1.629126e+01 2.000000e+00
      vertex   6.498426e+00 1.629126e+01 1.000000e+00
      vertex   6.236068e+00 1.619577e+01 2.000000e+00
    endloop
  endfacet
  facet normal -3.420201e-01 9.396926e-01 0.000000e+00
    outer loop
      vertex   6.236068e+00 1.619577e+01 2.000000e+00
      vertex   6.498426e+00 1.629126e+01 1.000000e+00
      vertex   6.236068e+00 1.619577e+01 1.000000e+00
    endloop
  endfacet
  facet normal -2.756374e-01 9.612617e-01 0.000000e+00
    outer loop
      vertex   6.236068e+00 1.619577e+01 2.000000e+00
      vertex   6.236068e+00 1.619577e+01 1.000000e+00
      vertex   5.967688e+00 1.611882e+01 2.000000e+00
    endloop
  endfacet
  facet normal -2.756374e-01 9.612617e-01 -2.448152e-16
    outer loop
      vertex   5.967688e+00 1.611882e+01 2.000000e+00
      vertex   6.236068e+00 1.619577e+01 1.000000e+00
      vertex   5.967688e+00 1.611882e+01 1.000000e+00
    endloop
  endfacet
  facet normal -2.079117e-01 9.781476e-01 -1.846627e-16
    outer loop
      vertex   5.967688e+00 1.611882e+01 2.000000e+00
      vertex   5.967688e+00 1.611882e+01 1.000000e+00
      vertex   5.694593e+00 1.606077e+01 2.000000e+00
    endloop
  endfacet
  facet normal -2.079117e-01 9.781476e-01 -3.693254e-16
    outer loop
      vertex   5.694593e+00 1.606077e+01 2.000000e+00
      vertex   5.967688e+00 1.611882e+01 1.000000e+00
      vertex   5.694593e+00 1.606077e+01 1.000000e+00
    endloop
  endfacet
  facet normal -1.391731e-01 9.902681e-01 -2.472211e-16
    outer loop
      vertex   5.694593e+00 1.606077e+01 2.000000e+00
      vertex   5.694593e+00 1.606077e+01 1.000000e+00
      vertex   5.418114e+00 1.602191e+01 2.000000e+00
    endloop
  endfacet
  facet normal -1.391731e-01 9.902681e-01 -2.472211e-16
    outer loop
      vertex   5.418114e+00 1.602191e+01 2.000000e+00
      vertex   5.694593e+00 1.606077e+01 1.000000e+00
      vertex   5.418114e+00 1.602191e+01 1.000000e+00
    endloop
  endfacet
  facet normal -6.975647e-02 9.975641e-01 -1.239124e-16
    outer loop
      vertex   5.418114e+00 1.602191e+01 2.000000e+00
      vertex   5.418114e+00 1.602191e+01 1.000000e+00
      vertex   5.139598e+00 1.600244e+01 2.000000e+00
    endloop
  endfacet
  facet normal -6.975647e-02 9.975641e-01 -6.195619e-17
    outer loop
      vertex   5.139598e+00 1.600244e+01 2.000000e+00
      vertex   5.418114e+00 1.602191e+01 1.000000e+00
      vertex   5.139598e+00 1.600244e+01 1.000000e+00
    endloop
  endfacet
  facet normal 0.000000e+00 1.000000e+00 0.000000e+00
    outer loop
      vertex   5.139598e+00 1.600244e+01 2.000000e+00
      vertex   5.139598e+00 1.600244e+01 1.000000e+00
      vertex   4.860402e+00 1.600244e+01 2.000000e+00
    endloop
  endfacet
  facet normal 0.000000e+00 1.000000e+00 0.000000e+00
    outer loop
      vertex   4.860402e+00 1.600244e+01 2.000000e+00
      vertex   5.139598e+00 1.600244e+01 1.000000e+00
      vertex   4.860402e+00 1.600244e+01 1.000000e+00
    endloop
  endfacet
  facet normal 6.975647e-02 9.975641e-01 1.239124e-16
    outer loop
      vertex   4.860402e+00 1.600244e+01 2.000000e+00
      vertex   4.860402e+00 1.600244e+01 1.000000e+00
      vertex   4.581886e+00 1.602191e+01 2.000000e+00
    endloop
  endfacet
  facet normal 6.975647e-02 9.975641e-01 -6.195619e-17
    outer loop
      vertex   4.581886e+00 1.602191e+01 2.000000e+00
      vertex   4.860402e+00 1.600244e+01 1.000000e+00
      vertex   4.581886e+00 1.602191e+01 1.000000e+00
    endloop
  endfacet
  facet normal 1.391731e-01 9.902681e-01 -1.236105e-16
    outer loop
      vertex   4.581886e+00 1.602191e+01 2.000000e+00
      vertex   4.581886e+00 1.602191e+01 1.000000e+00
      vertex   4.305407e+00 1.606077e+01 2.000000e+00
    endloop
  endfacet
  facet normal 1.391731e-01 9.902681e-01 -1.236105e-16
    outer loop
      vertex   4.305407e+00 1.606077e+01 2.000000e+00
      vertex   4.581886e+00 1.602191e+01 1.000000e+00
      vertex   4.305407e+00 1.606077e+01 1.000000e+00
    endloop
  endfacet
  facet normal 2.079117e-01 9.781476e-01 -1.846627e-16
    outer loop
      vertex   4.305407e+00 1.606077e+01 2.000000e+00
      vertex   4.305407e+00 1.606077e+01 1.000000e+00
      vertex   4.032312e+00 1.611882e+01 2.000000e+00
    endloop
  endfacet
  facet normal 2.079117e-01 9.781476e-01 0.000000e+00
    outer loop
      vertex   4.032312e+00 1.611882e+01 2.000000e+00
      vertex   4.305407e+00 1.606077e+01 1.000000e+00
      vertex   4.032312e+00 1.611882e+01 1.000000e+00
    endloop
  endfacet
  facet normal 2.756374e-01 9.612617e-01 0.000000e+00
    outer loop
      vertex   4.032312e+00 1.611882e+01 2.000000e+00
      vertex   4.032312e+00 1.611882e+01 1.000000e+00
      vertex   3.763932e+00 1.619577e+01 2.000000e+00
    endloop
  endfacet
  facet normal 2.756374e-01 9.612617e-01 0.000000e+00
    outer loop
      vertex   3.763932e+00 1.619577e+01 2.000000e+00
      vertex   4.032312e+00 1.611882e+01 1.000000e+00
      vertex   3.763932e+00 1.619577e+01 1.000000e+00
    endloop
  endfacet
  facet normal 3.420201e-01 9.396926e-01 0.000000e+00
    outer loop
      vertex   3.763932e+00 1.619577e+01 2.000000e+00
      vertex   3.763932e+00 1.619577e+01 1.000000e+00
      vertex   3.501574e+00 1.629126e+01 2.000000e+00
    endloop
  endfacet
  facet normal 3.420201e-01 9.396926e-01 4.556624e-16
    outer loop
      vertex   3.501574e+00 1.629126e+01 2.000000e+00
      vertex   3.763932e+00 1.619577e+01 1.000000e+00
      vertex   3.501574e+00 1.629126e+01 1.000000e+00
    endloop
  endfacet
  facet normal 4.067366e-01 9.135455e-01 5.418821e-16
    outer loop
      vertex   3.501574e+00 1.629126e+01 2.000000e+00
      vertex   3.501574e+00 1.629126e+01 1.000000e+00
      vertex   3.246515e+00 1.640482e+01 2.000000e+00
    endloop
  endfacet
  facet normal 4.067366e-01 9.135455e-01 0.000000e+00
    outer loop
      vertex   3.246515e+00 1.640482e+01 2.000000e+00
      vertex   3.501574e+00 1.629126e+01 1.000000e+00
      vertex   3.246515e+00 1.640482e+01 1.000000e+00
    endloop
  endfacet
  facet normal 4.694716e-01 8.829476e-01 0.000000e+00
    outer loop
      vertex   3.246515e+00 1.640482e+01 2.000000e+00
      vertex   3.246515e+00 1.640482e+01 1.000000e+00
      vertex   3.000000e+00 1.653590e+01 2.000000e+00
    endloop
  endfacet
  facet normal 4.694716e-01 8.829476e-01 0.000000e+00
    outer loop
      vertex   3.000000e+00 1.653590e+01 2.000000e+00
      vertex   3.246515e+00 1.640482e+01 1.000000e+00
      vertex   3.000000e+00 1.653590e+01 1.000000e+00
    endloop
  endfacet
  facet normal 5.299193e-01 8.480481e-01 0.000000e+00
    outer loop
      vertex   3.000000e+00 1.653590e+01 2.000000e+00
      vertex   3.000000e+00 1.653590e+01 1.000000e+00
      vertex   2.763228e+00 1.668385e+01 2.000000e+00
    endloop
  endfacet
  facet normal 5.299193e-01 8.480481e-01 9.413257e-16
    outer loop
      vertex   2.763228e+00 1.668385e+01 2.000000e+00
      vertex   3.000000e+00 1.653590e+01 1.000000e+00
      vertex   2.763228e+00 1.668385e+01 1.000000e+00
    endloop
  endfacet
  facet normal 5.877853e-01 8.090170e-01 1.044116e-15
    outer loop
      vertex   2.763228e+00 1.668385e+01 2.000000e+00
      vertex   2.763228e+00 1.668385e+01 1.000000e+00
      vertex   2.537354e+00 1.684796e+01 2.000000e+00
    endloop
  endfacet
  facet normal 5.877853e-01 8.090170e-01 -2.352148e-15
    outer loop
      vertex   2.537354e+00 1.684796e+01 2.000000e+00
      vertex   2.763228e+00 1.668385e+01 1.000000e+00
      vertex   2.537354e+00 1.684796e+01 1.000000e+00
    endloop
  endfacet
  facet normal 6.427876e-01 7.660444e-01 -2.150626e-15
    outer loop
      vertex   2.537354e+00 1.684796e+01 2.000000e+00
      vertex   2.537354e+00 1.684796e+01 1.000000e+00
      vertex   2.323478e+00 1.702742e+01 2.000000e+00
    endloop
  endfacet
  facet normal 6.427876e-01 7.660444e-01 0.000000e+00
    outer loop
      vertex   2.323478e+00 1.702742e+01 2.000000e+00
      vertex   2.537354e+00 1.684796e+01 1.000000e+00
      vertex   2.323478e+00 1.702742e+01 1.000000e+00
    endloop
  endfacet
  facet normal 6.946584e-01 7.193398e-01 0.000000e+00
    outer loop
      vertex   2.323478e+00 1.702742e+01 2.000000e+00
      vertex   2.323478e+00 1.702742e+01 1.000000e+00
      vertex   2.122641e+00 1.722137e+01 2.000000e+00
    endloop
  endfacet
  facet normal 6.946584e-01 7.193398e-01 0.000000e+00
    outer loop
      vertex   2.122641e+00 1.722137e+01 2.000000e+00
      vertex   2.323478e+00 1.702742e+01 1.000000e+00
      vertex   2.122641e+00 1.722137e+01 1.000000e+00
    endloop
  endfacet
  facet normal 7.431448e-01 6.691306e-01 0.000000e+00
    outer loop
      vertex   2.122641e+00 1.722137e+01 2.000000e+00
      vertex   2.122641e+00 1.722137e+01 1.000000e+00
      vertex   1.935822e+00 1.742885e+01 2.000000e+00
    endloop
  endfacet
  facet normal 7.431448e-01 6.691306e-01 0.000000e+00
    outer loop
      vertex   1.935822e+00 1.742885e+01 2.000000e+00
      vertex   2.122641e+00 1.722137e+01 1.000000e+00
      vertex   1.935822e+00 1.742885e+01 1.000000e+00
    endloop
  endfacet
  facet normal 7.880108e-01 6.156615e-01 0.000000e+00
    outer loop
      vertex   1.935822e+00 1.742885e+01 2.000000e+00
      vertex   1.935822e+00 1.742885e+01 1.000000e+00
      vertex   1.763932e+00 1.764886e+01 2.000000e+00
    endloop
  endfacet
  facet normal 7.880108e-01 6.156615e-01 0.000000e+00
    outer loop
      vertex   1.763932e+00 1.764886e+01 2.000000e+00
      vertex   1.935822e+00 1.742885e+01 1.000000e+00
      vertex   1.763932e+00 1.764886e+01 1.000000e+00
    endloop
  endfacet
  facet normal 8.290376e-01 5.591929e-01 0.000000e+00
    outer loop
      vertex   1.763932e+00 1.764886e+01 2.000000e+00
      vertex   1.763932e+00 1.764886e+01 1.000000e+00
      vertex   1.607808e+00 1.788032e+01 2.000000e+00
    endloop
  endfacet
  facet normal 8.290376e-01 5.591929e-01 0.000000e+00
    outer loop
      vertex   1.607808e+00 1.788032e+01 2.000000e+00
      vertex   1.763932e+00 1.764886e+01 1.000000e+00
      vertex   1.607808e+00 1.788032e+01 1.000000e+00
    endloop
  endfacet
  facet normal 8.660254e-01 5.000000e-01 0.000000e+00
    outer loop
      vertex   1.607808e+00 1.788032e+01 2.000000e+00
      vertex   1.607808e+00 1.788032e+01 1.000000e+00
      vertex   1.468210e+00 1.812211e+01 2.000000e+00
    endloop
  endfacet
  facet normal 8.660254e-01 5.000000e-01 0.000000e+00
    outer loop
      vertex   1.468210e+00 1.812211e+01 2.000000e+00
      vertex   1.607808e+00 1.788032e+01 1.000000e+00
      vertex   1.468210e+00 1.812211e+01 1.000000e+00
    endloop
  endfacet
  facet normal 8.987940e-01 4.383711e-01 0.000000e+00
    outer loop
      vertex   1.468210e+00 1.812211e+01 2.000000e+00
      vertex   1.468210e+00 1.812211e+01 1.000000e+00
      vertex   1.345818e+00 1.837305e+01 2.000000e+00
    endloop
  endfacet
  facet normal 8.987940e-01 4.383711e-01 9.978618e-16
    outer loop
      vertex   1.345818e+00 1.837305e+01 2.000000e+00
      vertex   1.468210e+00 1.812211e+01 1.000000e+00
      vertex   1.345818e+00 1.837305e+01 1.000000e+00
    endloop
  endfacet
  facet normal 9.271839e-01 3.746066e-01 1.029381e-15
    outer loop
      vertex   1.345818e+00 1.837305e+01 2.000000e+00
      vertex   1.345818e+00 1.837305e+01 1.000000e+00
      vertex   1.241230e+00 1.863192e+01 2.000000e+00
    endloop
  endfacet
  facet normal 9.271839e-01 3.746066e-01 4.117523e-16
    outer loop
      vertex   1.241230e+00 1.863192e+01 2.000000e+00
      vertex   1.345818e+00 1.837305e+01 1.000000e+00
      vertex   1.241230e+00 1.863192e+01 1.000000e+00
    endloop
  endfacet
  facet normal 9.510565e-01 3.090170e-01 4.223539e-16
    outer loop
      vertex   1.241230e+00 1.863192e+01 2.000000e+00
      vertex   1.241230e+00 1.863192e+01 1.000000e+00
      vertex   1.154953e+00 1.889745e+01 2.000000e+00
    endloop
  endfacet
  facet normal 9.510565e-01 3.090170e-01 4.223539e-16
    outer loop
      vertex   1.154953e+00 1.889745e+01 2.000000e+00
      vertex   1.241230e+00 1.863192e+01 1.000000e+00
      vertex   1.154953e+00 1.889745e+01 1.000000e+00
    endloop
  endfacet
  facet normal 9.702957e-01 2.419219e-01 4.308979e-16
    outer loop
      vertex   1.154953e+00 1.889745e+01 2.000000e+00
      vertex   1.154953e+00 1.889745e+01 1.000000e+00
      vertex   1.087410e+00 1.916835e+01 2.000000e+00
    endloop
  endfacet
  facet normal 9.702957e-01 2.419219e-01 4.285814e-16
    outer loop
      vertex   1.087410e+00 1.916835e+01 2.000000e+00
      vertex   1.154953e+00 1.889745e+01 1.000000e+00
      vertex   1.087410e+00 1.916835e+01 1.000000e+00
    endloop
  endfacet
  facet normal 9.848078e-01 1.736482e-01 1.795798e-16
    outer loop
      vertex   1.087410e+00 1.916835e+01 2.000000e+00
      vertex   1.087410e+00 1.916835e+01 1.000000e+00
      vertex   1.038928e+00 1.944331e+01 2.000000e+00
    endloop
  endfacet
  facet normal 9.848078e-01 1.736482e-01 0.000000e+00
    outer loop
      vertex   1.038928e+00 1.944331e+01 2.000000e+00
      vertex   1.087410e+00 1.916835e+01 1.000000e+00
      vertex   1.038928e+00 1.944331e+01 1.000000e+00
    endloop
  endfacet
  facet normal 9.945219e-01 1.045285e-01 0.000000e+00
    outer loop
      vertex   1.038928e+00 1.944331e+01 2.000000e+00
      vertex   1.038928e+00 1.944331e+01 1.000000e+00
      vertex   1.009744e+00 1.972097e+01 2.000000e+00
    endloop
  endfacet
  facet normal 9.945219e-01 1.045285e-01 0.000000e+00
    outer loop
      vertex   1.009744e+00 1.972097e+01 2.000000e+00
      vertex   1.038928e+00 1.944331e+01 1.000000e+00
      vertex   1.009744e+00 1.972097e+01 1.000000e+00
    endloop
  endfacet
  facet normal 3.376166e-02 9.994299e-01 0.000000e+00
    outer loop
      vertex   1.700000e+01 2.700000e+01 2.000000e+00
      vertex   1.700000e+01 2.700000e+01 1.000000e+00
      vertex   1.673006e+01 2.700912e+01 2.000000e+00
    endloop
  endfacet
  facet normal 3.376166e-02 9.994299e-01 0.000000e+00
    outer loop
      vertex   1.673006e+01 2.700912e+01 2.000000e+00
      vertex   1.700000e+01 2.700000e+01 1.000000e+00
      vertex   1.673006e+01 2.700912e+01 1.000000e+00
    endloop
  endfacet
  facet normal 1.011311e-01 9.948731e-01 0.000000e+00
    outer loop
      vertex   1.673006e+01 2.700912e+01 2.000000e+00
      vertex   1.673006e+01 2.700912e+01 1.000000e+00
      vertex   1.646135e+01 2.703643e+01 1.000000e+00
    endloop
  endfacet
  facet normal 1.011311e-01 9.948731e-01 0.000000e+00
    outer loop
      vertex   1.673006e+01 2.700912e+01 2.000000e+00
      vertex   1.646135e+01 2.703643e+01 1.000000e+00
      vertex   1.646135e+01 2.703643e+01 2.000000e+00
    endloop
  endfacet
  facet normal 1.680394e-01 9.857803e-01 0.000000e+00
    outer loop
      vertex   1.646135e+01 2.703643e+01 2.000000e+00
      vertex   1.646135e+01 2.703643e+01 1.000000e+00
      vertex   1.619510e+01 2.708182e+01 1.000000e+00
    endloop
  endfacet
  facet normal 1.680394e-01 9.857803e-01 0.000000e+00
    outer loop
      vertex   1.646135e+01 2.703643e+01 2.000000e+00
      vertex   1.619510e+01 2.708182e+01 1.000000e+00
      vertex   1.619510e+01 2.708182e+01 2.000000e+00
    endloop
  endfacet
  facet normal 2.341815e-01 9.721929e-01 0.000000e+00
    outer loop
      vertex   1.619510e+01 2.708182e+01 2.000000e+00
      vertex   1.619510e+01 2.708182e+01 1.000000e+00
      vertex   1.593252e+01 2.714507e+01 1.000000e+00
    endloop
  endfacet
  facet normal 2.341815e-01 9.721929e-01 0.000000e+00
    outer loop
      vertex   1.619510e+01 2.708182e+01 2.000000e+00
      vertex   1.593252e+01 2.714507e+01 1.000000e+00
      vertex   1.593252e+01 2.714507e+01 2.000000e+00
    endloop
  endfacet
  facet normal 2.992559e-01 9.541729e-01 0.000000e+00
    outer loop
      vertex   1.593252e+01 2.714507e+01 2.000000e+00
      vertex   1.593252e+01 2.714507e+01 1.000000e+00
      vertex   1.567480e+01 2.722590e+01 1.000000e+00
    endloop
  endfacet
  facet normal 2.992559e-01 9.541729e-01 0.000000e+00
    outer loop
      vertex   1.593252e+01 2.714507e+01 2.000000e+00
      vertex   1.567480e+01 2.722590e+01 1.000000e+00
      vertex   1.567480e+01 2.722590e+01 2.000000e+00
    endloop
  endfacet
  facet normal 3.629659e-01 9.318024e-01 0.000000e+00
    outer loop
      vertex   1.567480e+01 2.722590e+01 2.000000e+00
      vertex   1.567480e+01 2.722590e+01 1.000000e+00
      vertex   1.542313e+01 2.732393e+01 1.000000e+00
    endloop
  endfacet
  facet normal 3.629659e-01 9.318024e-01 0.000000e+00
    outer loop
      vertex   1.567480e+01 2.722590e+01 2.000000e+00
      vertex   1.542313e+01 2.732393e+01 1.000000e+00
      vertex   1.542313e+01 2.732393e+01 2.000000e+00
    endloop
  endfacet
  facet normal 4.250210e-01 9.051835e-01 0.000000e+00
    outer loop
      vertex   1.542313e+01 2.732393e+01 2.000000e+00
      vertex   1.542313e+01 2.732393e+01 1.000000e+00
      vertex   1.517864e+01 2.743873e+01 1.000000e+00
    endloop
  endfacet
  facet normal 4.250210e-01 9.051835e-01 1.502908e-15
    outer loop
      vertex   1.542313e+01 2.732393e+01 2.000000e+00
      vertex   1.517864e+01 2.743873e+01 1.000000e+00
      vertex   1.517864e+01 2.743873e+01 2.000000e+00
    endloop
  endfacet
  facet normal 4.851382e-01 8.744375e-01 1.723557e-15
    outer loop
      vertex   1.517864e+01 2.743873e+01 2.000000e+00
      vertex   1.517864e+01 2.743873e+01 1.000000e+00
      vertex   1.494246e+01 2.756976e+01 1.000000e+00
    endloop
  endfacet
  facet normal 4.851382e-01 8.744375e-01 2.581918e-15
    outer loop
      vertex   1.517864e+01 2.743873e+01 2.000000e+00
      vertex   1.494246e+01 2.756976e+01 1.000000e+00
      vertex   1.494246e+01 2.756976e+01 2.000000e+00
    endloop
  endfacet
  facet normal 5.430435e-01 8.397046e-01 2.893917e-15
    outer loop
      vertex   1.494246e+01 2.756976e+01 2.000000e+00
      vertex   1.494246e+01 2.756976e+01 1.000000e+00
      vertex   1.471567e+01 2.771643e+01 1.000000e+00
    endloop
  endfacet
  facet normal 5.430435e-01 8.397046e-01 2.903052e-15
    outer loop
      vertex   1.494246e+01 2.756976e+01 2.000000e+00
      vertex   1.471567e+01 2.771643e+01 1.000000e+00
      vertex   1.471567e+01 2.771643e+01 2.000000e+00
    endloop
  endfacet
  facet normal 5.984729e-01 8.011431e-01 3.189304e-15
    outer loop
      vertex   1.471567e+01 2.771643e+01 2.000000e+00
      vertex   1.471567e+01 2.771643e+01 1.000000e+00
      vertex   1.449928e+01 2.787808e+01 1.000000e+00
    endloop
  endfacet
  facet normal 5.984729e-01 8.011431e-01 0.000000e+00
    outer loop
      vertex   1.471567e+01 2.771643e+01 2.000000e+00
      vertex   1.449928e+01 2.787808e+01 1.000000e+00
      vertex   1.449928e+01 2.787808e+01 2.000000e+00
    endloop
  endfacet
  facet normal 6.511735e-01 7.589289e-01 0.000000e+00
    outer loop
      vertex   1.449928e+01 2.787808e+01 2.000000e+00
      vertex   1.449928e+01 2.787808e+01 1.000000e+00
      vertex   1.429430e+01 2.805395e+01 1.000000e+00
    endloop
  endfacet
  facet normal 6.511735e-01 7.589289e-01 0.000000e+00
    outer loop
      vertex   1.449928e+01 2.787808e+01 2.000000e+00
      vertex   1.429430e+01 2.805395e+01 1.000000e+00
      vertex   1.429430e+01 2.805395e+01 2.000000e+00
    endloop
  endfacet
  facet normal 7.009052e-01 7.132544e-01 0.000000e+00
    outer loop
      vertex   1.429430e+01 2.805395e+01 2.000000e+00
      vertex   1.429430e+01 2.805395e+01 1.000000e+00
      vertex   1.410165e+01 2.824326e+01 1.000000e+00
    endloop
  endfacet
  facet normal 7.009052e-01 7.132544e-01 0.000000e+00
    outer loop
      vertex   1.429430e+01 2.805395e+01 2.000000e+00
      vertex   1.410165e+01 2.824326e+01 1.000000e+00
      vertex   1.410165e+01 2.824326e+01 2.000000e+00
    endloop
  endfacet
  facet normal 7.474412e-01 6.643279e-01 0.000000e+00
    outer loop
      vertex   1.410165e+01 2.824326e+01 2.000000e+00
      vertex   1.410165e+01 2.824326e+01 1.000000e+00
      vertex   1.392222e+01 2.844514e+01 1.000000e+00
    endloop
  endfacet
  facet normal 7.474412e-01 6.643279e-01 0.000000e+00
    outer loop
      vertex   1.410165e+01 2.824326e+01 2.000000e+00
      vertex   1.392222e+01 2.844514e+01 1.000000e+00
      vertex   1.392222e+01 2.844514e+01 2.000000e+00
    endloop
  endfacet
  facet normal 7.905694e-01 6.123725e-01 0.000000e+00
    outer loop
      vertex   1.392222e+01 2.844514e+01 2.000000e+00
      vertex   1.392222e+01 2.844514e+01 1.000000e+00
      vertex   1.375683e+01 2.865867e+01 1.000000e+00
    endloop
  endfacet
  facet normal 7.905694e-01 6.123725e-01 0.000000e+00
    outer loop
      vertex   1.392222e+01 2.844514e+01 2.000000e+00
      vertex   1.375683e+01 2.865867e+01 1.000000e+00
      vertex   1.375683e+01 2.865867e+01 2.000000e+00
    endloop
  endfacet
  facet normal 8.300930e-01 5.576250e-01 0.000000e+00
    outer loop
      vertex   1.375683e+01 2.865867e+01 2.000000e+00
      vertex   1.375683e+01 2.865867e+01 1.000000e+00
      vertex   1.360622e+01 2.888287e+01 1.000000e+00
    endloop
  endfacet
  facet normal 8.300930e-01 5.576250e-01 0.000000e+00
    outer loop
      vertex   1.375683e+01 2.865867e+01 2.000000e+00
      vertex   1.360622e+01 2.888287e+01 1.000000e+00
      vertex   1.360622e+01 2.888287e+01 2.000000e+00
    endloop
  endfacet
  facet normal 8.658318e-01 5.003351e-01 0.000000e+00
    outer loop
      vertex   1.360622e+01 2.888287e+01 2.000000e+00
      vertex   1.360622e+01 2.888287e+01 1.000000e+00
      vertex   1.347108e+01 2.911673e+01 1.000000e+00
    endloop
  endfacet
  facet normal 8.658318e-01 5.003351e-01 0.000000e+00
    outer loop
      vertex   1.360622e+01 2.888287e+01 2.000000e+00
      vertex   1.347108e+01 2.911673e+01 1.000000e+00
      vertex   1.347108e+01 2.911673e+01 2.000000e+00
    endloop
  endfacet
  facet normal 8.976230e-01 4.407640e-01 0.000000e+00
    outer loop
      vertex   1.347108e+01 2.911673e+01 2.000000e+00
      vertex   1.347108e+01 2.911673e+01 1.000000e+00
      vertex   1.335203e+01 2.935917e+01 1.000000e+00
    endloop
  endfacet
  facet normal 8.976230e-01 4.407640e-01 0.000000e+00
    outer loop
      vertex   1.347108e+01 2.911673e+01 2.000000e+00
      vertex   1.335203e+01 2.935917e+01 1.000000e+00
      vertex   1.335203e+01 2.935917e+01 2.000000e+00
    endloop
  endfacet
  facet normal 9.253216e-01 3.791832e-01 0.000000e+00
    outer loop
      vertex   1.335203e+01 2.935917e+01 2.000000e+00
      vertex   1.335203e+01 2.935917e+01 1.000000e+00
      vertex   1.324962e+01 2.960909e+01 1.000000e+00
    endloop
  endfacet
  facet normal 9.253216e-01 3.791832e-01 0.000000e+00
    outer loop
      vertex   1.335203e+01 2.935917e+01 2.000000e+00
      vertex   1.324962e+01 2.960909e+01 1.000000e+00
      vertex   1.324962e+01 2.960909e+01 2.000000e+00
    endloop
  endfacet
  facet normal 9.488013e-01 3.158736e-01 0.000000e+00
    outer loop
      vertex   1.324962e+01 2.960909e+01 2.000000e+00
      vertex   1.324962e+01 2.960909e+01 1.000000e+00
      vertex   1.316430e+01 2.986536e+01 1.000000e+00
    endloop
  endfacet
  facet normal 9.488013e-01 3.158736e-01 0.000000e+00
    outer loop
      vertex   1.324962e+01 2.960909e+01 2.000000e+00
      vertex   1.316430e+01 2.986536e+01 1.000000e+00
      vertex   1.316430e+01 2.986536e+01 2.000000e+00
    endloop
  endfacet
  facet normal 9.679550e-01 2.511239e-01 0.000000e+00
    outer loop
      vertex   1.316430e+01 2.986536e+01 2.000000e+00
      vertex   1.316430e+01 2.986536e+01 1.000000e+00
      vertex   1.309647e+01 3.012680e+01 1.000000e+00
    endloop
  endfacet
  facet normal 9.679550e-01 2.511239e-01 0.000000e+00
    outer loop
      vertex   1.316430e+01 2.986536e+01 2.000000e+00
      vertex   1.309647e+01 3.012680e+01 1.000000e+00
      vertex   1.309647e+01 3.012680e+01 2.000000e+00
    endloop
  endfacet
  facet normal 9.826954e-01 1.852291e-01 0.000000e+00
    outer loop
      vertex   1.309647e+01 3.012680e+01 2.000000e+00
      vertex   1.309647e+01 3.012680e+01 1.000000e+00
      vertex   1.304645e+01 3.039222e+01 1.000000e+00
    endloop
  endfacet
  facet normal 9.826954e-01 1.852291e-01 3.487516e-15
    outer loop
      vertex   1.309647e+01 3.012680e+01 2.000000e+00
      vertex   1.304645e+01 3.039222e+01 1.000000e+00
      vertex   1.304645e+01 3.039222e+01 2.000000e+00
    endloop
  endfacet
  facet normal 9.929553e-01 1.184898e-01 3.527686e-15
    outer loop
      vertex   1.304645e+01 3.039222e+01 2.000000e+00
      vertex   1.304645e+01 3.039222e+01 1.000000e+00
      vertex   1.301444e+01 3.066041e+01 1.000000e+00
    endloop
  endfacet
  facet normal 9.929553e-01 1.184898e-01 -4.238970e-16
    outer loop
      vertex   1.304645e+01 3.039222e+01 2.000000e+00
      vertex   1.301444e+01 3.066041e+01 1.000000e+00
      vertex   1.301444e+01 3.066041e+01 2.000000e+00
    endloop
  endfacet
  facet normal 9.986879e-01 5.121024e-02 -1.819353e-16
    outer loop
      vertex   1.301444e+01 3.066041e+01 2.000000e+00
      vertex   1.301444e+01 3.066041e+01 1.000000e+00
      vertex   1.300061e+01 3.093015e+01 1.000000e+00
    endloop
  endfacet
  facet normal 9.986879e-01 5.121024e-02 0.000000e+00
    outer loop
      vertex   1.301444e+01 3.066041e+01 2.000000e+00
      vertex   1.300061e+01 3.093015e+01 1.000000e+00
      vertex   1.300061e+01 3.093015e+01 2.000000e+00
    endloop
  endfacet
  facet normal 9.998671e-01 -1.630279e-02 0.000000e+00
    outer loop
      vertex   1.300061e+01 3.093015e+01 2.000000e+00
      vertex   1.300061e+01 3.093015e+01 1.000000e+00
      vertex   1.300501e+01 3.120020e+01 1.000000e+00
    endloop
  endfacet
  facet normal 9.998671e-01 -1.630279e-02 0.000000e+00
    outer loop
      vertex   1.300061e+01 3.093015e+01 2.000000e+00
      vertex   1.300501e+01 3.120020e+01 1.000000e+00
      vertex   1.300501e+01 3.120020e+01 2.000000e+00
    endloop
  endfacet
  facet normal 9.964875e-01 -8.374150e-02 0.000000e+00
    outer loop
      vertex   1.300501e+01 3.120020e+01 2.000000e+00
      vertex   1.300501e+01 3.120020e+01 1.000000e+00
      vertex   1.302763e+01 3.146935e+01 1.000000e+00
    endloop
  endfacet
  facet normal 9.964875e-01 -8.374150e-02 0.000000e+00
    outer loop
      vertex   1.300501e+01 3.120020e+01 2.000000e+00
      vertex   1.302763e+01 3.146935e+01 1.000000e+00
      vertex   1.302763e+01 3.146935e+01 2.000000e+00
    endloop
  endfacet
  facet normal 9.885645e-01 -1.507984e-01 0.000000e+00
    outer loop
      vertex   1.302763e+01 3.146935e+01 2.000000e+00
      vertex   1.302763e+01 3.146935e+01 1.000000e+00
      vertex   1.306836e+01 3.173635e+01 1.000000e+00
    endloop
  endfacet
  facet normal 9.885645e-01 -1.507984e-01 0.000000e+00
    outer loop
      vertex   1.302763e+01 3.146935e+01 2.000000e+00
      vertex   1.306836e+01 3.173635e+01 1.000000e+00
      vertex   1.306836e+01 3.173635e+01 2.000000e+00
    endloop
  endfacet
  facet normal 9.761343e-01 -2.171677e-01 0.000000e+00
    outer loop
      vertex   1.306836e+01 3.173635e+01 2.000000e+00
      vertex   1.306836e+01 3.173635e+01 1.000000e+00
      vertex   1.312702e+01 3.200000e+01 2.000000e+00
    endloop
  endfacet
  facet normal 9.761343e-01 -2.171677e-01 -1.733963e-15
    outer loop
      vertex   1.312702e+01 3.200000e+01 2.000000e+00
      vertex   1.306836e+01 3.173635e+01 1.000000e+00
      vertex   1.312702e+01 3.200000e+01 1.000000e+00
    endloop
  endfacet
  facet normal 1.000000e+00 0.000000e+00 0.000000e+00
    outer loop
      vertex   1.700000e+01 1.300000e+01 1.000000e+00
      vertex   1.700000e+01 2.700000e+01 1.000000e+00
      vertex   1.700000e+01 1.300000e+01 2.000000e+00
    endloop
  endfacet
  facet normal 1.000000e+00 -0.000000e+00 0.000000e+00
    outer loop
      vertex   1.700000e+01 1.300000e+01 2.000000e+00
      vertex   1.700000e+01 2.700000e+01 1.000000e+00
      vertex   1.700000e+01 2.700000e+01 2.000000e+00
    endloop
  endfacet
  facet normal 9.761343e-01 2.171679e-01 3.857676e-16
    outer loop
      vertex   1.312702e+01 8.000000e+00 2.000000e+00
      vertex   1.312702e+01 8.000000e+00 1.000000e+00
      vertex   1.306836e+01 8.263647e+00 2.000000e+00
    endloop
  endfacet
  facet normal 9.761343e-01 2.171679e-01 0.000000e+00
    outer loop
      vertex   1.306836e+01 8.263647e+00 2.000000e+00
      vertex   1.312702e+01 8.000000e+00 1.000000e+00
      vertex   1.306836e+01 8.263647e+00 1.000000e+00
    endloop
  endfacet
  facet normal 9.885645e-01 1.507985e-01 0.000000e+00
    outer loop
      vertex   1.306836e+01 8.263647e+00 2.000000e+00
      vertex   1.306836e+01 8.263647e+00 1.000000e+00
      vertex   1.302763e+01 8.530652e+00 1.000000e+00
    endloop
  endfacet
  facet normal 9.885645e-01 1.507985e-01 -2.697526e-16
    outer loop
      vertex   1.306836e+01 8.263647e+00 2.000000e+00
      vertex   1.302763e+01 8.530652e+00 1.000000e+00
      vertex   1.302763e+01 8.530652e+00 2.000000e+00
    endloop
  endfacet
  facet normal 9.964875e-01 8.374163e-02 -1.487550e-16
    outer loop
      vertex   1.302763e+01 8.530652e+00 2.000000e+00
      vertex   1.302763e+01 8.530652e+00 1.000000e+00
      vertex   1.300501e+01 8.799797e+00 1.000000e+00
    endloop
  endfacet
  facet normal 9.964875e-01 8.374163e-02 0.000000e+00
    outer loop
      vertex   1.302763e+01 8.530652e+00 2.000000e+00
      vertex   1.300501e+01 8.799797e+00 1.000000e+00
      vertex   1.300501e+01 8.799797e+00 2.000000e+00
    endloop
  endfacet
  facet normal 9.998671e-01 1.630293e-02 0.000000e+00
    outer loop
      vertex   1.300501e+01 8.799797e+00 2.000000e+00
      vertex   1.300501e+01 8.799797e+00 1.000000e+00
      vertex   1.300061e+01 9.069854e+00 1.000000e+00
    endloop
  endfacet
  facet normal 9.998671e-01 1.630293e-02 0.000000e+00
    outer loop
      vertex   1.300501e+01 8.799797e+00 2.000000e+00
      vertex   1.300061e+01 9.069854e+00 1.000000e+00
      vertex   1.300061e+01 9.069854e+00 2.000000e+00
    endloop
  endfacet
  facet normal 9.986879e-01 -5.121011e-02 0.000000e+00
    outer loop
      vertex   1.300061e+01 9.069854e+00 2.000000e+00
      vertex   1.300061e+01 9.069854e+00 1.000000e+00
      vertex   1.301444e+01 9.339593e+00 1.000000e+00
    endloop
  endfacet
  facet normal 9.986879e-01 -5.121011e-02 0.000000e+00
    outer loop
      vertex   1.300061e+01 9.069854e+00 2.000000e+00
      vertex   1.301444e+01 9.339593e+00 1.000000e+00
      vertex   1.301444e+01 9.339593e+00 2.000000e+00
    endloop
  endfacet
  facet normal 9.929553e-01 -1.184897e-01 0.000000e+00
    outer loop
      vertex   1.301444e+01 9.339593e+00 2.000000e+00
      vertex   1.301444e+01 9.339593e+00 1.000000e+00
      vertex   1.304644e+01 9.607784e+00 1.000000e+00
    endloop
  endfacet
  facet normal 9.929553e-01 -1.184897e-01 0.000000e+00
    outer loop
      vertex   1.301444e+01 9.339593e+00 2.000000e+00
      vertex   1.304644e+01 9.607784e+00 1.000000e+00
      vertex   1.304644e+01 9.607784e+00 2.000000e+00
    endloop
  endfacet
  facet normal 9.826954e-01 -1.852290e-01 0.000000e+00
    outer loop
      vertex   1.304644e+01 9.607784e+00 2.000000e+00
      vertex   1.304644e+01 9.607784e+00 1.000000e+00
      vertex   1.309647e+01 9.873203e+00 1.000000e+00
    endloop
  endfacet
  facet normal 9.826954e-01 -1.852290e-01 0.000000e+00
    outer loop
      vertex   1.304644e+01 9.607784e+00 2.000000e+00
      vertex   1.309647e+01 9.873203e+00 1.000000e+00
      vertex   1.309647e+01 9.873203e+00 2.000000e+00
    endloop
  endfacet
  facet normal 9.679550e-01 -2.511237e-01 0.000000e+00
    outer loop
      vertex   1.309647e+01 9.873203e+00 2.000000e+00
      vertex   1.309647e+01 9.873203e+00 1.000000e+00
      vertex   1.316430e+01 1.013464e+01 1.000000e+00
    endloop
  endfacet
  facet normal 9.679550e-01 -2.511237e-01 0.000000e+00
    outer loop
      vertex   1.309647e+01 9.873203e+00 2.000000e+00
      vertex   1.316430e+01 1.013464e+01 1.000000e+00
      vertex   1.316430e+01 1.013464e+01 2.000000e+00
    endloop
  endfacet
  facet normal 9.488013e-01 -3.158735e-01 0.000000e+00
    outer loop
      vertex   1.316430e+01 1.013464e+01 2.000000e+00
      vertex   1.316430e+01 1.013464e+01 1.000000e+00
      vertex   1.324962e+01 1.039091e+01 1.000000e+00
    endloop
  endfacet
  facet normal 9.488013e-01 -3.158735e-01 -5.523506e-16
    outer loop
      vertex   1.316430e+01 1.013464e+01 2.000000e+00
      vertex   1.324962e+01 1.039091e+01 1.000000e+00
      vertex   1.324962e+01 1.039091e+01 2.000000e+00
    endloop
  endfacet
  facet normal 9.253216e-01 -3.791832e-01 -6.735646e-16
    outer loop
      vertex   1.324962e+01 1.039091e+01 2.000000e+00
      vertex   1.324962e+01 1.039091e+01 1.000000e+00
      vertex   1.335203e+01 1.064083e+01 1.000000e+00
    endloop
  endfacet
  facet normal 9.253216e-01 -3.791832e-01 0.000000e+00
    outer loop
      vertex   1.324962e+01 1.039091e+01 2.000000e+00
      vertex   1.335203e+01 1.064083e+01 1.000000e+00
      vertex   1.335203e+01 1.064083e+01 2.000000e+00
    endloop
  endfacet
  facet normal 8.976231e-01 -4.407639e-01 0.000000e+00
    outer loop
      vertex   1.335203e+01 1.064083e+01 2.000000e+00
      vertex   1.335203e+01 1.064083e+01 1.000000e+00
      vertex   1.347108e+01 1.088327e+01 1.000000e+00
    endloop
  endfacet
  facet normal 8.976231e-01 -4.407639e-01 0.000000e+00
    outer loop
      vertex   1.335203e+01 1.064083e+01 2.000000e+00
      vertex   1.347108e+01 1.088327e+01 1.000000e+00
      vertex   1.347108e+01 1.088327e+01 2.000000e+00
    endloop
  endfacet
  facet normal 8.658319e-01 -5.003351e-01 0.000000e+00
    outer loop
      vertex   1.347108e+01 1.088327e+01 2.000000e+00
      vertex   1.347108e+01 1.088327e+01 1.000000e+00
      vertex   1.360622e+01 1.111713e+01 1.000000e+00
    endloop
  endfacet
  facet normal 8.658319e-01 -5.003351e-01 0.000000e+00
    outer loop
      vertex   1.347108e+01 1.088327e+01 2.000000e+00
      vertex   1.360622e+01 1.111713e+01 1.000000e+00
      vertex   1.360622e+01 1.111713e+01 2.000000e+00
    endloop
  endfacet
  facet normal 8.300930e-01 -5.576250e-01 0.000000e+00
    outer loop
      vertex   1.360622e+01 1.111713e+01 2.000000e+00
      vertex   1.360622e+01 1.111713e+01 1.000000e+00
      vertex   1.375683e+01 1.134133e+01 1.000000e+00
    endloop
  endfacet
  facet normal 8.300930e-01 -5.576250e-01 0.000000e+00
    outer loop
      vertex   1.360622e+01 1.111713e+01 2.000000e+00
      vertex   1.375683e+01 1.134133e+01 1.000000e+00
      vertex   1.375683e+01 1.134133e+01 2.000000e+00
    endloop
  endfacet
  facet normal 7.905694e-01 -6.123724e-01 0.000000e+00
    outer loop
      vertex   1.375683e+01 1.134133e+01 2.000000e+00
      vertex   1.375683e+01 1.134133e+01 1.000000e+00
      vertex   1.392222e+01 1.155486e+01 1.000000e+00
    endloop
  endfacet
  facet normal 7.905694e-01 -6.123724e-01 0.000000e+00
    outer loop
      vertex   1.375683e+01 1.134133e+01 2.000000e+00
      vertex   1.392222e+01 1.155486e+01 1.000000e+00
      vertex   1.392222e+01 1.155486e+01 2.000000e+00
    endloop
  endfacet
  facet normal 7.474413e-01 -6.643279e-01 0.000000e+00
    outer loop
      vertex   1.392222e+01 1.155486e+01 2.000000e+00
      vertex   1.392222e+01 1.155486e+01 1.000000e+00
      vertex   1.410165e+01 1.175674e+01 1.000000e+00
    endloop
  endfacet
  facet normal 7.474413e-01 -6.643279e-01 0.000000e+00
    outer loop
      vertex   1.392222e+01 1.155486e+01 2.000000e+00
      vertex   1.410165e+01 1.175674e+01 1.000000e+00
      vertex   1.410165e+01 1.175674e+01 2.000000e+00
    endloop
  endfacet
  facet normal 7.009053e-01 -7.132544e-01 0.000000e+00
    outer loop
      vertex   1.410165e+01 1.175674e+01 2.000000e+00
      vertex   1.410165e+01 1.175674e+01 1.000000e+00
      vertex   1.429430e+01 1.194605e+01 1.000000e+00
    endloop
  endfacet
  facet normal 7.009053e-01 -7.132544e-01 0.000000e+00
    outer loop
      vertex   1.410165e+01 1.175674e+01 2.000000e+00
      vertex   1.429430e+01 1.194605e+01 1.000000e+00
      vertex   1.429430e+01 1.194605e+01 2.000000e+00
    endloop
  endfacet
  facet normal 6.511736e-01 -7.589288e-01 0.000000e+00
    outer loop
      vertex   1.429430e+01 1.194605e+01 2.000000e+00
      vertex   1.429430e+01 1.194605e+01 1.000000e+00
      vertex   1.449928e+01 1.212192e+01 1.000000e+00
    endloop
  endfacet
  facet normal 6.511736e-01 -7.589288e-01 0.000000e+00
    outer loop
      vertex   1.429430e+01 1.194605e+01 2.000000e+00
      vertex   1.449928e+01 1.212192e+01 1.000000e+00
      vertex   1.449928e+01 1.212192e+01 2.000000e+00
    endloop
  endfacet
  facet normal 5.984729e-01 -8.011430e-01 0.000000e+00
    outer loop
      vertex   1.449928e+01 1.212192e+01 2.000000e+00
      vertex   1.449928e+01 1.212192e+01 1.000000e+00
      vertex   1.471567e+01 1.228357e+01 1.000000e+00
    endloop
  endfacet
  facet normal 5.984729e-01 -8.011430e-01 0.000000e+00
    outer loop
      vertex   1.449928e+01 1.212192e+01 2.000000e+00
      vertex   1.471567e+01 1.228357e+01 1.000000e+00
      vertex   1.471567e+01 1.228357e+01 2.000000e+00
    endloop
  endfacet
  facet normal 5.430436e-01 -8.397045e-01 0.000000e+00
    outer loop
      vertex   1.471567e+01 1.228357e+01 2.000000e+00
      vertex   1.471567e+01 1.228357e+01 1.000000e+00
      vertex   1.494246e+01 1.243024e+01 1.000000e+00
    endloop
  endfacet
  facet normal 5.430436e-01 -8.397045e-01 0.000000e+00
    outer loop
      vertex   1.471567e+01 1.228357e+01 2.000000e+00
      vertex   1.494246e+01 1.243024e+01 1.000000e+00
      vertex   1.494246e+01 1.243024e+01 2.000000e+00
    endloop
  endfacet
  facet normal 4.851383e-01 -8.744375e-01 0.000000e+00
    outer loop
      vertex   1.494246e+01 1.243024e+01 2.000000e+00
      vertex   1.494246e+01 1.243024e+01 1.000000e+00
      vertex   1.517864e+01 1.256127e+01 1.000000e+00
    endloop
  endfacet
  facet normal 4.851383e-01 -8.744375e-01 0.000000e+00
    outer loop
      vertex   1.494246e+01 1.243024e+01 2.000000e+00
      vertex   1.517864e+01 1.256127e+01 1.000000e+00
      vertex   1.517864e+01 1.256127e+01 2.000000e+00
    endloop
  endfacet
  facet normal 4.250210e-01 -9.051835e-01 0.000000e+00
    outer loop
      vertex   1.517864e+01 1.256127e+01 2.000000e+00
      vertex   1.517864e+01 1.256127e+01 1.000000e+00
      vertex   1.542313e+01 1.267607e+01 1.000000e+00
    endloop
  endfacet
  facet normal 4.250210e-01 -9.051835e-01 0.000000e+00
    outer loop
      vertex   1.517864e+01 1.256127e+01 2.000000e+00
      vertex   1.542313e+01 1.267607e+01 1.000000e+00
      vertex   1.542313e+01 1.267607e+01 2.000000e+00
    endloop
  endfacet
  facet normal 3.629659e-01 -9.318024e-01 0.000000e+00
    outer loop
      vertex   1.542313e+01 1.267607e+01 2.000000e+00
      vertex   1.542313e+01 1.267607e+01 1.000000e+00
      vertex   1.567480e+01 1.277410e+01 1.000000e+00
    endloop
  endfacet
  facet normal 3.629659e-01 -9.318024e-01 0.000000e+00
    outer loop
      vertex   1.542313e+01 1.267607e+01 2.000000e+00
      vertex   1.567480e+01 1.277410e+01 1.000000e+00
      vertex   1.567480e+01 1.277410e+01 2.000000e+00
    endloop
  endfacet
  facet normal 2.992559e-01 -9.541729e-01 0.000000e+00
    outer loop
      vertex   1.567480e+01 1.277410e+01 2.000000e+00
      vertex   1.567480e+01 1.277410e+01 1.000000e+00
      vertex   1.593252e+01 1.285493e+01 1.000000e+00
    endloop
  endfacet
  facet normal 2.992559e-01 -9.541729e-01 -1.156083e-15
    outer loop
      vertex   1.567480e+01 1.277410e+01 2.000000e+00
      vertex   1.593252e+01 1.285493e+01 1.000000e+00
      vertex   1.593252e+01 1.285493e+01 2.000000e+00
    endloop
  endfacet
  facet normal 2.341815e-01 -9.721929e-01 -1.310972e-15
    outer loop
      vertex   1.593252e+01 1.285493e+01 2.000000e+00
      vertex   1.593252e+01 1.285493e+01 1.000000e+00
      vertex   1.619510e+01 1.291818e+01 1.000000e+00
    endloop
  endfacet
  facet normal 2.341815e-01 -9.721929e-01 0.000000e+00
    outer loop
      vertex   1.593252e+01 1.285493e+01 2.000000e+00
      vertex   1.619510e+01 1.291818e+01 1.000000e+00
      vertex   1.619510e+01 1.291818e+01 2.000000e+00
    endloop
  endfacet
  facet normal 1.680394e-01 -9.857803e-01 0.000000e+00
    outer loop
      vertex   1.619510e+01 1.291818e+01 2.000000e+00
      vertex   1.619510e+01 1.291818e+01 1.000000e+00
      vertex   1.646135e+01 1.296357e+01 1.000000e+00
    endloop
  endfacet
  facet normal 1.680394e-01 -9.857803e-01 0.000000e+00
    outer loop
      vertex   1.619510e+01 1.291818e+01 2.000000e+00
      vertex   1.646135e+01 1.296357e+01 1.000000e+00
      vertex   1.646135e+01 1.296357e+01 2.000000e+00
    endloop
  endfacet
  facet normal 1.011311e-01 -9.948731e-01 0.000000e+00
    outer loop
      vertex   1.646135e+01 1.296357e+01 2.000000e+00
      vertex   1.646135e+01 1.296357e+01 1.000000e+00
      vertex   1.673006e+01 1.299088e+01 1.000000e+00
    endloop
  endfacet
  facet normal 1.011311e-01 -9.948731e-01 0.000000e+00
    outer loop
      vertex   1.646135e+01 1.296357e+01 2.000000e+00
      vertex   1.673006e+01 1.299088e+01 1.000000e+00
      vertex   1.673006e+01 1.299088e+01 2.000000e+00
    endloop
  endfacet
  facet normal 3.376167e-02 -9.994299e-01 0.000000e+00
    outer loop
      vertex   1.673006e+01 1.299088e+01 2.000000e+00
      vertex   1.673006e+01 1.299088e+01 1.000000e+00
      vertex   1.700000e+01 1.300000e+01 2.000000e+00
    endloop
  endfacet
  facet normal 3.376167e-02 -9.994299e-01 0.000000e+00
    outer loop
      vertex   1.700000e+01 1.300000e+01 2.000000e+00
      vertex   1.673006e+01 1.299088e+01 1.000000e+00
      vertex   1.700000e+01 1.300000e+01 1.000000e+00
    endloop
  endfacet
  facet normal 0.000000e+00 0.000000e+00 1.000000e+00
    outer loop
      vertex   1.306836e+01 3.173635e+01 1.000000e+00
      vertex   1.559292e+01 3.195401e+01 1.000000e+00
      vertex   1.312702e+01 3.200000e+01 1.000000e+00
    endloop
  endfacet
  facet normal -0.000000e+00 0.000000e+00 1.000000e+00
    outer loop
      vertex   1.312702e+01 3.200000e+01 1.000000e+00
      vertex   1.559292e+01 3.195401e+01 1.000000e+00
      vertex   1.570230e+01 3.209817e+01 1.000000e+00
    endloop
  endfacet
  facet normal 0.000000e+00 0.000000e+00 1.000000e+00
    outer loop
      vertex   1.312702e+01 3.200000e+01 1.000000e+00
      vertex   1.570230e+01 3.209817e+01 1.000000e+00
      vertex   1.582638e+01 3.222989e+01 1.000000e+00
    endloop
  endfacet
  facet normal 0.000000e+00 0.000000e+00 1.000000e+00
    outer loop
      vertex   1.302763e+01 3.146935e+01 1.000000e+00
      vertex   1.542306e+01 3.163502e+01 1.000000e+00
      vertex   1.306836e+01 3.173635e+01 1.000000e+00
    endloop
  endfacet
  facet normal -0.000000e+00 0.000000e+00 1.000000e+00
    outer loop
      vertex   1.306836e+01 3.173635e+01 1.000000e+00
      vertex   1.542306e+01 3.163502e+01 1.000000e+00
      vertex   1.549949e+01 3.179904e+01 1.000000e+00
    endloop
  endfacet
  facet normal 0.000000e+00 0.000000e+00 1.000000e+00
    outer loop
      vertex   1.306836e+01 3.173635e+01 1.000000e+00
      vertex   1.549949e+01 3.179904e+01 1.000000e+00
      vertex   1.559292e+01 3.195401e+01 1.000000e+00
    endloop
  endfacet
  facet normal 0.000000e+00 0.000000e+00 1.000000e+00
    outer loop
      vertex   1.542306e+01 3.163502e+01 1.000000e+00
      vertex   1.302763e+01 3.146935e+01 1.000000e+00
      vertex   1.536449e+01 3.146381e+01 1.000000e+00
    endloop
  endfacet
  facet normal 0.000000e+00 0.000000e+00 1.000000e+00
    outer loop
      vertex   1.536449e+01 3.146381e+01 1.000000e+00
      vertex   1.302763e+01 3.146935e+01 1.000000e+00
      vertex   1.300501e+01 3.120020e+01 1.000000e+00
    endloop
  endfacet
  facet normal 0.000000e+00 0.000000e+00 1.000000e+00
    outer loop
      vertex   1.536449e+01 3.146381e+01 1.000000e+00
      vertex   1.300501e+01 3.120020e+01 1.000000e+00
      vertex   1.532446e+01 3.128733e+01 1.000000e+00
    endloop
  endfacet
  facet normal 0.000000e+00 0.000000e+00 1.000000e+00
    outer loop
      vertex   1.532446e+01 3.128733e+01 1.000000e+00
      vertex   1.300501e+01 3.120020e+01 1.000000e+00
      vertex   1.530341e+01 3.110761e+01 1.000000e+00
    endloop
  endfacet
  facet normal 0.000000e+00 0.000000e+00 1.000000e+00
    outer loop
      vertex   1.530341e+01 3.110761e+01 1.000000e+00
      vertex   1.300501e+01 3.120020e+01 1.000000e+00
      vertex   1.300061e+01 3.093015e+01 1.000000e+00
    endloop
  endfacet
  facet normal 0.000000e+00 0.000000e+00 1.000000e+00
    outer loop
      vertex   1.530341e+01 3.110761e+01 1.000000e+00
      vertex   1.300061e+01 3.093015e+01 1.000000e+00
      vertex   1.530158e+01 3.092666e+01 1.000000e+00
    endloop
  endfacet
  facet normal 0.000000e+00 0.000000e+00 1.000000e+00
    outer loop
      vertex   1.530158e+01 3.092666e+01 1.000000e+00
      vertex   1.300061e+01 3.093015e+01 1.000000e+00
      vertex   1.301444e+01 3.066041e+01 1.000000e+00
    endloop
  endfacet
  facet normal 0.000000e+00 0.000000e+00 1.000000e+00
    outer loop
      vertex   1.530158e+01 3.092666e+01 1.000000e+00
      vertex   1.301444e+01 3.066041e+01 1.000000e+00
      vertex   1.531900e+01 3.074655e+01 1.000000e+00
    endloop
  endfacet
  facet normal 0.000000e+00 0.000000e+00 1.000000e+00
    outer loop
      vertex   1.531900e+01 3.074655e+01 1.000000e+00
      vertex   1.301444e+01 3.066041e+01 1.000000e+00
      vertex   1.535546e+01 3.056930e+01 1.000000e+00
    endloop
  endfacet
  facet normal 0.000000e+00 0.000000e+00 1.000000e+00
    outer loop
      vertex   1.535546e+01 3.056930e+01 1.000000e+00
      vertex   1.301444e+01 3.066041e+01 1.000000e+00
      vertex   1.304645e+01 3.039222e+01 1.000000e+00
    endloop
  endfacet
  facet normal 0.000000e+00 0.000000e+00 1.000000e+00
    outer loop
      vertex   1.535546e+01 3.056930e+01 1.000000e+00
      vertex   1.304645e+01 3.039222e+01 1.000000e+00
      vertex   1.541056e+01 3.039694e+01 1.000000e+00
    endloop
  endfacet
  facet normal 0.000000e+00 0.000000e+00 1.000000e+00
    outer loop
      vertex   1.541056e+01 3.039694e+01 1.000000e+00
      vertex   1.304645e+01 3.039222e+01 1.000000e+00
      vertex   1.548367e+01 3.023141e+01 1.000000e+00
    endloop
  endfacet
  facet normal 0.000000e+00 0.000000e+00 1.000000e+00
    outer loop
      vertex   1.548367e+01 3.023141e+01 1.000000e+00
      vertex   1.304645e+01 3.039222e+01 1.000000e+00
      vertex   1.309647e+01 3.012680e+01 1.000000e+00
    endloop
  endfacet
  facet normal 0.000000e+00 0.000000e+00 1.000000e+00
    outer loop
      vertex   1.548367e+01 3.023141e+01 1.000000e+00
      vertex   1.309647e+01 3.012680e+01 1.000000e+00
      vertex   1.557395e+01 3.007459e+01 1.000000e+00
    endloop
  endfacet
  facet normal 0.000000e+00 0.000000e+00 1.000000e+00
    outer loop
      vertex   1.557395e+01 3.007459e+01 1.000000e+00
      vertex   1.309647e+01 3.012680e+01 1.000000e+00
      vertex   1.316430e+01 2.986536e+01 1.000000e+00
    endloop
  endfacet
  facet normal 0.000000e+00 0.000000e+00 1.000000e+00
    outer loop
      vertex   1.557395e+01 3.007459e+01 1.000000e+00
      vertex   1.316430e+01 2.986536e+01 1.000000e+00
      vertex   1.568040e+01 2.992825e+01 1.000000e+00
    endloop
  endfacet
  facet normal 0.000000e+00 0.000000e+00 1.000000e+00
    outer loop
      vertex   1.568040e+01 2.992825e+01 1.000000e+00
      vertex   1.316430e+01 2.986536e+01 1.000000e+00
      vertex   1.580179e+01 2.979406e+01 1.000000e+00
    endloop
  endfacet
  facet normal 0.000000e+00 0.000000e+00 1.000000e+00
    outer loop
      vertex   1.580179e+01 2.979406e+01 1.000000e+00
      vertex   1.316430e+01 2.986536e+01 1.000000e+00
      vertex   1.324962e+01 2.960909e+01 1.000000e+00
    endloop
  endfacet
  facet normal 0.000000e+00 0.000000e+00 1.000000e+00
    outer loop
      vertex   1.580179e+01 2.979406e+01 1.000000e+00
      vertex   1.324962e+01 2.960909e+01 1.000000e+00
      vertex   1.593677e+01 2.967353e+01 1.000000e+00
    endloop
  endfacet
  facet normal 0.000000e+00 0.000000e+00 1.000000e+00
    outer loop
      vertex   1.593677e+01 2.967353e+01 1.000000e+00
      vertex   1.324962e+01 2.960909e+01 1.000000e+00
      vertex   1.608378e+01 2.956803e+01 1.000000e+00
    endloop
  endfacet
  facet normal 0.000000e+00 0.000000e+00 1.000000e+00
    outer loop
      vertex   1.608378e+01 2.956803e+01 1.000000e+00
      vertex   1.324962e+01 2.960909e+01 1.000000e+00
      vertex   1.335203e+01 2.935917e+01 1.000000e+00
    endloop
  endfacet
  facet normal 0.000000e+00 0.000000e+00 1.000000e+00
    outer loop
      vertex   1.608378e+01 2.956803e+01 1.000000e+00
      vertex   1.335203e+01 2.935917e+01 1.000000e+00
      vertex   1.624118e+01 2.947875e+01 1.000000e+00
    endloop
  endfacet
  facet normal 0.000000e+00 0.000000e+00 1.000000e+00
    outer loop
      vertex   1.624118e+01 2.947875e+01 1.000000e+00
      vertex   1.335203e+01 2.935917e+01 1.000000e+00
      vertex   1.640718e+01 2.940671e+01 1.000000e+00
    endloop
  endfacet
  facet normal 0.000000e+00 0.000000e+00 1.000000e+00
    outer loop
      vertex   1.640718e+01 2.940671e+01 1.000000e+00
      vertex   1.335203e+01 2.935917e+01 1.000000e+00
      vertex   1.657990e+01 2.935273e+01 1.000000e+00
    endloop
  endfacet
  facet normal 0.000000e+00 0.000000e+00 1.000000e+00
    outer loop
      vertex   1.657990e+01 2.935273e+01 1.000000e+00
      vertex   1.335203e+01 2.935917e+01 1.000000e+00
      vertex   1.347108e+01 2.911673e+01 1.000000e+00
    endloop
  endfacet
  facet normal 0.000000e+00 0.000000e+00 1.000000e+00
    outer loop
      vertex   1.657990e+01 2.935273e+01 1.000000e+00
      vertex   1.347108e+01 2.911673e+01 1.000000e+00
      vertex   1.675737e+01 2.931740e+01 1.000000e+00
    endloop
  endfacet
  facet normal 0.000000e+00 0.000000e+00 1.000000e+00
    outer loop
      vertex   1.675737e+01 2.931740e+01 1.000000e+00
      vertex   1.347108e+01 2.911673e+01 1.000000e+00
      vertex   1.693760e+01 2.930115e+01 1.000000e+00
    endloop
  endfacet
  facet normal 0.000000e+00 0.000000e+00 1.000000e+00
    outer loop
      vertex   1.693760e+01 2.930115e+01 1.000000e+00
      vertex   1.347108e+01 2.911673e+01 1.000000e+00
      vertex   1.360622e+01 2.888287e+01 1.000000e+00
    endloop
  endfacet
  facet normal 0.000000e+00 0.000000e+00 1.000000e+00
    outer loop
      vertex   1.693760e+01 2.930115e+01 1.000000e+00
      vertex   1.360622e+01 2.888287e+01 1.000000e+00
      vertex   1.375683e+01 2.865867e+01 1.000000e+00
    endloop
  endfacet
  facet normal -0.000000e+00 0.000000e+00 1.000000e+00
    outer loop
      vertex   1.375683e+01 2.865867e+01 1.000000e+00
      vertex   1.392222e+01 2.844514e+01 1.000000e+00
      vertex   1.693760e+01 2.930115e+01 1.000000e+00
    endloop
  endfacet
  facet normal 0.000000e+00 0.000000e+00 1.000000e+00
    outer loop
      vertex   1.693760e+01 2.930115e+01 1.000000e+00
      vertex   1.392222e+01 2.844514e+01 1.000000e+00
      vertex   1.410165e+01 2.824326e+01 1.000000e+00
    endloop
  endfacet
  facet normal 0.000000e+00 0.000000e+00 1.000000e+00
    outer loop
      vertex   1.693760e+01 2.930115e+01 1.000000e+00
      vertex   1.410165e+01 2.824326e+01 1.000000e+00
      vertex   1.429430e+01 2.805395e+01 1.000000e+00
    endloop
  endfacet
  facet normal -0.000000e+00 0.000000e+00 1.000000e+00
    outer loop
      vertex   1.429430e+01 2.805395e+01 1.000000e+00
      vertex   1.449928e+01 2.787808e+01 1.000000e+00
      vertex   1.693760e+01 2.930115e+01 1.000000e+00
    endloop
  endfacet
  facet normal 0.000000e+00 0.000000e+00 1.000000e+00
    outer loop
      vertex   1.693760e+01 2.930115e+01 1.000000e+00
      vertex   1.449928e+01 2.787808e+01 1.000000e+00
      vertex   1.471567e+01 2.771643e+01 1.000000e+00
    endloop
  endfacet
  facet normal 0.000000e+00 0.000000e+00 1.000000e+00
    outer loop
      vertex   1.693760e+01 2.930115e+01 1.000000e+00
      vertex   1.471567e+01 2.771643e+01 1.000000e+00
      vertex   1.494246e+01 2.756976e+01 1.000000e+00
    endloop
  endfacet
  facet normal -0.000000e+00 0.000000e+00 1.000000e+00
    outer loop
      vertex   1.494246e+01 2.756976e+01 1.000000e+00
      vertex   1.517864e+01 2.743873e+01 1.000000e+00
      vertex   1.693760e+01 2.930115e+01 1.000000e+00
    endloop
  endfacet
  facet normal 0.000000e+00 0.000000e+00 1.000000e+00
    outer loop
      vertex   1.693760e+01 2.930115e+01 1.000000e+00
      vertex   1.517864e+01 2.743873e+01 1.000000e+00
      vertex   1.542313e+01 2.732393e+01 1.000000e+00
    endloop
  endfacet
  facet normal 0.000000e+00 0.000000e+00 1.000000e+00
    outer loop
      vertex   1.693760e+01 2.930115e+01 1.000000e+00
      vertex   1.542313e+01 2.732393e+01 1.000000e+00
      vertex   1.567480e+01 2.722590e+01 1.000000e+00
    endloop
  endfacet
  facet normal -0.000000e+00 0.000000e+00 1.000000e+00
    outer loop
      vertex   1.567480e+01 2.722590e+01 1.000000e+00
      vertex   1.593252e+01 2.714507e+01 1.000000e+00
      vertex   1.693760e+01 2.930115e+01 1.000000e+00
    endloop
  endfacet
  facet normal 0.000000e+00 0.000000e+00 1.000000e+00
    outer loop
      vertex   1.693760e+01 2.930115e+01 1.000000e+00
      vertex   1.593252e+01 2.714507e+01 1.000000e+00
      vertex   1.619510e+01 2.708182e+01 1.000000e+00
    endloop
  endfacet
  facet normal 0.000000e+00 0.000000e+00 1.000000e+00
    outer loop
      vertex   1.693760e+01 2.930115e+01 1.000000e+00
      vertex   1.619510e+01 2.708182e+01 1.000000e+00
      vertex   1.646135e+01 2.703643e+01 1.000000e+00
    endloop
  endfacet
  facet normal -0.000000e+00 0.000000e+00 1.000000e+00
    outer loop
      vertex   1.646135e+01 2.703643e+01 1.000000e+00
      vertex   1.673006e+01 2.700912e+01 1.000000e+00
      vertex   1.693760e+01 2.930115e+01 1.000000e+00
    endloop
  endfacet
  facet normal 0.000000e+00 0.000000e+00 1.000000e+00
    outer loop
      vertex   1.693760e+01 2.930115e+01 1.000000e+00
      vertex   1.673006e+01 2.700912e+01 1.000000e+00
      vertex   1.700000e+01 2.700000e+01 1.000000e+00
    endloop
  endfacet
  facet normal -0.000000e+00 0.000000e+00 1.000000e+00
    outer loop
      vertex   1.693760e+01 2.930115e+01 1.000000e+00
      vertex   1.700000e+01 2.700000e+01 1.000000e+00
      vertex   1.711853e+01 2.930414e+01 1.000000e+00
    endloop
  endfacet
  facet normal -0.000000e+00 0.000000e+00 1.000000e+00
    outer loop
      vertex   1.711853e+01 2.930414e+01 1.000000e+00
      vertex   1.700000e+01 2.700000e+01 1.000000e+00
      vertex   1.729811e+01 2.932634e+01 1.000000e+00
    endloop
  endfacet
  facet normal -0.000000e+00 0.000000e+00 1.000000e+00
    outer loop
      vertex   1.729811e+01 2.932634e+01 1.000000e+00
      vertex   1.700000e+01 2.700000e+01 1.000000e+00
      vertex   1.747432e+01 2.936751e+01 1.000000e+00
    endloop
  endfacet
  facet normal -0.000000e+00 0.000000e+00 1.000000e+00
    outer loop
      vertex   1.747432e+01 2.936751e+01 1.000000e+00
      vertex   1.700000e+01 2.700000e+01 1.000000e+00
      vertex   1.764516e+01 2.942718e+01 1.000000e+00
    endloop
  endfacet
  facet normal -0.000000e+00 0.000000e+00 1.000000e+00
    outer loop
      vertex   1.764516e+01 2.942718e+01 1.000000e+00
      vertex   1.700000e+01 2.700000e+01 1.000000e+00
      vertex   1.780869e+01 2.950466e+01 1.000000e+00
    endloop
  endfacet
  facet normal -0.000000e+00 0.000000e+00 1.000000e+00
    outer loop
      vertex   1.780869e+01 2.950466e+01 1.000000e+00
      vertex   1.700000e+01 2.700000e+01 1.000000e+00
      vertex   1.796305e+01 2.959909e+01 1.000000e+00
    endloop
  endfacet
  facet normal -0.000000e+00 0.000000e+00 1.000000e+00
    outer loop
      vertex   1.796305e+01 2.959909e+01 1.000000e+00
      vertex   1.700000e+01 2.700000e+01 1.000000e+00
      vertex   1.810650e+01 2.970940e+01 1.000000e+00
    endloop
  endfacet
  facet normal -0.000000e+00 0.000000e+00 1.000000e+00
    outer loop
      vertex   1.810650e+01 2.970940e+01 1.000000e+00
      vertex   1.700000e+01 2.700000e+01 1.000000e+00
      vertex   1.823741e+01 2.983432e+01 1.000000e+00
    endloop
  endfacet
  facet normal -0.000000e+00 0.000000e+00 1.000000e+00
    outer loop
      vertex   1.823741e+01 2.983432e+01 1.000000e+00
      vertex   1.700000e+01 2.700000e+01 1.000000e+00
      vertex   1.835431e+01 2.997245e+01 1.000000e+00
    endloop
  endfacet
  facet normal 0.000000e+00 0.000000e+00 1.000000e+00
    outer loop
      vertex   1.835431e+01 2.997245e+01 1.000000e+00
      vertex   1.700000e+01 2.700000e+01 1.000000e+00
      vertex   1.842605e+01 9.925414e+00 1.000000e+00
    endloop
  endfacet
  facet normal -0.000000e+00 0.000000e+00 1.000000e+00
    outer loop
      vertex   1.835431e+01 2.997245e+01 1.000000e+00
      vertex   1.842605e+01 9.925414e+00 1.000000e+00
      vertex   1.845586e+01 3.012223e+01 1.000000e+00
    endloop
  endfacet
  facet normal 0.000000e+00 0.000000e+00 1.000000e+00
    outer loop
      vertex   1.845586e+01 3.012223e+01 1.000000e+00
      vertex   1.842605e+01 9.925414e+00 1.000000e+00
      vertex   2.087298e+01 8.000000e+00 1.000000e+00
    endloop
  endfacet
  facet normal -0.000000e+00 0.000000e+00 1.000000e+00
    outer loop
      vertex   1.845586e+01 3.012223e+01 1.000000e+00
      vertex   2.087298e+01 8.000000e+00 1.000000e+00
      vertex   2.087298e+01 3.200000e+01 1.000000e+00
    endloop
  endfacet
  facet normal -1.076054e-16 6.900128e-25 1.000000e+00
    outer loop
      vertex   2.087298e+01 3.200000e+01 1.000000e+00
      vertex   2.087298e+01 8.000000e+00 1.000000e+00
      vertex   2.500000e+01 8.000000e+00 1.000000e+00
    endloop
  endfacet
  facet normal -1.076054e-16 0.000000e+00 1.000000e+00
    outer loop
      vertex   2.087298e+01 3.200000e+01 1.000000e+00
      vertex   2.500000e+01 8.000000e+00 1.000000e+00
      vertex   2.500000e+01 3.200000e+01 1.000000e+00
    endloop
  endfacet
  facet normal 0.000000e+00 0.000000e+00 1.000000e+00
    outer loop
      vertex   1.700000e+01 2.700000e+01 1.000000e+00
      vertex   1.700000e+01 1.300000e+01 1.000000e+00
      vertex   1.842605e+01 9.925414e+00 1.000000e+00
    endloop
  endfacet
  facet normal 0.000000e+00 0.000000e+00 1.000000e+00
    outer loop
      vertex   1.842605e+01 9.925414e+00 1.000000e+00
      vertex   1.700000e+01 1.300000e+01 1.000000e+00
      vertex   1.831960e+01 1.007175e+01 1.000000e+00
    endloop
  endfacet
  facet normal 0.000000e+00 0.000000e+00 1.000000e+00
    outer loop
      vertex   1.831960e+01 1.007175e+01 1.000000e+00
      vertex   1.700000e+01 1.300000e+01 1.000000e+00
      vertex   1.819821e+01 1.020594e+01 1.000000e+00
    endloop
  endfacet
  facet normal 0.000000e+00 0.000000e+00 1.000000e+00
    outer loop
      vertex   1.819821e+01 1.020594e+01 1.000000e+00
      vertex   1.700000e+01 1.300000e+01 1.000000e+00
      vertex   1.806323e+01 1.032647e+01 1.000000e+00
    endloop
  endfacet
  facet normal 0.000000e+00 0.000000e+00 1.000000e+00
    outer loop
      vertex   1.806323e+01 1.032647e+01 1.000000e+00
      vertex   1.700000e+01 1.300000e+01 1.000000e+00
      vertex   1.791622e+01 1.043197e+01 1.000000e+00
    endloop
  endfacet
  facet normal 0.000000e+00 0.000000e+00 1.000000e+00
    outer loop
      vertex   1.791622e+01 1.043197e+01 1.000000e+00
      vertex   1.700000e+01 1.300000e+01 1.000000e+00
      vertex   1.775882e+01 1.052125e+01 1.000000e+00
    endloop
  endfacet
  facet normal 0.000000e+00 0.000000e+00 1.000000e+00
    outer loop
      vertex   1.775882e+01 1.052125e+01 1.000000e+00
      vertex   1.700000e+01 1.300000e+01 1.000000e+00
      vertex   1.759282e+01 1.059329e+01 1.000000e+00
    endloop
  endfacet
  facet normal 0.000000e+00 0.000000e+00 1.000000e+00
    outer loop
      vertex   1.759282e+01 1.059329e+01 1.000000e+00
      vertex   1.700000e+01 1.300000e+01 1.000000e+00
      vertex   1.742010e+01 1.064727e+01 1.000000e+00
    endloop
  endfacet
  facet normal 0.000000e+00 0.000000e+00 1.000000e+00
    outer loop
      vertex   1.742010e+01 1.064727e+01 1.000000e+00
      vertex   1.700000e+01 1.300000e+01 1.000000e+00
      vertex   1.724263e+01 1.068260e+01 1.000000e+00
    endloop
  endfacet
  facet normal 0.000000e+00 0.000000e+00 1.000000e+00
    outer loop
      vertex   1.724263e+01 1.068260e+01 1.000000e+00
      vertex   1.700000e+01 1.300000e+01 1.000000e+00
      vertex   1.706240e+01 1.069885e+01 1.000000e+00
    endloop
  endfacet
  facet normal 0.000000e+00 0.000000e+00 1.000000e+00
    outer loop
      vertex   1.706240e+01 1.069885e+01 1.000000e+00
      vertex   1.700000e+01 1.300000e+01 1.000000e+00
      vertex   1.673006e+01 1.299088e+01 1.000000e+00
    endloop
  endfacet
  facet normal 0.000000e+00 0.000000e+00 1.000000e+00
    outer loop
      vertex   1.706240e+01 1.069885e+01 1.000000e+00
      vertex   1.673006e+01 1.299088e+01 1.000000e+00
      vertex   1.646135e+01 1.296357e+01 1.000000e+00
    endloop
  endfacet
  facet normal 0.000000e+00 0.000000e+00 1.000000e+00
    outer loop
      vertex   1.646135e+01 1.296357e+01 1.000000e+00
      vertex   1.619510e+01 1.291818e+01 1.000000e+00
      vertex   1.706240e+01 1.069885e+01 1.000000e+00
    endloop
  endfacet
  facet normal 0.000000e+00 0.000000e+00 1.000000e+00
    outer loop
      vertex   1.706240e+01 1.069885e+01 1.000000e+00
      vertex   1.619510e+01 1.291818e+01 1.000000e+00
      vertex   1.593252e+01 1.285493e+01 1.000000e+00
    endloop
  endfacet
  facet normal 0.000000e+00 0.000000e+00 1.000000e+00
    outer loop
      vertex   1.706240e+01 1.069885e+01 1.000000e+00
      vertex   1.593252e+01 1.285493e+01 1.000000e+00
      vertex   1.567480e+01 1.277410e+01 1.000000e+00
    endloop
  endfacet
  facet normal 0.000000e+00 0.000000e+00 1.000000e+00
    outer loop
      vertex   1.567480e+01 1.277410e+01 1.000000e+00
      vertex   1.542313e+01 1.267607e+01 1.000000e+00
      vertex   1.706240e+01 1.069885e+01 1.000000e+00
    endloop
  endfacet
  facet normal 0.000000e+00 0.000000e+00 1.000000e+00
    outer loop
      vertex   1.706240e+01 1.069885e+01 1.000000e+00
      vertex   1.542313e+01 1.267607e+01 1.000000e+00
      vertex   1.517864e+01 1.256127e+01 1.000000e+00
    endloop
  endfacet
  facet normal 0.000000e+00 0.000000e+00 1.000000e+00
    outer loop
      vertex   1.706240e+01 1.069885e+01 1.000000e+00
      vertex   1.517864e+01 1.256127e+01 1.000000e+00
      vertex   1.494246e+01 1.243024e+01 1.000000e+00
    endloop
  endfacet
  facet normal 0.000000e+00 0.000000e+00 1.000000e+00
    outer loop
      vertex   1.494246e+01 1.243024e+01 1.000000e+00
      vertex   1.471567e+01 1.228357e+01 1.000000e+00
      vertex   1.706240e+01 1.069885e+01 1.000000e+00
    endloop
  endfacet
  facet normal 0.000000e+00 0.000000e+00 1.000000e+00
    outer loop
      vertex   1.706240e+01 1.069885e+01 1.000000e+00
      vertex   1.471567e+01 1.228357e+01 1.000000e+00
      vertex   1.449928e+01 1.212192e+01 1.000000e+00
    endloop
  endfacet
  facet normal 0.000000e+00 0.000000e+00 1.000000e+00
    outer loop
      vertex   1.706240e+01 1.069885e+01 1.000000e+00
      vertex   1.449928e+01 1.212192e+01 1.000000e+00
      vertex   1.429430e+01 1.194605e+01 1.000000e+00
    endloop
  endfacet
  facet normal 0.000000e+00 0.000000e+00 1.000000e+00
    outer loop
      vertex   1.429430e+01 1.194605e+01 1.000000e+00
      vertex   1.410165e+01 1.175674e+01 1.000000e+00
      vertex   1.706240e+01 1.069885e+01 1.000000e+00
    endloop
  endfacet
  facet normal 0.000000e+00 0.000000e+00 1.000000e+00
    outer loop
      vertex   1.706240e+01 1.069885e+01 1.000000e+00
      vertex   1.410165e+01 1.175674e+01 1.000000e+00
      vertex   1.392222e+01 1.155486e+01 1.000000e+00
    endloop
  endfacet
  facet normal 0.000000e+00 0.000000e+00 1.000000e+00
    outer loop
      vertex   1.706240e+01 1.069885e+01 1.000000e+00
      vertex   1.392222e+01 1.155486e+01 1.000000e+00
      vertex   1.375683e+01 1.134133e+01 1.000000e+00
    endloop
  endfacet
  facet normal 0.000000e+00 0.000000e+00 1.000000e+00
    outer loop
      vertex   1.375683e+01 1.134133e+01 1.000000e+00
      vertex   1.360622e+01 1.111713e+01 1.000000e+00
      vertex   1.706240e+01 1.069885e+01 1.000000e+00
    endloop
  endfacet
  facet normal 0.000000e+00 0.000000e+00 1.000000e+00
    outer loop
      vertex   1.706240e+01 1.069885e+01 1.000000e+00
      vertex   1.360622e+01 1.111713e+01 1.000000e+00
      vertex   1.347108e+01 1.088327e+01 1.000000e+00
    endloop
  endfacet
  facet normal 0.000000e+00 0.000000e+00 1.000000e+00
    outer loop
      vertex   1.706240e+01 1.069885e+01 1.000000e+00
      vertex   1.347108e+01 1.088327e+01 1.000000e+00
      vertex   1.688147e+01 1.069586e+01 1.000000e+00
    endloop
  endfacet
  facet normal 0.000000e+00 0.000000e+00 1.000000e+00
    outer loop
      vertex   1.688147e+01 1.069586e+01 1.000000e+00
      vertex   1.347108e+01 1.088327e+01 1.000000e+00
      vertex   1.670189e+01 1.067366e+01 1.000000e+00
    endloop
  endfacet
  facet normal 0.000000e+00 0.000000e+00 1.000000e+00
    outer loop
      vertex   1.670189e+01 1.067366e+01 1.000000e+00
      vertex   1.347108e+01 1.088327e+01 1.000000e+00
      vertex   1.652568e+01 1.063249e+01 1.000000e+00
    endloop
  endfacet
  facet normal 0.000000e+00 0.000000e+00 1.000000e+00
    outer loop
      vertex   1.652568e+01 1.063249e+01 1.000000e+00
      vertex   1.347108e+01 1.088327e+01 1.000000e+00
      vertex   1.635484e+01 1.057282e+01 1.000000e+00
    endloop
  endfacet
  facet normal 0.000000e+00 0.000000e+00 1.000000e+00
    outer loop
      vertex   1.635484e+01 1.057282e+01 1.000000e+00
      vertex   1.347108e+01 1.088327e+01 1.000000e+00
      vertex   1.619131e+01 1.049534e+01 1.000000e+00
    endloop
  endfacet
  facet normal 0.000000e+00 0.000000e+00 1.000000e+00
    outer loop
      vertex   1.619131e+01 1.049534e+01 1.000000e+00
      vertex   1.347108e+01 1.088327e+01 1.000000e+00
      vertex   1.603695e+01 1.040091e+01 1.000000e+00
    endloop
  endfacet
  facet normal 0.000000e+00 0.000000e+00 1.000000e+00
    outer loop
      vertex   1.603695e+01 1.040091e+01 1.000000e+00
      vertex   1.347108e+01 1.088327e+01 1.000000e+00
      vertex   1.589350e+01 1.029060e+01 1.000000e+00
    endloop
  endfacet
  facet normal 0.000000e+00 0.000000e+00 1.000000e+00
    outer loop
      vertex   1.589350e+01 1.029060e+01 1.000000e+00
      vertex   1.347108e+01 1.088327e+01 1.000000e+00
      vertex   1.576259e+01 1.016568e+01 1.000000e+00
    endloop
  endfacet
  facet normal 0.000000e+00 0.000000e+00 1.000000e+00
    outer loop
      vertex   1.576259e+01 1.016568e+01 1.000000e+00
      vertex   1.347108e+01 1.088327e+01 1.000000e+00
      vertex   1.564569e+01 1.002755e+01 1.000000e+00
    endloop
  endfacet
  facet normal 0.000000e+00 0.000000e+00 1.000000e+00
    outer loop
      vertex   1.564569e+01 1.002755e+01 1.000000e+00
      vertex   1.347108e+01 1.088327e+01 1.000000e+00
      vertex   1.554414e+01 9.877770e+00 1.000000e+00
    endloop
  endfacet
  facet normal 0.000000e+00 0.000000e+00 1.000000e+00
    outer loop
      vertex   1.554414e+01 9.877770e+00 1.000000e+00
      vertex   1.347108e+01 1.088327e+01 1.000000e+00
      vertex   1.545909e+01 9.718050e+00 1.000000e+00
    endloop
  endfacet
  facet normal 0.000000e+00 0.000000e+00 1.000000e+00
    outer loop
      vertex   1.545909e+01 9.718050e+00 1.000000e+00
      vertex   1.347108e+01 1.088327e+01 1.000000e+00
      vertex   1.539150e+01 9.550193e+00 1.000000e+00
    endloop
  endfacet
  facet normal 0.000000e+00 0.000000e+00 1.000000e+00
    outer loop
      vertex   1.539150e+01 9.550193e+00 1.000000e+00
      vertex   1.347108e+01 1.088327e+01 1.000000e+00
      vertex   1.534213e+01 9.376102e+00 1.000000e+00
    endloop
  endfacet
  facet normal 0.000000e+00 0.000000e+00 1.000000e+00
    outer loop
      vertex   1.534213e+01 9.376102e+00 1.000000e+00
      vertex   1.347108e+01 1.088327e+01 1.000000e+00
      vertex   1.531154e+01 9.197750e+00 1.000000e+00
    endloop
  endfacet
  facet normal 0.000000e+00 0.000000e+00 1.000000e+00
    outer loop
      vertex   1.531154e+01 9.197750e+00 1.000000e+00
      vertex   1.347108e+01 1.088327e+01 1.000000e+00
      vertex   1.530009e+01 9.017158e+00 1.000000e+00
    endloop
  endfacet
  facet normal 0.000000e+00 0.000000e+00 1.000000e+00
    outer loop
      vertex   1.530009e+01 9.017158e+00 1.000000e+00
      vertex   1.347108e+01 1.088327e+01 1.000000e+00
      vertex   1.369765e+01 6.742906e+00 1.000000e+00
    endloop
  endfacet
  facet normal 0.000000e+00 0.000000e+00 1.000000e+00
    outer loop
      vertex   1.530009e+01 9.017158e+00 1.000000e+00
      vertex   1.369765e+01 6.742906e+00 1.000000e+00
      vertex   1.386205e+01 6.519420e+00 1.000000e+00
    endloop
  endfacet
  facet normal -0.000000e+00 0.000000e+00 1.000000e+00
    outer loop
      vertex   1.335203e+01 1.064083e+01 1.000000e+00
      vertex   1.341722e+01 7.221327e+00 1.000000e+00
      vertex   1.347108e+01 1.088327e+01 1.000000e+00
    endloop
  endfacet
  facet normal 0.000000e+00 0.000000e+00 1.000000e+00
    outer loop
      vertex   1.347108e+01 1.088327e+01 1.000000e+00
      vertex   1.341722e+01 7.221327e+00 1.000000e+00
      vertex   1.354913e+01 6.977251e+00 1.000000e+00
    endloop
  endfacet
  facet normal 0.000000e+00 0.000000e+00 1.000000e+00
    outer loop
      vertex   1.347108e+01 1.088327e+01 1.000000e+00
      vertex   1.354913e+01 6.977251e+00 1.000000e+00
      vertex   1.369765e+01 6.742906e+00 1.000000e+00
    endloop
  endfacet
  facet normal 0.000000e+00 0.000000e+00 1.000000e+00
    outer loop
      vertex   1.341722e+01 7.221327e+00 1.000000e+00
      vertex   1.335203e+01 1.064083e+01 1.000000e+00
      vertex   1.330254e+01 7.473960e+00 1.000000e+00
    endloop
  endfacet
  facet normal 0.000000e+00 -0.000000e+00 1.000000e+00
    outer loop
      vertex   1.330254e+01 7.473960e+00 1.000000e+00
      vertex   1.335203e+01 1.064083e+01 1.000000e+00
      vertex   1.324962e+01 1.039091e+01 1.000000e+00
    endloop
  endfacet
  facet normal 0.000000e+00 0.000000e+00 1.000000e+00
    outer loop
      vertex   1.330254e+01 7.473960e+00 1.000000e+00
      vertex   1.324962e+01 1.039091e+01 1.000000e+00
      vertex   1.320565e+01 7.733935e+00 1.000000e+00
    endloop
  endfacet
  facet normal 0.000000e+00 -0.000000e+00 1.000000e+00
    outer loop
      vertex   1.320565e+01 7.733935e+00 1.000000e+00
      vertex   1.324962e+01 1.039091e+01 1.000000e+00
      vertex   1.316430e+01 1.013464e+01 1.000000e+00
    endloop
  endfacet
  facet normal 0.000000e+00 0.000000e+00 1.000000e+00
    outer loop
      vertex   1.320565e+01 7.733935e+00 1.000000e+00
      vertex   1.316430e+01 1.013464e+01 1.000000e+00
      vertex   1.312702e+01 8.000000e+00 1.000000e+00
    endloop
  endfacet
  facet normal 0.000000e+00 -0.000000e+00 1.000000e+00
    outer loop
      vertex   1.312702e+01 8.000000e+00 1.000000e+00
      vertex   1.316430e+01 1.013464e+01 1.000000e+00
      vertex   1.309647e+01 9.873203e+00 1.000000e+00
    endloop
  endfacet
  facet normal 0.000000e+00 0.000000e+00 1.000000e+00
    outer loop
      vertex   1.312702e+01 8.000000e+00 1.000000e+00
      vertex   1.309647e+01 9.873203e+00 1.000000e+00
      vertex   1.306836e+01 8.263647e+00 1.000000e+00
    endloop
  endfacet
  facet normal 0.000000e+00 -0.000000e+00 1.000000e+00
    outer loop
      vertex   1.306836e+01 8.263647e+00 1.000000e+00
      vertex   1.309647e+01 9.873203e+00 1.000000e+00
      vertex   1.304644e+01 9.607784e+00 1.000000e+00
    endloop
  endfacet
  facet normal 0.000000e+00 0.000000e+00 1.000000e+00
    outer loop
      vertex   1.306836e+01 8.263647e+00 1.000000e+00
      vertex   1.304644e+01 9.607784e+00 1.000000e+00
      vertex   1.302763e+01 8.530652e+00 1.000000e+00
    endloop
  endfacet
  facet normal 0.000000e+00 -0.000000e+00 1.000000e+00
    outer loop
      vertex   1.302763e+01 8.530652e+00 1.000000e+00
      vertex   1.304644e+01 9.607784e+00 1.000000e+00
      vertex   1.301444e+01 9.339593e+00 1.000000e+00
    endloop
  endfacet
  facet normal 0.000000e+00 0.000000e+00 1.000000e+00
    outer loop
      vertex   1.302763e+01 8.530652e+00 1.000000e+00
      vertex   1.301444e+01 9.339593e+00 1.000000e+00
      vertex   1.300501e+01 8.799797e+00 1.000000e+00
    endloop
  endfacet
  facet normal 0.000000e+00 -0.000000e+00 1.000000e+00
    outer loop
      vertex   1.300501e+01 8.799797e+00 1.000000e+00
      vertex   1.301444e+01 9.339593e+00 1.000000e+00
      vertex   1.300061e+01 9.069854e+00 1.000000e+00
    endloop
  endfacet
  facet normal 0.000000e+00 0.000000e+00 1.000000e+00
    outer loop
      vertex   1.530009e+01 9.017158e+00 1.000000e+00
      vertex   1.386205e+01 6.519420e+00 1.000000e+00
      vertex   1.530789e+01 8.836371e+00 1.000000e+00
    endloop
  endfacet
  facet normal 0.000000e+00 0.000000e+00 1.000000e+00
    outer loop
      vertex   1.530789e+01 8.836371e+00 1.000000e+00
      vertex   1.386205e+01 6.519420e+00 1.000000e+00
      vertex   1.404155e+01 6.307868e+00 1.000000e+00
    endloop
  endfacet
  facet normal 0.000000e+00 0.000000e+00 1.000000e+00
    outer loop
      vertex   1.530789e+01 8.836371e+00 1.000000e+00
      vertex   1.404155e+01 6.307868e+00 1.000000e+00
      vertex   1.423528e+01 6.109267e+00 1.000000e+00
    endloop
  endfacet
  facet normal 0.000000e+00 0.000000e+00 1.000000e+00
    outer loop
      vertex   1.530789e+01 8.836371e+00 1.000000e+00
      vertex   1.423528e+01 6.109267e+00 1.000000e+00
      vertex   1.533487e+01 8.657438e+00 1.000000e+00
    endloop
  endfacet
  facet normal 0.000000e+00 0.000000e+00 1.000000e+00
    outer loop
      vertex   1.533487e+01 8.657438e+00 1.000000e+00
      vertex   1.423528e+01 6.109267e+00 1.000000e+00
      vertex   1.444232e+01 5.924574e+00 1.000000e+00
    endloop
  endfacet
  facet normal 0.000000e+00 0.000000e+00 1.000000e+00
    outer loop
      vertex   1.533487e+01 8.657438e+00 1.000000e+00
      vertex   1.444232e+01 5.924574e+00 1.000000e+00
      vertex   1.538072e+01 8.482386e+00 1.000000e+00
    endloop
  endfacet
  facet normal 0.000000e+00 0.000000e+00 1.000000e+00
    outer loop
      vertex   1.538072e+01 8.482386e+00 1.000000e+00
      vertex   1.444232e+01 5.924574e+00 1.000000e+00
      vertex   1.466165e+01 5.754675e+00 1.000000e+00
    endloop
  endfacet
  facet normal 0.000000e+00 0.000000e+00 1.000000e+00
    outer loop
      vertex   1.538072e+01 8.482386e+00 1.000000e+00
      vertex   1.466165e+01 5.754675e+00 1.000000e+00
      vertex   1.544491e+01 8.313200e+00 1.000000e+00
    endloop
  endfacet
  facet normal 0.000000e+00 0.000000e+00 1.000000e+00
    outer loop
      vertex   1.544491e+01 8.313200e+00 1.000000e+00
      vertex   1.466165e+01 5.754675e+00 1.000000e+00
      vertex   1.489224e+01 5.600390e+00 1.000000e+00
    endloop
  endfacet
  facet normal 0.000000e+00 0.000000e+00 1.000000e+00
    outer loop
      vertex   1.544491e+01 8.313200e+00 1.000000e+00
      vertex   1.489224e+01 5.600390e+00 1.000000e+00
      vertex   1.552672e+01 8.151795e+00 1.000000e+00
    endloop
  endfacet
  facet normal 0.000000e+00 0.000000e+00 1.000000e+00
    outer loop
      vertex   1.552672e+01 8.151795e+00 1.000000e+00
      vertex   1.489224e+01 5.600390e+00 1.000000e+00
      vertex   1.513297e+01 5.462460e+00 1.000000e+00
    endloop
  endfacet
  facet normal -1.839184e-15 2.692818e-16 1.000000e+00
    outer loop
      vertex   1.552672e+01 8.151795e+00 1.000000e+00
      vertex   1.513297e+01 5.462460e+00 1.000000e+00
      vertex   1.562523e+01 8.000000e+00 1.000000e+00
    endloop
  endfacet
  facet normal -3.873192e-17 -7.999023e-17 1.000000e+00
    outer loop
      vertex   1.562523e+01 8.000000e+00 1.000000e+00
      vertex   1.513297e+01 5.462460e+00 1.000000e+00
      vertex   1.538268e+01 5.341549e+00 1.000000e+00
    endloop
  endfacet
  facet normal 1.657342e-15 -2.347362e-16 1.000000e+00
    outer loop
      vertex   1.562523e+01 8.000000e+00 1.000000e+00
      vertex   1.538268e+01 5.341549e+00 1.000000e+00
      vertex   1.573931e+01 7.859536e+00 1.000000e+00
    endloop
  endfacet
  facet normal 0.000000e+00 0.000000e+00 1.000000e+00
    outer loop
      vertex   1.573931e+01 7.859536e+00 1.000000e+00
      vertex   1.538268e+01 5.341549e+00 1.000000e+00
      vertex   1.564017e+01 5.238238e+00 1.000000e+00
    endloop
  endfacet
  facet normal 0.000000e+00 0.000000e+00 1.000000e+00
    outer loop
      vertex   1.573931e+01 7.859536e+00 1.000000e+00
      vertex   1.564017e+01 5.238238e+00 1.000000e+00
      vertex   1.586768e+01 7.731994e+00 1.000000e+00
    endloop
  endfacet
  facet normal 0.000000e+00 0.000000e+00 1.000000e+00
    outer loop
      vertex   1.586768e+01 7.731994e+00 1.000000e+00
      vertex   1.564017e+01 5.238238e+00 1.000000e+00
      vertex   1.600887e+01 7.618818e+00 1.000000e+00
    endloop
  endfacet
  facet normal 0.000000e+00 0.000000e+00 1.000000e+00
    outer loop
      vertex   1.600887e+01 7.618818e+00 1.000000e+00
      vertex   1.564017e+01 5.238238e+00 1.000000e+00
      vertex   1.590420e+01 5.153024e+00 1.000000e+00
    endloop
  endfacet
  facet normal 0.000000e+00 0.000000e+00 1.000000e+00
    outer loop
      vertex   1.600887e+01 7.618818e+00 1.000000e+00
      vertex   1.590420e+01 5.153024e+00 1.000000e+00
      vertex   1.616130e+01 7.521292e+00 1.000000e+00
    endloop
  endfacet
  facet normal 0.000000e+00 0.000000e+00 1.000000e+00
    outer loop
      vertex   1.616130e+01 7.521292e+00 1.000000e+00
      vertex   1.590420e+01 5.153024e+00 1.000000e+00
      vertex   1.617350e+01 5.086318e+00 1.000000e+00
    endloop
  endfacet
  facet normal 0.000000e+00 0.000000e+00 1.000000e+00
    outer loop
      vertex   1.616130e+01 7.521292e+00 1.000000e+00
      vertex   1.617350e+01 5.086318e+00 1.000000e+00
      vertex   1.632323e+01 7.440521e+00 1.000000e+00
    endloop
  endfacet
  facet normal 0.000000e+00 0.000000e+00 1.000000e+00
    outer loop
      vertex   1.632323e+01 7.440521e+00 1.000000e+00
      vertex   1.617350e+01 5.086318e+00 1.000000e+00
      vertex   1.649282e+01 7.377419e+00 1.000000e+00
    endloop
  endfacet
  facet normal 0.000000e+00 0.000000e+00 1.000000e+00
    outer loop
      vertex   1.649282e+01 7.377419e+00 1.000000e+00
      vertex   1.617350e+01 5.086318e+00 1.000000e+00
      vertex   1.644678e+01 5.038441e+00 1.000000e+00
    endloop
  endfacet
  facet normal 0.000000e+00 0.000000e+00 1.000000e+00
    outer loop
      vertex   1.649282e+01 7.377419e+00 1.000000e+00
      vertex   1.644678e+01 5.038441e+00 1.000000e+00
      vertex   1.666816e+01 7.332701e+00 1.000000e+00
    endloop
  endfacet
  facet normal 0.000000e+00 0.000000e+00 1.000000e+00
    outer loop
      vertex   1.666816e+01 7.332701e+00 1.000000e+00
      vertex   1.644678e+01 5.038441e+00 1.000000e+00
      vertex   1.672272e+01 5.009622e+00 1.000000e+00
    endloop
  endfacet
  facet normal 0.000000e+00 0.000000e+00 1.000000e+00
    outer loop
      vertex   1.666816e+01 7.332701e+00 1.000000e+00
      vertex   1.672272e+01 5.009622e+00 1.000000e+00
      vertex   1.684727e+01 7.306875e+00 1.000000e+00
    endloop
  endfacet
  facet normal 0.000000e+00 0.000000e+00 1.000000e+00
    outer loop
      vertex   1.684727e+01 7.306875e+00 1.000000e+00
      vertex   1.672272e+01 5.009622e+00 1.000000e+00
      vertex   1.700000e+01 5.000000e+00 1.000000e+00
    endloop
  endfacet
  facet normal 0.000000e+00 0.000000e+00 1.000000e+00
    outer loop
      vertex   1.684727e+01 7.306875e+00 1.000000e+00
      vertex   1.700000e+01 5.000000e+00 1.000000e+00
      vertex   1.702810e+01 7.300232e+00 1.000000e+00
    endloop
  endfacet
  facet normal 0.000000e+00 0.000000e+00 1.000000e+00
    outer loop
      vertex   1.702810e+01 7.300232e+00 1.000000e+00
      vertex   1.700000e+01 5.000000e+00 1.000000e+00
      vertex   1.727728e+01 5.009622e+00 1.000000e+00
    endloop
  endfacet
  facet normal 0.000000e+00 0.000000e+00 1.000000e+00
    outer loop
      vertex   1.702810e+01 7.300232e+00 1.000000e+00
      vertex   1.727728e+01 5.009622e+00 1.000000e+00
      vertex   1.755322e+01 5.038441e+00 1.000000e+00
    endloop
  endfacet
  facet normal 0.000000e+00 -0.000000e+00 1.000000e+00
    outer loop
      vertex   1.755322e+01 5.038441e+00 1.000000e+00
      vertex   1.782650e+01 5.086318e+00 1.000000e+00
      vertex   1.702810e+01 7.300232e+00 1.000000e+00
    endloop
  endfacet
  facet normal 0.000000e+00 0.000000e+00 1.000000e+00
    outer loop
      vertex   1.702810e+01 7.300232e+00 1.000000e+00
      vertex   1.782650e+01 5.086318e+00 1.000000e+00
      vertex   1.809580e+01 5.153024e+00 1.000000e+00
    endloop
  endfacet
  facet normal 0.000000e+00 0.000000e+00 1.000000e+00
    outer loop
      vertex   1.702810e+01 7.300232e+00 1.000000e+00
      vertex   1.809580e+01 5.153024e+00 1.000000e+00
      vertex   1.835983e+01 5.238238e+00 1.000000e+00
    endloop
  endfacet
  facet normal 0.000000e+00 -0.000000e+00 1.000000e+00
    outer loop
      vertex   1.835983e+01 5.238238e+00 1.000000e+00
      vertex   1.861732e+01 5.341549e+00 1.000000e+00
      vertex   1.702810e+01 7.300232e+00 1.000000e+00
    endloop
  endfacet
  facet normal 0.000000e+00 0.000000e+00 1.000000e+00
    outer loop
      vertex   1.702810e+01 7.300232e+00 1.000000e+00
      vertex   1.861732e+01 5.341549e+00 1.000000e+00
      vertex   1.886703e+01 5.462460e+00 1.000000e+00
    endloop
  endfacet
  facet normal 0.000000e+00 0.000000e+00 1.000000e+00
    outer loop
      vertex   1.702810e+01 7.300232e+00 1.000000e+00
      vertex   1.886703e+01 5.462460e+00 1.000000e+00
      vertex   1.910776e+01 5.600390e+00 1.000000e+00
    endloop
  endfacet
  facet normal 0.000000e+00 -0.000000e+00 1.000000e+00
    outer loop
      vertex   1.910776e+01 5.600390e+00 1.000000e+00
      vertex   1.933835e+01 5.754675e+00 1.000000e+00
      vertex   1.702810e+01 7.300232e+00 1.000000e+00
    endloop
  endfacet
  facet normal 0.000000e+00 0.000000e+00 1.000000e+00
    outer loop
      vertex   1.702810e+01 7.300232e+00 1.000000e+00
      vertex   1.933835e+01 5.754675e+00 1.000000e+00
      vertex   1.955769e+01 5.924574e+00 1.000000e+00
    endloop
  endfacet
  facet normal 0.000000e+00 0.000000e+00 1.000000e+00
    outer loop
      vertex   1.702810e+01 7.300232e+00 1.000000e+00
      vertex   1.955769e+01 5.924574e+00 1.000000e+00
      vertex   1.976472e+01 6.109267e+00 1.000000e+00
    endloop
  endfacet
  facet normal 0.000000e+00 -0.000000e+00 1.000000e+00
    outer loop
      vertex   1.976472e+01 6.109267e+00 1.000000e+00
      vertex   1.995845e+01 6.307868e+00 1.000000e+00
      vertex   1.702810e+01 7.300232e+00 1.000000e+00
    endloop
  endfacet
  facet normal 0.000000e+00 0.000000e+00 1.000000e+00
    outer loop
      vertex   1.702810e+01 7.300232e+00 1.000000e+00
      vertex   1.995845e+01 6.307868e+00 1.000000e+00
      vertex   2.013795e+01 6.519420e+00 1.000000e+00
    endloop
  endfacet
  facet normal 0.000000e+00 0.000000e+00 1.000000e+00
    outer loop
      vertex   1.702810e+01 7.300232e+00 1.000000e+00
      vertex   2.013795e+01 6.519420e+00 1.000000e+00
      vertex   2.030235e+01 6.742906e+00 1.000000e+00
    endloop
  endfacet
  facet normal 0.000000e+00 -0.000000e+00 1.000000e+00
    outer loop
      vertex   2.030235e+01 6.742906e+00 1.000000e+00
      vertex   2.045087e+01 6.977251e+00 1.000000e+00
      vertex   1.702810e+01 7.300232e+00 1.000000e+00
    endloop
  endfacet
  facet normal 0.000000e+00 0.000000e+00 1.000000e+00
    outer loop
      vertex   1.702810e+01 7.300232e+00 1.000000e+00
      vertex   2.045087e+01 6.977251e+00 1.000000e+00
      vertex   2.058278e+01 7.221327e+00 1.000000e+00
    endloop
  endfacet
  facet normal -0.000000e+00 0.000000e+00 1.000000e+00
    outer loop
      vertex   1.702810e+01 7.300232e+00 1.000000e+00
      vertex   2.058278e+01 7.221327e+00 1.000000e+00
      vertex   1.720862e+01 7.312849e+00 1.000000e+00
    endloop
  endfacet
  facet normal -0.000000e+00 0.000000e+00 1.000000e+00
    outer loop
      vertex   1.720862e+01 7.312849e+00 1.000000e+00
      vertex   2.058278e+01 7.221327e+00 1.000000e+00
      vertex   1.738677e+01 7.344581e+00 1.000000e+00
    endloop
  endfacet
  facet normal -0.000000e+00 0.000000e+00 1.000000e+00
    outer loop
      vertex   1.738677e+01 7.344581e+00 1.000000e+00
      vertex   2.058278e+01 7.221327e+00 1.000000e+00
      vertex   1.756054e+01 7.395070e+00 1.000000e+00
    endloop
  endfacet
  facet normal -0.000000e+00 0.000000e+00 1.000000e+00
    outer loop
      vertex   1.756054e+01 7.395070e+00 1.000000e+00
      vertex   2.058278e+01 7.221327e+00 1.000000e+00
      vertex   1.772795e+01 7.463744e+00 1.000000e+00
    endloop
  endfacet
  facet normal -0.000000e+00 0.000000e+00 1.000000e+00
    outer loop
      vertex   1.772795e+01 7.463744e+00 1.000000e+00
      vertex   2.058278e+01 7.221327e+00 1.000000e+00
      vertex   2.069746e+01 7.473960e+00 1.000000e+00
    endloop
  endfacet
  facet normal 0.000000e+00 0.000000e+00 1.000000e+00
    outer loop
      vertex   1.772795e+01 7.463744e+00 1.000000e+00
      vertex   2.069746e+01 7.473960e+00 1.000000e+00
      vertex   1.788712e+01 7.549824e+00 1.000000e+00
    endloop
  endfacet
  facet normal -0.000000e+00 0.000000e+00 1.000000e+00
    outer loop
      vertex   1.788712e+01 7.549824e+00 1.000000e+00
      vertex   2.069746e+01 7.473960e+00 1.000000e+00
      vertex   1.803624e+01 7.652335e+00 1.000000e+00
    endloop
  endfacet
  facet normal -0.000000e+00 0.000000e+00 1.000000e+00
    outer loop
      vertex   1.803624e+01 7.652335e+00 1.000000e+00
      vertex   2.069746e+01 7.473960e+00 1.000000e+00
      vertex   1.817362e+01 7.770116e+00 1.000000e+00
    endloop
  endfacet
  facet normal -0.000000e+00 0.000000e+00 1.000000e+00
    outer loop
      vertex   1.817362e+01 7.770116e+00 1.000000e+00
      vertex   2.069746e+01 7.473960e+00 1.000000e+00
      vertex   1.829770e+01 7.901831e+00 1.000000e+00
    endloop
  endfacet
  facet normal -0.000000e+00 0.000000e+00 1.000000e+00
    outer loop
      vertex   1.829770e+01 7.901831e+00 1.000000e+00
      vertex   2.069746e+01 7.473960e+00 1.000000e+00
      vertex   1.840708e+01 8.045990e+00 1.000000e+00
    endloop
  endfacet
  facet normal -0.000000e+00 0.000000e+00 1.000000e+00
    outer loop
      vertex   1.840708e+01 8.045990e+00 1.000000e+00
      vertex   2.069746e+01 7.473960e+00 1.000000e+00
      vertex   1.850051e+01 8.200958e+00 1.000000e+00
    endloop
  endfacet
  facet normal -0.000000e+00 0.000000e+00 1.000000e+00
    outer loop
      vertex   1.850051e+01 8.200958e+00 1.000000e+00
      vertex   2.069746e+01 7.473960e+00 1.000000e+00
      vertex   1.857694e+01 8.364979e+00 1.000000e+00
    endloop
  endfacet
  facet normal -0.000000e+00 0.000000e+00 1.000000e+00
    outer loop
      vertex   1.857694e+01 8.364979e+00 1.000000e+00
      vertex   2.069746e+01 7.473960e+00 1.000000e+00
      vertex   1.863551e+01 8.536195e+00 1.000000e+00
    endloop
  endfacet
  facet normal -0.000000e+00 0.000000e+00 1.000000e+00
    outer loop
      vertex   1.863551e+01 8.536195e+00 1.000000e+00
      vertex   2.069746e+01 7.473960e+00 1.000000e+00
      vertex   1.867554e+01 8.712666e+00 1.000000e+00
    endloop
  endfacet
  facet normal -0.000000e+00 0.000000e+00 1.000000e+00
    outer loop
      vertex   1.867554e+01 8.712666e+00 1.000000e+00
      vertex   2.069746e+01 7.473960e+00 1.000000e+00
      vertex   1.869659e+01 8.892393e+00 1.000000e+00
    endloop
  endfacet
  facet normal -0.000000e+00 0.000000e+00 1.000000e+00
    outer loop
      vertex   1.869659e+01 8.892393e+00 1.000000e+00
      vertex   2.069746e+01 7.473960e+00 1.000000e+00
      vertex   1.869842e+01 9.073339e+00 1.000000e+00
    endloop
  endfacet
  facet normal 0.000000e+00 0.000000e+00 1.000000e+00
    outer loop
      vertex   1.869842e+01 9.073339e+00 1.000000e+00
      vertex   2.069746e+01 7.473960e+00 1.000000e+00
      vertex   2.079435e+01 7.733935e+00 1.000000e+00
    endloop
  endfacet
  facet normal 0.000000e+00 0.000000e+00 1.000000e+00
    outer loop
      vertex   1.869842e+01 9.073339e+00 1.000000e+00
      vertex   2.079435e+01 7.733935e+00 1.000000e+00
      vertex   2.087298e+01 8.000000e+00 1.000000e+00
    endloop
  endfacet
  facet normal 1.777629e-16 5.253747e-17 1.000000e+00
    outer loop
      vertex   2.079435e+01 3.226607e+01 1.000000e+00
      vertex   1.837477e+01 3.200000e+01 1.000000e+00
      vertex   2.087298e+01 3.200000e+01 1.000000e+00
    endloop
  endfacet
  facet normal 1.777629e-16 -2.810236e-15 1.000000e+00
    outer loop
      vertex   2.087298e+01 3.200000e+01 1.000000e+00
      vertex   1.837477e+01 3.200000e+01 1.000000e+00
      vertex   1.847328e+01 3.184821e+01 1.000000e+00
    endloop
  endfacet
  facet normal 0.000000e+00 0.000000e+00 1.000000e+00
    outer loop
      vertex   2.087298e+01 3.200000e+01 1.000000e+00
      vertex   1.847328e+01 3.184821e+01 1.000000e+00
      vertex   1.855509e+01 3.168680e+01 1.000000e+00
    endloop
  endfacet
  facet normal 1.763144e-16 6.571021e-17 1.000000e+00
    outer loop
      vertex   2.079435e+01 3.226607e+01 1.000000e+00
      vertex   2.069746e+01 3.252604e+01 1.000000e+00
      vertex   1.837477e+01 3.200000e+01 1.000000e+00
    endloop
  endfacet
  facet normal 1.733727e-16 7.869890e-17 1.000000e+00
    outer loop
      vertex   1.837477e+01 3.200000e+01 1.000000e+00
      vertex   2.069746e+01 3.252604e+01 1.000000e+00
      vertex   2.058278e+01 3.277867e+01 1.000000e+00
    endloop
  endfacet
  facet normal 1.689290e-16 9.129970e-17 1.000000e+00
    outer loop
      vertex   1.837477e+01 3.200000e+01 1.000000e+00
      vertex   2.058278e+01 3.277867e+01 1.000000e+00
      vertex   2.045087e+01 3.302275e+01 1.000000e+00
    endloop
  endfacet
  facet normal 1.630128e-16 1.033091e-16 1.000000e+00
    outer loop
      vertex   2.045087e+01 3.302275e+01 1.000000e+00
      vertex   2.030235e+01 3.325709e+01 1.000000e+00
      vertex   1.837477e+01 3.200000e+01 1.000000e+00
    endloop
  endfacet
  facet normal 1.556933e-16 1.145325e-16 1.000000e+00
    outer loop
      vertex   1.837477e+01 3.200000e+01 1.000000e+00
      vertex   2.030235e+01 3.325709e+01 1.000000e+00
      vertex   2.013795e+01 3.348058e+01 1.000000e+00
    endloop
  endfacet
  facet normal 1.470773e-16 1.247930e-16 1.000000e+00
    outer loop
      vertex   1.837477e+01 3.200000e+01 1.000000e+00
      vertex   2.013795e+01 3.348058e+01 1.000000e+00
      vertex   1.995845e+01 3.369213e+01 1.000000e+00
    endloop
  endfacet
  facet normal 1.373050e-16 1.339389e-16 1.000000e+00
    outer loop
      vertex   1.995845e+01 3.369213e+01 1.000000e+00
      vertex   1.976472e+01 3.389073e+01 1.000000e+00
      vertex   1.837477e+01 3.200000e+01 1.000000e+00
    endloop
  endfacet
  facet normal 1.265440e-16 1.418497e-16 1.000000e+00
    outer loop
      vertex   1.837477e+01 3.200000e+01 1.000000e+00
      vertex   1.976472e+01 3.389073e+01 1.000000e+00
      vertex   1.955769e+01 3.407543e+01 1.000000e+00
    endloop
  endfacet
  facet normal 1.149812e-16 1.484401e-16 1.000000e+00
    outer loop
      vertex   1.837477e+01 3.200000e+01 1.000000e+00
      vertex   1.955769e+01 3.407543e+01 1.000000e+00
      vertex   1.933835e+01 3.424533e+01 1.000000e+00
    endloop
  endfacet
  facet normal 1.028145e-16 1.536614e-16 1.000000e+00
    outer loop
      vertex   1.933835e+01 3.424533e+01 1.000000e+00
      vertex   1.910776e+01 3.439961e+01 1.000000e+00
      vertex   1.837477e+01 3.200000e+01 1.000000e+00
    endloop
  endfacet
  facet normal 9.024384e-17 1.575012e-16 1.000000e+00
    outer loop
      vertex   1.837477e+01 3.200000e+01 1.000000e+00
      vertex   1.910776e+01 3.439961e+01 1.000000e+00
      vertex   1.886703e+01 3.453754e+01 1.000000e+00
    endloop
  endfacet
  facet normal 7.746384e-17 1.599804e-16 1.000000e+00
    outer loop
      vertex   1.837477e+01 3.200000e+01 1.000000e+00
      vertex   1.886703e+01 3.453754e+01 1.000000e+00
      vertex   1.861732e+01 3.465845e+01 1.000000e+00
    endloop
  endfacet
  facet normal -3.314685e-15 4.694721e-16 1.000000e+00
    outer loop
      vertex   1.837477e+01 3.200000e+01 1.000000e+00
      vertex   1.861732e+01 3.465845e+01 1.000000e+00
      vertex   1.826069e+01 3.214046e+01 1.000000e+00
    endloop
  endfacet
  facet normal 0.000000e+00 0.000000e+00 1.000000e+00
    outer loop
      vertex   1.826069e+01 3.214046e+01 1.000000e+00
      vertex   1.861732e+01 3.465845e+01 1.000000e+00
      vertex   1.835983e+01 3.476176e+01 1.000000e+00
    endloop
  endfacet
  facet normal 0.000000e+00 -0.000000e+00 1.000000e+00
    outer loop
      vertex   1.826069e+01 3.214046e+01 1.000000e+00
      vertex   1.835983e+01 3.476176e+01 1.000000e+00
      vertex   1.813233e+01 3.226801e+01 1.000000e+00
    endloop
  endfacet
  facet normal 0.000000e+00 -0.000000e+00 1.000000e+00
    outer loop
      vertex   1.813233e+01 3.226801e+01 1.000000e+00
      vertex   1.835983e+01 3.476176e+01 1.000000e+00
      vertex   1.799113e+01 3.238118e+01 1.000000e+00
    endloop
  endfacet
  facet normal 0.000000e+00 0.000000e+00 1.000000e+00
    outer loop
      vertex   1.799113e+01 3.238118e+01 1.000000e+00
      vertex   1.835983e+01 3.476176e+01 1.000000e+00
      vertex   1.809580e+01 3.484698e+01 1.000000e+00
    endloop
  endfacet
  facet normal 0.000000e+00 -0.000000e+00 1.000000e+00
    outer loop
      vertex   1.799113e+01 3.238118e+01 1.000000e+00
      vertex   1.809580e+01 3.484698e+01 1.000000e+00
      vertex   1.783870e+01 3.247871e+01 1.000000e+00
    endloop
  endfacet
  facet normal 0.000000e+00 -0.000000e+00 1.000000e+00
    outer loop
      vertex   1.783870e+01 3.247871e+01 1.000000e+00
      vertex   1.809580e+01 3.484698e+01 1.000000e+00
      vertex   1.782650e+01 3.491368e+01 1.000000e+00
    endloop
  endfacet
  facet normal 0.000000e+00 0.000000e+00 1.000000e+00
    outer loop
      vertex   1.783870e+01 3.247871e+01 1.000000e+00
      vertex   1.782650e+01 3.491368e+01 1.000000e+00
      vertex   1.767678e+01 3.255948e+01 1.000000e+00
    endloop
  endfacet
  facet normal 0.000000e+00 -0.000000e+00 1.000000e+00
    outer loop
      vertex   1.767678e+01 3.255948e+01 1.000000e+00
      vertex   1.782650e+01 3.491368e+01 1.000000e+00
      vertex   1.750718e+01 3.262258e+01 1.000000e+00
    endloop
  endfacet
  facet normal 0.000000e+00 0.000000e+00 1.000000e+00
    outer loop
      vertex   1.750718e+01 3.262258e+01 1.000000e+00
      vertex   1.782650e+01 3.491368e+01 1.000000e+00
      vertex   1.755322e+01 3.496156e+01 1.000000e+00
    endloop
  endfacet
  facet normal 0.000000e+00 -0.000000e+00 1.000000e+00
    outer loop
      vertex   1.750718e+01 3.262258e+01 1.000000e+00
      vertex   1.755322e+01 3.496156e+01 1.000000e+00
      vertex   1.733184e+01 3.266730e+01 1.000000e+00
    endloop
  endfacet
  facet normal 0.000000e+00 -0.000000e+00 1.000000e+00
    outer loop
      vertex   1.733184e+01 3.266730e+01 1.000000e+00
      vertex   1.755322e+01 3.496156e+01 1.000000e+00
      vertex   1.727728e+01 3.499038e+01 1.000000e+00
    endloop
  endfacet
  facet normal 0.000000e+00 0.000000e+00 1.000000e+00
    outer loop
      vertex   1.733184e+01 3.266730e+01 1.000000e+00
      vertex   1.727728e+01 3.499038e+01 1.000000e+00
      vertex   1.715273e+01 3.269313e+01 1.000000e+00
    endloop
  endfacet
  facet normal 0.000000e+00 -0.000000e+00 1.000000e+00
    outer loop
      vertex   1.715273e+01 3.269313e+01 1.000000e+00
      vertex   1.727728e+01 3.499038e+01 1.000000e+00
      vertex   1.700000e+01 3.500000e+01 1.000000e+00
    endloop
  endfacet
  facet normal 0.000000e+00 0.000000e+00 1.000000e+00
    outer loop
      vertex   1.715273e+01 3.269313e+01 1.000000e+00
      vertex   1.700000e+01 3.500000e+01 1.000000e+00
      vertex   1.697190e+01 3.269977e+01 1.000000e+00
    endloop
  endfacet
  facet normal 0.000000e+00 -0.000000e+00 1.000000e+00
    outer loop
      vertex   1.697190e+01 3.269977e+01 1.000000e+00
      vertex   1.700000e+01 3.500000e+01 1.000000e+00
      vertex   1.672272e+01 3.499038e+01 1.000000e+00
    endloop
  endfacet
  facet normal 0.000000e+00 0.000000e+00 1.000000e+00
    outer loop
      vertex   1.697190e+01 3.269977e+01 1.000000e+00
      vertex   1.672272e+01 3.499038e+01 1.000000e+00
      vertex   1.644678e+01 3.496156e+01 1.000000e+00
    endloop
  endfacet
  facet normal 0.000000e+00 0.000000e+00 1.000000e+00
    outer loop
      vertex   1.644678e+01 3.496156e+01 1.000000e+00
      vertex   1.617350e+01 3.491368e+01 1.000000e+00
      vertex   1.697190e+01 3.269977e+01 1.000000e+00
    endloop
  endfacet
  facet normal 0.000000e+00 0.000000e+00 1.000000e+00
    outer loop
      vertex   1.697190e+01 3.269977e+01 1.000000e+00
      vertex   1.617350e+01 3.491368e+01 1.000000e+00
      vertex   1.590420e+01 3.484698e+01 1.000000e+00
    endloop
  endfacet
  facet normal 0.000000e+00 0.000000e+00 1.000000e+00
    outer loop
      vertex   1.697190e+01 3.269977e+01 1.000000e+00
      vertex   1.590420e+01 3.484698e+01 1.000000e+00
      vertex   1.564017e+01 3.476176e+01 1.000000e+00
    endloop
  endfacet
  facet normal 0.000000e+00 0.000000e+00 1.000000e+00
    outer loop
      vertex   1.564017e+01 3.476176e+01 1.000000e+00
      vertex   1.538268e+01 3.465845e+01 1.000000e+00
      vertex   1.697190e+01 3.269977e+01 1.000000e+00
    endloop
  endfacet
  facet normal 0.000000e+00 0.000000e+00 1.000000e+00
    outer loop
      vertex   1.697190e+01 3.269977e+01 1.000000e+00
      vertex   1.538268e+01 3.465845e+01 1.000000e+00
      vertex   1.513297e+01 3.453754e+01 1.000000e+00
    endloop
  endfacet
  facet normal 0.000000e+00 0.000000e+00 1.000000e+00
    outer loop
      vertex   1.697190e+01 3.269977e+01 1.000000e+00
      vertex   1.513297e+01 3.453754e+01 1.000000e+00
      vertex   1.489224e+01 3.439961e+01 1.000000e+00
    endloop
  endfacet
  facet normal 0.000000e+00 0.000000e+00 1.000000e+00
    outer loop
      vertex   1.489224e+01 3.439961e+01 1.000000e+00
      vertex   1.466165e+01 3.424533e+01 1.000000e+00
      vertex   1.697190e+01 3.269977e+01 1.000000e+00
    endloop
  endfacet
  facet normal 0.000000e+00 0.000000e+00 1.000000e+00
    outer loop
      vertex   1.697190e+01 3.269977e+01 1.000000e+00
      vertex   1.466165e+01 3.424533e+01 1.000000e+00
      vertex   1.444231e+01 3.407543e+01 1.000000e+00
    endloop
  endfacet
  facet normal 0.000000e+00 0.000000e+00 1.000000e+00
    outer loop
      vertex   1.697190e+01 3.269977e+01 1.000000e+00
      vertex   1.444231e+01 3.407543e+01 1.000000e+00
      vertex   1.423528e+01 3.389073e+01 1.000000e+00
    endloop
  endfacet
  facet normal 0.000000e+00 0.000000e+00 1.000000e+00
    outer loop
      vertex   1.423528e+01 3.389073e+01 1.000000e+00
      vertex   1.404155e+01 3.369213e+01 1.000000e+00
      vertex   1.697190e+01 3.269977e+01 1.000000e+00
    endloop
  endfacet
  facet normal 0.000000e+00 0.000000e+00 1.000000e+00
    outer loop
      vertex   1.697190e+01 3.269977e+01 1.000000e+00
      vertex   1.404155e+01 3.369213e+01 1.000000e+00
      vertex   1.386205e+01 3.348058e+01 1.000000e+00
    endloop
  endfacet
  facet normal 0.000000e+00 0.000000e+00 1.000000e+00
    outer loop
      vertex   1.697190e+01 3.269977e+01 1.000000e+00
      vertex   1.386205e+01 3.348058e+01 1.000000e+00
      vertex   1.369765e+01 3.325709e+01 1.000000e+00
    endloop
  endfacet
  facet normal 0.000000e+00 0.000000e+00 1.000000e+00
    outer loop
      vertex   1.369765e+01 3.325709e+01 1.000000e+00
      vertex   1.354913e+01 3.302275e+01 1.000000e+00
      vertex   1.697190e+01 3.269977e+01 1.000000e+00
    endloop
  endfacet
  facet normal 0.000000e+00 0.000000e+00 1.000000e+00
    outer loop
      vertex   1.697190e+01 3.269977e+01 1.000000e+00
      vertex   1.354913e+01 3.302275e+01 1.000000e+00
      vertex   1.341722e+01 3.277867e+01 1.000000e+00
    endloop
  endfacet
  facet normal 0.000000e+00 0.000000e+00 1.000000e+00
    outer loop
      vertex   1.697190e+01 3.269977e+01 1.000000e+00
      vertex   1.341722e+01 3.277867e+01 1.000000e+00
      vertex   1.330254e+01 3.252604e+01 1.000000e+00
    endloop
  endfacet
  facet normal 0.000000e+00 0.000000e+00 1.000000e+00
    outer loop
      vertex   1.320565e+01 3.226607e+01 1.000000e+00
      vertex   1.611288e+01 3.245018e+01 1.000000e+00
      vertex   1.330254e+01 3.252604e+01 1.000000e+00
    endloop
  endfacet
  facet normal -0.000000e+00 0.000000e+00 1.000000e+00
    outer loop
      vertex   1.330254e+01 3.252604e+01 1.000000e+00
      vertex   1.611288e+01 3.245018e+01 1.000000e+00
      vertex   1.627205e+01 3.253626e+01 1.000000e+00
    endloop
  endfacet
  facet normal 0.000000e+00 0.000000e+00 1.000000e+00
    outer loop
      vertex   1.330254e+01 3.252604e+01 1.000000e+00
      vertex   1.627205e+01 3.253626e+01 1.000000e+00
      vertex   1.643946e+01 3.260493e+01 1.000000e+00
    endloop
  endfacet
  facet normal 0.000000e+00 0.000000e+00 1.000000e+00
    outer loop
      vertex   1.312702e+01 3.200000e+01 1.000000e+00
      vertex   1.582638e+01 3.222989e+01 1.000000e+00
      vertex   1.320565e+01 3.226607e+01 1.000000e+00
    endloop
  endfacet
  facet normal -0.000000e+00 0.000000e+00 1.000000e+00
    outer loop
      vertex   1.320565e+01 3.226607e+01 1.000000e+00
      vertex   1.582638e+01 3.222989e+01 1.000000e+00
      vertex   1.596376e+01 3.234767e+01 1.000000e+00
    endloop
  endfacet
  facet normal 0.000000e+00 0.000000e+00 1.000000e+00
    outer loop
      vertex   1.320565e+01 3.226607e+01 1.000000e+00
      vertex   1.596376e+01 3.234767e+01 1.000000e+00
      vertex   1.611288e+01 3.245018e+01 1.000000e+00
    endloop
  endfacet
  facet normal 0.000000e+00 0.000000e+00 1.000000e+00
    outer loop
      vertex   1.842605e+01 9.925414e+00 1.000000e+00
      vertex   1.851633e+01 9.768592e+00 1.000000e+00
      vertex   2.087298e+01 8.000000e+00 1.000000e+00
    endloop
  endfacet
  facet normal 0.000000e+00 0.000000e+00 1.000000e+00
    outer loop
      vertex   2.087298e+01 8.000000e+00 1.000000e+00
      vertex   1.851633e+01 9.768592e+00 1.000000e+00
      vertex   1.858944e+01 9.603062e+00 1.000000e+00
    endloop
  endfacet
  facet normal 0.000000e+00 0.000000e+00 1.000000e+00
    outer loop
      vertex   2.087298e+01 8.000000e+00 1.000000e+00
      vertex   1.858944e+01 9.603062e+00 1.000000e+00
      vertex   1.864454e+01 9.430698e+00 1.000000e+00
    endloop
  endfacet
  facet normal 0.000000e+00 0.000000e+00 1.000000e+00
    outer loop
      vertex   1.864454e+01 9.430698e+00 1.000000e+00
      vertex   1.868100e+01 9.253455e+00 1.000000e+00
      vertex   2.087298e+01 8.000000e+00 1.000000e+00
    endloop
  endfacet
  facet normal 0.000000e+00 0.000000e+00 1.000000e+00
    outer loop
      vertex   2.087298e+01 8.000000e+00 1.000000e+00
      vertex   1.868100e+01 9.253455e+00 1.000000e+00
      vertex   1.869842e+01 9.073339e+00 1.000000e+00
    endloop
  endfacet
  facet normal -0.000000e+00 0.000000e+00 1.000000e+00
    outer loop
      vertex   1.855509e+01 3.168680e+01 1.000000e+00
      vertex   1.861928e+01 3.151761e+01 1.000000e+00
      vertex   2.087298e+01 3.200000e+01 1.000000e+00
    endloop
  endfacet
  facet normal 0.000000e+00 0.000000e+00 1.000000e+00
    outer loop
      vertex   2.087298e+01 3.200000e+01 1.000000e+00
      vertex   1.861928e+01 3.151761e+01 1.000000e+00
      vertex   1.866513e+01 3.134256e+01 1.000000e+00
    endloop
  endfacet
  facet normal 0.000000e+00 0.000000e+00 1.000000e+00
    outer loop
      vertex   2.087298e+01 3.200000e+01 1.000000e+00
      vertex   1.866513e+01 3.134256e+01 1.000000e+00
      vertex   1.869211e+01 3.116363e+01 1.000000e+00
    endloop
  endfacet
  facet normal -0.000000e+00 0.000000e+00 1.000000e+00
    outer loop
      vertex   1.869211e+01 3.116363e+01 1.000000e+00
      vertex   1.869991e+01 3.098284e+01 1.000000e+00
      vertex   2.087298e+01 3.200000e+01 1.000000e+00
    endloop
  endfacet
  facet normal 0.000000e+00 0.000000e+00 1.000000e+00
    outer loop
      vertex   2.087298e+01 3.200000e+01 1.000000e+00
      vertex   1.869991e+01 3.098284e+01 1.000000e+00
      vertex   1.868846e+01 3.080225e+01 1.000000e+00
    endloop
  endfacet
  facet normal 0.000000e+00 0.000000e+00 1.000000e+00
    outer loop
      vertex   2.087298e+01 3.200000e+01 1.000000e+00
      vertex   1.868846e+01 3.080225e+01 1.000000e+00
      vertex   1.865787e+01 3.062390e+01 1.000000e+00
    endloop
  endfacet
  facet normal -0.000000e+00 0.000000e+00 1.000000e+00
    outer loop
      vertex   1.865787e+01 3.062390e+01 1.000000e+00
      vertex   1.860850e+01 3.044981e+01 1.000000e+00
      vertex   2.087298e+01 3.200000e+01 1.000000e+00
    endloop
  endfacet
  facet normal 0.000000e+00 0.000000e+00 1.000000e+00
    outer loop
      vertex   2.087298e+01 3.200000e+01 1.000000e+00
      vertex   1.860850e+01 3.044981e+01 1.000000e+00
      vertex   1.854091e+01 3.028195e+01 1.000000e+00
    endloop
  endfacet
  facet normal 0.000000e+00 0.000000e+00 1.000000e+00
    outer loop
      vertex   2.087298e+01 3.200000e+01 1.000000e+00
      vertex   1.854091e+01 3.028195e+01 1.000000e+00
      vertex   1.845586e+01 3.012223e+01 1.000000e+00
    endloop
  endfacet
  facet normal 0.000000e+00 -0.000000e+00 1.000000e+00
    outer loop
      vertex   1.643946e+01 3.260493e+01 1.000000e+00
      vertex   1.661323e+01 3.265542e+01 1.000000e+00
      vertex   1.330254e+01 3.252604e+01 1.000000e+00
    endloop
  endfacet
  facet normal 0.000000e+00 0.000000e+00 1.000000e+00
    outer loop
      vertex   1.330254e+01 3.252604e+01 1.000000e+00
      vertex   1.661323e+01 3.265542e+01 1.000000e+00
      vertex   1.679139e+01 3.268715e+01 1.000000e+00
    endloop
  endfacet
  facet normal 0.000000e+00 0.000000e+00 1.000000e+00
    outer loop
      vertex   1.330254e+01 3.252604e+01 1.000000e+00
      vertex   1.679139e+01 3.268715e+01 1.000000e+00
      vertex   1.697190e+01 3.269977e+01 1.000000e+00
    endloop
  endfacet
  facet normal 9.985827e-01 -5.322217e-02 0.000000e+00
    outer loop
      vertex   3.309631e+00 2.018070e+01 -1.500000e+00
      vertex   3.309631e+00 2.018070e+01 1.000000e+00
      vertex   3.300000e+00 2.000000e+01 -1.500000e+00
    endloop
  endfacet
  facet normal 9.985827e-01 -5.322217e-02 0.000000e+00
    outer loop
      vertex   3.300000e+00 2.000000e+01 -1.500000e+00
      vertex   3.309631e+00 2.018070e+01 1.000000e+00
      vertex   3.300000e+00 2.000000e+01 1.000000e+00
    endloop
  endfacet
  facet normal 9.985827e-01 5.322217e-02 -0.000000e+00
    outer loop
      vertex   3.300000e+00 2.000000e+01 -1.500000e+00
      vertex   3.300000e+00 2.000000e+01 1.000000e+00
      vertex   3.309631e+00 1.981930e+01 -1.500000e+00
    endloop
  endfacet
  facet normal 9.985827e-01 5.322217e-02 -0.000000e+00
    outer loop
      vertex   3.309631e+00 1.981930e+01 -1.500000e+00
      vertex   3.300000e+00 2.000000e+01 1.000000e+00
      vertex   3.309631e+00 1.981930e+01 1.000000e+00
    endloop
  endfacet
  facet normal 9.872684e-01 1.590635e-01 -0.000000e+00
    outer loop
      vertex   3.309631e+00 1.981930e+01 -1.500000e+00
      vertex   3.309631e+00 1.981930e+01 1.000000e+00
      vertex   3.338414e+00 1.964065e+01 -1.500000e+00
    endloop
  endfacet
  facet normal 9.872684e-01 1.590635e-01 -0.000000e+00
    outer loop
      vertex   3.338414e+00 1.964065e+01 -1.500000e+00
      vertex   3.309631e+00 1.981930e+01 1.000000e+00
      vertex   3.338414e+00 1.964065e+01 1.000000e+00
    endloop
  endfacet
  facet normal 9.647679e-01 2.631026e-01 -0.000000e+00
    outer loop
      vertex   3.338414e+00 1.964065e+01 -1.500000e+00
      vertex   3.338414e+00 1.964065e+01 1.000000e+00
      vertex   3.386024e+00 1.946607e+01 -1.500000e+00
    endloop
  endfacet
  facet normal 9.647679e-01 2.631026e-01 -0.000000e+00
    outer loop
      vertex   3.386024e+00 1.946607e+01 -1.500000e+00
      vertex   3.338414e+00 1.964065e+01 1.000000e+00
      vertex   3.386024e+00 1.946607e+01 1.000000e+00
    endloop
  endfacet
  facet normal 9.313362e-01 3.641606e-01 -0.000000e+00
    outer loop
      vertex   3.386024e+00 1.946607e+01 -1.500000e+00
      vertex   3.386024e+00 1.946607e+01 1.000000e+00
      vertex   3.451921e+00 1.929754e+01 -1.500000e+00
    endloop
  endfacet
  facet normal 9.313362e-01 3.641606e-01 -0.000000e+00
    outer loop
      vertex   3.451921e+00 1.929754e+01 -1.500000e+00
      vertex   3.386024e+00 1.946607e+01 1.000000e+00
      vertex   3.451921e+00 1.929754e+01 1.000000e+00
    endloop
  endfacet
  facet normal 8.873521e-01 4.610925e-01 -0.000000e+00
    outer loop
      vertex   3.451921e+00 1.929754e+01 -1.500000e+00
      vertex   3.451921e+00 1.929754e+01 1.000000e+00
      vertex   3.535358e+00 1.913697e+01 -1.500000e+00
    endloop
  endfacet
  facet normal 8.873521e-01 4.610925e-01 -0.000000e+00
    outer loop
      vertex   3.535358e+00 1.913697e+01 -1.500000e+00
      vertex   3.451921e+00 1.929754e+01 1.000000e+00
      vertex   3.535358e+00 1.913697e+01 1.000000e+00
    endloop
  endfacet
  facet normal 8.333139e-01 5.528001e-01 -0.000000e+00
    outer loop
      vertex   3.535358e+00 1.913697e+01 -1.500000e+00
      vertex   3.535358e+00 1.913697e+01 1.000000e+00
      vertex   3.635390e+00 1.898618e+01 -1.500000e+00
    endloop
  endfacet
  facet normal 8.333139e-01 5.528001e-01 4.895236e-16
    outer loop
      vertex   3.635390e+00 1.898618e+01 -1.500000e+00
      vertex   3.535358e+00 1.913697e+01 1.000000e+00
      vertex   3.635390e+00 1.898618e+01 1.000000e+00
    endloop
  endfacet
  facet normal 7.698340e-01 6.382442e-01 6.334996e-16
    outer loop
      vertex   3.635390e+00 1.898618e+01 -1.500000e+00
      vertex   3.635390e+00 1.898618e+01 1.000000e+00
      vertex   3.750884e+00 1.884687e+01 -1.500000e+00
    endloop
  endfacet
  facet normal 7.698340e-01 6.382442e-01 -0.000000e+00
    outer loop
      vertex   3.750884e+00 1.884687e+01 -1.500000e+00
      vertex   3.635390e+00 1.898618e+01 1.000000e+00
      vertex   3.750884e+00 1.884687e+01 1.000000e+00
    endloop
  endfacet
  facet normal 6.976315e-01 7.164567e-01 -0.000000e+00
    outer loop
      vertex   3.750884e+00 1.884687e+01 -1.500000e+00
      vertex   3.750884e+00 1.884687e+01 1.000000e+00
      vertex   3.880531e+00 1.872063e+01 -1.500000e+00
    endloop
  endfacet
  facet normal 6.976315e-01 7.164567e-01 7.702978e-16
    outer loop
      vertex   3.880531e+00 1.872063e+01 -1.500000e+00
      vertex   3.750884e+00 1.884687e+01 1.000000e+00
      vertex   3.880531e+00 1.872063e+01 1.000000e+00
    endloop
  endfacet
  facet normal 6.175246e-01 7.865516e-01 8.983682e-16
    outer loop
      vertex   3.880531e+00 1.872063e+01 -1.500000e+00
      vertex   3.880531e+00 1.872063e+01 1.000000e+00
      vertex   4.022861e+00 1.860889e+01 -1.500000e+00
    endloop
  endfacet
  facet normal 6.175246e-01 7.865516e-01 -2.193888e-16
    outer loop
      vertex   4.022861e+00 1.860889e+01 -1.500000e+00
      vertex   3.880531e+00 1.872063e+01 1.000000e+00
      vertex   4.022861e+00 1.860889e+01 1.000000e+00
    endloop
  endfacet
  facet normal 5.304209e-01 8.477344e-01 -1.884434e-16
    outer loop
      vertex   4.022861e+00 1.860889e+01 -1.500000e+00
      vertex   4.022861e+00 1.860889e+01 1.000000e+00
      vertex   4.176264e+00 1.851290e+01 -1.500000e+00
    endloop
  endfacet
  facet normal 5.304209e-01 8.477344e-01 -1.884434e-16
    outer loop
      vertex   4.176264e+00 1.851290e+01 -1.500000e+00
      vertex   4.022861e+00 1.860889e+01 1.000000e+00
      vertex   4.176264e+00 1.851290e+01 1.000000e+00
    endloop
  endfacet
  facet normal 4.373073e-01 8.993121e-01 -1.553628e-16
    outer loop
      vertex   4.176264e+00 1.851290e+01 -1.500000e+00
      vertex   4.176264e+00 1.851290e+01 1.000000e+00
      vertex   4.338999e+00 1.843377e+01 -1.500000e+00
    endloop
  endfacet
  facet normal 4.373073e-01 8.993121e-01 -1.553628e-16
    outer loop
      vertex   4.338999e+00 1.843377e+01 -1.500000e+00
      vertex   4.176264e+00 1.851290e+01 1.000000e+00
      vertex   4.338999e+00 1.843377e+01 1.000000e+00
    endloop
  endfacet
  facet normal 3.392389e-01 9.407003e-01 -1.205219e-16
    outer loop
      vertex   4.338999e+00 1.843377e+01 -1.500000e+00
      vertex   4.338999e+00 1.843377e+01 1.000000e+00
      vertex   4.509224e+00 1.837238e+01 -1.500000e+00
    endloop
  endfacet
  facet normal 3.392389e-01 9.407003e-01 1.336815e-15
    outer loop
      vertex   4.509224e+00 1.837238e+01 -1.500000e+00
      vertex   4.338999e+00 1.843377e+01 1.000000e+00
      vertex   4.509224e+00 1.837238e+01 1.000000e+00
    endloop
  endfacet
  facet normal 2.373267e-01 9.714299e-01 1.380485e-15
    outer loop
      vertex   4.509224e+00 1.837238e+01 -1.500000e+00
      vertex   4.509224e+00 1.837238e+01 1.000000e+00
      vertex   4.685009e+00 1.832944e+01 -1.500000e+00
    endloop
  endfacet
  facet normal 2.373267e-01 9.714299e-01 -8.431538e-17
    outer loop
      vertex   4.685009e+00 1.832944e+01 -1.500000e+00
      vertex   4.509224e+00 1.837238e+01 1.000000e+00
      vertex   4.685009e+00 1.832944e+01 1.000000e+00
    endloop
  endfacet
  facet normal 1.327255e-01 9.911528e-01 -4.715358e-17
    outer loop
      vertex   4.685009e+00 1.832944e+01 -1.500000e+00
      vertex   4.685009e+00 1.832944e+01 1.000000e+00
      vertex   4.864364e+00 1.830542e+01 -1.500000e+00
    endloop
  endfacet
  facet normal 1.327255e-01 9.911528e-01 -0.000000e+00
    outer loop
      vertex   4.864364e+00 1.830542e+01 -1.500000e+00
      vertex   4.685009e+00 1.832944e+01 1.000000e+00
      vertex   4.864364e+00 1.830542e+01 1.000000e+00
    endloop
  endfacet
  facet normal 2.662052e-02 9.996456e-01 -0.000000e+00
    outer loop
      vertex   4.864364e+00 1.830542e+01 -1.500000e+00
      vertex   4.864364e+00 1.830542e+01 1.000000e+00
      vertex   5.045255e+00 1.830060e+01 -1.500000e+00
    endloop
  endfacet
  facet normal 2.662052e-02 9.996456e-01 -0.000000e+00
    outer loop
      vertex   5.045255e+00 1.830060e+01 -1.500000e+00
      vertex   4.864364e+00 1.830542e+01 1.000000e+00
      vertex   5.045255e+00 1.830060e+01 1.000000e+00
    endloop
  endfacet
  facet normal -7.978611e-02 9.968120e-01 0.000000e+00
    outer loop
      vertex   5.045255e+00 1.830060e+01 -1.500000e+00
      vertex   5.045255e+00 1.830060e+01 1.000000e+00
      vertex   5.225633e+00 1.831504e+01 -1.500000e+00
    endloop
  endfacet
  facet normal -7.978611e-02 9.968120e-01 0.000000e+00
    outer loop
      vertex   5.225633e+00 1.831504e+01 -1.500000e+00
      vertex   5.045255e+00 1.830060e+01 1.000000e+00
      vertex   5.225633e+00 1.831504e+01 1.000000e+00
    endloop
  endfacet
  facet normal -1.852887e-01 9.826841e-01 0.000000e+00
    outer loop
      vertex   5.225633e+00 1.831504e+01 -1.500000e+00
      vertex   5.225633e+00 1.831504e+01 1.000000e+00
      vertex   5.403455e+00 1.834857e+01 -1.500000e+00
    endloop
  endfacet
  facet normal -1.852887e-01 9.826841e-01 6.582778e-17
    outer loop
      vertex   5.403455e+00 1.834857e+01 -1.500000e+00
      vertex   5.225633e+00 1.831504e+01 1.000000e+00
      vertex   5.403455e+00 1.834857e+01 1.000000e+00
    endloop
  endfacet
  facet normal -2.886919e-01 9.574220e-01 1.025640e-16
    outer loop
      vertex   5.403455e+00 1.834857e+01 -1.500000e+00
      vertex   5.403455e+00 1.834857e+01 1.000000e+00
      vertex   5.576706e+00 1.840081e+01 -1.500000e+00
    endloop
  endfacet
  facet normal -2.886919e-01 9.574220e-01 0.000000e+00
    outer loop
      vertex   5.576706e+00 1.840081e+01 -1.500000e+00
      vertex   5.403455e+00 1.834857e+01 1.000000e+00
      vertex   5.576706e+00 1.840081e+01 1.000000e+00
    endloop
  endfacet
  facet normal -3.888242e-01 9.213120e-01 0.000000e+00
    outer loop
      vertex   5.576706e+00 1.840081e+01 -1.500000e+00
      vertex   5.576706e+00 1.840081e+01 1.000000e+00
      vertex   5.743423e+00 1.847117e+01 -1.500000e+00
    endloop
  endfacet
  facet normal -3.888242e-01 9.213120e-01 0.000000e+00
    outer loop
      vertex   5.743423e+00 1.847117e+01 -1.500000e+00
      vertex   5.576706e+00 1.840081e+01 1.000000e+00
      vertex   5.743423e+00 1.847117e+01 1.000000e+00
    endloop
  endfacet
  facet normal -4.845509e-01 8.747631e-01 0.000000e+00
    outer loop
      vertex   5.743423e+00 1.847117e+01 -1.500000e+00
      vertex   5.743423e+00 1.847117e+01 1.000000e+00
      vertex   5.901716e+00 1.855885e+01 -1.500000e+00
    endloop
  endfacet
  facet normal -4.845509e-01 8.747631e-01 0.000000e+00
    outer loop
      vertex   5.901716e+00 1.855885e+01 -1.500000e+00
      vertex   5.743423e+00 1.847117e+01 1.000000e+00
      vertex   5.901716e+00 1.855885e+01 1.000000e+00
    endloop
  endfacet
  facet normal -5.747874e-01 8.183028e-01 0.000000e+00
    outer loop
      vertex   5.901716e+00 1.855885e+01 -1.500000e+00
      vertex   5.901716e+00 1.855885e+01 1.000000e+00
      vertex   6.049792e+00 1.866286e+01 -1.500000e+00
    endloop
  endfacet
  facet normal -5.747874e-01 8.183028e-01 0.000000e+00
    outer loop
      vertex   6.049792e+00 1.866286e+01 -1.500000e+00
      vertex   5.901716e+00 1.855885e+01 1.000000e+00
      vertex   6.049792e+00 1.866286e+01 1.000000e+00
    endloop
  endfacet
  facet normal -6.585114e-01 7.525708e-01 0.000000e+00
    outer loop
      vertex   6.049792e+00 1.866286e+01 -1.500000e+00
      vertex   6.049792e+00 1.866286e+01 1.000000e+00
      vertex   6.185974e+00 1.878202e+01 -1.500000e+00
    endloop
  endfacet
  facet normal -6.585114e-01 7.525708e-01 4.679005e-16
    outer loop
      vertex   6.185974e+00 1.878202e+01 -1.500000e+00
      vertex   6.049792e+00 1.866286e+01 1.000000e+00
      vertex   6.185974e+00 1.878202e+01 1.000000e+00
    endloop
  endfacet
  facet normal -7.347742e-01 6.783118e-01 5.220884e-16
    outer loop
      vertex   6.185974e+00 1.878202e+01 -1.500000e+00
      vertex   6.185974e+00 1.878202e+01 1.000000e+00
      vertex   6.308718e+00 1.891499e+01 -1.500000e+00
    endloop
  endfacet
  facet normal -7.347742e-01 6.783118e-01 2.610442e-16
    outer loop
      vertex   6.308718e+00 1.891499e+01 -1.500000e+00
      vertex   6.185974e+00 1.878202e+01 1.000000e+00
      vertex   6.308718e+00 1.891499e+01 1.000000e+00
    endloop
  endfacet
  facet normal -8.027116e-01 5.963674e-01 2.851805e-16
    outer loop
      vertex   6.308718e+00 1.891499e+01 -1.500000e+00
      vertex   6.308718e+00 1.891499e+01 1.000000e+00
      vertex   6.416634e+00 1.906024e+01 -1.500000e+00
    endloop
  endfacet
  facet normal -8.027116e-01 5.963674e-01 2.851805e-16
    outer loop
      vertex   6.416634e+00 1.906024e+01 -1.500000e+00
      vertex   6.308718e+00 1.891499e+01 1.000000e+00
      vertex   6.416634e+00 1.906024e+01 1.000000e+00
    endloop
  endfacet
  facet normal -8.615541e-01 5.076658e-01 3.060855e-16
    outer loop
      vertex   6.416634e+00 1.906024e+01 -1.500000e+00
      vertex   6.416634e+00 1.906024e+01 1.000000e+00
      vertex   6.508499e+00 1.921614e+01 -1.500000e+00
    endloop
  endfacet
  facet normal -8.615541e-01 5.076658e-01 3.060855e-16
    outer loop
      vertex   6.508499e+00 1.921614e+01 -1.500000e+00
      vertex   6.416634e+00 1.906024e+01 1.000000e+00
      vertex   6.508499e+00 1.921614e+01 1.000000e+00
    endloop
  endfacet
  facet normal -9.106348e-01 4.132122e-01 3.235225e-16
    outer loop
      vertex   6.508499e+00 1.921614e+01 -1.500000e+00
      vertex   6.508499e+00 1.921614e+01 1.000000e+00
      vertex   6.583272e+00 1.938093e+01 -1.500000e+00
    endloop
  endfacet
  facet normal -9.106348e-01 4.132122e-01 0.000000e+00
    outer loop
      vertex   6.583272e+00 1.938093e+01 -1.500000e+00
      vertex   6.508499e+00 1.921614e+01 1.000000e+00
      vertex   6.583272e+00 1.938093e+01 1.000000e+00
    endloop
  endfacet
  facet normal -9.493976e-01 3.140767e-01 0.000000e+00
    outer loop
      vertex   6.583272e+00 1.938093e+01 -1.500000e+00
      vertex   6.583272e+00 1.938093e+01 1.000000e+00
      vertex   6.640105e+00 1.955273e+01 -1.500000e+00
    endloop
  endfacet
  facet normal -9.493976e-01 3.140767e-01 0.000000e+00
    outer loop
      vertex   6.640105e+00 1.955273e+01 -1.500000e+00
      vertex   6.583272e+00 1.938093e+01 1.000000e+00
      vertex   6.640105e+00 1.955273e+01 1.000000e+00
    endloop
  endfacet
  facet normal -9.774034e-01 2.113826e-01 0.000000e+00
    outer loop
      vertex   6.640105e+00 1.955273e+01 -1.500000e+00
      vertex   6.640105e+00 1.955273e+01 1.000000e+00
      vertex   6.678356e+00 1.972959e+01 -1.500000e+00
    endloop
  endfacet
  facet normal -9.774034e-01 2.113826e-01 0.000000e+00
    outer loop
      vertex   6.678356e+00 1.972959e+01 -1.500000e+00
      vertex   6.640105e+00 1.955273e+01 1.000000e+00
      vertex   6.678356e+00 1.972959e+01 1.000000e+00
    endloop
  endfacet
  facet normal -9.943348e-01 1.062935e-01 0.000000e+00
    outer loop
      vertex   6.678356e+00 1.972959e+01 -1.500000e+00
      vertex   6.678356e+00 1.972959e+01 1.000000e+00
      vertex   6.697591e+00 1.990952e+01 -1.500000e+00
    endloop
  endfacet
  facet normal -9.943348e-01 1.062935e-01 0.000000e+00
    outer loop
      vertex   6.697591e+00 1.990952e+01 -1.500000e+00
      vertex   6.678356e+00 1.972959e+01 1.000000e+00
      vertex   6.697591e+00 1.990952e+01 1.000000e+00
    endloop
  endfacet
  facet normal -1.000000e+00 0.000000e+00 0.000000e+00
    outer loop
      vertex   6.697591e+00 1.990952e+01 -1.500000e+00
      vertex   6.697591e+00 1.990952e+01 1.000000e+00
      vertex   6.697591e+00 2.009048e+01 -1.500000e+00
    endloop
  endfacet
  facet normal -1.000000e+00 0.000000e+00 0.000000e+00
    outer loop
      vertex   6.697591e+00 2.009048e+01 -1.500000e+00
      vertex   6.697591e+00 1.990952e+01 1.000000e+00
      vertex   6.697591e+00 2.009048e+01 1.000000e+00
    endloop
  endfacet
  facet normal -9.943348e-01 -1.062935e-01 0.000000e+00
    outer loop
      vertex   6.697591e+00 2.009048e+01 -1.500000e+00
      vertex   6.697591e+00 2.009048e+01 1.000000e+00
      vertex   6.678356e+00 2.027041e+01 -1.500000e+00
    endloop
  endfacet
  facet normal -9.943348e-01 -1.062935e-01 0.000000e+00
    outer loop
      vertex   6.678356e+00 2.027041e+01 -1.500000e+00
      vertex   6.697591e+00 2.009048e+01 1.000000e+00
      vertex   6.678356e+00 2.027041e+01 1.000000e+00
    endloop
  endfacet
  facet normal -9.774034e-01 -2.113826e-01 0.000000e+00
    outer loop
      vertex   6.678356e+00 2.027041e+01 -1.500000e+00
      vertex   6.678356e+00 2.027041e+01 1.000000e+00
      vertex   6.640105e+00 2.044727e+01 -1.500000e+00
    endloop
  endfacet
  facet normal -9.774034e-01 -2.113826e-01 0.000000e+00
    outer loop
      vertex   6.640105e+00 2.044727e+01 -1.500000e+00
      vertex   6.678356e+00 2.027041e+01 1.000000e+00
      vertex   6.640105e+00 2.044727e+01 1.000000e+00
    endloop
  endfacet
  facet normal -9.493976e-01 -3.140767e-01 0.000000e+00
    outer loop
      vertex   6.640105e+00 2.044727e+01 -1.500000e+00
      vertex   6.640105e+00 2.044727e+01 1.000000e+00
      vertex   6.583272e+00 2.061907e+01 -1.500000e+00
    endloop
  endfacet
  facet normal -9.493976e-01 -3.140767e-01 0.000000e+00
    outer loop
      vertex   6.583272e+00 2.061907e+01 -1.500000e+00
      vertex   6.640105e+00 2.044727e+01 1.000000e+00
      vertex   6.583272e+00 2.061907e+01 1.000000e+00
    endloop
  endfacet
  facet normal -9.106348e-01 -4.132122e-01 0.000000e+00
    outer loop
      vertex   6.583272e+00 2.061907e+01 -1.500000e+00
      vertex   6.583272e+00 2.061907e+01 1.000000e+00
      vertex   6.508499e+00 2.078386e+01 -1.500000e+00
    endloop
  endfacet
  facet normal -9.106348e-01 -4.132122e-01 -3.235225e-16
    outer loop
      vertex   6.508499e+00 2.078386e+01 -1.500000e+00
      vertex   6.583272e+00 2.061907e+01 1.000000e+00
      vertex   6.508499e+00 2.078386e+01 1.000000e+00
    endloop
  endfacet
  facet normal -8.615541e-01 -5.076658e-01 -3.060855e-16
    outer loop
      vertex   6.508499e+00 2.078386e+01 -1.500000e+00
      vertex   6.508499e+00 2.078386e+01 1.000000e+00
      vertex   6.416634e+00 2.093976e+01 -1.500000e+00
    endloop
  endfacet
  facet normal -8.615541e-01 -5.076658e-01 -3.060855e-16
    outer loop
      vertex   6.416634e+00 2.093976e+01 -1.500000e+00
      vertex   6.508499e+00 2.078386e+01 1.000000e+00
      vertex   6.416634e+00 2.093976e+01 1.000000e+00
    endloop
  endfacet
  facet normal -8.027116e-01 -5.963674e-01 -2.851805e-16
    outer loop
      vertex   6.416634e+00 2.093976e+01 -1.500000e+00
      vertex   6.416634e+00 2.093976e+01 1.000000e+00
      vertex   6.308718e+00 2.108502e+01 -1.500000e+00
    endloop
  endfacet
  facet normal -8.027116e-01 -5.963674e-01 -2.851805e-16
    outer loop
      vertex   6.308718e+00 2.108502e+01 -1.500000e+00
      vertex   6.416634e+00 2.093976e+01 1.000000e+00
      vertex   6.308718e+00 2.108502e+01 1.000000e+00
    endloop
  endfacet
  facet normal -7.347742e-01 -6.783118e-01 -2.610442e-16
    outer loop
      vertex   6.308718e+00 2.108502e+01 -1.500000e+00
      vertex   6.308718e+00 2.108502e+01 1.000000e+00
      vertex   6.185974e+00 2.121798e+01 -1.500000e+00
    endloop
  endfacet
  facet normal -7.347742e-01 -6.783118e-01 4.418507e-16
    outer loop
      vertex   6.185974e+00 2.121798e+01 -1.500000e+00
      vertex   6.308718e+00 2.108502e+01 1.000000e+00
      vertex   6.185974e+00 2.121798e+01 1.000000e+00
    endloop
  endfacet
  facet normal -6.585114e-01 -7.525708e-01 6.015669e-16
    outer loop
      vertex   6.185974e+00 2.121798e+01 -1.500000e+00
      vertex   6.185974e+00 2.121798e+01 1.000000e+00
      vertex   6.049792e+00 2.133714e+01 -1.500000e+00
    endloop
  endfacet
  facet normal -6.585114e-01 -7.525708e-01 0.000000e+00
    outer loop
      vertex   6.049792e+00 2.133714e+01 -1.500000e+00
      vertex   6.185974e+00 2.121798e+01 1.000000e+00
      vertex   6.049792e+00 2.133714e+01 1.000000e+00
    endloop
  endfacet
  facet normal -5.747874e-01 -8.183028e-01 0.000000e+00
    outer loop
      vertex   6.049792e+00 2.133714e+01 -1.500000e+00
      vertex   6.049792e+00 2.133714e+01 1.000000e+00
      vertex   5.901716e+00 2.144115e+01 -1.500000e+00
    endloop
  endfacet
  facet normal -5.747874e-01 -8.183028e-01 0.000000e+00
    outer loop
      vertex   5.901716e+00 2.144115e+01 -1.500000e+00
      vertex   6.049792e+00 2.133714e+01 1.000000e+00
      vertex   5.901716e+00 2.144115e+01 1.000000e+00
    endloop
  endfacet
  facet normal -4.845509e-01 -8.747631e-01 0.000000e+00
    outer loop
      vertex   5.901716e+00 2.144115e+01 -1.500000e+00
      vertex   5.901716e+00 2.144115e+01 1.000000e+00
      vertex   5.743423e+00 2.152883e+01 -1.500000e+00
    endloop
  endfacet
  facet normal -4.845509e-01 -8.747631e-01 0.000000e+00
    outer loop
      vertex   5.743423e+00 2.152883e+01 -1.500000e+00
      vertex   5.901716e+00 2.144115e+01 1.000000e+00
      vertex   5.743423e+00 2.152883e+01 1.000000e+00
    endloop
  endfacet
  facet normal -3.888242e-01 -9.213120e-01 0.000000e+00
    outer loop
      vertex   5.743423e+00 2.152883e+01 -1.500000e+00
      vertex   5.743423e+00 2.152883e+01 1.000000e+00
      vertex   5.576706e+00 2.159919e+01 -1.500000e+00
    endloop
  endfacet
  facet normal -3.888242e-01 -9.213120e-01 0.000000e+00
    outer loop
      vertex   5.576706e+00 2.159919e+01 -1.500000e+00
      vertex   5.743423e+00 2.152883e+01 1.000000e+00
      vertex   5.576706e+00 2.159919e+01 1.000000e+00
    endloop
  endfacet
  facet normal -2.886919e-01 -9.574220e-01 0.000000e+00
    outer loop
      vertex   5.576706e+00 2.159919e+01 -1.500000e+00
      vertex   5.576706e+00 2.159919e+01 1.000000e+00
      vertex   5.403455e+00 2.165143e+01 -1.500000e+00
    endloop
  endfacet
  facet normal -2.886919e-01 -9.574220e-01 -1.025640e-16
    outer loop
      vertex   5.403455e+00 2.165143e+01 -1.500000e+00
      vertex   5.576706e+00 2.159919e+01 1.000000e+00
      vertex   5.403455e+00 2.165143e+01 1.000000e+00
    endloop
  endfacet
  facet normal -1.852887e-01 -9.826841e-01 -6.582778e-17
    outer loop
      vertex   5.403455e+00 2.165143e+01 -1.500000e+00
      vertex   5.403455e+00 2.165143e+01 1.000000e+00
      vertex   5.225633e+00 2.168496e+01 -1.500000e+00
    endloop
  endfacet
  facet normal -1.852887e-01 -9.826841e-01 0.000000e+00
    outer loop
      vertex   5.225633e+00 2.168496e+01 -1.500000e+00
      vertex   5.403455e+00 2.165143e+01 1.000000e+00
      vertex   5.225633e+00 2.168496e+01 1.000000e+00
    endloop
  endfacet
  facet normal -7.978611e-02 -9.968120e-01 0.000000e+00
    outer loop
      vertex   5.225633e+00 2.168496e+01 -1.500000e+00
      vertex   5.225633e+00 2.168496e+01 1.000000e+00
      vertex   5.045255e+00 2.169940e+01 -1.500000e+00
    endloop
  endfacet
  facet normal -7.978611e-02 -9.968120e-01 0.000000e+00
    outer loop
      vertex   5.045255e+00 2.169940e+01 -1.500000e+00
      vertex   5.225633e+00 2.168496e+01 1.000000e+00
      vertex   5.045255e+00 2.169940e+01 1.000000e+00
    endloop
  endfacet
  facet normal 2.662052e-02 -9.996456e-01 0.000000e+00
    outer loop
      vertex   5.045255e+00 2.169940e+01 -1.500000e+00
      vertex   5.045255e+00 2.169940e+01 1.000000e+00
      vertex   4.864364e+00 2.169458e+01 -1.500000e+00
    endloop
  endfacet
  facet normal 2.662052e-02 -9.996456e-01 0.000000e+00
    outer loop
      vertex   4.864364e+00 2.169458e+01 -1.500000e+00
      vertex   5.045255e+00 2.169940e+01 1.000000e+00
      vertex   4.864364e+00 2.169458e+01 1.000000e+00
    endloop
  endfacet
  facet normal 1.327255e-01 -9.911528e-01 0.000000e+00
    outer loop
      vertex   4.864364e+00 2.169458e+01 -1.500000e+00
      vertex   4.864364e+00 2.169458e+01 1.000000e+00
      vertex   4.685009e+00 2.167056e+01 -1.500000e+00
    endloop
  endfacet
  facet normal 1.327255e-01 -9.911528e-01 4.715358e-17
    outer loop
      vertex   4.685009e+00 2.167056e+01 -1.500000e+00
      vertex   4.864364e+00 2.169458e+01 1.000000e+00
      vertex   4.685009e+00 2.167056e+01 1.000000e+00
    endloop
  endfacet
  facet normal 2.373267e-01 -9.714299e-01 8.431538e-17
    outer loop
      vertex   4.685009e+00 2.167056e+01 -1.500000e+00
      vertex   4.685009e+00 2.167056e+01 1.000000e+00
      vertex   4.509224e+00 2.162762e+01 -1.500000e+00
    endloop
  endfacet
  facet normal 2.373267e-01 -9.714299e-01 0.000000e+00
    outer loop
      vertex   4.509224e+00 2.162762e+01 -1.500000e+00
      vertex   4.685009e+00 2.167056e+01 1.000000e+00
      vertex   4.509224e+00 2.162762e+01 1.000000e+00
    endloop
  endfacet
  facet normal 3.392389e-01 -9.407003e-01 0.000000e+00
    outer loop
      vertex   4.509224e+00 2.162762e+01 -1.500000e+00
      vertex   4.509224e+00 2.162762e+01 1.000000e+00
      vertex   4.338999e+00 2.156623e+01 -1.500000e+00
    endloop
  endfacet
  facet normal 3.392389e-01 -9.407003e-01 1.205219e-16
    outer loop
      vertex   4.338999e+00 2.156623e+01 -1.500000e+00
      vertex   4.509224e+00 2.162762e+01 1.000000e+00
      vertex   4.338999e+00 2.156623e+01 1.000000e+00
    endloop
  endfacet
  facet normal 4.373073e-01 -8.993121e-01 1.553628e-16
    outer loop
      vertex   4.338999e+00 2.156623e+01 -1.500000e+00
      vertex   4.338999e+00 2.156623e+01 1.000000e+00
      vertex   4.176264e+00 2.148710e+01 -1.500000e+00
    endloop
  endfacet
  facet normal 4.373073e-01 -8.993121e-01 1.553628e-16
    outer loop
      vertex   4.176264e+00 2.148710e+01 -1.500000e+00
      vertex   4.338999e+00 2.156623e+01 1.000000e+00
      vertex   4.176264e+00 2.148710e+01 1.000000e+00
    endloop
  endfacet
  facet normal 5.304209e-01 -8.477344e-01 1.884434e-16
    outer loop
      vertex   4.176264e+00 2.148710e+01 -1.500000e+00
      vertex   4.176264e+00 2.148710e+01 1.000000e+00
      vertex   4.022861e+00 2.139111e+01 -1.500000e+00
    endloop
  endfacet
  facet normal 5.304209e-01 -8.477344e-01 1.884434e-16
    outer loop
      vertex   4.022861e+00 2.139111e+01 -1.500000e+00
      vertex   4.176264e+00 2.148710e+01 1.000000e+00
      vertex   4.022861e+00 2.139111e+01 1.000000e+00
    endloop
  endfacet
  facet normal 6.175246e-01 -7.865516e-01 2.193888e-16
    outer loop
      vertex   4.022861e+00 2.139111e+01 -1.500000e+00
      vertex   4.022861e+00 2.139111e+01 1.000000e+00
      vertex   3.880531e+00 2.127937e+01 -1.500000e+00
    endloop
  endfacet
  facet normal 6.175246e-01 -7.865516e-01 2.193888e-16
    outer loop
      vertex   3.880531e+00 2.127937e+01 -1.500000e+00
      vertex   4.022861e+00 2.139111e+01 1.000000e+00
      vertex   3.880531e+00 2.127937e+01 1.000000e+00
    endloop
  endfacet
  facet normal 6.976315e-01 -7.164567e-01 2.478485e-16
    outer loop
      vertex   3.880531e+00 2.127937e+01 -1.500000e+00
      vertex   3.880531e+00 2.127937e+01 1.000000e+00
      vertex   3.750884e+00 2.115313e+01 -1.500000e+00
    endloop
  endfacet
  facet normal 6.976315e-01 -7.164567e-01 0.000000e+00
    outer loop
      vertex   3.750884e+00 2.115313e+01 -1.500000e+00
      vertex   3.880531e+00 2.127937e+01 1.000000e+00
      vertex   3.750884e+00 2.115313e+01 1.000000e+00
    endloop
  endfacet
  facet normal 7.698340e-01 -6.382442e-01 0.000000e+00
    outer loop
      vertex   3.750884e+00 2.115313e+01 -1.500000e+00
      vertex   3.750884e+00 2.115313e+01 1.000000e+00
      vertex   3.635390e+00 2.101382e+01 -1.500000e+00
    endloop
  endfacet
  facet normal 7.698340e-01 -6.382442e-01 -1.540499e-15
    outer loop
      vertex   3.635390e+00 2.101382e+01 -1.500000e+00
      vertex   3.750884e+00 2.115313e+01 1.000000e+00
      vertex   3.635390e+00 2.101382e+01 1.000000e+00
    endloop
  endfacet
  facet normal 8.333139e-01 -5.528001e-01 -1.275100e-15
    outer loop
      vertex   3.635390e+00 2.101382e+01 -1.500000e+00
      vertex   3.635390e+00 2.101382e+01 1.000000e+00
      vertex   3.535358e+00 2.086303e+01 -1.500000e+00
    endloop
  endfacet
  facet normal 8.333139e-01 -5.528001e-01 0.000000e+00
    outer loop
      vertex   3.535358e+00 2.086303e+01 -1.500000e+00
      vertex   3.635390e+00 2.101382e+01 1.000000e+00
      vertex   3.535358e+00 2.086303e+01 1.000000e+00
    endloop
  endfacet
  facet normal 8.873521e-01 -4.610925e-01 0.000000e+00
    outer loop
      vertex   3.535358e+00 2.086303e+01 -1.500000e+00
      vertex   3.535358e+00 2.086303e+01 1.000000e+00
      vertex   3.451921e+00 2.070246e+01 -1.500000e+00
    endloop
  endfacet
  facet normal 8.873521e-01 -4.610925e-01 0.000000e+00
    outer loop
      vertex   3.451921e+00 2.070246e+01 -1.500000e+00
      vertex   3.535358e+00 2.086303e+01 1.000000e+00
      vertex   3.451921e+00 2.070246e+01 1.000000e+00
    endloop
  endfacet
  facet normal 9.313362e-01 -3.641606e-01 0.000000e+00
    outer loop
      vertex   3.451921e+00 2.070246e+01 -1.500000e+00
      vertex   3.451921e+00 2.070246e+01 1.000000e+00
      vertex   3.386024e+00 2.053393e+01 -1.500000e+00
    endloop
  endfacet
  facet normal 9.313362e-01 -3.641606e-01 0.000000e+00
    outer loop
      vertex   3.386024e+00 2.053393e+01 -1.500000e+00
      vertex   3.451921e+00 2.070246e+01 1.000000e+00
      vertex   3.386024e+00 2.053393e+01 1.000000e+00
    endloop
  endfacet
  facet normal 9.647679e-01 -2.631026e-01 0.000000e+00
    outer loop
      vertex   3.386024e+00 2.053393e+01 -1.500000e+00
      vertex   3.386024e+00 2.053393e+01 1.000000e+00
      vertex   3.338414e+00 2.035935e+01 -1.500000e+00
    endloop
  endfacet
  facet normal 9.647679e-01 -2.631026e-01 0.000000e+00
    outer loop
      vertex   3.338414e+00 2.035935e+01 -1.500000e+00
      vertex   3.386024e+00 2.053393e+01 1.000000e+00
      vertex   3.338414e+00 2.035935e+01 1.000000e+00
    endloop
  endfacet
  facet normal 9.872684e-01 -1.590635e-01 0.000000e+00
    outer loop
      vertex   3.338414e+00 2.035935e+01 -1.500000e+00
      vertex   3.338414e+00 2.035935e+01 1.000000e+00
      vertex   3.309631e+00 2.018070e+01 -1.500000e+00
    endloop
  endfacet
  facet normal 9.872684e-01 -1.590635e-01 0.000000e+00
    outer loop
      vertex   3.309631e+00 2.018070e+01 -1.500000e+00
      vertex   3.338414e+00 2.035935e+01 1.000000e+00
      vertex   3.309631e+00 2.018070e+01 1.000000e+00
    endloop
  endfacet
  facet normal -3.836480e-01 -9.234790e-01 -8.217911e-04
    outer loop
      vertex   1.842203e+01 3.473870e+01 2.000000e+00
      vertex   1.861732e+01 3.465845e+01 1.000000e+00
      vertex   1.864575e+01 3.464575e+01 2.000000e+00
    endloop
  endfacet
  facet normal -4.358066e-01 -9.000398e-01 9.587160e-04
    outer loop
      vertex   1.864575e+01 3.464575e+01 2.000000e+00
      vertex   1.861732e+01 3.465845e+01 1.000000e+00
      vertex   1.886703e+01 3.453754e+01 1.000000e+00
    endloop
  endfacet
  facet normal -4.365197e-01 -8.996944e-01 7.635355e-04
    outer loop
      vertex   1.864575e+01 3.464575e+01 2.000000e+00
      vertex   1.886703e+01 3.453754e+01 1.000000e+00
      vertex   1.884546e+01 3.454879e+01 1.917267e+00
    endloop
  endfacet
  facet normal -4.856139e-01 -8.741731e-01 -7.039300e-04
    outer loop
      vertex   1.884546e+01 3.454879e+01 1.917267e+00
      vertex   1.886703e+01 3.453754e+01 1.000000e+00
      vertex   1.903579e+01 3.444312e+01 1.832885e+00
    endloop
  endfacet
  facet normal -4.971469e-01 -8.676631e-01 2.370843e-03
    outer loop
      vertex   1.903579e+01 3.444312e+01 1.832885e+00
      vertex   1.886703e+01 3.453754e+01 1.000000e+00
      vertex   1.910776e+01 3.439961e+01 1.000000e+00
    endloop
  endfacet
  facet normal -5.319744e-01 -8.467587e-01 -1.730712e-03
    outer loop
      vertex   1.903579e+01 3.444312e+01 1.832885e+00
      vertex   1.910776e+01 3.439961e+01 1.000000e+00
      vertex   1.921562e+01 3.433032e+01 1.748910e+00
    endloop
  endfacet
  facet normal -5.560952e-01 -8.311125e-01 3.190723e-03
    outer loop
      vertex   1.921562e+01 3.433032e+01 1.748910e+00
      vertex   1.910776e+01 3.439961e+01 1.000000e+00
      vertex   1.933835e+01 3.424533e+01 1.000000e+00
    endloop
  endfacet
  facet normal -5.767266e-01 -8.169352e-01 -1.799328e-03
    outer loop
      vertex   1.921562e+01 3.433032e+01 1.748910e+00
      vertex   1.933835e+01 3.424533e+01 1.000000e+00
      vertex   1.938750e+01 3.420916e+01 1.665482e+00
    endloop
  endfacet
  facet normal -6.123709e-01 -7.905673e-01 2.266423e-03
    outer loop
      vertex   1.938750e+01 3.420916e+01 1.665482e+00
      vertex   1.933835e+01 3.424533e+01 1.000000e+00
      vertex   1.955769e+01 3.407543e+01 1.000000e+00
    endloop
  endfacet
  facet normal -6.195582e-01 -7.849504e-01 -7.003125e-04
    outer loop
      vertex   1.938750e+01 3.420916e+01 1.665482e+00
      vertex   1.955769e+01 3.407543e+01 1.000000e+00
      vertex   1.955686e+01 3.407556e+01 1.580905e+00
    endloop
  endfacet
  facet normal -6.608035e-01 -7.505586e-01 -7.664128e-04
    outer loop
      vertex   1.955686e+01 3.407556e+01 1.580905e+00
      vertex   1.955769e+01 3.407543e+01 1.000000e+00
      vertex   1.972226e+01 3.393002e+01 1.496767e+00
    endloop
  endfacet
  facet normal -6.656994e-01 -7.462170e-01 2.126331e-03
    outer loop
      vertex   1.972226e+01 3.393002e+01 1.496767e+00
      vertex   1.955769e+01 3.407543e+01 1.000000e+00
      vertex   1.976472e+01 3.389073e+01 1.000000e+00
    endloop
  endfacet
  facet normal -7.013167e-01 -7.128410e-01 -3.557550e-03
    outer loop
      vertex   1.972226e+01 3.393002e+01 1.496767e+00
      vertex   1.976472e+01 3.389073e+01 1.000000e+00
      vertex   1.988211e+01 3.377317e+01 1.414729e+00
    endloop
  endfacet
  facet normal -7.158188e-01 -6.982704e-01 4.677402e-03
    outer loop
      vertex   1.988211e+01 3.377317e+01 1.414729e+00
      vertex   1.976472e+01 3.389073e+01 1.000000e+00
      vertex   1.995845e+01 3.369213e+01 1.000000e+00
    endloop
  endfacet
  facet normal -7.402351e-01 -6.723304e-01 -4.886131e-03
    outer loop
      vertex   1.988211e+01 3.377317e+01 1.414729e+00
      vertex   1.995845e+01 3.369213e+01 1.000000e+00
      vertex   2.003480e+01 3.360562e+01 1.336453e+00
    endloop
  endfacet
  facet normal -7.624916e-01 -6.469636e-01 6.687114e-03
    outer loop
      vertex   2.003480e+01 3.360562e+01 1.336453e+00
      vertex   1.995845e+01 3.369213e+01 1.000000e+00
      vertex   2.013795e+01 3.348058e+01 1.000000e+00
    endloop
  endfacet
  facet normal -7.778739e-01 -6.284011e-01 -4.927279e-03
    outer loop
      vertex   2.003480e+01 3.360562e+01 1.336453e+00
      vertex   2.013795e+01 3.348058e+01 1.000000e+00
      vertex   2.017877e+01 3.342798e+01 1.263619e+00
    endloop
  endfacet
  facet normal -8.055052e-01 -5.925530e-01 6.504029e-03
    outer loop
      vertex   2.017877e+01 3.342798e+01 1.263619e+00
      vertex   2.013795e+01 3.348058e+01 1.000000e+00
      vertex   2.030235e+01 3.325709e+01 1.000000e+00
    endloop
  endfacet
  facet normal -8.133121e-01 -5.818131e-01 -4.117757e-03
    outer loop
      vertex   2.017877e+01 3.342798e+01 1.263619e+00
      vertex   2.030235e+01 3.325709e+01 1.000000e+00
      vertex   2.031275e+01 3.324116e+01 1.197817e+00
    endloop
  endfacet
  facet normal -8.444799e-01 -5.355858e-01 1.243351e-03
    outer loop
      vertex   2.031275e+01 3.324116e+01 1.197817e+00
      vertex   2.030235e+01 3.325709e+01 1.000000e+00
      vertex   2.043598e+01 3.304672e+01 1.140031e+00
    endloop
  endfacet
  facet normal -8.446592e-01 -5.353013e-01 1.841776e-03
    outer loop
      vertex   2.043598e+01 3.304672e+01 1.140031e+00
      vertex   2.030235e+01 3.325709e+01 1.000000e+00
      vertex   2.045087e+01 3.302275e+01 1.000000e+00
    endloop
  endfacet
  facet normal -8.743439e-01 -4.852060e-01 -9.888686e-03
    outer loop
      vertex   2.043598e+01 3.304672e+01 1.140031e+00
      vertex   2.045087e+01 3.302275e+01 1.000000e+00
      vertex   2.054777e+01 3.284628e+01 1.091144e+00
    endloop
  endfacet
  facet normal -8.796403e-01 -4.754122e-01 1.470388e-02
    outer loop
      vertex   2.054777e+01 3.284628e+01 1.091144e+00
      vertex   2.045087e+01 3.302275e+01 1.000000e+00
      vertex   2.058278e+01 3.277867e+01 1.000000e+00
    endloop
  endfacet
  facet normal -9.008179e-01 -4.335043e-01 -2.451906e-02
    outer loop
      vertex   2.054777e+01 3.284628e+01 1.091144e+00
      vertex   2.058278e+01 3.277867e+01 1.000000e+00
      vertex   2.064739e+01 3.264148e+01 1.052043e+00
    endloop
  endfacet
  facet normal -9.098225e-01 -4.129948e-01 4.072343e-02
    outer loop
      vertex   2.064739e+01 3.264148e+01 1.052043e+00
      vertex   2.058278e+01 3.277867e+01 1.000000e+00
      vertex   2.069746e+01 3.252604e+01 1.000000e+00
    endloop
  endfacet
  facet normal -9.238903e-01 -3.798389e-01 -4.635965e-02
    outer loop
      vertex   2.064739e+01 3.264148e+01 1.052043e+00
      vertex   2.069746e+01 3.252604e+01 1.000000e+00
      vertex   2.073413e+01 3.243395e+01 1.023612e+00
    endloop
  endfacet
  facet normal -9.329732e-01 -3.477076e-01 9.306080e-02
    outer loop
      vertex   2.073413e+01 3.243395e+01 1.023612e+00
      vertex   2.069746e+01 3.252604e+01 1.000000e+00
      vertex   2.079435e+01 3.226607e+01 1.000000e+00
    endloop
  endfacet
  facet normal -9.405199e-01 -3.221520e-01 -1.078909e-01
    outer loop
      vertex   2.073413e+01 3.243395e+01 1.023612e+00
      vertex   2.079435e+01 3.226607e+01 1.000000e+00
      vertex   2.080896e+01 3.222134e+01 1.006141e+00
    endloop
  endfacet
  facet normal -9.369714e-01 -2.769200e-01 2.130728e-01
    outer loop
      vertex   2.080896e+01 3.222134e+01 1.006141e+00
      vertex   2.079435e+01 3.226607e+01 1.000000e+00
      vertex   2.087298e+01 3.200000e+01 1.000000e+00
    endloop
  endfacet
  facet normal -3.723681e-01 -9.280835e-01 1.750649e-03
    outer loop
      vertex   1.861732e+01 3.465845e+01 1.000000e+00
      vertex   1.842203e+01 3.473870e+01 2.000000e+00
      vertex   1.835983e+01 3.476176e+01 1.000000e+00
    endloop
  endfacet
  facet normal -3.270377e-01 -9.450102e-01 -1.458927e-03
    outer loop
      vertex   1.835983e+01 3.476176e+01 1.000000e+00
      vertex   1.842203e+01 3.473870e+01 2.000000e+00
      vertex   1.819308e+01 3.481793e+01 2.000000e+00
    endloop
  endfacet
  facet normal -3.071384e-01 -9.516622e-01 2.232973e-03
    outer loop
      vertex   1.835983e+01 3.476176e+01 1.000000e+00
      vertex   1.819308e+01 3.481793e+01 2.000000e+00
      vertex   1.809580e+01 3.484698e+01 1.000000e+00
    endloop
  endfacet
  facet normal -2.692279e-01 -9.630748e-01 -1.786432e-03
    outer loop
      vertex   1.809580e+01 3.484698e+01 1.000000e+00
      vertex   1.819308e+01 3.481793e+01 2.000000e+00
      vertex   1.795976e+01 3.488315e+01 2.000000e+00
    endloop
  endfacet
  facet normal -2.404313e-01 -9.706632e-01 2.405651e-03
    outer loop
      vertex   1.809580e+01 3.484698e+01 1.000000e+00
      vertex   1.795976e+01 3.488315e+01 2.000000e+00
      vertex   1.782650e+01 3.491368e+01 1.000000e+00
    endloop
  endfacet
  facet normal -2.104306e-01 -9.776071e-01 -1.804281e-03
    outer loop
      vertex   1.782650e+01 3.491368e+01 1.000000e+00
      vertex   1.795976e+01 3.488315e+01 2.000000e+00
      vertex   1.772292e+01 3.493413e+01 2.000000e+00
    endloop
  endfacet
  facet normal -1.725677e-01 -9.849950e-01 2.268671e-03
    outer loop
      vertex   1.782650e+01 3.491368e+01 1.000000e+00
      vertex   1.772292e+01 3.493413e+01 2.000000e+00
      vertex   1.755322e+01 3.496156e+01 1.000000e+00
    endloop
  endfacet
  facet normal -1.508615e-01 -9.885538e-01 -1.512474e-03
    outer loop
      vertex   1.755322e+01 3.496156e+01 1.000000e+00
      vertex   1.772292e+01 3.493413e+01 2.000000e+00
      vertex   1.748342e+01 3.497068e+01 2.000000e+00
    endloop
  endfacet
  facet normal -1.038739e-01 -9.945888e-01 1.822044e-03
    outer loop
      vertex   1.755322e+01 3.496156e+01 1.000000e+00
      vertex   1.748342e+01 3.497068e+01 2.000000e+00
      vertex   1.727728e+01 3.499038e+01 1.000000e+00
    endloop
  endfacet
  facet normal -9.073887e-02 -9.958743e-01 -9.110318e-04
    outer loop
      vertex   1.727728e+01 3.499038e+01 1.000000e+00
      vertex   1.748342e+01 3.497068e+01 2.000000e+00
      vertex   1.724216e+01 3.499266e+01 2.000000e+00
    endloop
  endfacet
  facet normal -3.468029e-02 -9.993979e-01 1.065801e-03
    outer loop
      vertex   1.727728e+01 3.499038e+01 1.000000e+00
      vertex   1.724216e+01 3.499266e+01 2.000000e+00
      vertex   1.700000e+01 3.500000e+01 1.000000e+00
    endloop
  endfacet
  facet normal -3.028014e-02 -9.995415e-01 -7.745051e-07
    outer loop
      vertex   1.700000e+01 3.500000e+01 1.000000e+00
      vertex   1.724216e+01 3.499266e+01 2.000000e+00
      vertex   1.700000e+01 3.500000e+01 2.000000e+00
    endloop
  endfacet
  facet normal 3.028014e-02 -9.995415e-01 -7.745051e-07
    outer loop
      vertex   1.700000e+01 3.500000e+01 1.000000e+00
      vertex   1.700000e+01 3.500000e+01 2.000000e+00
      vertex   1.675784e+01 3.499266e+01 2.000000e+00
    endloop
  endfacet
  facet normal 3.468029e-02 -9.993979e-01 1.065801e-03
    outer loop
      vertex   1.700000e+01 3.500000e+01 1.000000e+00
      vertex   1.675784e+01 3.499266e+01 2.000000e+00
      vertex   1.672272e+01 3.499038e+01 1.000000e+00
    endloop
  endfacet
  facet normal 9.073887e-02 -9.958743e-01 -9.110318e-04
    outer loop
      vertex   1.672272e+01 3.499038e+01 1.000000e+00
      vertex   1.675784e+01 3.499266e+01 2.000000e+00
      vertex   1.651658e+01 3.497068e+01 2.000000e+00
    endloop
  endfacet
  facet normal 1.038739e-01 -9.945888e-01 1.822044e-03
    outer loop
      vertex   1.672272e+01 3.499038e+01 1.000000e+00
      vertex   1.651658e+01 3.497068e+01 2.000000e+00
      vertex   1.644678e+01 3.496156e+01 1.000000e+00
    endloop
  endfacet
  facet normal 1.508615e-01 -9.885538e-01 -1.512474e-03
    outer loop
      vertex   1.644678e+01 3.496156e+01 1.000000e+00
      vertex   1.651658e+01 3.497068e+01 2.000000e+00
      vertex   1.627708e+01 3.493413e+01 2.000000e+00
    endloop
  endfacet
  facet normal 1.725677e-01 -9.849950e-01 2.268671e-03
    outer loop
      vertex   1.644678e+01 3.496156e+01 1.000000e+00
      vertex   1.627708e+01 3.493413e+01 2.000000e+00
      vertex   1.617350e+01 3.491368e+01 1.000000e+00
    endloop
  endfacet
  facet normal 2.104306e-01 -9.776071e-01 -1.804281e-03
    outer loop
      vertex   1.617350e+01 3.491368e+01 1.000000e+00
      vertex   1.627708e+01 3.493413e+01 2.000000e+00
      vertex   1.604024e+01 3.488315e+01 2.000000e+00
    endloop
  endfacet
  facet normal 2.404313e-01 -9.706632e-01 2.405651e-03
    outer loop
      vertex   1.617350e+01 3.491368e+01 1.000000e+00
      vertex   1.604024e+01 3.488315e+01 2.000000e+00
      vertex   1.590420e+01 3.484698e+01 1.000000e+00
    endloop
  endfacet
  facet normal 2.692279e-01 -9.630748e-01 -1.786432e-03
    outer loop
      vertex   1.590420e+01 3.484698e+01 1.000000e+00
      vertex   1.604024e+01 3.488315e+01 2.000000e+00
      vertex   1.580692e+01 3.481793e+01 2.000000e+00
    endloop
  endfacet
  facet normal 3.071384e-01 -9.516622e-01 2.232973e-03
    outer loop
      vertex   1.590420e+01 3.484698e+01 1.000000e+00
      vertex   1.580692e+01 3.481793e+01 2.000000e+00
      vertex   1.564017e+01 3.476176e+01 1.000000e+00
    endloop
  endfacet
  facet normal 3.270377e-01 -9.450102e-01 -1.458927e-03
    outer loop
      vertex   1.564017e+01 3.476176e+01 1.000000e+00
      vertex   1.580692e+01 3.481793e+01 2.000000e+00
      vertex   1.557798e+01 3.473870e+01 2.000000e+00
    endloop
  endfacet
  facet normal 3.723681e-01 -9.280835e-01 1.750649e-03
    outer loop
      vertex   1.564017e+01 3.476176e+01 1.000000e+00
      vertex   1.557798e+01 3.473870e+01 2.000000e+00
      vertex   1.538268e+01 3.465845e+01 1.000000e+00
    endloop
  endfacet
  facet normal 3.836480e-01 -9.234790e-01 -8.217911e-04
    outer loop
      vertex   1.538268e+01 3.465845e+01 1.000000e+00
      vertex   1.557798e+01 3.473870e+01 2.000000e+00
      vertex   1.535425e+01 3.464575e+01 2.000000e+00
    endloop
  endfacet
  facet normal 4.364468e-01 -8.997295e-01 9.808559e-04
    outer loop
      vertex   1.538268e+01 3.465845e+01 1.000000e+00
      vertex   1.535425e+01 3.464575e+01 2.000000e+00
      vertex   1.515454e+01 3.454879e+01 1.917267e+00
    endloop
  endfacet
  facet normal 4.358067e-01 -9.000400e-01 7.845417e-04
    outer loop
      vertex   1.538268e+01 3.465845e+01 1.000000e+00
      vertex   1.515454e+01 3.454879e+01 1.917267e+00
      vertex   1.513297e+01 3.453754e+01 1.000000e+00
    endloop
  endfacet
  facet normal 4.856139e-01 -8.741731e-01 -7.039300e-04
    outer loop
      vertex   1.513297e+01 3.453754e+01 1.000000e+00
      vertex   1.515454e+01 3.454879e+01 1.917267e+00
      vertex   1.496421e+01 3.444312e+01 1.832885e+00
    endloop
  endfacet
  facet normal 4.971469e-01 -8.676631e-01 2.370843e-03
    outer loop
      vertex   1.513297e+01 3.453754e+01 1.000000e+00
      vertex   1.496421e+01 3.444312e+01 1.832885e+00
      vertex   1.489224e+01 3.439961e+01 1.000000e+00
    endloop
  endfacet
  facet normal 5.319744e-01 -8.467587e-01 -1.730712e-03
    outer loop
      vertex   1.489224e+01 3.439961e+01 1.000000e+00
      vertex   1.496421e+01 3.444312e+01 1.832885e+00
      vertex   1.478438e+01 3.433032e+01 1.748910e+00
    endloop
  endfacet
  facet normal 5.560952e-01 -8.311125e-01 3.190723e-03
    outer loop
      vertex   1.489224e+01 3.439961e+01 1.000000e+00
      vertex   1.478438e+01 3.433032e+01 1.748910e+00
      vertex   1.466165e+01 3.424533e+01 1.000000e+00
    endloop
  endfacet
  facet normal 5.767266e-01 -8.169352e-01 -1.799328e-03
    outer loop
      vertex   1.466165e+01 3.424533e+01 1.000000e+00
      vertex   1.478438e+01 3.433032e+01 1.748910e+00
      vertex   1.461250e+01 3.420916e+01 1.665482e+00
    endloop
  endfacet
  facet normal 6.123709e-01 -7.905673e-01 2.266423e-03
    outer loop
      vertex   1.466165e+01 3.424533e+01 1.000000e+00
      vertex   1.461250e+01 3.420916e+01 1.665482e+00
      vertex   1.444231e+01 3.407543e+01 1.000000e+00
    endloop
  endfacet
  facet normal 6.195582e-01 -7.849504e-01 -7.003125e-04
    outer loop
      vertex   1.444231e+01 3.407543e+01 1.000000e+00
      vertex   1.461250e+01 3.420916e+01 1.665482e+00
      vertex   1.444314e+01 3.407556e+01 1.580905e+00
    endloop
  endfacet
  facet normal 6.608035e-01 -7.505586e-01 -7.664128e-04
    outer loop
      vertex   1.444231e+01 3.407543e+01 1.000000e+00
      vertex   1.444314e+01 3.407556e+01 1.580905e+00
      vertex   1.427774e+01 3.393002e+01 1.496767e+00
    endloop
  endfacet
  facet normal 6.656994e-01 -7.462170e-01 2.126331e-03
    outer loop
      vertex   1.444231e+01 3.407543e+01 1.000000e+00
      vertex   1.427774e+01 3.393002e+01 1.496767e+00
      vertex   1.423528e+01 3.389073e+01 1.000000e+00
    endloop
  endfacet
  facet normal 7.013167e-01 -7.128410e-01 -3.557550e-03
    outer loop
      vertex   1.423528e+01 3.389073e+01 1.000000e+00
      vertex   1.427774e+01 3.393002e+01 1.496767e+00
      vertex   1.411789e+01 3.377317e+01 1.414729e+00
    endloop
  endfacet
  facet normal 7.158188e-01 -6.982704e-01 4.677402e-03
    outer loop
      vertex   1.423528e+01 3.389073e+01 1.000000e+00
      vertex   1.411789e+01 3.377317e+01 1.414729e+00
      vertex   1.404155e+01 3.369213e+01 1.000000e+00
    endloop
  endfacet
  facet normal 7.402351e-01 -6.723304e-01 -4.886131e-03
    outer loop
      vertex   1.404155e+01 3.369213e+01 1.000000e+00
      vertex   1.411789e+01 3.377317e+01 1.414729e+00
      vertex   1.396520e+01 3.360562e+01 1.336453e+00
    endloop
  endfacet
  facet normal 7.624916e-01 -6.469636e-01 6.687114e-03
    outer loop
      vertex   1.404155e+01 3.369213e+01 1.000000e+00
      vertex   1.396520e+01 3.360562e+01 1.336453e+00
      vertex   1.386205e+01 3.348058e+01 1.000000e+00
    endloop
  endfacet
  facet normal 7.778739e-01 -6.284011e-01 -4.927279e-03
    outer loop
      vertex   1.386205e+01 3.348058e+01 1.000000e+00
      vertex   1.396520e+01 3.360562e+01 1.336453e+00
      vertex   1.382123e+01 3.342798e+01 1.263619e+00
    endloop
  endfacet
  facet normal 8.055052e-01 -5.925530e-01 6.504029e-03
    outer loop
      vertex   1.386205e+01 3.348058e+01 1.000000e+00
      vertex   1.382123e+01 3.342798e+01 1.263619e+00
      vertex   1.369765e+01 3.325709e+01 1.000000e+00
    endloop
  endfacet
  facet normal 8.133121e-01 -5.818131e-01 -4.117757e-03
    outer loop
      vertex   1.369765e+01 3.325709e+01 1.000000e+00
      vertex   1.382123e+01 3.342798e+01 1.263619e+00
      vertex   1.368725e+01 3.324116e+01 1.197817e+00
    endloop
  endfacet
  facet normal 8.444799e-01 -5.355858e-01 1.243351e-03
    outer loop
      vertex   1.369765e+01 3.325709e+01 1.000000e+00
      vertex   1.368725e+01 3.324116e+01 1.197817e+00
      vertex   1.356402e+01 3.304672e+01 1.140031e+00
    endloop
  endfacet
  facet normal 8.446592e-01 -5.353013e-01 1.841776e-03
    outer loop
      vertex   1.369765e+01 3.325709e+01 1.000000e+00
      vertex   1.356402e+01 3.304672e+01 1.140031e+00
      vertex   1.354913e+01 3.302275e+01 1.000000e+00
    endloop
  endfacet
  facet normal 8.743439e-01 -4.852060e-01 -9.888686e-03
    outer loop
      vertex   1.354913e+01 3.302275e+01 1.000000e+00
      vertex   1.356402e+01 3.304672e+01 1.140031e+00
      vertex   1.345224e+01 3.284628e+01 1.091144e+00
    endloop
  endfacet
  facet normal 8.796403e-01 -4.754122e-01 1.470388e-02
    outer loop
      vertex   1.354913e+01 3.302275e+01 1.000000e+00
      vertex   1.345224e+01 3.284628e+01 1.091144e+00
      vertex   1.341722e+01 3.277867e+01 1.000000e+00
    endloop
  endfacet
  facet normal 9.008179e-01 -4.335043e-01 -2.451906e-02
    outer loop
      vertex   1.341722e+01 3.277867e+01 1.000000e+00
      vertex   1.345224e+01 3.284628e+01 1.091144e+00
      vertex   1.335261e+01 3.264148e+01 1.052043e+00
    endloop
  endfacet
  facet normal 9.098225e-01 -4.129948e-01 4.072343e-02
    outer loop
      vertex   1.341722e+01 3.277867e+01 1.000000e+00
      vertex   1.335261e+01 3.264148e+01 1.052043e+00
      vertex   1.330254e+01 3.252604e+01 1.000000e+00
    endloop
  endfacet
  facet normal 9.238903e-01 -3.798389e-01 -4.635965e-02
    outer loop
      vertex   1.330254e+01 3.252604e+01 1.000000e+00
      vertex   1.335261e+01 3.264148e+01 1.052043e+00
      vertex   1.326587e+01 3.243395e+01 1.023612e+00
    endloop
  endfacet
  facet normal 9.329732e-01 -3.477076e-01 9.306080e-02
    outer loop
      vertex   1.330254e+01 3.252604e+01 1.000000e+00
      vertex   1.326587e+01 3.243395e+01 1.023612e+00
      vertex   1.320565e+01 3.226607e+01 1.000000e+00
    endloop
  endfacet
  facet normal 9.405199e-01 -3.221520e-01 -1.078909e-01
    outer loop
      vertex   1.320565e+01 3.226607e+01 1.000000e+00
      vertex   1.326587e+01 3.243395e+01 1.023612e+00
      vertex   1.319104e+01 3.222134e+01 1.006141e+00
    endloop
  endfacet
  facet normal 9.369714e-01 -2.769200e-01 2.130728e-01
    outer loop
      vertex   1.320565e+01 3.226607e+01 1.000000e+00
      vertex   1.319104e+01 3.222134e+01 1.006141e+00
      vertex   1.312702e+01 3.200000e+01 1.000000e+00
    endloop
  endfacet
  facet normal 0.000000e+00 -6.490690e-01 7.607295e-01
    outer loop
      vertex   1.535425e+01 3.464575e+01 2.000000e+00
      vertex   1.312702e+01 3.464575e+01 2.000000e+00
      vertex   1.515454e+01 3.454879e+01 1.917267e+00
    endloop
  endfacet
  facet normal 1.035834e-03 -6.364464e-01 7.713203e-01
    outer loop
      vertex   1.515454e+01 3.454879e+01 1.917267e+00
      vertex   1.312702e+01 3.464575e+01 2.000000e+00
      vertex   1.312702e+01 3.444308e+01 1.832764e+00
    endloop
  endfacet
  facet normal -3.524842e-05 -6.239878e-01 7.814341e-01
    outer loop
      vertex   1.515454e+01 3.454879e+01 1.917267e+00
      vertex   1.312702e+01 3.444308e+01 1.832764e+00
      vertex   1.496421e+01 3.444312e+01 1.832885e+00
    endloop
  endfacet
  facet normal -3.730880e-05 -5.971018e-01 8.021655e-01
    outer loop
      vertex   1.496421e+01 3.444312e+01 1.832885e+00
      vertex   1.312702e+01 3.444308e+01 1.832764e+00
      vertex   1.478438e+01 3.433032e+01 1.748910e+00
    endloop
  endfacet
  facet normal 1.294055e-03 -5.844313e-01 8.114422e-01
    outer loop
      vertex   1.478438e+01 3.433032e+01 1.748910e+00
      vertex   1.312702e+01 3.444308e+01 1.832764e+00
      vertex   1.312702e+01 3.422986e+01 1.679196e+00
    endloop
  endfacet
  facet normal -2.927538e-04 -5.668454e-01 8.238241e-01
    outer loop
      vertex   1.478438e+01 3.433032e+01 1.748910e+00
      vertex   1.312702e+01 3.422986e+01 1.679196e+00
      vertex   1.461250e+01 3.420916e+01 1.665482e+00
    endloop
  endfacet
  facet normal 3.412702e-04 -5.351925e-01 8.447300e-01
    outer loop
      vertex   1.461250e+01 3.420916e+01 1.665482e+00
      vertex   1.312702e+01 3.422986e+01 1.679196e+00
      vertex   1.444314e+01 3.407556e+01 1.580905e+00
    endloop
  endfacet
  facet normal 1.211309e-03 -5.298944e-01 8.480628e-01
    outer loop
      vertex   1.444314e+01 3.407556e+01 1.580905e+00
      vertex   1.312702e+01 3.422986e+01 1.679196e+00
      vertex   1.312702e+01 3.400701e+01 1.539958e+00
    endloop
  endfacet
  facet normal -9.236391e-04 -4.997256e-01 8.661833e-01
    outer loop
      vertex   1.444314e+01 3.407556e+01 1.580905e+00
      vertex   1.312702e+01 3.400701e+01 1.539958e+00
      vertex   1.427774e+01 3.393002e+01 1.496767e+00
    endloop
  endfacet
  facet normal 1.416749e-03 -4.730706e-01 8.810234e-01
    outer loop
      vertex   1.427774e+01 3.393002e+01 1.496767e+00
      vertex   1.312702e+01 3.400701e+01 1.539958e+00
      vertex   1.312702e+01 3.377551e+01 1.415651e+00
    endloop
  endfacet
  facet normal -2.681063e-04 -4.632538e-01 8.862256e-01
    outer loop
      vertex   1.427774e+01 3.393002e+01 1.496767e+00
      vertex   1.312702e+01 3.377551e+01 1.415651e+00
      vertex   1.411789e+01 3.377317e+01 1.414729e+00
    endloop
  endfacet
  facet normal -1.549844e-04 -4.231443e-01 9.060623e-01
    outer loop
      vertex   1.411789e+01 3.377317e+01 1.414729e+00
      vertex   1.312702e+01 3.377551e+01 1.415651e+00
      vertex   1.396520e+01 3.360562e+01 1.336453e+00
    endloop
  endfacet
  facet normal 2.046101e-03 -4.142051e-01 9.101813e-01
    outer loop
      vertex   1.396520e+01 3.360562e+01 1.336453e+00
      vertex   1.312702e+01 3.377551e+01 1.415651e+00
      vertex   1.312702e+01 3.353635e+01 1.306812e+00
    endloop
  endfacet
  facet normal -1.465401e-03 -3.783428e-01 9.256644e-01
    outer loop
      vertex   1.396520e+01 3.360562e+01 1.336453e+00
      vertex   1.312702e+01 3.353635e+01 1.306812e+00
      vertex   1.382123e+01 3.342798e+01 1.263619e+00
    endloop
  endfacet
  facet normal 3.010821e-03 -3.535518e-01 9.354101e-01
    outer loop
      vertex   1.382123e+01 3.342798e+01 1.263619e+00
      vertex   1.312702e+01 3.353635e+01 1.306812e+00
      vertex   1.312702e+01 3.329055e+01 1.213911e+00
    endloop
  endfacet
  facet normal -2.064894e-03 -3.308977e-01 9.436644e-01
    outer loop
      vertex   1.382123e+01 3.342798e+01 1.263619e+00
      vertex   1.312702e+01 3.329055e+01 1.213911e+00
      vertex   1.368725e+01 3.324116e+01 1.197817e+00
    endloop
  endfacet
  facet normal 1.791346e-03 -2.913746e-01 9.566073e-01
    outer loop
      vertex   1.368725e+01 3.324116e+01 1.197817e+00
      vertex   1.312702e+01 3.329055e+01 1.213911e+00
      vertex   1.312702e+01 3.303919e+01 1.137347e+00
    endloop
  endfacet
  facet normal -9.886316e-04 -2.843004e-01 9.587347e-01
    outer loop
      vertex   1.368725e+01 3.324116e+01 1.197817e+00
      vertex   1.312702e+01 3.303919e+01 1.137347e+00
      vertex   1.356402e+01 3.304672e+01 1.140031e+00
    endloop
  endfacet
  facet normal -1.901576e-03 -2.359528e-01 9.717627e-01
    outer loop
      vertex   1.356402e+01 3.304672e+01 1.140031e+00
      vertex   1.312702e+01 3.303919e+01 1.137347e+00
      vertex   1.345224e+01 3.284628e+01 1.091144e+00
    endloop
  endfacet
  facet normal 3.123330e-03 -2.279383e-01 9.736706e-01
    outer loop
      vertex   1.345224e+01 3.284628e+01 1.091144e+00
      vertex   1.312702e+01 3.303919e+01 1.137347e+00
      vertex   1.312702e+01 3.278334e+01 1.077453e+00
    endloop
  endfacet
  facet normal -5.585388e-03 -1.849126e-01 9.827391e-01
    outer loop
      vertex   1.345224e+01 3.284628e+01 1.091144e+00
      vertex   1.312702e+01 3.278334e+01 1.077453e+00
      vertex   1.335261e+01 3.264148e+01 1.052043e+00
    endloop
  endfacet
  facet normal 8.294143e-03 -1.635145e-01 9.865061e-01
    outer loop
      vertex   1.335261e+01 3.264148e+01 1.052043e+00
      vertex   1.312702e+01 3.278334e+01 1.077453e+00
      vertex   1.312702e+01 3.252411e+01 1.034486e+00
    endloop
  endfacet
  facet normal -8.299598e-03 -1.323177e-01 9.911726e-01
    outer loop
      vertex   1.335261e+01 3.264148e+01 1.052043e+00
      vertex   1.312702e+01 3.252411e+01 1.034486e+00
      vertex   1.326587e+01 3.243395e+01 1.023612e+00
    endloop
  endfacet
  facet normal 1.403762e-02 -9.838551e-02 9.950494e-01
    outer loop
      vertex   1.326587e+01 3.243395e+01 1.023612e+00
      vertex   1.312702e+01 3.252411e+01 1.034486e+00
      vertex   1.312702e+01 3.226262e+01 1.008631e+00
    endloop
  endfacet
  facet normal -1.145553e-02 -7.788675e-02 9.968964e-01
    outer loop
      vertex   1.326587e+01 3.243395e+01 1.023612e+00
      vertex   1.312702e+01 3.226262e+01 1.008631e+00
      vertex   1.319104e+01 3.222134e+01 1.006141e+00
    endloop
  endfacet
  facet normal 1.768440e-02 -3.284051e-02 9.993041e-01
    outer loop
      vertex   1.319104e+01 3.222134e+01 1.006141e+00
      vertex   1.312702e+01 3.226262e+01 1.008631e+00
      vertex   1.312702e+01 3.200000e+01 1.000000e+00
    endloop
  endfacet
  facet normal 3.836477e-01 9.234792e-01 -8.217621e-04
    outer loop
      vertex   1.557798e+01 5.261304e+00 2.000000e+00
      vertex   1.538268e+01 5.341549e+00 1.000000e+00
      vertex   1.535425e+01 5.354249e+00 2.000000e+00
    endloop
  endfacet
  facet normal 4.358066e-01 9.000398e-01 9.586821e-04
    outer loop
      vertex   1.535425e+01 5.354249e+00 2.000000e+00
      vertex   1.538268e+01 5.341549e+00 1.000000e+00
      vertex   1.513297e+01 5.462460e+00 1.000000e+00
    endloop
  endfacet
  facet normal 4.365194e-01 8.996945e-01 7.635781e-04
    outer loop
      vertex   1.535425e+01 5.354249e+00 2.000000e+00
      vertex   1.513297e+01 5.462460e+00 1.000000e+00
      vertex   1.515454e+01 5.451215e+00 1.917267e+00
    endloop
  endfacet
  facet normal 4.856137e-01 8.741733e-01 -7.039576e-04
    outer loop
      vertex   1.515454e+01 5.451215e+00 1.917267e+00
      vertex   1.513297e+01 5.462460e+00 1.000000e+00
      vertex   1.496421e+01 5.556877e+00 1.832885e+00
    endloop
  endfacet
  facet normal 4.971469e-01 8.676632e-01 2.370859e-03
    outer loop
      vertex   1.496421e+01 5.556877e+00 1.832885e+00
      vertex   1.513297e+01 5.462460e+00 1.000000e+00
      vertex   1.489224e+01 5.600390e+00 1.000000e+00
    endloop
  endfacet
  facet normal 5.319741e-01 8.467588e-01 -1.730721e-03
    outer loop
      vertex   1.496421e+01 5.556877e+00 1.832885e+00
      vertex   1.489224e+01 5.600390e+00 1.000000e+00
      vertex   1.478438e+01 5.669680e+00 1.748910e+00
    endloop
  endfacet
  facet normal 5.560952e-01 8.311125e-01 3.190718e-03
    outer loop
      vertex   1.478438e+01 5.669680e+00 1.748910e+00
      vertex   1.489224e+01 5.600390e+00 1.000000e+00
      vertex   1.466165e+01 5.754675e+00 1.000000e+00
    endloop
  endfacet
  facet normal 5.767263e-01 8.169354e-01 -1.799315e-03
    outer loop
      vertex   1.478438e+01 5.669680e+00 1.748910e+00
      vertex   1.466165e+01 5.754675e+00 1.000000e+00
      vertex   1.461250e+01 5.790841e+00 1.665482e+00
    endloop
  endfacet
  facet normal 6.123709e-01 7.905674e-01 2.266398e-03
    outer loop
      vertex   1.461250e+01 5.790841e+00 1.665482e+00
      vertex   1.466165e+01 5.754675e+00 1.000000e+00
      vertex   1.444232e+01 5.924574e+00 1.000000e+00
    endloop
  endfacet
  facet normal 6.195579e-01 7.849506e-01 -7.002749e-04
    outer loop
      vertex   1.461250e+01 5.790841e+00 1.665482e+00
      vertex   1.444232e+01 5.924574e+00 1.000000e+00
      vertex   1.444314e+01 5.924442e+00 1.580906e+00
    endloop
  endfacet
  facet normal 6.608033e-01 7.505587e-01 -7.664505e-04
    outer loop
      vertex   1.444314e+01 5.924442e+00 1.580906e+00
      vertex   1.444232e+01 5.924574e+00 1.000000e+00
      vertex   1.427774e+01 6.069976e+00 1.496767e+00
    endloop
  endfacet
  facet normal 6.656993e-01 7.462171e-01 2.126360e-03
    outer loop
      vertex   1.427774e+01 6.069976e+00 1.496767e+00
      vertex   1.444232e+01 5.924574e+00 1.000000e+00
      vertex   1.423528e+01 6.109267e+00 1.000000e+00
    endloop
  endfacet
  facet normal 7.013165e-01 7.128412e-01 -3.557573e-03
    outer loop
      vertex   1.427774e+01 6.069976e+00 1.496767e+00
      vertex   1.423528e+01 6.109267e+00 1.000000e+00
      vertex   1.411790e+01 6.226826e+00 1.414729e+00
    endloop
  endfacet
  facet normal 7.158187e-01 6.982705e-01 4.677408e-03
    outer loop
      vertex   1.411790e+01 6.226826e+00 1.414729e+00
      vertex   1.423528e+01 6.109267e+00 1.000000e+00
      vertex   1.404155e+01 6.307868e+00 1.000000e+00
    endloop
  endfacet
  facet normal 7.402349e-01 6.723306e-01 -4.886136e-03
    outer loop
      vertex   1.411790e+01 6.226826e+00 1.414729e+00
      vertex   1.404155e+01 6.307868e+00 1.000000e+00
      vertex   1.396520e+01 6.394378e+00 1.336453e+00
    endloop
  endfacet
  facet normal 7.624915e-01 6.469637e-01 6.687098e-03
    outer loop
      vertex   1.396520e+01 6.394378e+00 1.336453e+00
      vertex   1.404155e+01 6.307868e+00 1.000000e+00
      vertex   1.386205e+01 6.519420e+00 1.000000e+00
    endloop
  endfacet
  facet normal 7.778737e-01 6.284013e-01 -4.927259e-03
    outer loop
      vertex   1.396520e+01 6.394378e+00 1.336453e+00
      vertex   1.386205e+01 6.519420e+00 1.000000e+00
      vertex   1.382123e+01 6.572018e+00 1.263619e+00
    endloop
  endfacet
  facet normal 8.055051e-01 5.925531e-01 6.503991e-03
    outer loop
      vertex   1.382123e+01 6.572018e+00 1.263619e+00
      vertex   1.386205e+01 6.519420e+00 1.000000e+00
      vertex   1.369765e+01 6.742906e+00 1.000000e+00
    endloop
  endfacet
  facet normal 8.133120e-01 5.818133e-01 -4.117704e-03
    outer loop
      vertex   1.382123e+01 6.572018e+00 1.263619e+00
      vertex   1.369765e+01 6.742906e+00 1.000000e+00
      vertex   1.368725e+01 6.758838e+00 1.197817e+00
    endloop
  endfacet
  facet normal 8.444798e-01 5.355860e-01 1.243279e-03
    outer loop
      vertex   1.368725e+01 6.758838e+00 1.197817e+00
      vertex   1.369765e+01 6.742906e+00 1.000000e+00
      vertex   1.356402e+01 6.953281e+00 1.140031e+00
    endloop
  endfacet
  facet normal 8.446591e-01 5.353014e-01 1.841851e-03
    outer loop
      vertex   1.356402e+01 6.953281e+00 1.140031e+00
      vertex   1.369765e+01 6.742906e+00 1.000000e+00
      vertex   1.354913e+01 6.977251e+00 1.000000e+00
    endloop
  endfacet
  facet normal 8.743439e-01 4.852062e-01 -9.888748e-03
    outer loop
      vertex   1.356402e+01 6.953281e+00 1.140031e+00
      vertex   1.354913e+01 6.977251e+00 1.000000e+00
      vertex   1.345224e+01 7.153717e+00 1.091144e+00
    endloop
  endfacet
  facet normal 8.796402e-01 4.754123e-01 1.470391e-02
    outer loop
      vertex   1.345224e+01 7.153717e+00 1.091144e+00
      vertex   1.354913e+01 6.977251e+00 1.000000e+00
      vertex   1.341722e+01 7.221327e+00 1.000000e+00
    endloop
  endfacet
  facet normal 9.008178e-01 4.335045e-01 -2.451911e-02
    outer loop
      vertex   1.345224e+01 7.153717e+00 1.091144e+00
      vertex   1.341722e+01 7.221327e+00 1.000000e+00
      vertex   1.335262e+01 7.358516e+00 1.052043e+00
    endloop
  endfacet
  facet normal 9.098224e-01 4.129949e-01 4.072341e-02
    outer loop
      vertex   1.335262e+01 7.358516e+00 1.052043e+00
      vertex   1.341722e+01 7.221327e+00 1.000000e+00
      vertex   1.330254e+01 7.473960e+00 1.000000e+00
    endloop
  endfacet
  facet normal 9.238902e-01 3.798390e-01 -4.635967e-02
    outer loop
      vertex   1.335262e+01 7.358516e+00 1.052043e+00
      vertex   1.330254e+01 7.473960e+00 1.000000e+00
      vertex   1.326587e+01 7.566047e+00 1.023612e+00
    endloop
  endfacet
  facet normal 9.329732e-01 3.477078e-01 9.306069e-02
    outer loop
      vertex   1.326587e+01 7.566047e+00 1.023612e+00
      vertex   1.330254e+01 7.473960e+00 1.000000e+00
      vertex   1.320565e+01 7.733935e+00 1.000000e+00
    endloop
  endfacet
  facet normal 9.405198e-01 3.221521e-01 -1.078908e-01
    outer loop
      vertex   1.326587e+01 7.566047e+00 1.023612e+00
      vertex   1.320565e+01 7.733935e+00 1.000000e+00
      vertex   1.319104e+01 7.778658e+00 1.006141e+00
    endloop
  endfacet
  facet normal 9.369714e-01 2.769201e-01 2.130724e-01
    outer loop
      vertex   1.319104e+01 7.778658e+00 1.006141e+00
      vertex   1.320565e+01 7.733935e+00 1.000000e+00
      vertex   1.312702e+01 8.000000e+00 1.000000e+00
    endloop
  endfacet
  facet normal 3.723681e-01 9.280835e-01 1.750630e-03
    outer loop
      vertex   1.538268e+01 5.341549e+00 1.000000e+00
      vertex   1.557798e+01 5.261304e+00 2.000000e+00
      vertex   1.564017e+01 5.238238e+00 1.000000e+00
    endloop
  endfacet
  facet normal 3.270375e-01 9.450102e-01 -1.458910e-03
    outer loop
      vertex   1.564017e+01 5.238238e+00 1.000000e+00
      vertex   1.557798e+01 5.261304e+00 2.000000e+00
      vertex   1.580692e+01 5.182073e+00 2.000000e+00
    endloop
  endfacet
  facet normal 3.071384e-01 9.516623e-01 2.232964e-03
    outer loop
      vertex   1.564017e+01 5.238238e+00 1.000000e+00
      vertex   1.580692e+01 5.182073e+00 2.000000e+00
      vertex   1.590420e+01 5.153024e+00 1.000000e+00
    endloop
  endfacet
  facet normal 2.692277e-01 9.630749e-01 -1.786425e-03
    outer loop
      vertex   1.590420e+01 5.153024e+00 1.000000e+00
      vertex   1.580692e+01 5.182073e+00 2.000000e+00
      vertex   1.604024e+01 5.116848e+00 2.000000e+00
    endloop
  endfacet
  facet normal 2.404313e-01 9.706632e-01 2.405650e-03
    outer loop
      vertex   1.590420e+01 5.153024e+00 1.000000e+00
      vertex   1.604024e+01 5.116848e+00 2.000000e+00
      vertex   1.617350e+01 5.086318e+00 1.000000e+00
    endloop
  endfacet
  facet normal 2.104304e-01 9.776072e-01 -1.804280e-03
    outer loop
      vertex   1.617350e+01 5.086318e+00 1.000000e+00
      vertex   1.604024e+01 5.116848e+00 2.000000e+00
      vertex   1.627708e+01 5.065868e+00 2.000000e+00
    endloop
  endfacet
  facet normal 1.725677e-01 9.849950e-01 2.268675e-03
    outer loop
      vertex   1.617350e+01 5.086318e+00 1.000000e+00
      vertex   1.627708e+01 5.065868e+00 2.000000e+00
      vertex   1.644678e+01 5.038441e+00 1.000000e+00
    endloop
  endfacet
  facet normal 1.508613e-01 9.885538e-01 -1.512477e-03
    outer loop
      vertex   1.644678e+01 5.038441e+00 1.000000e+00
      vertex   1.627708e+01 5.065868e+00 2.000000e+00
      vertex   1.651658e+01 5.029319e+00 2.000000e+00
    endloop
  endfacet
  facet normal 1.038739e-01 9.945888e-01 1.822049e-03
    outer loop
      vertex   1.644678e+01 5.038441e+00 1.000000e+00
      vertex   1.651658e+01 5.029319e+00 2.000000e+00
      vertex   1.672272e+01 5.009622e+00 1.000000e+00
    endloop
  endfacet
  facet normal 9.073880e-02 9.958743e-01 -9.110347e-04
    outer loop
      vertex   1.672272e+01 5.009622e+00 1.000000e+00
      vertex   1.651658e+01 5.029319e+00 2.000000e+00
      vertex   1.675785e+01 5.007336e+00 2.000000e+00
    endloop
  endfacet
  facet normal 3.468029e-02 9.993979e-01 1.065805e-03
    outer loop
      vertex   1.672272e+01 5.009622e+00 1.000000e+00
      vertex   1.675785e+01 5.007336e+00 2.000000e+00
      vertex   1.700000e+01 5.000000e+00 1.000000e+00
    endloop
  endfacet
  facet normal 3.028331e-02 9.995414e-01 1.075879e-16
    outer loop
      vertex   1.700000e+01 5.000000e+00 1.000000e+00
      vertex   1.675785e+01 5.007336e+00 2.000000e+00
      vertex   1.700000e+01 5.000000e+00 2.000000e+00
    endloop
  endfacet
  facet normal -3.028331e-02 9.995414e-01 -1.075879e-16
    outer loop
      vertex   1.700000e+01 5.000000e+00 1.000000e+00
      vertex   1.700000e+01 5.000000e+00 2.000000e+00
      vertex   1.724216e+01 5.007336e+00 2.000000e+00
    endloop
  endfacet
  facet normal -3.468029e-02 9.993979e-01 1.065805e-03
    outer loop
      vertex   1.700000e+01 5.000000e+00 1.000000e+00
      vertex   1.724216e+01 5.007336e+00 2.000000e+00
      vertex   1.727728e+01 5.009622e+00 1.000000e+00
    endloop
  endfacet
  facet normal -9.073880e-02 9.958743e-01 -9.110347e-04
    outer loop
      vertex   1.727728e+01 5.009622e+00 1.000000e+00
      vertex   1.724216e+01 5.007336e+00 2.000000e+00
      vertex   1.748342e+01 5.029319e+00 2.000000e+00
    endloop
  endfacet
  facet normal -1.038739e-01 9.945888e-01 1.822049e-03
    outer loop
      vertex   1.727728e+01 5.009622e+00 1.000000e+00
      vertex   1.748342e+01 5.029319e+00 2.000000e+00
      vertex   1.755322e+01 5.038441e+00 1.000000e+00
    endloop
  endfacet
  facet normal -1.508613e-01 9.885538e-01 -1.512477e-03
    outer loop
      vertex   1.755322e+01 5.038441e+00 1.000000e+00
      vertex   1.748342e+01 5.029319e+00 2.000000e+00
      vertex   1.772292e+01 5.065868e+00 2.000000e+00
    endloop
  endfacet
  facet normal -1.725677e-01 9.849950e-01 2.268675e-03
    outer loop
      vertex   1.755322e+01 5.038441e+00 1.000000e+00
      vertex   1.772292e+01 5.065868e+00 2.000000e+00
      vertex   1.782650e+01 5.086318e+00 1.000000e+00
    endloop
  endfacet
  facet normal -2.104304e-01 9.776072e-01 -1.804280e-03
    outer loop
      vertex   1.782650e+01 5.086318e+00 1.000000e+00
      vertex   1.772292e+01 5.065868e+00 2.000000e+00
      vertex   1.795976e+01 5.116848e+00 2.000000e+00
    endloop
  endfacet
  facet normal -2.404313e-01 9.706632e-01 2.405650e-03
    outer loop
      vertex   1.782650e+01 5.086318e+00 1.000000e+00
      vertex   1.795976e+01 5.116848e+00 2.000000e+00
      vertex   1.809580e+01 5.153024e+00 1.000000e+00
    endloop
  endfacet
  facet normal -2.692277e-01 9.630749e-01 -1.786425e-03
    outer loop
      vertex   1.809580e+01 5.153024e+00 1.000000e+00
      vertex   1.795976e+01 5.116848e+00 2.000000e+00
      vertex   1.819308e+01 5.182073e+00 2.000000e+00
    endloop
  endfacet
  facet normal -3.071384e-01 9.516623e-01 2.232964e-03
    outer loop
      vertex   1.809580e+01 5.153024e+00 1.000000e+00
      vertex   1.819308e+01 5.182073e+00 2.000000e+00
      vertex   1.835983e+01 5.238238e+00 1.000000e+00
    endloop
  endfacet
  facet normal -3.270375e-01 9.450102e-01 -1.458910e-03
    outer loop
      vertex   1.835983e+01 5.238238e+00 1.000000e+00
      vertex   1.819308e+01 5.182073e+00 2.000000e+00
      vertex   1.842202e+01 5.261304e+00 2.000000e+00
    endloop
  endfacet
  facet normal -3.723681e-01 9.280835e-01 1.750630e-03
    outer loop
      vertex   1.835983e+01 5.238238e+00 1.000000e+00
      vertex   1.842202e+01 5.261304e+00 2.000000e+00
      vertex   1.861732e+01 5.341549e+00 1.000000e+00
    endloop
  endfacet
  facet normal -3.836477e-01 9.234792e-01 -8.217621e-04
    outer loop
      vertex   1.861732e+01 5.341549e+00 1.000000e+00
      vertex   1.842202e+01 5.261304e+00 2.000000e+00
      vertex   1.864575e+01 5.354249e+00 2.000000e+00
    endloop
  endfacet
  facet normal -4.364465e-01 8.997297e-01 9.808124e-04
    outer loop
      vertex   1.861732e+01 5.341549e+00 1.000000e+00
      vertex   1.864575e+01 5.354249e+00 2.000000e+00
      vertex   1.884546e+01 5.451215e+00 1.917267e+00
    endloop
  endfacet
  facet normal -4.358066e-01 9.000400e-01 7.845769e-04
    outer loop
      vertex   1.861732e+01 5.341549e+00 1.000000e+00
      vertex   1.884546e+01 5.451215e+00 1.917267e+00
      vertex   1.886703e+01 5.462460e+00 1.000000e+00
    endloop
  endfacet
  facet normal -4.856137e-01 8.741733e-01 -7.039576e-04
    outer loop
      vertex   1.886703e+01 5.462460e+00 1.000000e+00
      vertex   1.884546e+01 5.451215e+00 1.917267e+00
      vertex   1.903579e+01 5.556877e+00 1.832885e+00
    endloop
  endfacet
  facet normal -4.971469e-01 8.676632e-01 2.370859e-03
    outer loop
      vertex   1.886703e+01 5.462460e+00 1.000000e+00
      vertex   1.903579e+01 5.556877e+00 1.832885e+00
      vertex   1.910776e+01 5.600390e+00 1.000000e+00
    endloop
  endfacet
  facet normal -5.319741e-01 8.467588e-01 -1.730721e-03
    outer loop
      vertex   1.910776e+01 5.600390e+00 1.000000e+00
      vertex   1.903579e+01 5.556877e+00 1.832885e+00
      vertex   1.921562e+01 5.669680e+00 1.748910e+00
    endloop
  endfacet
  facet normal -5.560952e-01 8.311125e-01 3.190718e-03
    outer loop
      vertex   1.910776e+01 5.600390e+00 1.000000e+00
      vertex   1.921562e+01 5.669680e+00 1.748910e+00
      vertex   1.933835e+01 5.754675e+00 1.000000e+00
    endloop
  endfacet
  facet normal -5.767263e-01 8.169354e-01 -1.799315e-03
    outer loop
      vertex   1.933835e+01 5.754675e+00 1.000000e+00
      vertex   1.921562e+01 5.669680e+00 1.748910e+00
      vertex   1.938750e+01 5.790841e+00 1.665482e+00
    endloop
  endfacet
  facet normal -6.123709e-01 7.905674e-01 2.266398e-03
    outer loop
      vertex   1.933835e+01 5.754675e+00 1.000000e+00
      vertex   1.938750e+01 5.790841e+00 1.665482e+00
      vertex   1.955769e+01 5.924574e+00 1.000000e+00
    endloop
  endfacet
  facet normal -6.195579e-01 7.849506e-01 -7.002749e-04
    outer loop
      vertex   1.955769e+01 5.924574e+00 1.000000e+00
      vertex   1.938750e+01 5.790841e+00 1.665482e+00
      vertex   1.955686e+01 5.924442e+00 1.580906e+00
    endloop
  endfacet
  facet normal -6.608033e-01 7.505587e-01 -7.664505e-04
    outer loop
      vertex   1.955769e+01 5.924574e+00 1.000000e+00
      vertex   1.955686e+01 5.924442e+00 1.580906e+00
      vertex   1.972226e+01 6.069976e+00 1.496767e+00
    endloop
  endfacet
  facet normal -6.656993e-01 7.462171e-01 2.126360e-03
    outer loop
      vertex   1.955769e+01 5.924574e+00 1.000000e+00
      vertex   1.972226e+01 6.069976e+00 1.496767e+00
      vertex   1.976472e+01 6.109267e+00 1.000000e+00
    endloop
  endfacet
  facet normal -7.013165e-01 7.128412e-01 -3.557573e-03
    outer loop
      vertex   1.976472e+01 6.109267e+00 1.000000e+00
      vertex   1.972226e+01 6.069976e+00 1.496767e+00
      vertex   1.988211e+01 6.226826e+00 1.414729e+00
    endloop
  endfacet
  facet normal -7.158187e-01 6.982705e-01 4.677408e-03
    outer loop
      vertex   1.976472e+01 6.109267e+00 1.000000e+00
      vertex   1.988211e+01 6.226826e+00 1.414729e+00
      vertex   1.995845e+01 6.307868e+00 1.000000e+00
    endloop
  endfacet
  facet normal -7.402349e-01 6.723306e-01 -4.886136e-03
    outer loop
      vertex   1.995845e+01 6.307868e+00 1.000000e+00
      vertex   1.988211e+01 6.226826e+00 1.414729e+00
      vertex   2.003480e+01 6.394378e+00 1.336453e+00
    endloop
  endfacet
  facet normal -7.624915e-01 6.469637e-01 6.687098e-03
    outer loop
      vertex   1.995845e+01 6.307868e+00 1.000000e+00
      vertex   2.003480e+01 6.394378e+00 1.336453e+00
      vertex   2.013795e+01 6.519420e+00 1.000000e+00
    endloop
  endfacet
  facet normal -7.778737e-01 6.284013e-01 -4.927259e-03
    outer loop
      vertex   2.013795e+01 6.519420e+00 1.000000e+00
      vertex   2.003480e+01 6.394378e+00 1.336453e+00
      vertex   2.017877e+01 6.572018e+00 1.263619e+00
    endloop
  endfacet
  facet normal -8.055051e-01 5.925531e-01 6.503991e-03
    outer loop
      vertex   2.013795e+01 6.519420e+00 1.000000e+00
      vertex   2.017877e+01 6.572018e+00 1.263619e+00
      vertex   2.030235e+01 6.742906e+00 1.000000e+00
    endloop
  endfacet
  facet normal -8.133120e-01 5.818133e-01 -4.117704e-03
    outer loop
      vertex   2.030235e+01 6.742906e+00 1.000000e+00
      vertex   2.017877e+01 6.572018e+00 1.263619e+00
      vertex   2.031275e+01 6.758838e+00 1.197817e+00
    endloop
  endfacet
  facet normal -8.444798e-01 5.355860e-01 1.243279e-03
    outer loop
      vertex   2.030235e+01 6.742906e+00 1.000000e+00
      vertex   2.031275e+01 6.758838e+00 1.197817e+00
      vertex   2.043598e+01 6.953281e+00 1.140031e+00
    endloop
  endfacet
  facet normal -8.446591e-01 5.353014e-01 1.841851e-03
    outer loop
      vertex   2.030235e+01 6.742906e+00 1.000000e+00
      vertex   2.043598e+01 6.953281e+00 1.140031e+00
      vertex   2.045087e+01 6.977251e+00 1.000000e+00
    endloop
  endfacet
  facet normal -8.743439e-01 4.852062e-01 -9.888748e-03
    outer loop
      vertex   2.045087e+01 6.977251e+00 1.000000e+00
      vertex   2.043598e+01 6.953281e+00 1.140031e+00
      vertex   2.054776e+01 7.153717e+00 1.091144e+00
    endloop
  endfacet
  facet normal -8.796402e-01 4.754123e-01 1.470391e-02
    outer loop
      vertex   2.045087e+01 6.977251e+00 1.000000e+00
      vertex   2.054776e+01 7.153717e+00 1.091144e+00
      vertex   2.058278e+01 7.221327e+00 1.000000e+00
    endloop
  endfacet
  facet normal -9.008178e-01 4.335045e-01 -2.451911e-02
    outer loop
      vertex   2.058278e+01 7.221327e+00 1.000000e+00
      vertex   2.054776e+01 7.153717e+00 1.091144e+00
      vertex   2.064739e+01 7.358516e+00 1.052043e+00
    endloop
  endfacet
  facet normal -9.098224e-01 4.129949e-01 4.072341e-02
    outer loop
      vertex   2.058278e+01 7.221327e+00 1.000000e+00
      vertex   2.064739e+01 7.358516e+00 1.052043e+00
      vertex   2.069746e+01 7.473960e+00 1.000000e+00
    endloop
  endfacet
  facet normal -9.238902e-01 3.798390e-01 -4.635967e-02
    outer loop
      vertex   2.069746e+01 7.473960e+00 1.000000e+00
      vertex   2.064739e+01 7.358516e+00 1.052043e+00
      vertex   2.073413e+01 7.566047e+00 1.023612e+00
    endloop
  endfacet
  facet normal -9.329732e-01 3.477078e-01 9.306069e-02
    outer loop
      vertex   2.069746e+01 7.473960e+00 1.000000e+00
      vertex   2.073413e+01 7.566047e+00 1.023612e+00
      vertex   2.079435e+01 7.733935e+00 1.000000e+00
    endloop
  endfacet
  facet normal -9.405198e-01 3.221521e-01 -1.078908e-01
    outer loop
      vertex   2.079435e+01 7.733935e+00 1.000000e+00
      vertex   2.073413e+01 7.566047e+00 1.023612e+00
      vertex   2.080896e+01 7.778658e+00 1.006141e+00
    endloop
  endfacet
  facet normal -9.369714e-01 2.769201e-01 2.130724e-01
    outer loop
      vertex   2.079435e+01 7.733935e+00 1.000000e+00
      vertex   2.080896e+01 7.778658e+00 1.006141e+00
      vertex   2.087298e+01 8.000000e+00 1.000000e+00
    endloop
  endfacet
  facet normal 9.958022e-01 0.000000e+00 -9.153180e-02
    outer loop
      vertex   4.336545e+00 3.600000e+01 8.000000e+00
      vertex   4.336545e+00 4.000000e+01 8.000000e+00
      vertex   4.383197e+00 3.600000e+01 8.507538e+00
    endloop
  endfacet
  facet normal 9.958022e-01 0.000000e+00 -9.153180e-02
    outer loop
      vertex   4.383197e+00 3.600000e+01 8.507538e+00
      vertex   4.336545e+00 4.000000e+01 8.000000e+00
      vertex   4.383197e+00 4.000000e+01 8.507538e+00
    endloop
  endfacet
  facet normal 9.917084e-01 0.000000e+00 -1.285086e-01
    outer loop
      vertex   4.383197e+00 3.600000e+01 8.507538e+00
      vertex   4.383197e+00 4.000000e+01 8.507538e+00
      vertex   4.448695e+00 3.600000e+01 9.012989e+00
    endloop
  endfacet
  facet normal 9.917084e-01 0.000000e+00 -1.285086e-01
    outer loop
      vertex   4.448695e+00 3.600000e+01 9.012989e+00
      vertex   4.383197e+00 4.000000e+01 8.507538e+00
      vertex   4.448695e+00 4.000000e+01 9.012989e+00
    endloop
  endfacet
  facet normal 9.862421e-01 0.000000e+00 -1.653075e-01
    outer loop
      vertex   4.448695e+00 3.600000e+01 9.012989e+00
      vertex   4.448695e+00 4.000000e+01 9.012989e+00
      vertex   4.532948e+00 3.600000e+01 9.515654e+00
    endloop
  endfacet
  facet normal 9.862421e-01 0.000000e+00 -1.653075e-01
    outer loop
      vertex   4.532948e+00 3.600000e+01 9.515654e+00
      vertex   4.448695e+00 4.000000e+01 9.012989e+00
      vertex   4.532948e+00 4.000000e+01 9.515654e+00
    endloop
  endfacet
  facet normal 9.794108e-01 0.000000e+00 -2.018776e-01
    outer loop
      vertex   4.532948e+00 3.600000e+01 9.515654e+00
      vertex   4.532948e+00 4.000000e+01 9.515654e+00
      vertex   4.635841e+00 3.600000e+01 1.001484e+01
    endloop
  endfacet
  facet normal 9.794108e-01 0.000000e+00 -2.018776e-01
    outer loop
      vertex   4.635841e+00 3.600000e+01 1.001484e+01
      vertex   4.532948e+00 4.000000e+01 9.515654e+00
      vertex   4.635841e+00 4.000000e+01 1.001484e+01
    endloop
  endfacet
  facet normal 9.712239e-01 0.000000e+00 -2.381683e-01
    outer loop
      vertex   4.635841e+00 3.600000e+01 1.001484e+01
      vertex   4.635841e+00 4.000000e+01 1.001484e+01
      vertex   4.757229e+00 3.600000e+01 1.050985e+01
    endloop
  endfacet
  facet normal 9.712239e-01 0.000000e+00 -2.381683e-01
    outer loop
      vertex   4.757229e+00 3.600000e+01 1.050985e+01
      vertex   4.635841e+00 4.000000e+01 1.001484e+01
      vertex   4.757229e+00 4.000000e+01 1.050985e+01
    endloop
  endfacet
  facet normal 9.616928e-01 0.000000e+00 -2.741294e-01
    outer loop
      vertex   4.757229e+00 3.600000e+01 1.050985e+01
      vertex   4.757229e+00 4.000000e+01 1.050985e+01
      vertex   4.896947e+00 3.600000e+01 1.100000e+01
    endloop
  endfacet
  facet normal 9.616928e-01 0.000000e+00 -2.741294e-01
    outer loop
      vertex   4.896947e+00 3.600000e+01 1.100000e+01
      vertex   4.757229e+00 4.000000e+01 1.050985e+01
      vertex   4.896947e+00 4.000000e+01 1.100000e+01
    endloop
  endfacet
  facet normal 9.958022e-01 3.511161e-16 -9.153180e-02
    outer loop
      vertex   4.336545e+00 0.000000e+00 8.000000e+00
      vertex   4.336545e+00 4.000000e+00 8.000000e+00
      vertex   4.383197e+00 0.000000e+00 8.507538e+00
    endloop
  endfacet
  facet normal 9.958022e-01 -2.487959e-16 -9.153180e-02
    outer loop
      vertex   4.383197e+00 0.000000e+00 8.507538e+00
      vertex   4.336545e+00 4.000000e+00 8.000000e+00
      vertex   4.383197e+00 4.000000e+00 8.507538e+00
    endloop
  endfacet
  facet normal 9.917084e-01 -5.297707e-16 -1.285086e-01
    outer loop
      vertex   4.383197e+00 0.000000e+00 8.507538e+00
      vertex   4.383197e+00 4.000000e+00 8.507538e+00
      vertex   4.448695e+00 0.000000e+00 9.012989e+00
    endloop
  endfacet
  facet normal 9.917084e-01 3.020476e-16 -1.285086e-01
    outer loop
      vertex   4.448695e+00 0.000000e+00 9.012989e+00
      vertex   4.383197e+00 4.000000e+00 8.507538e+00
      vertex   4.448695e+00 4.000000e+00 9.012989e+00
    endloop
  endfacet
  facet normal 9.862421e-01 6.719076e-17 -1.653075e-01
    outer loop
      vertex   4.448695e+00 0.000000e+00 9.012989e+00
      vertex   4.448695e+00 4.000000e+00 9.012989e+00
      vertex   4.532948e+00 0.000000e+00 9.515654e+00
    endloop
  endfacet
  facet normal 9.862421e-01 -5.138789e-16 -1.653075e-01
    outer loop
      vertex   4.532948e+00 0.000000e+00 9.515654e+00
      vertex   4.448695e+00 4.000000e+00 9.012989e+00
      vertex   4.532948e+00 4.000000e+00 9.515654e+00
    endloop
  endfacet
  facet normal 9.794108e-01 -6.275617e-16 -2.018776e-01
    outer loop
      vertex   4.532948e+00 0.000000e+00 9.515654e+00
      vertex   4.532948e+00 4.000000e+00 9.515654e+00
      vertex   4.635841e+00 0.000000e+00 1.001484e+01
    endloop
  endfacet
  facet normal 9.794108e-01 -5.379101e-16 -2.018776e-01
    outer loop
      vertex   4.635841e+00 0.000000e+00 1.001484e+01
      vertex   4.532948e+00 4.000000e+00 9.515654e+00
      vertex   4.635841e+00 4.000000e+00 1.001484e+01
    endloop
  endfacet
  facet normal 9.712239e-01 -6.346080e-16 -2.381683e-01
    outer loop
      vertex   4.635841e+00 0.000000e+00 1.001484e+01
      vertex   4.635841e+00 4.000000e+00 1.001484e+01
      vertex   4.757229e+00 0.000000e+00 1.050985e+01
    endloop
  endfacet
  facet normal 9.712239e-01 2.238931e-16 -2.381683e-01
    outer loop
      vertex   4.757229e+00 0.000000e+00 1.050985e+01
      vertex   4.635841e+00 4.000000e+00 1.001484e+01
      vertex   4.757229e+00 4.000000e+00 1.050985e+01
    endloop
  endfacet
  facet normal 9.616928e-01 1.536644e-16 -2.741294e-01
    outer loop
      vertex   4.757229e+00 0.000000e+00 1.050985e+01
      vertex   4.757229e+00 4.000000e+00 1.050985e+01
      vertex   4.896947e+00 0.000000e+00 1.100000e+01
    endloop
  endfacet
  facet normal 9.616928e-01 0.000000e+00 -2.741294e-01
    outer loop
      vertex   4.896947e+00 0.000000e+00 1.100000e+01
      vertex   4.757229e+00 4.000000e+00 1.050985e+01
      vertex   4.896947e+00 4.000000e+00 1.100000e+01
    endloop
  endfacet
  facet normal 9.986068e-01 0.000000e+00 5.276749e-02
    outer loop
      vertex   1.630000e+01 4.000000e+01 7.000000e+00
      vertex   1.630000e+01 3.600000e+01 7.000000e+00
      vertex   1.630947e+01 4.000000e+01 6.820841e+00
    endloop
  endfacet
  facet normal 9.986068e-01 0.000000e+00 5.276749e-02
    outer loop
      vertex   1.630947e+01 4.000000e+01 6.820841e+00
      vertex   1.630000e+01 3.600000e+01 7.000000e+00
      vertex   1.630947e+01 3.600000e+01 6.820841e+00
    endloop
  endfacet
  facet normal 9.874847e-01 0.000000e+00 1.577148e-01
    outer loop
      vertex   1.630947e+01 4.000000e+01 6.820841e+00
      vertex   1.630947e+01 3.600000e+01 6.820841e+00
      vertex   1.633776e+01 4.000000e+01 6.643676e+00
    endloop
  endfacet
  facet normal 9.874847e-01 0.000000e+00 1.577148e-01
    outer loop
      vertex   1.633776e+01 4.000000e+01 6.643676e+00
      vertex   1.630947e+01 3.600000e+01 6.820841e+00
      vertex   1.633776e+01 3.600000e+01 6.643676e+00
    endloop
  endfacet
  facet normal 9.653643e-01 0.000000e+00 2.609055e-01
    outer loop
      vertex   1.633776e+01 4.000000e+01 6.643676e+00
      vertex   1.633776e+01 3.600000e+01 6.643676e+00
      vertex   1.638457e+01 4.000000e+01 6.470481e+00
    endloop
  endfacet
  facet normal 9.653643e-01 0.000000e+00 2.609055e-01
    outer loop
      vertex   1.638457e+01 4.000000e+01 6.470481e+00
      vertex   1.633776e+01 3.600000e+01 6.643676e+00
      vertex   1.638457e+01 3.600000e+01 6.470481e+00
    endloop
  endfacet
  facet normal 9.324921e-01 0.000000e+00 3.611903e-01
    outer loop
      vertex   1.638457e+01 4.000000e+01 6.470481e+00
      vertex   1.638457e+01 3.600000e+01 6.470481e+00
      vertex   1.644937e+01 4.000000e+01 6.303183e+00
    endloop
  endfacet
  facet normal 9.324921e-01 0.000000e+00 3.611903e-01
    outer loop
      vertex   1.644937e+01 4.000000e+01 6.303183e+00
      vertex   1.638457e+01 3.600000e+01 6.470481e+00
      vertex   1.644937e+01 3.600000e+01 6.303183e+00
    endloop
  endfacet
  facet normal 8.892341e-01 0.000000e+00 4.574524e-01
    outer loop
      vertex   1.644937e+01 4.000000e+01 6.303183e+00
      vertex   1.644937e+01 3.600000e+01 6.303183e+00
      vertex   1.653144e+01 4.000000e+01 6.143646e+00
    endloop
  endfacet
  facet normal 8.892341e-01 0.000000e+00 4.574524e-01
    outer loop
      vertex   1.653144e+01 4.000000e+01 6.143646e+00
      vertex   1.644937e+01 3.600000e+01 6.303183e+00
      vertex   1.653144e+01 3.600000e+01 6.143646e+00
    endloop
  endfacet
  facet normal 8.360722e-01 0.000000e+00 5.486195e-01
    outer loop
      vertex   1.653144e+01 4.000000e+01 6.143646e+00
      vertex   1.653144e+01 3.600000e+01 6.143646e+00
      vertex   1.662987e+01 4.000000e+01 5.993647e+00
    endloop
  endfacet
  facet normal 8.360722e-01 0.000000e+00 5.486195e-01
    outer loop
      vertex   1.662987e+01 4.000000e+01 5.993647e+00
      vertex   1.653144e+01 3.600000e+01 6.143646e+00
      vertex   1.662987e+01 3.600000e+01 5.993647e+00
    endloop
  endfacet
  facet normal 7.735984e-01 0.000000e+00 6.336762e-01
    outer loop
      vertex   1.662987e+01 4.000000e+01 5.993647e+00
      vertex   1.662987e+01 3.600000e+01 5.993647e+00
      vertex   1.674356e+01 4.000000e+01 5.854856e+00
    endloop
  endfacet
  facet normal 7.735984e-01 0.000000e+00 6.336762e-01
    outer loop
      vertex   1.674356e+01 4.000000e+01 5.854856e+00
      vertex   1.662987e+01 3.600000e+01 5.993647e+00
      vertex   1.674356e+01 3.600000e+01 5.854856e+00
    endloop
  endfacet
  facet normal 7.025085e-01 0.000000e+00 7.116754e-01
    outer loop
      vertex   1.674356e+01 4.000000e+01 5.854856e+00
      vertex   1.674356e+01 3.600000e+01 5.854856e+00
      vertex   1.687124e+01 4.000000e+01 5.728819e+00
    endloop
  endfacet
  facet normal 7.025085e-01 0.000000e+00 7.116754e-01
    outer loop
      vertex   1.687124e+01 4.000000e+01 5.728819e+00
      vertex   1.674356e+01 3.600000e+01 5.854856e+00
      vertex   1.687124e+01 3.600000e+01 5.728819e+00
    endloop
  endfacet
  facet normal 6.235943e-01 0.000000e+00 7.817481e-01
    outer loop
      vertex   1.687124e+01 4.000000e+01 5.728819e+00
      vertex   1.687124e+01 3.600000e+01 5.728819e+00
      vertex   1.701149e+01 4.000000e+01 5.616940e+00
    endloop
  endfacet
  facet normal 6.235943e-01 0.000000e+00 7.817481e-01
    outer loop
      vertex   1.701149e+01 4.000000e+01 5.616940e+00
      vertex   1.687124e+01 3.600000e+01 5.728819e+00
      vertex   1.701149e+01 3.600000e+01 5.616940e+00
    endloop
  endfacet
  facet normal 5.377348e-01 0.000000e+00 8.431140e-01
    outer loop
      vertex   1.701149e+01 4.000000e+01 5.616940e+00
      vertex   1.701149e+01 3.600000e+01 5.616940e+00
      vertex   1.716276e+01 4.000000e+01 5.520466e+00
    endloop
  endfacet
  facet normal 5.377348e-01 0.000000e+00 8.431140e-01
    outer loop
      vertex   1.716276e+01 4.000000e+01 5.520466e+00
      vertex   1.701149e+01 3.600000e+01 5.616940e+00
      vertex   1.716276e+01 3.600000e+01 5.520466e+00
    endloop
  endfacet
  facet normal 4.458862e-01 0.000000e+00 8.950897e-01
    outer loop
      vertex   1.716276e+01 4.000000e+01 5.520466e+00
      vertex   1.716276e+01 3.600000e+01 5.520466e+00
      vertex   1.732334e+01 4.000000e+01 5.440470e+00
    endloop
  endfacet
  facet normal 4.458862e-01 0.000000e+00 8.950897e-01
    outer loop
      vertex   1.732334e+01 4.000000e+01 5.440470e+00
      vertex   1.716276e+01 3.600000e+01 5.520466e+00
      vertex   1.732334e+01 3.600000e+01 5.440470e+00
    endloop
  endfacet
  facet normal 3.490715e-01 0.000000e+00 9.370961e-01
    outer loop
      vertex   1.732334e+01 4.000000e+01 5.440470e+00
      vertex   1.732334e+01 3.600000e+01 5.440470e+00
      vertex   1.749147e+01 4.000000e+01 5.377843e+00
    endloop
  endfacet
  facet normal 3.490715e-01 -2.080771e-16 9.370961e-01
    outer loop
      vertex   1.749147e+01 4.000000e+01 5.377843e+00
      vertex   1.732334e+01 3.600000e+01 5.440470e+00
      vertex   1.749147e+01 3.600000e+01 5.377843e+00
    endloop
  endfacet
  facet normal 2.483689e-01 -2.150870e-16 9.686655e-01
    outer loop
      vertex   1.749147e+01 4.000000e+01 5.377843e+00
      vertex   1.749147e+01 3.600000e+01 5.377843e+00
      vertex   1.766526e+01 4.000000e+01 5.333283e+00
    endloop
  endfacet
  facet normal 2.483689e-01 0.000000e+00 9.686655e-01
    outer loop
      vertex   1.766526e+01 4.000000e+01 5.333283e+00
      vertex   1.749147e+01 3.600000e+01 5.377843e+00
      vertex   1.766526e+01 3.600000e+01 5.333283e+00
    endloop
  endfacet
  facet normal 1.449001e-01 0.000000e+00 9.894463e-01
    outer loop
      vertex   1.766526e+01 4.000000e+01 5.333283e+00
      vertex   1.766526e+01 3.600000e+01 5.333283e+00
      vertex   1.784277e+01 4.000000e+01 5.307287e+00
    endloop
  endfacet
  facet normal 1.449001e-01 0.000000e+00 9.894463e-01
    outer loop
      vertex   1.784277e+01 4.000000e+01 5.307287e+00
      vertex   1.766526e+01 3.600000e+01 5.333283e+00
      vertex   1.784277e+01 3.600000e+01 5.307287e+00
    endloop
  endfacet
  facet normal 3.981747e-02 0.000000e+00 9.992070e-01
    outer loop
      vertex   1.784277e+01 4.000000e+01 5.307287e+00
      vertex   1.784277e+01 3.600000e+01 5.307287e+00
      vertex   1.802204e+01 4.000000e+01 5.300143e+00
    endloop
  endfacet
  facet normal 3.981747e-02 0.000000e+00 9.992070e-01
    outer loop
      vertex   1.802204e+01 4.000000e+01 5.300143e+00
      vertex   1.784277e+01 3.600000e+01 5.307287e+00
      vertex   1.802204e+01 3.600000e+01 5.300143e+00
    endloop
  endfacet
  facet normal -6.570865e-02 0.000000e+00 9.978389e-01
    outer loop
      vertex   1.802204e+01 4.000000e+01 5.300143e+00
      vertex   1.802204e+01 3.600000e+01 5.300143e+00
      vertex   1.820106e+01 4.000000e+01 5.311932e+00
    endloop
  endfacet
  facet normal -6.570865e-02 0.000000e+00 9.978389e-01
    outer loop
      vertex   1.820106e+01 4.000000e+01 5.311932e+00
      vertex   1.802204e+01 3.600000e+01 5.300143e+00
      vertex   1.820106e+01 3.600000e+01 5.311932e+00
    endloop
  endfacet
  facet normal -1.705029e-01 0.000000e+00 9.853572e-01
    outer loop
      vertex   1.820106e+01 4.000000e+01 5.311932e+00
      vertex   1.820106e+01 3.600000e+01 5.311932e+00
      vertex   1.837784e+01 4.000000e+01 5.342522e+00
    endloop
  endfacet
  facet normal -1.705029e-01 0.000000e+00 9.853572e-01
    outer loop
      vertex   1.837784e+01 4.000000e+01 5.342522e+00
      vertex   1.820106e+01 3.600000e+01 5.311932e+00
      vertex   1.837784e+01 3.600000e+01 5.342522e+00
    endloop
  endfacet
  facet normal -2.733982e-01 0.000000e+00 9.619009e-01
    outer loop
      vertex   1.837784e+01 4.000000e+01 5.342522e+00
      vertex   1.837784e+01 3.600000e+01 5.342522e+00
      vertex   1.855042e+01 4.000000e+01 5.391572e+00
    endloop
  endfacet
  facet normal -2.733982e-01 0.000000e+00 9.619009e-01
    outer loop
      vertex   1.855042e+01 4.000000e+01 5.391572e+00
      vertex   1.837784e+01 3.600000e+01 5.342522e+00
      vertex   1.855042e+01 3.600000e+01 5.391572e+00
    endloop
  endfacet
  facet normal -3.732485e-01 0.000000e+00 9.277314e-01
    outer loop
      vertex   1.855042e+01 4.000000e+01 5.391572e+00
      vertex   1.855042e+01 3.600000e+01 5.391572e+00
      vertex   1.871686e+01 4.000000e+01 5.458536e+00
    endloop
  endfacet
  facet normal -3.732485e-01 0.000000e+00 9.277314e-01
    outer loop
      vertex   1.871686e+01 4.000000e+01 5.458536e+00
      vertex   1.855042e+01 3.600000e+01 5.391572e+00
      vertex   1.871686e+01 3.600000e+01 5.458536e+00
    endloop
  endfacet
  facet normal -4.689416e-01 0.000000e+00 8.832292e-01
    outer loop
      vertex   1.871686e+01 4.000000e+01 5.458536e+00
      vertex   1.871686e+01 3.600000e+01 5.458536e+00
      vertex   1.887532e+01 4.000000e+01 5.542669e+00
    endloop
  endfacet
  facet normal -4.689416e-01 0.000000e+00 8.832292e-01
    outer loop
      vertex   1.887532e+01 4.000000e+01 5.542669e+00
      vertex   1.871686e+01 3.600000e+01 5.458536e+00
      vertex   1.887532e+01 3.600000e+01 5.542669e+00
    endloop
  endfacet
  facet normal -5.594119e-01 0.000000e+00 8.288898e-01
    outer loop
      vertex   1.887532e+01 4.000000e+01 5.542669e+00
      vertex   1.887532e+01 3.600000e+01 5.542669e+00
      vertex   1.902403e+01 4.000000e+01 5.643032e+00
    endloop
  endfacet
  facet normal -5.594119e-01 1.840505e-16 8.288898e-01
    outer loop
      vertex   1.902403e+01 4.000000e+01 5.643032e+00
      vertex   1.887532e+01 3.600000e+01 5.542669e+00
      vertex   1.902403e+01 3.600000e+01 5.643032e+00
    endloop
  endfacet
  facet normal -6.436516e-01 1.699349e-16 7.653186e-01
    outer loop
      vertex   1.902403e+01 4.000000e+01 5.643032e+00
      vertex   1.902403e+01 3.600000e+01 5.643032e+00
      vertex   1.916134e+01 4.000000e+01 5.758510e+00
    endloop
  endfacet
  facet normal -6.436516e-01 0.000000e+00 7.653186e-01
    outer loop
      vertex   1.916134e+01 4.000000e+01 5.758510e+00
      vertex   1.902403e+01 3.600000e+01 5.643032e+00
      vertex   1.916134e+01 3.600000e+01 5.758510e+00
    endloop
  endfacet
  facet normal -7.207226e-01 0.000000e+00 6.932235e-01
    outer loop
      vertex   1.916134e+01 4.000000e+01 5.758510e+00
      vertex   1.916134e+01 3.600000e+01 5.758510e+00
      vertex   1.928571e+01 4.000000e+01 5.887814e+00
    endloop
  endfacet
  facet normal -7.207226e-01 0.000000e+00 6.932235e-01
    outer loop
      vertex   1.928571e+01 4.000000e+01 5.887814e+00
      vertex   1.916134e+01 3.600000e+01 5.758510e+00
      vertex   1.928571e+01 3.600000e+01 5.887814e+00
    endloop
  endfacet
  facet normal -7.897665e-01 0.000000e+00 6.134076e-01
    outer loop
      vertex   1.928571e+01 4.000000e+01 5.887814e+00
      vertex   1.928571e+01 3.600000e+01 5.887814e+00
      vertex   1.939576e+01 4.000000e+01 6.029506e+00
    endloop
  endfacet
  facet normal -7.897665e-01 2.724077e-16 6.134076e-01
    outer loop
      vertex   1.939576e+01 4.000000e+01 6.029506e+00
      vertex   1.928571e+01 3.600000e+01 5.887814e+00
      vertex   1.939576e+01 3.600000e+01 6.029506e+00
    endloop
  endfacet
  facet normal -8.500142e-01 2.339283e-16 5.267598e-01
    outer loop
      vertex   1.939576e+01 4.000000e+01 6.029506e+00
      vertex   1.939576e+01 3.600000e+01 6.029506e+00
      vertex   1.949026e+01 4.000000e+01 6.182006e+00
    endloop
  endfacet
  facet normal -8.500142e-01 2.339283e-16 5.267598e-01
    outer loop
      vertex   1.949026e+01 4.000000e+01 6.182006e+00
      vertex   1.939576e+01 3.600000e+01 6.029506e+00
      vertex   1.949026e+01 3.600000e+01 6.182006e+00
    endloop
  endfacet
  facet normal -9.007948e-01 1.928436e-16 4.342451e-01
    outer loop
      vertex   1.949026e+01 4.000000e+01 6.182006e+00
      vertex   1.949026e+01 3.600000e+01 6.182006e+00
      vertex   1.956817e+01 4.000000e+01 6.343617e+00
    endloop
  endfacet
  facet normal -9.007948e-01 9.642178e-17 4.342451e-01
    outer loop
      vertex   1.956817e+01 4.000000e+01 6.343617e+00
      vertex   1.949026e+01 3.600000e+01 6.182006e+00
      vertex   1.956817e+01 3.600000e+01 6.343617e+00
    endloop
  endfacet
  facet normal -9.415426e-01 7.480549e-17 3.368940e-01
    outer loop
      vertex   1.956817e+01 4.000000e+01 6.343617e+00
      vertex   1.956817e+01 3.600000e+01 6.343617e+00
      vertex   1.962861e+01 4.000000e+01 6.512539e+00
    endloop
  endfacet
  facet normal -9.415426e-01 0.000000e+00 3.368940e-01
    outer loop
      vertex   1.962861e+01 4.000000e+01 6.512539e+00
      vertex   1.956817e+01 3.600000e+01 6.343617e+00
      vertex   1.962861e+01 3.600000e+01 6.512539e+00
    endloop
  endfacet
  facet normal -9.718039e-01 0.000000e+00 2.357906e-01
    outer loop
      vertex   1.962861e+01 4.000000e+01 6.512539e+00
      vertex   1.962861e+01 3.600000e+01 6.512539e+00
      vertex   1.967092e+01 4.000000e+01 6.686890e+00
    endloop
  endfacet
  facet normal -9.718039e-01 0.000000e+00 2.357906e-01
    outer loop
      vertex   1.967092e+01 4.000000e+01 6.686890e+00
      vertex   1.962861e+01 3.600000e+01 6.512539e+00
      vertex   1.967092e+01 3.600000e+01 6.686890e+00
    endloop
  endfacet
  facet normal -9.912416e-01 0.000000e+00 1.320611e-01
    outer loop
      vertex   1.967092e+01 4.000000e+01 6.686890e+00
      vertex   1.967092e+01 3.600000e+01 6.686890e+00
      vertex   1.969461e+01 4.000000e+01 6.864728e+00
    endloop
  endfacet
  facet normal -9.912416e-01 0.000000e+00 1.320611e-01
    outer loop
      vertex   1.969461e+01 4.000000e+01 6.864728e+00
      vertex   1.967092e+01 3.600000e+01 6.686890e+00
      vertex   1.969461e+01 3.600000e+01 6.864728e+00
    endloop
  endfacet
  facet normal -9.996392e-01 0.000000e+00 2.686076e-02
    outer loop
      vertex   1.969461e+01 4.000000e+01 6.864728e+00
      vertex   1.969461e+01 3.600000e+01 6.864728e+00
      vertex   1.969943e+01 4.000000e+01 7.044073e+00
    endloop
  endfacet
  facet normal -9.996392e-01 5.964286e-18 2.686076e-02
    outer loop
      vertex   1.969943e+01 4.000000e+01 7.044073e+00
      vertex   1.969461e+01 3.600000e+01 6.864728e+00
      vertex   1.969943e+01 3.600000e+01 7.044073e+00
    endloop
  endfacet
  facet normal -9.969032e-01 -1.746131e-17 -7.863876e-02
    outer loop
      vertex   1.969943e+01 4.000000e+01 7.044073e+00
      vertex   1.969943e+01 3.600000e+01 7.044073e+00
      vertex   1.968532e+01 4.000000e+01 7.222927e+00
    endloop
  endfacet
  facet normal -9.969032e-01 -0.000000e+00 -7.863876e-02
    outer loop
      vertex   1.968532e+01 4.000000e+01 7.222927e+00
      vertex   1.969943e+01 3.600000e+01 7.044073e+00
      vertex   1.968532e+01 3.600000e+01 7.222927e+00
    endloop
  endfacet
  facet normal -9.830640e-01 -0.000000e+00 -1.832624e-01
    outer loop
      vertex   1.968532e+01 4.000000e+01 7.222927e+00
      vertex   1.968532e+01 3.600000e+01 7.222927e+00
      vertex   1.965244e+01 4.000000e+01 7.399298e+00
    endloop
  endfacet
  facet normal -9.830640e-01 -0.000000e+00 -1.832624e-01
    outer loop
      vertex   1.965244e+01 4.000000e+01 7.399298e+00
      vertex   1.968532e+01 3.600000e+01 7.222927e+00
      vertex   1.965244e+01 3.600000e+01 7.399298e+00
    endloop
  endfacet
  facet normal -9.582759e-01 -0.000000e+00 -2.858450e-01
    outer loop
      vertex   1.965244e+01 4.000000e+01 7.399298e+00
      vertex   1.965244e+01 3.600000e+01 7.399298e+00
      vertex   1.960116e+01 4.000000e+01 7.571221e+00
    endloop
  endfacet
  facet normal -9.582759e-01 -0.000000e+00 -2.858450e-01
    outer loop
      vertex   1.960116e+01 4.000000e+01 7.571221e+00
      vertex   1.965244e+01 3.600000e+01 7.399298e+00
      vertex   1.960116e+01 3.600000e+01 7.571221e+00
    endloop
  endfacet
  facet normal 0.000000e+00 0.000000e+00 1.000000e+00
    outer loop
      vertex   0.000000e+00 0.000000e+00 1.100000e+01
      vertex   4.896947e+00 0.000000e+00 1.100000e+01
      vertex   0.000000e+00 4.000000e+00 1.100000e+01
    endloop
  endfacet
  facet normal -0.000000e+00 0.000000e+00 1.000000e+00
    outer loop
      vertex   0.000000e+00 4.000000e+00 1.100000e+01
      vertex   4.896947e+00 0.000000e+00 1.100000e+01
      vertex   4.896947e+00 4.000000e+00 1.100000e+01
    endloop
  endfacet
  facet normal 0.000000e+00 0.000000e+00 1.000000e+00
    outer loop
      vertex   1.549158e+01 4.000000e+01 1.100000e+01
      vertex   8.508425e+00 4.000000e+01 1.100000e+01
      vertex   1.549158e+01 3.600000e+01 1.100000e+01
    endloop
  endfacet
  facet normal 0.000000e+00 0.000000e+00 1.000000e+00
    outer loop
      vertex   1.549158e+01 3.600000e+01 1.100000e+01
      vertex   8.508425e+00 4.000000e+01 1.100000e+01
      vertex   8.508425e+00 3.600000e+01 1.100000e+01
    endloop
  endfacet
  facet normal -0.000000e+00 6.490690e-01 7.607295e-01
    outer loop
      vertex   1.864575e+01 5.354249e+00 2.000000e+00
      vertex   2.500000e+01 5.354249e+00 2.000000e+00
      vertex   1.884546e+01 5.451215e+00 1.917267e+00
    endloop
  endfacet
  facet normal -4.550404e-04 6.321980e-01 7.748067e-01
    outer loop
      vertex   1.884546e+01 5.451215e+00 1.917267e+00
      vertex   2.500000e+01 5.354249e+00 2.000000e+00
      vertex   2.182288e+01 5.556878e+00 1.832800e+00
    endloop
  endfacet
  facet normal 2.359272e-05 6.240006e-01 7.814238e-01
    outer loop
      vertex   1.884546e+01 5.451215e+00 1.917267e+00
      vertex   2.182288e+01 5.556878e+00 1.832800e+00
      vertex   1.903579e+01 5.556877e+00 1.832885e+00
    endloop
  endfacet
  facet normal 2.422774e-05 5.971152e-01 8.021555e-01
    outer loop
      vertex   1.903579e+01 5.556877e+00 1.832885e+00
      vertex   2.182288e+01 5.556878e+00 1.832800e+00
      vertex   1.921562e+01 5.669680e+00 1.748910e+00
    endloop
  endfacet
  facet normal -8.229459e-04 5.844376e-01 8.114383e-01
    outer loop
      vertex   1.921562e+01 5.669680e+00 1.748910e+00
      vertex   2.182288e+01 5.556878e+00 1.832800e+00
      vertex   2.182288e+01 5.770144e+00 1.679196e+00
    endloop
  endfacet
  facet normal 1.799113e-04 5.669541e-01 8.237494e-01
    outer loop
      vertex   1.921562e+01 5.669680e+00 1.748910e+00
      vertex   2.182288e+01 5.770144e+00 1.679196e+00
      vertex   1.938750e+01 5.790841e+00 1.665482e+00
    endloop
  endfacet
  facet normal -2.095977e-04 5.350734e-01 8.448055e-01
    outer loop
      vertex   1.938750e+01 5.790841e+00 1.665482e+00
      vertex   2.182288e+01 5.770144e+00 1.679196e+00
      vertex   1.955686e+01 5.924442e+00 1.580906e+00
    endloop
  endfacet
  facet normal -7.035403e-04 5.298946e-01 8.480632e-01
    outer loop
      vertex   1.955686e+01 5.924442e+00 1.580906e+00
      vertex   2.182288e+01 5.770144e+00 1.679196e+00
      vertex   2.182288e+01 5.992985e+00 1.539958e+00
    endloop
  endfacet
  facet normal 5.225547e-04 5.000675e-01 8.659863e-01
    outer loop
      vertex   1.955686e+01 5.924442e+00 1.580906e+00
      vertex   2.182288e+01 5.992985e+00 1.539958e+00
      vertex   1.972226e+01 6.069976e+00 1.496767e+00
    endloop
  endfacet
  facet normal -7.842654e-04 4.728997e-01 8.811159e-01
    outer loop
      vertex   1.972226e+01 6.069976e+00 1.496767e+00
      vertex   2.182288e+01 5.992985e+00 1.539958e+00
      vertex   2.182288e+01 6.225881e+00 1.414961e+00
    endloop
  endfacet
  facet normal 1.193740e-04 4.633729e-01 8.861634e-01
    outer loop
      vertex   1.972226e+01 6.069976e+00 1.496767e+00
      vertex   2.182288e+01 6.225881e+00 1.414961e+00
      vertex   1.988211e+01 6.226826e+00 1.414729e+00
    endloop
  endfacet
  facet normal 9.743194e-05 4.231874e-01 9.060422e-01
    outer loop
      vertex   1.988211e+01 6.226826e+00 1.414729e+00
      vertex   2.182288e+01 6.225881e+00 1.414961e+00
      vertex   2.003480e+01 6.394378e+00 1.336453e+00
    endloop
  endfacet
  facet normal -9.509479e-04 4.140289e-01 9.102633e-01
    outer loop
      vertex   2.003480e+01 6.394378e+00 1.336453e+00
      vertex   2.182288e+01 6.225881e+00 1.414961e+00
      vertex   2.182288e+01 6.463652e+00 1.306812e+00
    endloop
  endfacet
  facet normal 6.615264e-04 3.789011e-01 9.254369e-01
    outer loop
      vertex   2.003480e+01 6.394378e+00 1.336453e+00
      vertex   2.182288e+01 6.463652e+00 1.306812e+00
      vertex   2.017877e+01 6.572018e+00 1.263619e+00
    endloop
  endfacet
  facet normal -1.271304e-03 3.535531e-01 9.354136e-01
    outer loop
      vertex   2.017877e+01 6.572018e+00 1.263619e+00
      vertex   2.182288e+01 6.463652e+00 1.306812e+00
      vertex   2.182288e+01 6.709447e+00 1.213911e+00
    endloop
  endfacet
  facet normal 7.955729e-04 3.317084e-01 9.433816e-01
    outer loop
      vertex   2.017877e+01 6.572018e+00 1.263619e+00
      vertex   2.182288e+01 6.709447e+00 1.213911e+00
      vertex   2.031275e+01 6.758838e+00 1.197817e+00
    endloop
  endfacet
  facet normal -6.645627e-04 2.913750e-01 9.566087e-01
    outer loop
      vertex   2.031275e+01 6.758838e+00 1.197817e+00
      vertex   2.182288e+01 6.709447e+00 1.213911e+00
      vertex   2.182288e+01 6.960810e+00 1.137347e+00
    endloop
  endfacet
  facet normal 3.091329e-04 2.846963e-01 9.586177e-01
    outer loop
      vertex   2.031275e+01 6.758838e+00 1.197817e+00
      vertex   2.182288e+01 6.960810e+00 1.137347e+00
      vertex   2.043598e+01 6.953281e+00 1.140031e+00
    endloop
  endfacet
  facet normal 5.951198e-04 2.366410e-01 9.715970e-01
    outer loop
      vertex   2.043598e+01 6.953281e+00 1.140031e+00
      vertex   2.182288e+01 6.960810e+00 1.137347e+00
      vertex   2.054776e+01 7.153717e+00 1.091144e+00
    endloop
  endfacet
  facet normal -7.966145e-04 2.279394e-01 9.736750e-01
    outer loop
      vertex   2.054776e+01 7.153717e+00 1.091144e+00
      vertex   2.182288e+01 6.960810e+00 1.137347e+00
      vertex   2.182288e+01 7.216658e+00 1.077453e+00
    endloop
  endfacet
  facet normal 1.321709e-03 1.869170e-01 9.823748e-01
    outer loop
      vertex   2.054776e+01 7.153717e+00 1.091144e+00
      vertex   2.182288e+01 7.216658e+00 1.077453e+00
      vertex   2.064739e+01 7.358516e+00 1.052043e+00
    endloop
  endfacet
  facet normal -1.591851e-03 1.635199e-01 9.865387e-01
    outer loop
      vertex   2.064739e+01 7.358516e+00 1.052043e+00
      vertex   2.182288e+01 7.216658e+00 1.077453e+00
      vertex   2.182288e+01 7.475887e+00 1.034486e+00
    endloop
  endfacet
  facet normal 1.300270e-03 1.351949e-01 9.908182e-01
    outer loop
      vertex   2.064739e+01 7.358516e+00 1.052043e+00
      vertex   2.182288e+01 7.475887e+00 1.034486e+00
      vertex   2.073413e+01 7.566047e+00 1.023612e+00
    endloop
  endfacet
  facet normal -1.790418e-03 9.839505e-02 9.951458e-01
    outer loop
      vertex   2.073413e+01 7.566047e+00 1.023612e+00
      vertex   2.182288e+01 7.475887e+00 1.034486e+00
      vertex   2.182288e+01 7.737377e+00 1.008631e+00
    endloop
  endfacet
  facet normal 8.747408e-04 8.159171e-02 9.966655e-01
    outer loop
      vertex   2.073413e+01 7.566047e+00 1.023612e+00
      vertex   2.182288e+01 7.737377e+00 1.008631e+00
      vertex   2.080896e+01 7.778658e+00 1.006141e+00
    endloop
  endfacet
  facet normal -1.309860e-03 2.811268e-02 9.996039e-01
    outer loop
      vertex   2.080896e+01 7.778658e+00 1.006141e+00
      vertex   2.182288e+01 7.737377e+00 1.008631e+00
      vertex   2.087298e+01 8.000000e+00 1.000000e+00
    endloop
  endfacet
  facet normal -1.075473e-16 3.284565e-02 9.994604e-01
    outer loop
      vertex   2.087298e+01 8.000000e+00 1.000000e+00
      vertex   2.182288e+01 7.737377e+00 1.008631e+00
      vertex   2.500000e+01 8.000000e+00 1.000000e+00
    endloop
  endfacet
  facet normal -1.870126e-17 3.284565e-02 9.994604e-01
    outer loop
      vertex   2.500000e+01 8.000000e+00 1.000000e+00
      vertex   2.182288e+01 7.737377e+00 1.008631e+00
      vertex   2.500000e+01 7.737377e+00 1.008631e+00
    endloop
  endfacet
  facet normal -5.501359e-17 9.839520e-02 9.951474e-01
    outer loop
      vertex   2.500000e+01 7.737377e+00 1.008631e+00
      vertex   2.182288e+01 7.737377e+00 1.008631e+00
      vertex   2.500000e+01 7.475887e+00 1.034486e+00
    endloop
  endfacet
  facet normal 0.000000e+00 9.839520e-02 9.951474e-01
    outer loop
      vertex   2.500000e+01 7.475887e+00 1.034486e+00
      vertex   2.182288e+01 7.737377e+00 1.008631e+00
      vertex   2.182288e+01 7.475887e+00 1.034486e+00
    endloop
  endfacet
  facet normal 0.000000e+00 1.635201e-01 9.865400e-01
    outer loop
      vertex   2.500000e+01 7.475887e+00 1.034486e+00
      vertex   2.182288e+01 7.475887e+00 1.034486e+00
      vertex   2.500000e+01 7.216658e+00 1.077453e+00
    endloop
  endfacet
  facet normal 0.000000e+00 1.635201e-01 9.865400e-01
    outer loop
      vertex   2.500000e+01 7.216658e+00 1.077453e+00
      vertex   2.182288e+01 7.475887e+00 1.034486e+00
      vertex   2.182288e+01 7.216658e+00 1.077453e+00
    endloop
  endfacet
  facet normal 0.000000e+00 2.279395e-01 9.736753e-01
    outer loop
      vertex   2.500000e+01 7.216658e+00 1.077453e+00
      vertex   2.182288e+01 7.216658e+00 1.077453e+00
      vertex   2.500000e+01 6.960810e+00 1.137347e+00
    endloop
  endfacet
  facet normal 0.000000e+00 2.279395e-01 9.736753e-01
    outer loop
      vertex   2.500000e+01 6.960810e+00 1.137347e+00
      vertex   2.182288e+01 7.216658e+00 1.077453e+00
      vertex   2.182288e+01 6.960810e+00 1.137347e+00
    endloop
  endfacet
  facet normal 0.000000e+00 2.913751e-01 9.566089e-01
    outer loop
      vertex   2.500000e+01 6.960810e+00 1.137347e+00
      vertex   2.182288e+01 6.960810e+00 1.137347e+00
      vertex   2.500000e+01 6.709447e+00 1.213911e+00
    endloop
  endfacet
  facet normal 0.000000e+00 2.913751e-01 9.566089e-01
    outer loop
      vertex   2.500000e+01 6.709447e+00 1.213911e+00
      vertex   2.182288e+01 6.960810e+00 1.137347e+00
      vertex   2.182288e+01 6.709447e+00 1.213911e+00
    endloop
  endfacet
  facet normal 0.000000e+00 3.535534e-01 9.354143e-01
    outer loop
      vertex   2.500000e+01 6.709447e+00 1.213911e+00
      vertex   2.182288e+01 6.709447e+00 1.213911e+00
      vertex   2.500000e+01 6.463652e+00 1.306812e+00
    endloop
  endfacet
  facet normal 0.000000e+00 3.535534e-01 9.354143e-01
    outer loop
      vertex   2.500000e+01 6.463652e+00 1.306812e+00
      vertex   2.182288e+01 6.709447e+00 1.213911e+00
      vertex   2.182288e+01 6.463652e+00 1.306812e+00
    endloop
  endfacet
  facet normal 0.000000e+00 4.140290e-01 9.102637e-01
    outer loop
      vertex   2.500000e+01 6.463652e+00 1.306812e+00
      vertex   2.182288e+01 6.463652e+00 1.306812e+00
      vertex   2.182288e+01 6.225881e+00 1.414961e+00
    endloop
  endfacet
  facet normal -6.143649e-07 6.364467e-01 7.713207e-01
    outer loop
      vertex   2.500000e+01 5.354249e+00 2.000000e+00
      vertex   2.500000e+01 5.556925e+00 1.832764e+00
      vertex   2.182288e+01 5.556878e+00 1.832800e+00
    endloop
  endfacet
  facet normal 6.145039e-07 5.844378e-01 8.114385e-01
    outer loop
      vertex   2.182288e+01 5.556878e+00 1.832800e+00
      vertex   2.500000e+01 5.556925e+00 1.832764e+00
      vertex   2.182288e+01 5.770144e+00 1.679196e+00
    endloop
  endfacet
  facet normal 1.163634e-16 5.844317e-01 8.114429e-01
    outer loop
      vertex   2.500000e+01 5.556925e+00 1.832764e+00
      vertex   2.500000e+01 5.770144e+00 1.679196e+00
      vertex   2.182288e+01 5.770144e+00 1.679196e+00
    endloop
  endfacet
  facet normal 1.185399e-16 5.298948e-01 8.480634e-01
    outer loop
      vertex   2.182288e+01 5.770144e+00 1.679196e+00
      vertex   2.500000e+01 5.770144e+00 1.679196e+00
      vertex   2.182288e+01 5.992985e+00 1.539958e+00
    endloop
  endfacet
  facet normal 1.787009e-16 5.298948e-01 8.480634e-01
    outer loop
      vertex   2.500000e+01 5.770144e+00 1.679196e+00
      vertex   2.500000e+01 5.992985e+00 1.539958e+00
      vertex   2.182288e+01 5.992985e+00 1.539958e+00
    endloop
  endfacet
  facet normal 1.847205e-16 4.730711e-01 8.810243e-01
    outer loop
      vertex   2.182288e+01 5.992985e+00 1.539958e+00
      vertex   2.500000e+01 5.992985e+00 1.539958e+00
      vertex   2.500000e+01 6.224488e+00 1.415651e+00
    endloop
  endfacet
  facet normal 1.607536e-05 4.728998e-01 8.811162e-01
    outer loop
      vertex   2.182288e+01 5.992985e+00 1.539958e+00
      vertex   2.500000e+01 6.224488e+00 1.415651e+00
      vertex   2.182288e+01 6.225881e+00 1.414961e+00
    endloop
  endfacet
  facet normal -1.598028e-05 4.142060e-01 9.101832e-01
    outer loop
      vertex   2.182288e+01 6.225881e+00 1.414961e+00
      vertex   2.500000e+01 6.224488e+00 1.415651e+00
      vertex   2.500000e+01 6.463652e+00 1.306812e+00
    endloop
  endfacet
  facet normal 0.000000e+00 1.000000e+00 -0.000000e+00
    outer loop
      vertex   1.965244e+01 4.000000e+00 7.399298e+00
      vertex   1.960116e+01 4.000000e+00 7.571221e+00
      vertex   2.500000e+01 4.000000e+00 1.100000e+01
    endloop
  endfacet
  facet normal 0.000000e+00 1.000000e+00 0.000000e+00
    outer loop
      vertex   2.500000e+01 4.000000e+00 1.100000e+01
      vertex   1.960116e+01 4.000000e+00 7.571221e+00
      vertex   1.957114e+01 4.000000e+00 8.068650e+00
    endloop
  endfacet
  facet normal 0.000000e+00 1.000000e+00 0.000000e+00
    outer loop
      vertex   2.500000e+01 4.000000e+00 1.100000e+01
      vertex   1.957114e+01 4.000000e+00 8.068650e+00
      vertex   1.952293e+01 4.000000e+00 8.564646e+00
    endloop
  endfacet
  facet normal 0.000000e+00 1.000000e+00 -0.000000e+00
    outer loop
      vertex   1.952293e+01 4.000000e+00 8.564646e+00
      vertex   1.945660e+01 4.000000e+00 9.058545e+00
      vertex   2.500000e+01 4.000000e+00 1.100000e+01
    endloop
  endfacet
  facet normal 0.000000e+00 1.000000e+00 0.000000e+00
    outer loop
      vertex   2.500000e+01 4.000000e+00 1.100000e+01
      vertex   1.945660e+01 4.000000e+00 9.058545e+00
      vertex   1.937224e+01 4.000000e+00 9.549686e+00
    endloop
  endfacet
  facet normal 0.000000e+00 1.000000e+00 0.000000e+00
    outer loop
      vertex   2.500000e+01 4.000000e+00 1.100000e+01
      vertex   1.937224e+01 4.000000e+00 9.549686e+00
      vertex   1.926996e+01 4.000000e+00 1.003741e+01
    endloop
  endfacet
  facet normal 0.000000e+00 1.000000e+00 -0.000000e+00
    outer loop
      vertex   1.926996e+01 4.000000e+00 1.003741e+01
      vertex   1.914990e+01 4.000000e+00 1.052106e+01
      vertex   2.500000e+01 4.000000e+00 1.100000e+01
    endloop
  endfacet
  facet normal 0.000000e+00 1.000000e+00 0.000000e+00
    outer loop
      vertex   2.500000e+01 4.000000e+00 1.100000e+01
      vertex   1.914990e+01 4.000000e+00 1.052106e+01
      vertex   1.901222e+01 4.000000e+00 1.100000e+01
    endloop
  endfacet
  facet normal 4.142913e-17 1.000000e+00 -5.551115e-17
    outer loop
      vertex   2.500000e+01 4.000000e+00 3.000000e+00
      vertex   1.969943e+01 4.000000e+00 7.044073e+00
      vertex   2.500000e+01 4.000000e+00 1.100000e+01
    endloop
  endfacet
  facet normal 0.000000e+00 1.000000e+00 0.000000e+00
    outer loop
      vertex   2.500000e+01 4.000000e+00 1.100000e+01
      vertex   1.969943e+01 4.000000e+00 7.044073e+00
      vertex   1.968532e+01 4.000000e+00 7.222927e+00
    endloop
  endfacet
  facet normal 0.000000e+00 1.000000e+00 0.000000e+00
    outer loop
      vertex   2.500000e+01 4.000000e+00 1.100000e+01
      vertex   1.968532e+01 4.000000e+00 7.222927e+00
      vertex   1.965244e+01 4.000000e+00 7.399298e+00
    endloop
  endfacet
  facet normal 0.000000e+00 1.000000e+00 -1.924725e-16
    outer loop
      vertex   0.000000e+00 4.000000e+00 3.000000e+00
      vertex   1.784277e+01 4.000000e+00 5.307287e+00
      vertex   2.500000e+01 4.000000e+00 3.000000e+00
    endloop
  endfacet
  facet normal -8.751663e-18 1.000000e+00 -2.196203e-16
    outer loop
      vertex   2.500000e+01 4.000000e+00 3.000000e+00
      vertex   1.784277e+01 4.000000e+00 5.307287e+00
      vertex   1.802204e+01 4.000000e+00 5.300143e+00
    endloop
  endfacet
  facet normal 1.059689e-17 1.000000e+00 -1.609224e-16
    outer loop
      vertex   2.500000e+01 4.000000e+00 3.000000e+00
      vertex   1.802204e+01 4.000000e+00 5.300143e+00
      vertex   1.820106e+01 4.000000e+00 5.311932e+00
    endloop
  endfacet
  facet normal -1.347588e-08 1.000000e+00 0.000000e+00
    outer loop
      vertex   0.000000e+00 4.000000e+00 1.100000e+01
      vertex   4.423061e+00 4.000000e+00 7.463746e+00
      vertex   0.000000e+00 4.000000e+00 3.000000e+00
    endloop
  endfacet
  facet normal -9.658841e-09 1.000000e+00 -3.782250e-09
    outer loop
      vertex   0.000000e+00 4.000000e+00 3.000000e+00
      vertex   4.423061e+00 4.000000e+00 7.463746e+00
      vertex   4.489332e+00 4.000000e+00 7.294508e+00
    endloop
  endfacet
  facet normal -8.863965e-09 1.000000e+00 -4.613186e-09
    outer loop
      vertex   0.000000e+00 4.000000e+00 3.000000e+00
      vertex   4.489332e+00 4.000000e+00 7.294508e+00
      vertex   4.573240e+00 4.000000e+00 7.133284e+00
    endloop
  endfacet
  facet normal -9.068696e-17 1.000000e+00 2.585021e-17
    outer loop
      vertex   4.896947e+00 4.000000e+00 1.100000e+01
      vertex   4.757229e+00 4.000000e+00 1.050985e+01
      vertex   0.000000e+00 4.000000e+00 1.100000e+01
    endloop
  endfacet
  facet normal -9.104989e-17 1.000000e+00 2.232771e-17
    outer loop
      vertex   0.000000e+00 4.000000e+00 1.100000e+01
      vertex   4.757229e+00 4.000000e+00 1.050985e+01
      vertex   4.635841e+00 4.000000e+00 1.001484e+01
    endloop
  endfacet
  facet normal -9.177475e-17 1.000000e+00 1.891675e-17
    outer loop
      vertex   0.000000e+00 4.000000e+00 1.100000e+01
      vertex   4.635841e+00 4.000000e+00 1.001484e+01
      vertex   4.532948e+00 4.000000e+00 9.515654e+00
    endloop
  endfacet
  facet normal -9.287179e-17 1.000000e+00 1.556657e-17
    outer loop
      vertex   4.532948e+00 4.000000e+00 9.515654e+00
      vertex   4.448695e+00 4.000000e+00 9.012989e+00
      vertex   0.000000e+00 4.000000e+00 1.100000e+01
    endloop
  endfacet
  facet normal -9.436304e-17 1.000000e+00 1.222785e-17
    outer loop
      vertex   0.000000e+00 4.000000e+00 1.100000e+01
      vertex   4.448695e+00 4.000000e+00 9.012989e+00
      vertex   4.383197e+00 4.000000e+00 8.507538e+00
    endloop
  endfacet
  facet normal -9.628372e-17 1.000000e+00 8.850174e-18
    outer loop
      vertex   0.000000e+00 4.000000e+00 1.100000e+01
      vertex   4.383197e+00 4.000000e+00 8.507538e+00
      vertex   4.336545e+00 4.000000e+00 8.000000e+00
    endloop
  endfacet
  facet normal 2.359043e-07 1.000000e+00 3.410033e-07
    outer loop
      vertex   4.336545e+00 4.000000e+00 8.000000e+00
      vertex   4.346231e+00 4.000000e+00 7.818507e+00
      vertex   0.000000e+00 4.000000e+00 1.100000e+01
    endloop
  endfacet
  facet normal -1.555060e-08 1.000000e+00 -2.508844e-09
    outer loop
      vertex   0.000000e+00 4.000000e+00 1.100000e+01
      vertex   4.346231e+00 4.000000e+00 7.818507e+00
      vertex   4.375180e+00 4.000000e+00 7.639076e+00
    endloop
  endfacet
  facet normal -1.724007e-08 1.000000e+00 -4.708156e-09
    outer loop
      vertex   0.000000e+00 4.000000e+00 1.100000e+01
      vertex   4.375180e+00 4.000000e+00 7.639076e+00
      vertex   4.423061e+00 4.000000e+00 7.463746e+00
    endloop
  endfacet
  facet normal -8.142900e-09 1.000000e+00 -5.411002e-09
    outer loop
      vertex   4.573240e+00 4.000000e+00 7.133284e+00
      vertex   4.673831e+00 4.000000e+00 6.981907e+00
      vertex   0.000000e+00 4.000000e+00 3.000000e+00
    endloop
  endfacet
  facet normal -7.468007e-09 1.000000e+00 -6.203169e-09
    outer loop
      vertex   0.000000e+00 4.000000e+00 3.000000e+00
      vertex   4.673831e+00 4.000000e+00 6.981907e+00
      vertex   4.789962e+00 4.000000e+00 6.842097e+00
    endloop
  endfacet
  facet normal -6.816488e-09 1.000000e+00 -7.015422e-09
    outer loop
      vertex   0.000000e+00 4.000000e+00 3.000000e+00
      vertex   4.789962e+00 4.000000e+00 6.842097e+00
      vertex   4.920314e+00 4.000000e+00 6.715441e+00
    endloop
  endfacet
  facet normal -6.167341e-09 1.000000e+00 -7.875079e-09
    outer loop
      vertex   4.920314e+00 4.000000e+00 6.715441e+00
      vertex   5.063407e+00 4.000000e+00 6.603378e+00
      vertex   0.000000e+00 4.000000e+00 3.000000e+00
    endloop
  endfacet
  facet normal -5.498675e-09 1.000000e+00 -8.814678e-09
    outer loop
      vertex   0.000000e+00 4.000000e+00 3.000000e+00
      vertex   5.063407e+00 4.000000e+00 6.603378e+00
      vertex   5.217614e+00 4.000000e+00 6.507183e+00
    endloop
  endfacet
  facet normal -4.784603e-09 1.000000e+00 -9.876998e-09
    outer loop
      vertex   0.000000e+00 4.000000e+00 3.000000e+00
      vertex   5.217614e+00 4.000000e+00 6.507183e+00
      vertex   5.381184e+00 4.000000e+00 6.427946e+00
    endloop
  endfacet
  facet normal -3.990708e-09 1.000000e+00 -1.112325e-08
    outer loop
      vertex   5.381184e+00 4.000000e+00 6.427946e+00
      vertex   5.552258e+00 4.000000e+00 6.366570e+00
      vertex   0.000000e+00 4.000000e+00 3.000000e+00
    endloop
  endfacet
  facet normal -3.066132e-09 1.000000e+00 -1.264809e-08
    outer loop
      vertex   0.000000e+00 4.000000e+00 3.000000e+00
      vertex   5.552258e+00 4.000000e+00 6.366570e+00
      vertex   5.728893e+00 4.000000e+00 6.323750e+00
    endloop
  endfacet
  facet normal -1.927822e-09 1.000000e+00 -1.461011e-08
    outer loop
      vertex   0.000000e+00 4.000000e+00 3.000000e+00
      vertex   5.728893e+00 4.000000e+00 6.323750e+00
      vertex   5.909082e+00 4.000000e+00 6.299974e+00
    endloop
  endfacet
  facet normal -4.249353e-10 1.000000e+00 -1.730125e-08
    outer loop
      vertex   5.909082e+00 4.000000e+00 6.299974e+00
      vertex   6.090778e+00 4.000000e+00 6.295511e+00
      vertex   0.000000e+00 4.000000e+00 3.000000e+00
    endloop
  endfacet
  facet normal 1.754709e-09 1.000000e+00 -2.132968e-08
    outer loop
      vertex   0.000000e+00 4.000000e+00 3.000000e+00
      vertex   6.090778e+00 4.000000e+00 6.295511e+00
      vertex   6.271918e+00 4.000000e+00 6.310413e+00
    endloop
  endfacet
  facet normal 3.460035e-09 1.000000e+00 -2.456059e-08
    outer loop
      vertex   0.000000e+00 4.000000e+00 3.000000e+00
      vertex   6.271918e+00 4.000000e+00 6.310413e+00
      vertex   1.732334e+01 4.000000e+00 5.440470e+00
    endloop
  endfacet
  facet normal 6.405611e-09 1.000000e+00 1.285888e-08
    outer loop
      vertex   1.732334e+01 4.000000e+00 5.440470e+00
      vertex   6.271918e+00 4.000000e+00 6.310413e+00
      vertex   1.716276e+01 4.000000e+00 5.520466e+00
    endloop
  endfacet
  facet normal 3.966536e-09 1.000000e+00 -2.076815e-08
    outer loop
      vertex   1.716276e+01 4.000000e+00 5.520466e+00
      vertex   6.271918e+00 4.000000e+00 6.310413e+00
      vertex   6.450442e+00 4.000000e+00 6.344509e+00
    endloop
  endfacet
  facet normal 6.327258e-09 1.000000e+00 9.920503e-09
    outer loop
      vertex   1.716276e+01 4.000000e+00 5.520466e+00
      vertex   6.450442e+00 4.000000e+00 6.344509e+00
      vertex   1.701149e+01 4.000000e+00 5.616940e+00
    endloop
  endfacet
  facet normal 4.601835e-09 1.000000e+00 -1.512493e-08
    outer loop
      vertex   1.701149e+01 4.000000e+00 5.616940e+00
      vertex   6.450442e+00 4.000000e+00 6.344509e+00
      vertex   6.624323e+00 4.000000e+00 6.397414e+00
    endloop
  endfacet
  facet normal 6.335018e-09 1.000000e+00 7.941683e-09
    outer loop
      vertex   1.701149e+01 4.000000e+00 5.616940e+00
      vertex   6.624323e+00 4.000000e+00 6.397414e+00
      vertex   1.687124e+01 4.000000e+00 5.728819e+00
    endloop
  endfacet
  facet normal 6.228542e-09 1.000000e+00 6.309817e-09
    outer loop
      vertex   1.687124e+01 4.000000e+00 5.728819e+00
      vertex   6.624323e+00 4.000000e+00 6.397414e+00
      vertex   1.674356e+01 4.000000e+00 5.854856e+00
    endloop
  endfacet
  facet normal 5.230584e-09 1.000000e+00 -1.230307e-08
    outer loop
      vertex   1.674356e+01 4.000000e+00 5.854856e+00
      vertex   6.624323e+00 4.000000e+00 6.397414e+00
      vertex   6.791585e+00 4.000000e+00 6.468524e+00
    endloop
  endfacet
  facet normal 6.307837e-09 1.000000e+00 5.166927e-09
    outer loop
      vertex   1.674356e+01 4.000000e+00 5.854856e+00
      vertex   6.791585e+00 4.000000e+00 6.468524e+00
      vertex   1.662987e+01 4.000000e+00 5.993647e+00
    endloop
  endfacet
  facet normal 5.575744e-09 1.000000e+00 -1.000023e-08
    outer loop
      vertex   1.662987e+01 4.000000e+00 5.993647e+00
      vertex   6.791585e+00 4.000000e+00 6.468524e+00
      vertex   6.950329e+00 4.000000e+00 6.557034e+00
    endloop
  endfacet
  facet normal 6.402317e-09 1.000000e+00 4.201115e-09
    outer loop
      vertex   1.662987e+01 4.000000e+00 5.993647e+00
      vertex   6.950329e+00 4.000000e+00 6.557034e+00
      vertex   1.653144e+01 4.000000e+00 6.143646e+00
    endloop
  endfacet
  facet normal 5.863138e-09 1.000000e+00 -8.295463e-09
    outer loop
      vertex   1.653144e+01 4.000000e+00 6.143646e+00
      vertex   6.950329e+00 4.000000e+00 6.557034e+00
      vertex   7.098750e+00 4.000000e+00 6.661936e+00
    endloop
  endfacet
  facet normal 6.502750e-09 1.000000e+00 3.345236e-09
    outer loop
      vertex   1.653144e+01 4.000000e+00 6.143646e+00
      vertex   7.098750e+00 4.000000e+00 6.661936e+00
      vertex   1.644937e+01 4.000000e+00 6.303183e+00
    endloop
  endfacet
  facet normal 6.108228e-09 1.000000e+00 -6.937671e-09
    outer loop
      vertex   1.644937e+01 4.000000e+00 6.303183e+00
      vertex   7.098750e+00 4.000000e+00 6.661936e+00
      vertex   7.235163e+00 4.000000e+00 6.782040e+00
    endloop
  endfacet
  facet normal 6.601665e-09 1.000000e+00 2.557081e-09
    outer loop
      vertex   1.644937e+01 4.000000e+00 6.303183e+00
      vertex   7.235163e+00 4.000000e+00 6.782040e+00
      vertex   1.638457e+01 4.000000e+00 6.470481e+00
    endloop
  endfacet
  facet normal 6.575102e-09 1.000000e+00 1.777029e-09
    outer loop
      vertex   1.638457e+01 4.000000e+00 6.470481e+00
      vertex   7.235163e+00 4.000000e+00 6.782040e+00
      vertex   1.633776e+01 4.000000e+00 6.643676e+00
    endloop
  endfacet
  facet normal 6.458050e-09 1.000000e+00 -5.923529e-09
    outer loop
      vertex   1.633776e+01 4.000000e+00 6.643676e+00
      vertex   7.235163e+00 4.000000e+00 6.782040e+00
      vertex   7.358018e+00 4.000000e+00 6.915981e+00
    endloop
  endfacet
  facet normal 6.492429e-09 1.000000e+00 -4.789811e-09
    outer loop
      vertex   1.633776e+01 4.000000e+00 6.643676e+00
      vertex   7.358018e+00 4.000000e+00 6.915981e+00
      vertex   7.465919e+00 4.000000e+00 7.062237e+00
    endloop
  endfacet
  facet normal 6.769414e-09 1.000000e+00 1.081168e-09
    outer loop
      vertex   1.633776e+01 4.000000e+00 6.643676e+00
      vertex   7.465919e+00 4.000000e+00 7.062237e+00
      vertex   1.630947e+01 4.000000e+00 6.820841e+00
    endloop
  endfacet
  facet normal 6.634049e-09 1.000000e+00 -3.877915e-09
    outer loop
      vertex   1.630947e+01 4.000000e+00 6.820841e+00
      vertex   7.465919e+00 4.000000e+00 7.062237e+00
      vertex   7.557640e+00 4.000000e+00 7.219147e+00
    endloop
  endfacet
  facet normal 6.826955e-09 1.000000e+00 3.607439e-10
    outer loop
      vertex   1.630947e+01 4.000000e+00 6.820841e+00
      vertex   7.557640e+00 4.000000e+00 7.219147e+00
      vertex   1.630000e+01 4.000000e+00 7.000000e+00
    endloop
  endfacet
  facet normal 6.741965e-09 1.000000e+00 -3.029739e-09
    outer loop
      vertex   1.630000e+01 4.000000e+00 7.000000e+00
      vertex   7.557640e+00 4.000000e+00 7.219147e+00
      vertex   7.632140e+00 4.000000e+00 7.384928e+00
    endloop
  endfacet
  facet normal 6.882608e-09 1.000000e+00 1.372711e-10
    outer loop
      vertex   1.630000e+01 4.000000e+00 7.000000e+00
      vertex   7.632140e+00 4.000000e+00 7.384928e+00
      vertex   1.629181e+01 4.000000e+00 7.410696e+00
    endloop
  endfacet
  facet normal 6.889713e-09 1.000000e+00 -2.250385e-09
    outer loop
      vertex   1.629181e+01 4.000000e+00 7.410696e+00
      vertex   7.632140e+00 4.000000e+00 7.384928e+00
      vertex   7.688571e+00 4.000000e+00 7.557696e+00
    endloop
  endfacet
  facet normal 1.261067e-08 1.000000e+00 3.325710e-07
    outer loop
      vertex   1.629181e+01 4.000000e+00 7.410696e+00
      vertex   7.688571e+00 4.000000e+00 7.557696e+00
      vertex   7.726293e+00 4.000000e+00 7.735490e+00
    endloop
  endfacet
  facet normal 0.000000e+00 1.000000e+00 0.000000e+00
    outer loop
      vertex   1.629181e+01 4.000000e+00 7.410696e+00
      vertex   7.726293e+00 4.000000e+00 7.735490e+00
      vertex   1.626725e+01 4.000000e+00 7.820739e+00
    endloop
  endfacet
  facet normal 0.000000e+00 1.000000e+00 0.000000e+00
    outer loop
      vertex   1.626725e+01 4.000000e+00 7.820739e+00
      vertex   7.726293e+00 4.000000e+00 7.735490e+00
      vertex   7.764983e+00 4.000000e+00 8.155173e+00
    endloop
  endfacet
  facet normal 0.000000e+00 1.000000e+00 0.000000e+00
    outer loop
      vertex   1.626725e+01 4.000000e+00 7.820739e+00
      vertex   7.764983e+00 4.000000e+00 8.155173e+00
      vertex   1.622636e+01 4.000000e+00 8.229477e+00
    endloop
  endfacet
  facet normal 0.000000e+00 1.000000e+00 0.000000e+00
    outer loop
      vertex   1.622636e+01 4.000000e+00 8.229477e+00
      vertex   7.764983e+00 4.000000e+00 8.155173e+00
      vertex   7.820810e+00 4.000000e+00 8.572921e+00
    endloop
  endfacet
  facet normal 0.000000e+00 1.000000e+00 0.000000e+00
    outer loop
      vertex   1.622636e+01 4.000000e+00 8.229477e+00
      vertex   7.820810e+00 4.000000e+00 8.572921e+00
      vertex   1.616920e+01 4.000000e+00 8.636259e+00
    endloop
  endfacet
  facet normal 0.000000e+00 1.000000e+00 0.000000e+00
    outer loop
      vertex   1.616920e+01 4.000000e+00 8.636259e+00
      vertex   7.820810e+00 4.000000e+00 8.572921e+00
      vertex   7.893680e+00 4.000000e+00 8.988036e+00
    endloop
  endfacet
  facet normal 0.000000e+00 1.000000e+00 0.000000e+00
    outer loop
      vertex   1.616920e+01 4.000000e+00 8.636259e+00
      vertex   7.893680e+00 4.000000e+00 8.988036e+00
      vertex   1.609587e+01 4.000000e+00 9.040438e+00
    endloop
  endfacet
  facet normal 0.000000e+00 1.000000e+00 0.000000e+00
    outer loop
      vertex   1.609587e+01 4.000000e+00 9.040438e+00
      vertex   7.893680e+00 4.000000e+00 8.988036e+00
      vertex   7.983471e+00 4.000000e+00 9.399823e+00
    endloop
  endfacet
  facet normal 0.000000e+00 1.000000e+00 0.000000e+00
    outer loop
      vertex   1.609587e+01 4.000000e+00 9.040438e+00
      vertex   7.983471e+00 4.000000e+00 9.399823e+00
      vertex   1.600648e+01 4.000000e+00 9.441372e+00
    endloop
  endfacet
  facet normal 0.000000e+00 1.000000e+00 0.000000e+00
    outer loop
      vertex   1.600648e+01 4.000000e+00 9.441372e+00
      vertex   7.983471e+00 4.000000e+00 9.399823e+00
      vertex   8.090034e+00 4.000000e+00 9.807591e+00
    endloop
  endfacet
  facet normal 0.000000e+00 1.000000e+00 0.000000e+00
    outer loop
      vertex   1.600648e+01 4.000000e+00 9.441372e+00
      vertex   8.090034e+00 4.000000e+00 9.807591e+00
      vertex   1.590118e+01 4.000000e+00 9.838423e+00
    endloop
  endfacet
  facet normal 0.000000e+00 1.000000e+00 0.000000e+00
    outer loop
      vertex   1.590118e+01 4.000000e+00 9.838423e+00
      vertex   8.090034e+00 4.000000e+00 9.807591e+00
      vertex   8.213189e+00 4.000000e+00 1.021066e+01
    endloop
  endfacet
  facet normal 0.000000e+00 1.000000e+00 0.000000e+00
    outer loop
      vertex   1.590118e+01 4.000000e+00 9.838423e+00
      vertex   8.213189e+00 4.000000e+00 1.021066e+01
      vertex   1.578013e+01 4.000000e+00 1.023096e+01
    endloop
  endfacet
  facet normal 0.000000e+00 1.000000e+00 0.000000e+00
    outer loop
      vertex   1.578013e+01 4.000000e+00 1.023096e+01
      vertex   8.213189e+00 4.000000e+00 1.021066e+01
      vertex   8.352730e+00 4.000000e+00 1.060835e+01
    endloop
  endfacet
  facet normal 0.000000e+00 1.000000e+00 0.000000e+00
    outer loop
      vertex   1.578013e+01 4.000000e+00 1.023096e+01
      vertex   8.352730e+00 4.000000e+00 1.060835e+01
      vertex   1.564352e+01 4.000000e+00 1.061836e+01
    endloop
  endfacet
  facet normal 0.000000e+00 1.000000e+00 0.000000e+00
    outer loop
      vertex   1.564352e+01 4.000000e+00 1.061836e+01
      vertex   8.352730e+00 4.000000e+00 1.060835e+01
      vertex   1.549158e+01 4.000000e+00 1.100000e+01
    endloop
  endfacet
  facet normal 0.000000e+00 1.000000e+00 0.000000e+00
    outer loop
      vertex   1.549158e+01 4.000000e+00 1.100000e+01
      vertex   8.352730e+00 4.000000e+00 1.060835e+01
      vertex   8.508425e+00 4.000000e+00 1.100000e+01
    endloop
  endfacet
  facet normal -1.860069e-17 1.000000e+00 -4.993428e-17
    outer loop
      vertex   1.732334e+01 4.000000e+00 5.440470e+00
      vertex   1.749147e+01 4.000000e+00 5.377843e+00
      vertex   0.000000e+00 4.000000e+00 3.000000e+00
    endloop
  endfacet
  facet normal -1.659197e-17 1.000000e+00 -6.471047e-17
    outer loop
      vertex   0.000000e+00 4.000000e+00 3.000000e+00
      vertex   1.749147e+01 4.000000e+00 5.377843e+00
      vertex   1.766526e+01 4.000000e+00 5.333283e+00
    endloop
  endfacet
  facet normal -1.321772e-17 1.000000e+00 -9.025684e-17
    outer loop
      vertex   0.000000e+00 4.000000e+00 3.000000e+00
      vertex   1.766526e+01 4.000000e+00 5.333283e+00
      vertex   1.784277e+01 4.000000e+00 5.307287e+00
    endloop
  endfacet
  facet normal 2.202837e-17 1.000000e+00 -1.273046e-16
    outer loop
      vertex   1.820106e+01 4.000000e+00 5.311932e+00
      vertex   1.837784e+01 4.000000e+00 5.342522e+00
      vertex   2.500000e+01 4.000000e+00 3.000000e+00
    endloop
  endfacet
  facet normal 2.987706e-17 1.000000e+00 -1.051169e-16
    outer loop
      vertex   2.500000e+01 4.000000e+00 3.000000e+00
      vertex   1.837784e+01 4.000000e+00 5.342522e+00
      vertex   1.855042e+01 4.000000e+00 5.391572e+00
    endloop
  endfacet
  facet normal 3.583105e-17 1.000000e+00 -8.906021e-17
    outer loop
      vertex   2.500000e+01 4.000000e+00 3.000000e+00
      vertex   1.855042e+01 4.000000e+00 5.391572e+00
      vertex   1.871686e+01 4.000000e+00 5.458536e+00
    endloop
  endfacet
  facet normal 4.069108e-17 1.000000e+00 -7.663970e-17
    outer loop
      vertex   1.871686e+01 4.000000e+00 5.458536e+00
      vertex   1.887532e+01 4.000000e+00 5.542669e+00
      vertex   2.500000e+01 4.000000e+00 3.000000e+00
    endloop
  endfacet
  facet normal 4.489289e-17 1.000000e+00 -6.651854e-17
    outer loop
      vertex   2.500000e+01 4.000000e+00 3.000000e+00
      vertex   1.887532e+01 4.000000e+00 5.542669e+00
      vertex   1.902403e+01 4.000000e+00 5.643032e+00
    endloop
  endfacet
  facet normal 4.870145e-17 1.000000e+00 -5.790729e-17
    outer loop
      vertex   2.500000e+01 4.000000e+00 3.000000e+00
      vertex   1.902403e+01 4.000000e+00 5.643032e+00
      vertex   1.916134e+01 4.000000e+00 5.758510e+00
    endloop
  endfacet
  facet normal 5.229548e-17 1.000000e+00 -5.030016e-17
    outer loop
      vertex   1.916134e+01 4.000000e+00 5.758510e+00
      vertex   1.928571e+01 4.000000e+00 5.887814e+00
      vertex   2.500000e+01 4.000000e+00 3.000000e+00
    endloop
  endfacet
  facet normal 5.580943e-17 1.000000e+00 -4.334690e-17
    outer loop
      vertex   2.500000e+01 4.000000e+00 3.000000e+00
      vertex   1.928571e+01 4.000000e+00 5.887814e+00
      vertex   1.939576e+01 4.000000e+00 6.029506e+00
    endloop
  endfacet
  facet normal 5.935714e-17 1.000000e+00 -3.678404e-17
    outer loop
      vertex   2.500000e+01 4.000000e+00 3.000000e+00
      vertex   1.939576e+01 4.000000e+00 6.029506e+00
      vertex   1.949026e+01 4.000000e+00 6.182006e+00
    endloop
  endfacet
  facet normal 6.304788e-17 1.000000e+00 -3.039342e-17
    outer loop
      vertex   1.949026e+01 4.000000e+00 6.182006e+00
      vertex   1.956817e+01 4.000000e+00 6.343617e+00
      vertex   2.500000e+01 4.000000e+00 3.000000e+00
    endloop
  endfacet
  facet normal 6.699987e-17 1.000000e+00 -2.397327e-17
    outer loop
      vertex   2.500000e+01 4.000000e+00 3.000000e+00
      vertex   1.956817e+01 4.000000e+00 6.343617e+00
      vertex   1.962861e+01 4.000000e+00 6.512539e+00
    endloop
  endfacet
  facet normal 7.135522e-17 1.000000e+00 -1.731305e-17
    outer loop
      vertex   2.500000e+01 4.000000e+00 3.000000e+00
      vertex   1.962861e+01 4.000000e+00 6.512539e+00
      vertex   1.967092e+01 4.000000e+00 6.686890e+00
    endloop
  endfacet
  facet normal 7.630032e-17 1.000000e+00 -1.016534e-17
    outer loop
      vertex   1.967092e+01 4.000000e+00 6.686890e+00
      vertex   1.969461e+01 4.000000e+00 6.864728e+00
      vertex   2.500000e+01 4.000000e+00 3.000000e+00
    endloop
  endfacet
  facet normal 8.209831e-17 1.000000e+00 -2.206019e-18
    outer loop
      vertex   2.500000e+01 4.000000e+00 3.000000e+00
      vertex   1.969461e+01 4.000000e+00 6.864728e+00
      vertex   1.969943e+01 4.000000e+00 7.044073e+00
    endloop
  endfacet
  facet normal -6.139486e-07 -6.364467e-01 7.713207e-01
    outer loop
      vertex   2.500000e+01 3.444308e+01 1.832764e+00
      vertex   2.500000e+01 3.464575e+01 2.000000e+00
      vertex   2.182288e+01 3.444312e+01 1.832800e+00
    endloop
  endfacet
  facet normal 0.000000e+00 -6.364524e-01 7.713160e-01
    outer loop
      vertex   2.182288e+01 3.444312e+01 1.832800e+00
      vertex   2.500000e+01 3.464575e+01 2.000000e+00
      vertex   1.864575e+01 3.464575e+01 2.000000e+00
    endloop
  endfacet
  facet normal -1.564420e-03 -6.509309e-01 7.591354e-01
    outer loop
      vertex   2.182288e+01 3.444312e+01 1.832800e+00
      vertex   1.864575e+01 3.464575e+01 2.000000e+00
      vertex   1.884546e+01 3.454879e+01 1.917267e+00
    endloop
  endfacet
  facet normal 2.359273e-05 -6.240006e-01 7.814238e-01
    outer loop
      vertex   1.884546e+01 3.454879e+01 1.917267e+00
      vertex   1.903579e+01 3.444312e+01 1.832885e+00
      vertex   2.182288e+01 3.444312e+01 1.832800e+00
    endloop
  endfacet
  facet normal 2.422733e-05 -5.971152e-01 8.021555e-01
    outer loop
      vertex   2.182288e+01 3.444312e+01 1.832800e+00
      vertex   1.903579e+01 3.444312e+01 1.832885e+00
      vertex   1.921562e+01 3.433032e+01 1.748910e+00
    endloop
  endfacet
  facet normal -8.229458e-04 -5.844376e-01 8.114383e-01
    outer loop
      vertex   2.182288e+01 3.444312e+01 1.832800e+00
      vertex   1.921562e+01 3.433032e+01 1.748910e+00
      vertex   2.182288e+01 3.422986e+01 1.679196e+00
    endloop
  endfacet
  facet normal 1.799122e-04 -5.669541e-01 8.237494e-01
    outer loop
      vertex   2.182288e+01 3.422986e+01 1.679196e+00
      vertex   1.921562e+01 3.433032e+01 1.748910e+00
      vertex   1.938750e+01 3.420916e+01 1.665482e+00
    endloop
  endfacet
  facet normal -2.095988e-04 -5.350734e-01 8.448055e-01
    outer loop
      vertex   2.182288e+01 3.422986e+01 1.679196e+00
      vertex   1.938750e+01 3.420916e+01 1.665482e+00
      vertex   1.955686e+01 3.407556e+01 1.580905e+00
    endloop
  endfacet
  facet normal -7.035392e-04 -5.298946e-01 8.480632e-01
    outer loop
      vertex   2.182288e+01 3.422986e+01 1.679196e+00
      vertex   1.955686e+01 3.407556e+01 1.580905e+00
      vertex   2.182288e+01 3.400701e+01 1.539958e+00
    endloop
  endfacet
  facet normal 5.225549e-04 -5.000675e-01 8.659863e-01
    outer loop
      vertex   2.182288e+01 3.400701e+01 1.539958e+00
      vertex   1.955686e+01 3.407556e+01 1.580905e+00
      vertex   1.972226e+01 3.393002e+01 1.496767e+00
    endloop
  endfacet
  facet normal -7.842669e-04 -4.728997e-01 8.811159e-01
    outer loop
      vertex   2.182288e+01 3.400701e+01 1.539958e+00
      vertex   1.972226e+01 3.393002e+01 1.496767e+00
      vertex   2.182288e+01 3.377412e+01 1.414961e+00
    endloop
  endfacet
  facet normal 1.193746e-04 -4.633728e-01 8.861634e-01
    outer loop
      vertex   2.182288e+01 3.377412e+01 1.414961e+00
      vertex   1.972226e+01 3.393002e+01 1.496767e+00
      vertex   1.988211e+01 3.377317e+01 1.414729e+00
    endloop
  endfacet
  facet normal 9.743094e-05 -4.231874e-01 9.060422e-01
    outer loop
      vertex   2.182288e+01 3.377412e+01 1.414961e+00
      vertex   1.988211e+01 3.377317e+01 1.414729e+00
      vertex   2.003480e+01 3.360562e+01 1.336453e+00
    endloop
  endfacet
  facet normal -9.509461e-04 -4.140288e-01 9.102633e-01
    outer loop
      vertex   2.182288e+01 3.377412e+01 1.414961e+00
      vertex   2.003480e+01 3.360562e+01 1.336453e+00
      vertex   2.182288e+01 3.353635e+01 1.306812e+00
    endloop
  endfacet
  facet normal 6.615258e-04 -3.789010e-01 9.254370e-01
    outer loop
      vertex   2.182288e+01 3.353635e+01 1.306812e+00
      vertex   2.003480e+01 3.360562e+01 1.336453e+00
      vertex   2.017877e+01 3.342798e+01 1.263619e+00
    endloop
  endfacet
  facet normal -1.271304e-03 -3.535531e-01 9.354136e-01
    outer loop
      vertex   2.182288e+01 3.353635e+01 1.306812e+00
      vertex   2.017877e+01 3.342798e+01 1.263619e+00
      vertex   2.182288e+01 3.329055e+01 1.213911e+00
    endloop
  endfacet
  facet normal 7.955743e-04 -3.317084e-01 9.433816e-01
    outer loop
      vertex   2.182288e+01 3.329055e+01 1.213911e+00
      vertex   2.017877e+01 3.342798e+01 1.263619e+00
      vertex   2.031275e+01 3.324116e+01 1.197817e+00
    endloop
  endfacet
  facet normal -6.645642e-04 -2.913750e-01 9.566087e-01
    outer loop
      vertex   2.182288e+01 3.329055e+01 1.213911e+00
      vertex   2.031275e+01 3.324116e+01 1.197817e+00
      vertex   2.182288e+01 3.303919e+01 1.137347e+00
    endloop
  endfacet
  facet normal 3.091358e-04 -2.846963e-01 9.586177e-01
    outer loop
      vertex   2.182288e+01 3.303919e+01 1.137347e+00
      vertex   2.031275e+01 3.324116e+01 1.197817e+00
      vertex   2.043598e+01 3.304672e+01 1.140031e+00
    endloop
  endfacet
  facet normal 5.951174e-04 -2.366410e-01 9.715970e-01
    outer loop
      vertex   2.182288e+01 3.303919e+01 1.137347e+00
      vertex   2.043598e+01 3.304672e+01 1.140031e+00
      vertex   2.054777e+01 3.284628e+01 1.091144e+00
    endloop
  endfacet
  facet normal -7.966129e-04 -2.279394e-01 9.736750e-01
    outer loop
      vertex   2.182288e+01 3.303919e+01 1.137347e+00
      vertex   2.054777e+01 3.284628e+01 1.091144e+00
      vertex   2.182288e+01 3.278334e+01 1.077453e+00
    endloop
  endfacet
  facet normal 1.321708e-03 -1.869170e-01 9.823748e-01
    outer loop
      vertex   2.182288e+01 3.278334e+01 1.077453e+00
      vertex   2.054777e+01 3.284628e+01 1.091144e+00
      vertex   2.064739e+01 3.264148e+01 1.052043e+00
    endloop
  endfacet
  facet normal -1.591851e-03 -1.635199e-01 9.865387e-01
    outer loop
      vertex   2.182288e+01 3.278334e+01 1.077453e+00
      vertex   2.064739e+01 3.264148e+01 1.052043e+00
      vertex   2.182288e+01 3.252411e+01 1.034486e+00
    endloop
  endfacet
  facet normal 1.300269e-03 -1.351949e-01 9.908182e-01
    outer loop
      vertex   2.182288e+01 3.252411e+01 1.034486e+00
      vertex   2.064739e+01 3.264148e+01 1.052043e+00
      vertex   2.073413e+01 3.243395e+01 1.023612e+00
    endloop
  endfacet
  facet normal -1.790418e-03 -9.839505e-02 9.951458e-01
    outer loop
      vertex   2.182288e+01 3.252411e+01 1.034486e+00
      vertex   2.073413e+01 3.243395e+01 1.023612e+00
      vertex   2.182288e+01 3.226262e+01 1.008631e+00
    endloop
  endfacet
  facet normal 8.747408e-04 -8.159170e-02 9.966655e-01
    outer loop
      vertex   2.182288e+01 3.226262e+01 1.008631e+00
      vertex   2.073413e+01 3.243395e+01 1.023612e+00
      vertex   2.080896e+01 3.222134e+01 1.006141e+00
    endloop
  endfacet
  facet normal -7.479994e-04 -4.188356e-02 9.991222e-01
    outer loop
      vertex   2.182288e+01 3.226262e+01 1.008631e+00
      vertex   2.080896e+01 3.222134e+01 1.006141e+00
      vertex   2.500000e+01 3.200000e+01 1.000000e+00
    endloop
  endfacet
  facet normal -8.368927e-17 -2.773413e-02 9.996153e-01
    outer loop
      vertex   2.500000e+01 3.200000e+01 1.000000e+00
      vertex   2.080896e+01 3.222134e+01 1.006141e+00
      vertex   2.087298e+01 3.200000e+01 1.000000e+00
    endloop
  endfacet
  facet normal -1.397400e-16 -3.284565e-02 9.994604e-01
    outer loop
      vertex   2.500000e+01 3.200000e+01 1.000000e+00
      vertex   2.500000e+01 3.226262e+01 1.008631e+00
      vertex   2.182288e+01 3.226262e+01 1.008631e+00
    endloop
  endfacet
  facet normal -1.390989e-16 -9.839520e-02 9.951474e-01
    outer loop
      vertex   2.182288e+01 3.226262e+01 1.008631e+00
      vertex   2.500000e+01 3.226262e+01 1.008631e+00
      vertex   2.182288e+01 3.252411e+01 1.034486e+00
    endloop
  endfacet
  facet normal 0.000000e+00 -9.839520e-02 9.951474e-01
    outer loop
      vertex   2.500000e+01 3.226262e+01 1.008631e+00
      vertex   2.500000e+01 3.252411e+01 1.034486e+00
      vertex   2.182288e+01 3.252411e+01 1.034486e+00
    endloop
  endfacet
  facet normal 0.000000e+00 -1.635201e-01 9.865400e-01
    outer loop
      vertex   2.182288e+01 3.252411e+01 1.034486e+00
      vertex   2.500000e+01 3.252411e+01 1.034486e+00
      vertex   2.182288e+01 3.278334e+01 1.077453e+00
    endloop
  endfacet
  facet normal -1.371426e-16 -1.635201e-01 9.865400e-01
    outer loop
      vertex   2.500000e+01 3.252411e+01 1.034486e+00
      vertex   2.500000e+01 3.278334e+01 1.077453e+00
      vertex   2.182288e+01 3.278334e+01 1.077453e+00
    endloop
  endfacet
  facet normal -1.360976e-16 -2.279395e-01 9.736753e-01
    outer loop
      vertex   2.182288e+01 3.278334e+01 1.077453e+00
      vertex   2.500000e+01 3.278334e+01 1.077453e+00
      vertex   2.182288e+01 3.303919e+01 1.137347e+00
    endloop
  endfacet
  facet normal 0.000000e+00 -2.279395e-01 9.736753e-01
    outer loop
      vertex   2.500000e+01 3.278334e+01 1.077453e+00
      vertex   2.500000e+01 3.303919e+01 1.137347e+00
      vertex   2.182288e+01 3.303919e+01 1.137347e+00
    endloop
  endfacet
  facet normal 0.000000e+00 -2.913751e-01 9.566089e-01
    outer loop
      vertex   2.182288e+01 3.303919e+01 1.137347e+00
      vertex   2.500000e+01 3.303919e+01 1.137347e+00
      vertex   2.182288e+01 3.329055e+01 1.213911e+00
    endloop
  endfacet
  facet normal -2.659735e-16 -2.913751e-01 9.566089e-01
    outer loop
      vertex   2.500000e+01 3.303919e+01 1.137347e+00
      vertex   2.500000e+01 3.329055e+01 1.213911e+00
      vertex   2.182288e+01 3.329055e+01 1.213911e+00
    endloop
  endfacet
  facet normal -2.614991e-16 -3.535534e-01 9.354143e-01
    outer loop
      vertex   2.182288e+01 3.329055e+01 1.213911e+00
      vertex   2.500000e+01 3.329055e+01 1.213911e+00
      vertex   2.182288e+01 3.353635e+01 1.306812e+00
    endloop
  endfacet
  facet normal -1.329867e-16 -3.535534e-01 9.354143e-01
    outer loop
      vertex   2.500000e+01 3.329055e+01 1.213911e+00
      vertex   2.500000e+01 3.353635e+01 1.306812e+00
      vertex   2.182288e+01 3.353635e+01 1.306812e+00
    endloop
  endfacet
  facet normal -1.272341e-16 -4.140290e-01 9.102637e-01
    outer loop
      vertex   2.182288e+01 3.353635e+01 1.306812e+00
      vertex   2.500000e+01 3.353635e+01 1.306812e+00
      vertex   2.182288e+01 3.377412e+01 1.414961e+00
    endloop
  endfacet
  facet normal -1.598145e-05 -4.142060e-01 9.101832e-01
    outer loop
      vertex   2.500000e+01 3.353635e+01 1.306812e+00
      vertex   2.500000e+01 3.377551e+01 1.415651e+00
      vertex   2.182288e+01 3.377412e+01 1.414961e+00
    endloop
  endfacet
  facet normal 1.607654e-05 -4.728998e-01 8.811162e-01
    outer loop
      vertex   2.182288e+01 3.377412e+01 1.414961e+00
      vertex   2.500000e+01 3.377551e+01 1.415651e+00
      vertex   2.182288e+01 3.400701e+01 1.539958e+00
    endloop
  endfacet
  facet normal 0.000000e+00 -4.730711e-01 8.810243e-01
    outer loop
      vertex   2.500000e+01 3.377551e+01 1.415651e+00
      vertex   2.500000e+01 3.400701e+01 1.539958e+00
      vertex   2.182288e+01 3.400701e+01 1.539958e+00
    endloop
  endfacet
  facet normal 0.000000e+00 -5.298948e-01 8.480634e-01
    outer loop
      vertex   2.182288e+01 3.400701e+01 1.539958e+00
      vertex   2.500000e+01 3.400701e+01 1.539958e+00
      vertex   2.182288e+01 3.422986e+01 1.679196e+00
    endloop
  endfacet
  facet normal -2.368826e-16 -5.298948e-01 8.480634e-01
    outer loop
      vertex   2.500000e+01 3.400701e+01 1.539958e+00
      vertex   2.500000e+01 3.422986e+01 1.679196e+00
      vertex   2.182288e+01 3.422986e+01 1.679196e+00
    endloop
  endfacet
  facet normal -2.268423e-16 -5.844317e-01 8.114429e-01
    outer loop
      vertex   2.182288e+01 3.422986e+01 1.679196e+00
      vertex   2.500000e+01 3.422986e+01 1.679196e+00
      vertex   2.500000e+01 3.444308e+01 1.832764e+00
    endloop
  endfacet
  facet normal 6.140873e-07 -5.844378e-01 8.114385e-01
    outer loop
      vertex   2.182288e+01 3.422986e+01 1.679196e+00
      vertex   2.500000e+01 3.444308e+01 1.832764e+00
      vertex   2.182288e+01 3.444312e+01 1.832800e+00
    endloop
  endfacet
  facet normal 0.000000e+00 0.000000e+00 1.000000e+00
    outer loop
      vertex   1.009744e+00 2.027903e+01 1.000000e+00
      vertex   1.000000e+00 2.000000e+01 1.000000e+00
      vertex   3.300000e+00 2.000000e+01 1.000000e+00
    endloop
  endfacet
  facet normal 0.000000e+00 0.000000e+00 1.000000e+00
    outer loop
      vertex   3.300000e+00 2.000000e+01 1.000000e+00
      vertex   1.000000e+00 2.000000e+01 1.000000e+00
      vertex   1.009744e+00 1.972097e+01 1.000000e+00
    endloop
  endfacet
  facet normal 0.000000e+00 0.000000e+00 1.000000e+00
    outer loop
      vertex   3.300000e+00 2.000000e+01 1.000000e+00
      vertex   1.009744e+00 1.972097e+01 1.000000e+00
      vertex   3.309631e+00 1.981930e+01 1.000000e+00
    endloop
  endfacet
  facet normal 0.000000e+00 0.000000e+00 1.000000e+00
    outer loop
      vertex   3.309631e+00 1.981930e+01 1.000000e+00
      vertex   1.009744e+00 1.972097e+01 1.000000e+00
      vertex   1.038928e+00 1.944331e+01 1.000000e+00
    endloop
  endfacet
  facet normal 0.000000e+00 0.000000e+00 1.000000e+00
    outer loop
      vertex   3.309631e+00 1.981930e+01 1.000000e+00
      vertex   1.038928e+00 1.944331e+01 1.000000e+00
      vertex   3.338414e+00 1.964065e+01 1.000000e+00
    endloop
  endfacet
  facet normal 0.000000e+00 0.000000e+00 1.000000e+00
    outer loop
      vertex   3.338414e+00 1.964065e+01 1.000000e+00
      vertex   1.038928e+00 1.944331e+01 1.000000e+00
      vertex   1.087410e+00 1.916835e+01 1.000000e+00
    endloop
  endfacet
  facet normal 0.000000e+00 0.000000e+00 1.000000e+00
    outer loop
      vertex   3.338414e+00 1.964065e+01 1.000000e+00
      vertex   1.087410e+00 1.916835e+01 1.000000e+00
      vertex   1.154953e+00 1.889745e+01 1.000000e+00
    endloop
  endfacet
  facet normal 0.000000e+00 0.000000e+00 1.000000e+00
    outer loop
      vertex   3.338414e+00 1.964065e+01 1.000000e+00
      vertex   1.154953e+00 1.889745e+01 1.000000e+00
      vertex   3.386024e+00 1.946607e+01 1.000000e+00
    endloop
  endfacet
  facet normal 0.000000e+00 0.000000e+00 1.000000e+00
    outer loop
      vertex   3.386024e+00 1.946607e+01 1.000000e+00
      vertex   1.154953e+00 1.889745e+01 1.000000e+00
      vertex   1.241230e+00 1.863192e+01 1.000000e+00
    endloop
  endfacet
  facet normal 0.000000e+00 0.000000e+00 1.000000e+00
    outer loop
      vertex   3.386024e+00 1.946607e+01 1.000000e+00
      vertex   1.241230e+00 1.863192e+01 1.000000e+00
      vertex   3.451921e+00 1.929754e+01 1.000000e+00
    endloop
  endfacet
  facet normal 0.000000e+00 0.000000e+00 1.000000e+00
    outer loop
      vertex   3.451921e+00 1.929754e+01 1.000000e+00
      vertex   1.241230e+00 1.863192e+01 1.000000e+00
      vertex   1.345818e+00 1.837305e+01 1.000000e+00
    endloop
  endfacet
  facet normal 0.000000e+00 0.000000e+00 1.000000e+00
    outer loop
      vertex   3.451921e+00 1.929754e+01 1.000000e+00
      vertex   1.345818e+00 1.837305e+01 1.000000e+00
      vertex   1.468210e+00 1.812211e+01 1.000000e+00
    endloop
  endfacet
  facet normal 0.000000e+00 0.000000e+00 1.000000e+00
    outer loop
      vertex   3.451921e+00 1.929754e+01 1.000000e+00
      vertex   1.468210e+00 1.812211e+01 1.000000e+00
      vertex   3.535358e+00 1.913697e+01 1.000000e+00
    endloop
  endfacet
  facet normal 0.000000e+00 0.000000e+00 1.000000e+00
    outer loop
      vertex   3.535358e+00 1.913697e+01 1.000000e+00
      vertex   1.468210e+00 1.812211e+01 1.000000e+00
      vertex   1.607808e+00 1.788032e+01 1.000000e+00
    endloop
  endfacet
  facet normal 0.000000e+00 0.000000e+00 1.000000e+00
    outer loop
      vertex   3.535358e+00 1.913697e+01 1.000000e+00
      vertex   1.607808e+00 1.788032e+01 1.000000e+00
      vertex   3.635390e+00 1.898618e+01 1.000000e+00
    endloop
  endfacet
  facet normal 0.000000e+00 0.000000e+00 1.000000e+00
    outer loop
      vertex   3.635390e+00 1.898618e+01 1.000000e+00
      vertex   1.607808e+00 1.788032e+01 1.000000e+00
      vertex   1.763932e+00 1.764886e+01 1.000000e+00
    endloop
  endfacet
  facet normal 0.000000e+00 0.000000e+00 1.000000e+00
    outer loop
      vertex   3.635390e+00 1.898618e+01 1.000000e+00
      vertex   1.763932e+00 1.764886e+01 1.000000e+00
      vertex   1.935822e+00 1.742885e+01 1.000000e+00
    endloop
  endfacet
  facet normal 0.000000e+00 0.000000e+00 1.000000e+00
    outer loop
      vertex   3.635390e+00 1.898618e+01 1.000000e+00
      vertex   1.935822e+00 1.742885e+01 1.000000e+00
      vertex   3.750884e+00 1.884687e+01 1.000000e+00
    endloop
  endfacet
  facet normal 0.000000e+00 0.000000e+00 1.000000e+00
    outer loop
      vertex   3.750884e+00 1.884687e+01 1.000000e+00
      vertex   1.935822e+00 1.742885e+01 1.000000e+00
      vertex   2.122641e+00 1.722137e+01 1.000000e+00
    endloop
  endfacet
  facet normal 0.000000e+00 0.000000e+00 1.000000e+00
    outer loop
      vertex   3.750884e+00 1.884687e+01 1.000000e+00
      vertex   2.122641e+00 1.722137e+01 1.000000e+00
      vertex   3.880531e+00 1.872063e+01 1.000000e+00
    endloop
  endfacet
  facet normal 0.000000e+00 0.000000e+00 1.000000e+00
    outer loop
      vertex   3.880531e+00 1.872063e+01 1.000000e+00
      vertex   2.122641e+00 1.722137e+01 1.000000e+00
      vertex   2.323478e+00 1.702742e+01 1.000000e+00
    endloop
  endfacet
  facet normal 0.000000e+00 0.000000e+00 1.000000e+00
    outer loop
      vertex   3.880531e+00 1.872063e+01 1.000000e+00
      vertex   2.323478e+00 1.702742e+01 1.000000e+00
      vertex   2.537354e+00 1.684796e+01 1.000000e+00
    endloop
  endfacet
  facet normal 0.000000e+00 0.000000e+00 1.000000e+00
    outer loop
      vertex   3.880531e+00 1.872063e+01 1.000000e+00
      vertex   2.537354e+00 1.684796e+01 1.000000e+00
      vertex   4.022861e+00 1.860889e+01 1.000000e+00
    endloop
  endfacet
  facet normal 0.000000e+00 0.000000e+00 1.000000e+00
    outer loop
      vertex   4.022861e+00 1.860889e+01 1.000000e+00
      vertex   2.537354e+00 1.684796e+01 1.000000e+00
      vertex   2.763228e+00 1.668385e+01 1.000000e+00
    endloop
  endfacet
  facet normal 0.000000e+00 0.000000e+00 1.000000e+00
    outer loop
      vertex   4.022861e+00 1.860889e+01 1.000000e+00
      vertex   2.763228e+00 1.668385e+01 1.000000e+00
      vertex   4.176264e+00 1.851290e+01 1.000000e+00
    endloop
  endfacet
  facet normal 0.000000e+00 0.000000e+00 1.000000e+00
    outer loop
      vertex   4.176264e+00 1.851290e+01 1.000000e+00
      vertex   2.763228e+00 1.668385e+01 1.000000e+00
      vertex   3.000000e+00 1.653590e+01 1.000000e+00
    endloop
  endfacet
  facet normal 0.000000e+00 0.000000e+00 1.000000e+00
    outer loop
      vertex   4.176264e+00 1.851290e+01 1.000000e+00
      vertex   3.000000e+00 1.653590e+01 1.000000e+00
      vertex   3.246515e+00 1.640482e+01 1.000000e+00
    endloop
  endfacet
  facet normal 0.000000e+00 0.000000e+00 1.000000e+00
    outer loop
      vertex   4.176264e+00 1.851290e+01 1.000000e+00
      vertex   3.246515e+00 1.640482e+01 1.000000e+00
      vertex   4.338999e+00 1.843377e+01 1.000000e+00
    endloop
  endfacet
  facet normal 0.000000e+00 0.000000e+00 1.000000e+00
    outer loop
      vertex   4.338999e+00 1.843377e+01 1.000000e+00
      vertex   3.246515e+00 1.640482e+01 1.000000e+00
      vertex   3.501574e+00 1.629126e+01 1.000000e+00
    endloop
  endfacet
  facet normal 0.000000e+00 0.000000e+00 1.000000e+00
    outer loop
      vertex   4.338999e+00 1.843377e+01 1.000000e+00
      vertex   3.501574e+00 1.629126e+01 1.000000e+00
      vertex   3.763932e+00 1.619577e+01 1.000000e+00
    endloop
  endfacet
  facet normal 0.000000e+00 0.000000e+00 1.000000e+00
    outer loop
      vertex   4.338999e+00 1.843377e+01 1.000000e+00
      vertex   3.763932e+00 1.619577e+01 1.000000e+00
      vertex   4.509224e+00 1.837238e+01 1.000000e+00
    endloop
  endfacet
  facet normal 0.000000e+00 0.000000e+00 1.000000e+00
    outer loop
      vertex   4.509224e+00 1.837238e+01 1.000000e+00
      vertex   3.763932e+00 1.619577e+01 1.000000e+00
      vertex   4.032312e+00 1.611882e+01 1.000000e+00
    endloop
  endfacet
  facet normal 0.000000e+00 0.000000e+00 1.000000e+00
    outer loop
      vertex   4.509224e+00 1.837238e+01 1.000000e+00
      vertex   4.032312e+00 1.611882e+01 1.000000e+00
      vertex   4.685009e+00 1.832944e+01 1.000000e+00
    endloop
  endfacet
  facet normal 0.000000e+00 0.000000e+00 1.000000e+00
    outer loop
      vertex   4.685009e+00 1.832944e+01 1.000000e+00
      vertex   4.032312e+00 1.611882e+01 1.000000e+00
      vertex   4.305407e+00 1.606077e+01 1.000000e+00
    endloop
  endfacet
  facet normal 0.000000e+00 0.000000e+00 1.000000e+00
    outer loop
      vertex   4.685009e+00 1.832944e+01 1.000000e+00
      vertex   4.305407e+00 1.606077e+01 1.000000e+00
      vertex   4.581886e+00 1.602191e+01 1.000000e+00
    endloop
  endfacet
  facet normal 0.000000e+00 0.000000e+00 1.000000e+00
    outer loop
      vertex   4.685009e+00 1.832944e+01 1.000000e+00
      vertex   4.581886e+00 1.602191e+01 1.000000e+00
      vertex   4.864364e+00 1.830542e+01 1.000000e+00
    endloop
  endfacet
  facet normal 0.000000e+00 0.000000e+00 1.000000e+00
    outer loop
      vertex   4.864364e+00 1.830542e+01 1.000000e+00
      vertex   4.581886e+00 1.602191e+01 1.000000e+00
      vertex   4.860402e+00 1.600244e+01 1.000000e+00
    endloop
  endfacet
  facet normal 0.000000e+00 0.000000e+00 1.000000e+00
    outer loop
      vertex   4.864364e+00 1.830542e+01 1.000000e+00
      vertex   4.860402e+00 1.600244e+01 1.000000e+00
      vertex   5.045255e+00 1.830060e+01 1.000000e+00
    endloop
  endfacet
  facet normal 0.000000e+00 0.000000e+00 1.000000e+00
    outer loop
      vertex   5.045255e+00 1.830060e+01 1.000000e+00
      vertex   4.860402e+00 1.600244e+01 1.000000e+00
      vertex   5.139598e+00 1.600244e+01 1.000000e+00
    endloop
  endfacet
  facet normal 0.000000e+00 0.000000e+00 1.000000e+00
    outer loop
      vertex   5.045255e+00 1.830060e+01 1.000000e+00
      vertex   5.139598e+00 1.600244e+01 1.000000e+00
      vertex   5.418114e+00 1.602191e+01 1.000000e+00
    endloop
  endfacet
  facet normal -0.000000e+00 0.000000e+00 1.000000e+00
    outer loop
      vertex   5.045255e+00 1.830060e+01 1.000000e+00
      vertex   5.418114e+00 1.602191e+01 1.000000e+00
      vertex   5.225633e+00 1.831504e+01 1.000000e+00
    endloop
  endfacet
  facet normal 0.000000e+00 0.000000e+00 1.000000e+00
    outer loop
      vertex   5.225633e+00 1.831504e+01 1.000000e+00
      vertex   5.418114e+00 1.602191e+01 1.000000e+00
      vertex   5.694593e+00 1.606077e+01 1.000000e+00
    endloop
  endfacet
  facet normal -0.000000e+00 0.000000e+00 1.000000e+00
    outer loop
      vertex   5.225633e+00 1.831504e+01 1.000000e+00
      vertex   5.694593e+00 1.606077e+01 1.000000e+00
      vertex   5.403455e+00 1.834857e+01 1.000000e+00
    endloop
  endfacet
  facet normal 0.000000e+00 0.000000e+00 1.000000e+00
    outer loop
      vertex   5.403455e+00 1.834857e+01 1.000000e+00
      vertex   5.694593e+00 1.606077e+01 1.000000e+00
      vertex   5.967688e+00 1.611882e+01 1.000000e+00
    endloop
  endfacet
  facet normal 0.000000e+00 0.000000e+00 1.000000e+00
    outer loop
      vertex   5.403455e+00 1.834857e+01 1.000000e+00
      vertex   5.967688e+00 1.611882e+01 1.000000e+00
      vertex   6.236068e+00 1.619577e+01 1.000000e+00
    endloop
  endfacet
  facet normal -0.000000e+00 0.000000e+00 1.000000e+00
    outer loop
      vertex   5.403455e+00 1.834857e+01 1.000000e+00
      vertex   6.236068e+00 1.619577e+01 1.000000e+00
      vertex   5.576706e+00 1.840081e+01 1.000000e+00
    endloop
  endfacet
  facet normal 0.000000e+00 0.000000e+00 1.000000e+00
    outer loop
      vertex   5.576706e+00 1.840081e+01 1.000000e+00
      vertex   6.236068e+00 1.619577e+01 1.000000e+00
      vertex   6.498426e+00 1.629126e+01 1.000000e+00
    endloop
  endfacet
  facet normal 0.000000e+00 0.000000e+00 1.000000e+00
    outer loop
      vertex   5.576706e+00 1.840081e+01 1.000000e+00
      vertex   6.498426e+00 1.629126e+01 1.000000e+00
      vertex   6.753485e+00 1.640482e+01 1.000000e+00
    endloop
  endfacet
  facet normal 0.000000e+00 -0.000000e+00 1.000000e+00
    outer loop
      vertex   6.753485e+00 1.640482e+01 1.000000e+00
      vertex   7.000000e+00 1.653590e+01 1.000000e+00
      vertex   5.576706e+00 1.840081e+01 1.000000e+00
    endloop
  endfacet
  facet normal 0.000000e+00 0.000000e+00 1.000000e+00
    outer loop
      vertex   5.576706e+00 1.840081e+01 1.000000e+00
      vertex   7.000000e+00 1.653590e+01 1.000000e+00
      vertex   7.236772e+00 1.668385e+01 1.000000e+00
    endloop
  endfacet
  facet normal 0.000000e+00 0.000000e+00 1.000000e+00
    outer loop
      vertex   5.576706e+00 1.840081e+01 1.000000e+00
      vertex   7.236772e+00 1.668385e+01 1.000000e+00
      vertex   7.462646e+00 1.684796e+01 1.000000e+00
    endloop
  endfacet
  facet normal 0.000000e+00 -0.000000e+00 1.000000e+00
    outer loop
      vertex   7.462646e+00 1.684796e+01 1.000000e+00
      vertex   7.676522e+00 1.702742e+01 1.000000e+00
      vertex   5.576706e+00 1.840081e+01 1.000000e+00
    endloop
  endfacet
  facet normal 0.000000e+00 0.000000e+00 1.000000e+00
    outer loop
      vertex   5.576706e+00 1.840081e+01 1.000000e+00
      vertex   7.676522e+00 1.702742e+01 1.000000e+00
      vertex   7.877359e+00 1.722137e+01 1.000000e+00
    endloop
  endfacet
  facet normal 0.000000e+00 0.000000e+00 1.000000e+00
    outer loop
      vertex   5.576706e+00 1.840081e+01 1.000000e+00
      vertex   7.877359e+00 1.722137e+01 1.000000e+00
      vertex   8.064178e+00 1.742885e+01 1.000000e+00
    endloop
  endfacet
  facet normal 0.000000e+00 -0.000000e+00 1.000000e+00
    outer loop
      vertex   8.064178e+00 1.742885e+01 1.000000e+00
      vertex   8.236068e+00 1.764886e+01 1.000000e+00
      vertex   5.576706e+00 1.840081e+01 1.000000e+00
    endloop
  endfacet
  facet normal -0.000000e+00 0.000000e+00 1.000000e+00
    outer loop
      vertex   5.576706e+00 1.840081e+01 1.000000e+00
      vertex   8.236068e+00 1.764886e+01 1.000000e+00
      vertex   5.743423e+00 1.847117e+01 1.000000e+00
    endloop
  endfacet
  facet normal -0.000000e+00 0.000000e+00 1.000000e+00
    outer loop
      vertex   5.743423e+00 1.847117e+01 1.000000e+00
      vertex   8.236068e+00 1.764886e+01 1.000000e+00
      vertex   5.901716e+00 1.855885e+01 1.000000e+00
    endloop
  endfacet
  facet normal -0.000000e+00 0.000000e+00 1.000000e+00
    outer loop
      vertex   5.901716e+00 1.855885e+01 1.000000e+00
      vertex   8.236068e+00 1.764886e+01 1.000000e+00
      vertex   6.049792e+00 1.866286e+01 1.000000e+00
    endloop
  endfacet
  facet normal -0.000000e+00 0.000000e+00 1.000000e+00
    outer loop
      vertex   6.049792e+00 1.866286e+01 1.000000e+00
      vertex   8.236068e+00 1.764886e+01 1.000000e+00
      vertex   6.185974e+00 1.878202e+01 1.000000e+00
    endloop
  endfacet
  facet normal -0.000000e+00 0.000000e+00 1.000000e+00
    outer loop
      vertex   6.185974e+00 1.878202e+01 1.000000e+00
      vertex   8.236068e+00 1.764886e+01 1.000000e+00
      vertex   6.308718e+00 1.891499e+01 1.000000e+00
    endloop
  endfacet
  facet normal -0.000000e+00 0.000000e+00 1.000000e+00
    outer loop
      vertex   6.308718e+00 1.891499e+01 1.000000e+00
      vertex   8.236068e+00 1.764886e+01 1.000000e+00
      vertex   6.416634e+00 1.906024e+01 1.000000e+00
    endloop
  endfacet
  facet normal 0.000000e+00 0.000000e+00 1.000000e+00
    outer loop
      vertex   6.416634e+00 1.906024e+01 1.000000e+00
      vertex   8.236068e+00 1.764886e+01 1.000000e+00
      vertex   8.392192e+00 1.788032e+01 1.000000e+00
    endloop
  endfacet
  facet normal -0.000000e+00 0.000000e+00 1.000000e+00
    outer loop
      vertex   6.416634e+00 1.906024e+01 1.000000e+00
      vertex   8.392192e+00 1.788032e+01 1.000000e+00
      vertex   6.508499e+00 1.921614e+01 1.000000e+00
    endloop
  endfacet
  facet normal 0.000000e+00 0.000000e+00 1.000000e+00
    outer loop
      vertex   6.508499e+00 1.921614e+01 1.000000e+00
      vertex   8.392192e+00 1.788032e+01 1.000000e+00
      vertex   8.531790e+00 1.812211e+01 1.000000e+00
    endloop
  endfacet
  facet normal 0.000000e+00 0.000000e+00 1.000000e+00
    outer loop
      vertex   6.508499e+00 1.921614e+01 1.000000e+00
      vertex   8.531790e+00 1.812211e+01 1.000000e+00
      vertex   8.654182e+00 1.837305e+01 1.000000e+00
    endloop
  endfacet
  facet normal -0.000000e+00 0.000000e+00 1.000000e+00
    outer loop
      vertex   6.508499e+00 1.921614e+01 1.000000e+00
      vertex   8.654182e+00 1.837305e+01 1.000000e+00
      vertex   6.583272e+00 1.938093e+01 1.000000e+00
    endloop
  endfacet
  facet normal 0.000000e+00 0.000000e+00 1.000000e+00
    outer loop
      vertex   6.583272e+00 1.938093e+01 1.000000e+00
      vertex   8.654182e+00 1.837305e+01 1.000000e+00
      vertex   8.758771e+00 1.863192e+01 1.000000e+00
    endloop
  endfacet
  facet normal -0.000000e+00 0.000000e+00 1.000000e+00
    outer loop
      vertex   6.583272e+00 1.938093e+01 1.000000e+00
      vertex   8.758771e+00 1.863192e+01 1.000000e+00
      vertex   6.640105e+00 1.955273e+01 1.000000e+00
    endloop
  endfacet
  facet normal 0.000000e+00 0.000000e+00 1.000000e+00
    outer loop
      vertex   6.640105e+00 1.955273e+01 1.000000e+00
      vertex   8.758771e+00 1.863192e+01 1.000000e+00
      vertex   8.845047e+00 1.889745e+01 1.000000e+00
    endloop
  endfacet
  facet normal 0.000000e+00 0.000000e+00 1.000000e+00
    outer loop
      vertex   6.640105e+00 1.955273e+01 1.000000e+00
      vertex   8.845047e+00 1.889745e+01 1.000000e+00
      vertex   8.912590e+00 1.916835e+01 1.000000e+00
    endloop
  endfacet
  facet normal -0.000000e+00 0.000000e+00 1.000000e+00
    outer loop
      vertex   6.640105e+00 1.955273e+01 1.000000e+00
      vertex   8.912590e+00 1.916835e+01 1.000000e+00
      vertex   6.678356e+00 1.972959e+01 1.000000e+00
    endloop
  endfacet
  facet normal 0.000000e+00 0.000000e+00 1.000000e+00
    outer loop
      vertex   6.678356e+00 1.972959e+01 1.000000e+00
      vertex   8.912590e+00 1.916835e+01 1.000000e+00
      vertex   8.961072e+00 1.944331e+01 1.000000e+00
    endloop
  endfacet
  facet normal -0.000000e+00 0.000000e+00 1.000000e+00
    outer loop
      vertex   6.678356e+00 1.972959e+01 1.000000e+00
      vertex   8.961072e+00 1.944331e+01 1.000000e+00
      vertex   6.697591e+00 1.990952e+01 1.000000e+00
    endloop
  endfacet
  facet normal 0.000000e+00 0.000000e+00 1.000000e+00
    outer loop
      vertex   6.697591e+00 1.990952e+01 1.000000e+00
      vertex   8.961072e+00 1.944331e+01 1.000000e+00
      vertex   8.990256e+00 1.972097e+01 1.000000e+00
    endloop
  endfacet
  facet normal -0.000000e+00 0.000000e+00 1.000000e+00
    outer loop
      vertex   6.697591e+00 1.990952e+01 1.000000e+00
      vertex   8.990256e+00 1.972097e+01 1.000000e+00
      vertex   9.000000e+00 2.000000e+01 1.000000e+00
    endloop
  endfacet
  facet normal 0.000000e+00 0.000000e+00 1.000000e+00
    outer loop
      vertex   6.697591e+00 1.990952e+01 1.000000e+00
      vertex   9.000000e+00 2.000000e+01 1.000000e+00
      vertex   6.697591e+00 2.009048e+01 1.000000e+00
    endloop
  endfacet
  facet normal -0.000000e+00 0.000000e+00 1.000000e+00
    outer loop
      vertex   6.697591e+00 2.009048e+01 1.000000e+00
      vertex   9.000000e+00 2.000000e+01 1.000000e+00
      vertex   8.990256e+00 2.027903e+01 1.000000e+00
    endloop
  endfacet
  facet normal 0.000000e+00 0.000000e+00 1.000000e+00
    outer loop
      vertex   6.697591e+00 2.009048e+01 1.000000e+00
      vertex   8.990256e+00 2.027903e+01 1.000000e+00
      vertex   8.961072e+00 2.055669e+01 1.000000e+00
    endloop
  endfacet
  facet normal 0.000000e+00 -0.000000e+00 1.000000e+00
    outer loop
      vertex   6.697591e+00 2.009048e+01 1.000000e+00
      vertex   8.961072e+00 2.055669e+01 1.000000e+00
      vertex   6.678356e+00 2.027041e+01 1.000000e+00
    endloop
  endfacet
  facet normal 0.000000e+00 0.000000e+00 1.000000e+00
    outer loop
      vertex   6.678356e+00 2.027041e+01 1.000000e+00
      vertex   8.961072e+00 2.055669e+01 1.000000e+00
      vertex   8.912590e+00 2.083165e+01 1.000000e+00
    endloop
  endfacet
  facet normal 0.000000e+00 -0.000000e+00 1.000000e+00
    outer loop
      vertex   6.678356e+00 2.027041e+01 1.000000e+00
      vertex   8.912590e+00 2.083165e+01 1.000000e+00
      vertex   6.640105e+00 2.044727e+01 1.000000e+00
    endloop
  endfacet
  facet normal 0.000000e+00 0.000000e+00 1.000000e+00
    outer loop
      vertex   6.640105e+00 2.044727e+01 1.000000e+00
      vertex   8.912590e+00 2.083165e+01 1.000000e+00
      vertex   8.845047e+00 2.110255e+01 1.000000e+00
    endloop
  endfacet
  facet normal 0.000000e+00 0.000000e+00 1.000000e+00
    outer loop
      vertex   6.640105e+00 2.044727e+01 1.000000e+00
      vertex   8.845047e+00 2.110255e+01 1.000000e+00
      vertex   8.758771e+00 2.136808e+01 1.000000e+00
    endloop
  endfacet
  facet normal 0.000000e+00 -0.000000e+00 1.000000e+00
    outer loop
      vertex   6.640105e+00 2.044727e+01 1.000000e+00
      vertex   8.758771e+00 2.136808e+01 1.000000e+00
      vertex   6.583272e+00 2.061907e+01 1.000000e+00
    endloop
  endfacet
  facet normal 0.000000e+00 0.000000e+00 1.000000e+00
    outer loop
      vertex   6.583272e+00 2.061907e+01 1.000000e+00
      vertex   8.758771e+00 2.136808e+01 1.000000e+00
      vertex   8.654182e+00 2.162695e+01 1.000000e+00
    endloop
  endfacet
  facet normal 0.000000e+00 -0.000000e+00 1.000000e+00
    outer loop
      vertex   6.583272e+00 2.061907e+01 1.000000e+00
      vertex   8.654182e+00 2.162695e+01 1.000000e+00
      vertex   6.508499e+00 2.078386e+01 1.000000e+00
    endloop
  endfacet
  facet normal 0.000000e+00 0.000000e+00 1.000000e+00
    outer loop
      vertex   6.508499e+00 2.078386e+01 1.000000e+00
      vertex   8.654182e+00 2.162695e+01 1.000000e+00
      vertex   8.531790e+00 2.187789e+01 1.000000e+00
    endloop
  endfacet
  facet normal 0.000000e+00 0.000000e+00 1.000000e+00
    outer loop
      vertex   6.508499e+00 2.078386e+01 1.000000e+00
      vertex   8.531790e+00 2.187789e+01 1.000000e+00
      vertex   8.392192e+00 2.211968e+01 1.000000e+00
    endloop
  endfacet
  facet normal 0.000000e+00 -0.000000e+00 1.000000e+00
    outer loop
      vertex   6.508499e+00 2.078386e+01 1.000000e+00
      vertex   8.392192e+00 2.211968e+01 1.000000e+00
      vertex   6.416634e+00 2.093976e+01 1.000000e+00
    endloop
  endfacet
  facet normal 0.000000e+00 0.000000e+00 1.000000e+00
    outer loop
      vertex   6.416634e+00 2.093976e+01 1.000000e+00
      vertex   8.392192e+00 2.211968e+01 1.000000e+00
      vertex   8.236068e+00 2.235114e+01 1.000000e+00
    endloop
  endfacet
  facet normal 0.000000e+00 -0.000000e+00 1.000000e+00
    outer loop
      vertex   6.416634e+00 2.093976e+01 1.000000e+00
      vertex   8.236068e+00 2.235114e+01 1.000000e+00
      vertex   6.308718e+00 2.108502e+01 1.000000e+00
    endloop
  endfacet
  facet normal 0.000000e+00 0.000000e+00 1.000000e+00
    outer loop
      vertex   6.308718e+00 2.108502e+01 1.000000e+00
      vertex   8.236068e+00 2.235114e+01 1.000000e+00
      vertex   8.064178e+00 2.257115e+01 1.000000e+00
    endloop
  endfacet
  facet normal 0.000000e+00 0.000000e+00 1.000000e+00
    outer loop
      vertex   6.308718e+00 2.108502e+01 1.000000e+00
      vertex   8.064178e+00 2.257115e+01 1.000000e+00
      vertex   7.877359e+00 2.277863e+01 1.000000e+00
    endloop
  endfacet
  facet normal 0.000000e+00 -0.000000e+00 1.000000e+00
    outer loop
      vertex   6.308718e+00 2.108502e+01 1.000000e+00
      vertex   7.877359e+00 2.277863e+01 1.000000e+00
      vertex   6.185974e+00 2.121798e+01 1.000000e+00
    endloop
  endfacet
  facet normal 0.000000e+00 0.000000e+00 1.000000e+00
    outer loop
      vertex   6.185974e+00 2.121798e+01 1.000000e+00
      vertex   7.877359e+00 2.277863e+01 1.000000e+00
      vertex   7.676522e+00 2.297258e+01 1.000000e+00
    endloop
  endfacet
  facet normal 0.000000e+00 -0.000000e+00 1.000000e+00
    outer loop
      vertex   6.185974e+00 2.121798e+01 1.000000e+00
      vertex   7.676522e+00 2.297258e+01 1.000000e+00
      vertex   6.049792e+00 2.133714e+01 1.000000e+00
    endloop
  endfacet
  facet normal 0.000000e+00 0.000000e+00 1.000000e+00
    outer loop
      vertex   6.049792e+00 2.133714e+01 1.000000e+00
      vertex   7.676522e+00 2.297258e+01 1.000000e+00
      vertex   7.462646e+00 2.315204e+01 1.000000e+00
    endloop
  endfacet
  facet normal 0.000000e+00 0.000000e+00 1.000000e+00
    outer loop
      vertex   6.049792e+00 2.133714e+01 1.000000e+00
      vertex   7.462646e+00 2.315204e+01 1.000000e+00
      vertex   7.236772e+00 2.331615e+01 1.000000e+00
    endloop
  endfacet
  facet normal 0.000000e+00 -0.000000e+00 1.000000e+00
    outer loop
      vertex   6.049792e+00 2.133714e+01 1.000000e+00
      vertex   7.236772e+00 2.331615e+01 1.000000e+00
      vertex   5.901716e+00 2.144115e+01 1.000000e+00
    endloop
  endfacet
  facet normal 0.000000e+00 0.000000e+00 1.000000e+00
    outer loop
      vertex   5.901716e+00 2.144115e+01 1.000000e+00
      vertex   7.236772e+00 2.331615e+01 1.000000e+00
      vertex   7.000000e+00 2.346410e+01 1.000000e+00
    endloop
  endfacet
  facet normal 0.000000e+00 -0.000000e+00 1.000000e+00
    outer loop
      vertex   5.901716e+00 2.144115e+01 1.000000e+00
      vertex   7.000000e+00 2.346410e+01 1.000000e+00
      vertex   5.743423e+00 2.152883e+01 1.000000e+00
    endloop
  endfacet
  facet normal 0.000000e+00 0.000000e+00 1.000000e+00
    outer loop
      vertex   5.743423e+00 2.152883e+01 1.000000e+00
      vertex   7.000000e+00 2.346410e+01 1.000000e+00
      vertex   6.753485e+00 2.359518e+01 1.000000e+00
    endloop
  endfacet
  facet normal 0.000000e+00 0.000000e+00 1.000000e+00
    outer loop
      vertex   5.743423e+00 2.152883e+01 1.000000e+00
      vertex   6.753485e+00 2.359518e+01 1.000000e+00
      vertex   6.498426e+00 2.370874e+01 1.000000e+00
    endloop
  endfacet
  facet normal 0.000000e+00 -0.000000e+00 1.000000e+00
    outer loop
      vertex   5.743423e+00 2.152883e+01 1.000000e+00
      vertex   6.498426e+00 2.370874e+01 1.000000e+00
      vertex   5.576706e+00 2.159919e+01 1.000000e+00
    endloop
  endfacet
  facet normal 0.000000e+00 0.000000e+00 1.000000e+00
    outer loop
      vertex   5.576706e+00 2.159919e+01 1.000000e+00
      vertex   6.498426e+00 2.370874e+01 1.000000e+00
      vertex   6.236068e+00 2.380423e+01 1.000000e+00
    endloop
  endfacet
  facet normal 0.000000e+00 -0.000000e+00 1.000000e+00
    outer loop
      vertex   5.576706e+00 2.159919e+01 1.000000e+00
      vertex   6.236068e+00 2.380423e+01 1.000000e+00
      vertex   5.403455e+00 2.165143e+01 1.000000e+00
    endloop
  endfacet
  facet normal 0.000000e+00 0.000000e+00 1.000000e+00
    outer loop
      vertex   5.403455e+00 2.165143e+01 1.000000e+00
      vertex   6.236068e+00 2.380423e+01 1.000000e+00
      vertex   5.967688e+00 2.388118e+01 1.000000e+00
    endloop
  endfacet
  facet normal 0.000000e+00 0.000000e+00 1.000000e+00
    outer loop
      vertex   5.403455e+00 2.165143e+01 1.000000e+00
      vertex   5.967688e+00 2.388118e+01 1.000000e+00
      vertex   5.694593e+00 2.393923e+01 1.000000e+00
    endloop
  endfacet
  facet normal 0.000000e+00 -0.000000e+00 1.000000e+00
    outer loop
      vertex   5.403455e+00 2.165143e+01 1.000000e+00
      vertex   5.694593e+00 2.393923e+01 1.000000e+00
      vertex   5.225633e+00 2.168496e+01 1.000000e+00
    endloop
  endfacet
  facet normal 0.000000e+00 0.000000e+00 1.000000e+00
    outer loop
      vertex   5.225633e+00 2.168496e+01 1.000000e+00
      vertex   5.694593e+00 2.393923e+01 1.000000e+00
      vertex   5.418114e+00 2.397809e+01 1.000000e+00
    endloop
  endfacet
  facet normal 0.000000e+00 -0.000000e+00 1.000000e+00
    outer loop
      vertex   5.225633e+00 2.168496e+01 1.000000e+00
      vertex   5.418114e+00 2.397809e+01 1.000000e+00
      vertex   5.045255e+00 2.169940e+01 1.000000e+00
    endloop
  endfacet
  facet normal 0.000000e+00 0.000000e+00 1.000000e+00
    outer loop
      vertex   5.045255e+00 2.169940e+01 1.000000e+00
      vertex   5.418114e+00 2.397809e+01 1.000000e+00
      vertex   5.139598e+00 2.399756e+01 1.000000e+00
    endloop
  endfacet
  facet normal 0.000000e+00 -0.000000e+00 1.000000e+00
    outer loop
      vertex   5.045255e+00 2.169940e+01 1.000000e+00
      vertex   5.139598e+00 2.399756e+01 1.000000e+00
      vertex   4.860402e+00 2.399756e+01 1.000000e+00
    endloop
  endfacet
  facet normal 0.000000e+00 0.000000e+00 1.000000e+00
    outer loop
      vertex   5.045255e+00 2.169940e+01 1.000000e+00
      vertex   4.860402e+00 2.399756e+01 1.000000e+00
      vertex   4.864364e+00 2.169458e+01 1.000000e+00
    endloop
  endfacet
  facet normal 0.000000e+00 0.000000e+00 1.000000e+00
    outer loop
      vertex   4.864364e+00 2.169458e+01 1.000000e+00
      vertex   4.860402e+00 2.399756e+01 1.000000e+00
      vertex   4.581886e+00 2.397809e+01 1.000000e+00
    endloop
  endfacet
  facet normal 0.000000e+00 0.000000e+00 1.000000e+00
    outer loop
      vertex   4.864364e+00 2.169458e+01 1.000000e+00
      vertex   4.581886e+00 2.397809e+01 1.000000e+00
      vertex   4.685009e+00 2.167056e+01 1.000000e+00
    endloop
  endfacet
  facet normal 0.000000e+00 0.000000e+00 1.000000e+00
    outer loop
      vertex   4.685009e+00 2.167056e+01 1.000000e+00
      vertex   4.581886e+00 2.397809e+01 1.000000e+00
      vertex   4.305407e+00 2.393923e+01 1.000000e+00
    endloop
  endfacet
  facet normal 0.000000e+00 0.000000e+00 1.000000e+00
    outer loop
      vertex   4.685009e+00 2.167056e+01 1.000000e+00
      vertex   4.305407e+00 2.393923e+01 1.000000e+00
      vertex   4.032312e+00 2.388118e+01 1.000000e+00
    endloop
  endfacet
  facet normal 0.000000e+00 0.000000e+00 1.000000e+00
    outer loop
      vertex   4.685009e+00 2.167056e+01 1.000000e+00
      vertex   4.032312e+00 2.388118e+01 1.000000e+00
      vertex   4.509224e+00 2.162762e+01 1.000000e+00
    endloop
  endfacet
  facet normal 0.000000e+00 0.000000e+00 1.000000e+00
    outer loop
      vertex   4.509224e+00 2.162762e+01 1.000000e+00
      vertex   4.032312e+00 2.388118e+01 1.000000e+00
      vertex   3.763932e+00 2.380423e+01 1.000000e+00
    endloop
  endfacet
  facet normal 0.000000e+00 0.000000e+00 1.000000e+00
    outer loop
      vertex   4.509224e+00 2.162762e+01 1.000000e+00
      vertex   3.763932e+00 2.380423e+01 1.000000e+00
      vertex   4.338999e+00 2.156623e+01 1.000000e+00
    endloop
  endfacet
  facet normal 0.000000e+00 0.000000e+00 1.000000e+00
    outer loop
      vertex   4.338999e+00 2.156623e+01 1.000000e+00
      vertex   3.763932e+00 2.380423e+01 1.000000e+00
      vertex   3.501574e+00 2.370874e+01 1.000000e+00
    endloop
  endfacet
  facet normal 0.000000e+00 0.000000e+00 1.000000e+00
    outer loop
      vertex   4.338999e+00 2.156623e+01 1.000000e+00
      vertex   3.501574e+00 2.370874e+01 1.000000e+00
      vertex   3.246515e+00 2.359518e+01 1.000000e+00
    endloop
  endfacet
  facet normal 0.000000e+00 0.000000e+00 1.000000e+00
    outer loop
      vertex   4.338999e+00 2.156623e+01 1.000000e+00
      vertex   3.246515e+00 2.359518e+01 1.000000e+00
      vertex   4.176264e+00 2.148710e+01 1.000000e+00
    endloop
  endfacet
  facet normal 0.000000e+00 0.000000e+00 1.000000e+00
    outer loop
      vertex   4.176264e+00 2.148710e+01 1.000000e+00
      vertex   3.246515e+00 2.359518e+01 1.000000e+00
      vertex   3.000000e+00 2.346410e+01 1.000000e+00
    endloop
  endfacet
  facet normal 0.000000e+00 0.000000e+00 1.000000e+00
    outer loop
      vertex   4.176264e+00 2.148710e+01 1.000000e+00
      vertex   3.000000e+00 2.346410e+01 1.000000e+00
      vertex   2.763228e+00 2.331615e+01 1.000000e+00
    endloop
  endfacet
  facet normal 0.000000e+00 0.000000e+00 1.000000e+00
    outer loop
      vertex   4.176264e+00 2.148710e+01 1.000000e+00
      vertex   2.763228e+00 2.331615e+01 1.000000e+00
      vertex   4.022861e+00 2.139111e+01 1.000000e+00
    endloop
  endfacet
  facet normal 0.000000e+00 0.000000e+00 1.000000e+00
    outer loop
      vertex   4.022861e+00 2.139111e+01 1.000000e+00
      vertex   2.763228e+00 2.331615e+01 1.000000e+00
      vertex   2.537354e+00 2.315204e+01 1.000000e+00
    endloop
  endfacet
  facet normal 0.000000e+00 0.000000e+00 1.000000e+00
    outer loop
      vertex   4.022861e+00 2.139111e+01 1.000000e+00
      vertex   2.537354e+00 2.315204e+01 1.000000e+00
      vertex   3.880531e+00 2.127937e+01 1.000000e+00
    endloop
  endfacet
  facet normal 0.000000e+00 0.000000e+00 1.000000e+00
    outer loop
      vertex   3.880531e+00 2.127937e+01 1.000000e+00
      vertex   2.537354e+00 2.315204e+01 1.000000e+00
      vertex   2.323478e+00 2.297258e+01 1.000000e+00
    endloop
  endfacet
  facet normal 0.000000e+00 0.000000e+00 1.000000e+00
    outer loop
      vertex   3.880531e+00 2.127937e+01 1.000000e+00
      vertex   2.323478e+00 2.297258e+01 1.000000e+00
      vertex   2.122641e+00 2.277863e+01 1.000000e+00
    endloop
  endfacet
  facet normal 0.000000e+00 0.000000e+00 1.000000e+00
    outer loop
      vertex   3.880531e+00 2.127937e+01 1.000000e+00
      vertex   2.122641e+00 2.277863e+01 1.000000e+00
      vertex   3.750884e+00 2.115313e+01 1.000000e+00
    endloop
  endfacet
  facet normal 0.000000e+00 0.000000e+00 1.000000e+00
    outer loop
      vertex   3.750884e+00 2.115313e+01 1.000000e+00
      vertex   2.122641e+00 2.277863e+01 1.000000e+00
      vertex   1.935822e+00 2.257115e+01 1.000000e+00
    endloop
  endfacet
  facet normal 0.000000e+00 0.000000e+00 1.000000e+00
    outer loop
      vertex   3.750884e+00 2.115313e+01 1.000000e+00
      vertex   1.935822e+00 2.257115e+01 1.000000e+00
      vertex   3.635390e+00 2.101382e+01 1.000000e+00
    endloop
  endfacet
  facet normal 0.000000e+00 0.000000e+00 1.000000e+00
    outer loop
      vertex   3.635390e+00 2.101382e+01 1.000000e+00
      vertex   1.935822e+00 2.257115e+01 1.000000e+00
      vertex   1.763932e+00 2.235114e+01 1.000000e+00
    endloop
  endfacet
  facet normal 0.000000e+00 0.000000e+00 1.000000e+00
    outer loop
      vertex   3.635390e+00 2.101382e+01 1.000000e+00
      vertex   1.763932e+00 2.235114e+01 1.000000e+00
      vertex   1.607808e+00 2.211968e+01 1.000000e+00
    endloop
  endfacet
  facet normal 0.000000e+00 0.000000e+00 1.000000e+00
    outer loop
      vertex   3.635390e+00 2.101382e+01 1.000000e+00
      vertex   1.607808e+00 2.211968e+01 1.000000e+00
      vertex   3.535358e+00 2.086303e+01 1.000000e+00
    endloop
  endfacet
  facet normal 0.000000e+00 0.000000e+00 1.000000e+00
    outer loop
      vertex   3.535358e+00 2.086303e+01 1.000000e+00
      vertex   1.607808e+00 2.211968e+01 1.000000e+00
      vertex   1.468210e+00 2.187789e+01 1.000000e+00
    endloop
  endfacet
  facet normal 0.000000e+00 0.000000e+00 1.000000e+00
    outer loop
      vertex   3.535358e+00 2.086303e+01 1.000000e+00
      vertex   1.468210e+00 2.187789e+01 1.000000e+00
      vertex   3.451921e+00 2.070246e+01 1.000000e+00
    endloop
  endfacet
  facet normal 0.000000e+00 0.000000e+00 1.000000e+00
    outer loop
      vertex   3.451921e+00 2.070246e+01 1.000000e+00
      vertex   1.468210e+00 2.187789e+01 1.000000e+00
      vertex   1.345818e+00 2.162695e+01 1.000000e+00
    endloop
  endfacet
  facet normal 0.000000e+00 0.000000e+00 1.000000e+00
    outer loop
      vertex   3.451921e+00 2.070246e+01 1.000000e+00
      vertex   1.345818e+00 2.162695e+01 1.000000e+00
      vertex   1.241230e+00 2.136808e+01 1.000000e+00
    endloop
  endfacet
  facet normal 0.000000e+00 0.000000e+00 1.000000e+00
    outer loop
      vertex   3.451921e+00 2.070246e+01 1.000000e+00
      vertex   1.241230e+00 2.136808e+01 1.000000e+00
      vertex   3.386024e+00 2.053393e+01 1.000000e+00
    endloop
  endfacet
  facet normal 0.000000e+00 0.000000e+00 1.000000e+00
    outer loop
      vertex   3.386024e+00 2.053393e+01 1.000000e+00
      vertex   1.241230e+00 2.136808e+01 1.000000e+00
      vertex   1.154953e+00 2.110255e+01 1.000000e+00
    endloop
  endfacet
  facet normal 0.000000e+00 0.000000e+00 1.000000e+00
    outer loop
      vertex   3.386024e+00 2.053393e+01 1.000000e+00
      vertex   1.154953e+00 2.110255e+01 1.000000e+00
      vertex   3.338414e+00 2.035935e+01 1.000000e+00
    endloop
  endfacet
  facet normal 0.000000e+00 0.000000e+00 1.000000e+00
    outer loop
      vertex   3.338414e+00 2.035935e+01 1.000000e+00
      vertex   1.154953e+00 2.110255e+01 1.000000e+00
      vertex   1.087410e+00 2.083165e+01 1.000000e+00
    endloop
  endfacet
  facet normal 0.000000e+00 0.000000e+00 1.000000e+00
    outer loop
      vertex   3.338414e+00 2.035935e+01 1.000000e+00
      vertex   1.087410e+00 2.083165e+01 1.000000e+00
      vertex   1.038928e+00 2.055669e+01 1.000000e+00
    endloop
  endfacet
  facet normal 0.000000e+00 0.000000e+00 1.000000e+00
    outer loop
      vertex   3.338414e+00 2.035935e+01 1.000000e+00
      vertex   1.038928e+00 2.055669e+01 1.000000e+00
      vertex   3.309631e+00 2.018070e+01 1.000000e+00
    endloop
  endfacet
  facet normal 0.000000e+00 0.000000e+00 1.000000e+00
    outer loop
      vertex   3.309631e+00 2.018070e+01 1.000000e+00
      vertex   1.038928e+00 2.055669e+01 1.000000e+00
      vertex   1.009744e+00 2.027903e+01 1.000000e+00
    endloop
  endfacet
  facet normal 0.000000e+00 0.000000e+00 1.000000e+00
    outer loop
      vertex   3.309631e+00 2.018070e+01 1.000000e+00
      vertex   1.009744e+00 2.027903e+01 1.000000e+00
      vertex   3.300000e+00 2.000000e+01 1.000000e+00
    endloop
  endfacet
  facet normal 9.985823e-01 -5.322215e-02 9.291280e-04
    outer loop
      vertex   1.530963e+01 3.118070e+01 -1.500000e+00
      vertex   1.530341e+01 3.110761e+01 1.000000e+00
      vertex   1.530000e+01 3.100000e+01 -1.500000e+00
    endloop
  endfacet
  facet normal 9.999486e-01 -1.009333e-02 -9.291280e-04
    outer loop
      vertex   1.530000e+01 3.100000e+01 -1.500000e+00
      vertex   1.530341e+01 3.110761e+01 1.000000e+00
      vertex   1.530158e+01 3.092666e+01 1.000000e+00
    endloop
  endfacet
  facet normal 9.985823e-01 5.322215e-02 9.291280e-04
    outer loop
      vertex   1.530000e+01 3.100000e+01 -1.500000e+00
      vertex   1.530158e+01 3.092666e+01 1.000000e+00
      vertex   1.530963e+01 3.081930e+01 -1.500000e+00
    endloop
  endfacet
  facet normal 9.953566e-01 9.625188e-02 -9.291280e-04
    outer loop
      vertex   1.530963e+01 3.081930e+01 -1.500000e+00
      vertex   1.530158e+01 3.092666e+01 1.000000e+00
      vertex   1.531900e+01 3.074655e+01 1.000000e+00
    endloop
  endfacet
  facet normal 9.872679e-01 1.590634e-01 9.291280e-04
    outer loop
      vertex   1.530963e+01 3.081930e+01 -1.500000e+00
      vertex   1.531900e+01 3.074655e+01 1.000000e+00
      vertex   1.533841e+01 3.064065e+01 -1.500000e+00
    endloop
  endfacet
  facet normal 9.794867e-01 2.015065e-01 -9.291280e-04
    outer loop
      vertex   1.533841e+01 3.064065e+01 -1.500000e+00
      vertex   1.531900e+01 3.074655e+01 1.000000e+00
      vertex   1.535546e+01 3.056930e+01 1.000000e+00
    endloop
  endfacet
  facet normal 9.647675e-01 2.631025e-01 9.291280e-04
    outer loop
      vertex   1.533841e+01 3.064065e+01 -1.500000e+00
      vertex   1.535546e+01 3.056930e+01 1.000000e+00
      vertex   1.538602e+01 3.046607e+01 -1.500000e+00
    endloop
  endfacet
  facet normal 9.525189e-01 3.044780e-01 -9.291280e-04
    outer loop
      vertex   1.538602e+01 3.046607e+01 -1.500000e+00
      vertex   1.535546e+01 3.056930e+01 1.000000e+00
      vertex   1.541056e+01 3.039694e+01 1.000000e+00
    endloop
  endfacet
  facet normal 9.313358e-01 3.641604e-01 9.291280e-04
    outer loop
      vertex   1.538602e+01 3.046607e+01 -1.500000e+00
      vertex   1.541056e+01 3.039694e+01 1.000000e+00
      vertex   1.545192e+01 3.029754e+01 -1.500000e+00
    endloop
  endfacet
  facet normal 9.147587e-01 4.039996e-01 -9.291280e-04
    outer loop
      vertex   1.545192e+01 3.029754e+01 -1.500000e+00
      vertex   1.541056e+01 3.039694e+01 1.000000e+00
      vertex   1.548367e+01 3.023141e+01 1.000000e+00
    endloop
  endfacet
  facet normal 8.873517e-01 4.610923e-01 9.291280e-04
    outer loop
      vertex   1.545192e+01 3.029754e+01 -1.500000e+00
      vertex   1.548367e+01 3.023141e+01 1.000000e+00
      vertex   1.553536e+01 3.013697e+01 -1.500000e+00
    endloop
  endfacet
  facet normal 8.666339e-01 4.989438e-01 -9.291280e-04
    outer loop
      vertex   1.553536e+01 3.013697e+01 -1.500000e+00
      vertex   1.548367e+01 3.023141e+01 1.000000e+00
      vertex   1.557395e+01 3.007459e+01 1.000000e+00
    endloop
  endfacet
  facet normal 8.333136e-01 5.527998e-01 9.291280e-04
    outer loop
      vertex   1.553536e+01 3.013697e+01 -1.500000e+00
      vertex   1.557395e+01 3.007459e+01 1.000000e+00
      vertex   1.563539e+01 2.998618e+01 -1.500000e+00
    endloop
  endfacet
  facet normal 8.086897e-01 5.882347e-01 -9.291280e-04
    outer loop
      vertex   1.563539e+01 2.998618e+01 -1.500000e+00
      vertex   1.557395e+01 3.007459e+01 1.000000e+00
      vertex   1.568040e+01 2.992825e+01 1.000000e+00
    endloop
  endfacet
  facet normal 7.698337e-01 6.382439e-01 9.291280e-04
    outer loop
      vertex   1.563539e+01 2.998618e+01 -1.500000e+00
      vertex   1.568040e+01 2.992825e+01 1.000000e+00
      vertex   1.575088e+01 2.984687e+01 -1.500000e+00
    endloop
  endfacet
  facet normal 7.415828e-01 6.708607e-01 -9.291280e-04
    outer loop
      vertex   1.575088e+01 2.984687e+01 -1.500000e+00
      vertex   1.568040e+01 2.992825e+01 1.000000e+00
      vertex   1.580179e+01 2.979406e+01 1.000000e+00
    endloop
  endfacet
  facet normal 6.976312e-01 7.164564e-01 9.291280e-04
    outer loop
      vertex   1.575088e+01 2.984687e+01 -1.500000e+00
      vertex   1.580179e+01 2.979406e+01 1.000000e+00
      vertex   1.588053e+01 2.972063e+01 -1.500000e+00
    endloop
  endfacet
  facet normal 6.660735e-01 7.458855e-01 -9.291280e-04
    outer loop
      vertex   1.588053e+01 2.972063e+01 -1.500000e+00
      vertex   1.580179e+01 2.979406e+01 1.000000e+00
      vertex   1.593677e+01 2.967353e+01 1.000000e+00
    endloop
  endfacet
  facet normal 6.175243e-01 7.865512e-01 9.291280e-04
    outer loop
      vertex   1.588053e+01 2.972063e+01 -1.500000e+00
      vertex   1.593677e+01 2.967353e+01 1.000000e+00
      vertex   1.602286e+01 2.960889e+01 -1.500000e+00
    endloop
  endfacet
  facet normal 5.830173e-01 8.124592e-01 -9.291280e-04
    outer loop
      vertex   1.602286e+01 2.960889e+01 -1.500000e+00
      vertex   1.593677e+01 2.967353e+01 1.000000e+00
      vertex   1.608378e+01 2.956803e+01 1.000000e+00
    endloop
  endfacet
  facet normal 5.304207e-01 8.477341e-01 9.291280e-04
    outer loop
      vertex   1.602286e+01 2.960889e+01 -1.500000e+00
      vertex   1.608378e+01 2.956803e+01 1.000000e+00
      vertex   1.617626e+01 2.951290e+01 -1.500000e+00
    endloop
  endfacet
  facet normal 4.933553e-01 8.698274e-01 -9.291280e-04
    outer loop
      vertex   1.617626e+01 2.951290e+01 -1.500000e+00
      vertex   1.608378e+01 2.956803e+01 1.000000e+00
      vertex   1.624118e+01 2.947875e+01 1.000000e+00
    endloop
  endfacet
  facet normal 4.373071e-01 8.993117e-01 9.291280e-04
    outer loop
      vertex   1.617626e+01 2.951290e+01 -1.500000e+00
      vertex   1.624118e+01 2.947875e+01 1.000000e+00
      vertex   1.633900e+01 2.943377e+01 -1.500000e+00
    endloop
  endfacet
  facet normal 3.981033e-01 9.173401e-01 -9.291280e-04
    outer loop
      vertex   1.633900e+01 2.943377e+01 -1.500000e+00
      vertex   1.624118e+01 2.947875e+01 1.000000e+00
      vertex   1.640718e+01 2.940671e+01 1.000000e+00
    endloop
  endfacet
  facet normal 3.392387e-01 9.406999e-01 9.291280e-04
    outer loop
      vertex   1.633900e+01 2.943377e+01 -1.500000e+00
      vertex   1.640718e+01 2.940671e+01 1.000000e+00
      vertex   1.650922e+01 2.937238e+01 -1.500000e+00
    endloop
  endfacet
  facet normal 2.983407e-01 9.544590e-01 -9.291280e-04
    outer loop
      vertex   1.650922e+01 2.937238e+01 -1.500000e+00
      vertex   1.640718e+01 2.940671e+01 1.000000e+00
      vertex   1.657990e+01 2.935273e+01 1.000000e+00
    endloop
  endfacet
  facet normal 2.373266e-01 9.714295e-01 9.291280e-04
    outer loop
      vertex   1.650922e+01 2.937238e+01 -1.500000e+00
      vertex   1.657990e+01 2.935273e+01 1.000000e+00
      vertex   1.668501e+01 2.932944e+01 -1.500000e+00
    endloop
  endfacet
  facet normal 1.951978e-01 9.807635e-01 -9.291280e-04
    outer loop
      vertex   1.668501e+01 2.932944e+01 -1.500000e+00
      vertex   1.657990e+01 2.935273e+01 1.000000e+00
      vertex   1.675737e+01 2.931740e+01 1.000000e+00
    endloop
  endfacet
  facet normal 1.327255e-01 9.911524e-01 9.291280e-04
    outer loop
      vertex   1.668501e+01 2.932944e+01 -1.500000e+00
      vertex   1.675737e+01 2.931740e+01 1.000000e+00
      vertex   1.686436e+01 2.930542e+01 -1.500000e+00
    endloop
  endfacet
  facet normal 8.984316e-02 9.959555e-01 -9.291280e-04
    outer loop
      vertex   1.686436e+01 2.930542e+01 -1.500000e+00
      vertex   1.675737e+01 2.931740e+01 1.000000e+00
      vertex   1.693760e+01 2.930115e+01 1.000000e+00
    endloop
  endfacet
  facet normal 2.662051e-02 9.996452e-01 9.291280e-04
    outer loop
      vertex   1.686436e+01 2.930542e+01 -1.500000e+00
      vertex   1.693760e+01 2.930115e+01 1.000000e+00
      vertex   1.704526e+01 2.930060e+01 -1.500000e+00
    endloop
  endfacet
  facet normal -1.652940e-02 9.998629e-01 -9.291280e-04
    outer loop
      vertex   1.704526e+01 2.930060e+01 -1.500000e+00
      vertex   1.693760e+01 2.930115e+01 1.000000e+00
      vertex   1.711853e+01 2.930414e+01 1.000000e+00
    endloop
  endfacet
  facet normal -7.978607e-02 9.968116e-01 9.291280e-04
    outer loop
      vertex   1.704526e+01 2.930060e+01 -1.500000e+00
      vertex   1.711853e+01 2.930414e+01 1.000000e+00
      vertex   1.722563e+01 2.931504e+01 -1.500000e+00
    endloop
  endfacet
  facet normal -1.227147e-01 9.924416e-01 -9.291280e-04
    outer loop
      vertex   1.722563e+01 2.931504e+01 -1.500000e+00
      vertex   1.711853e+01 2.930414e+01 1.000000e+00
      vertex   1.729811e+01 2.932634e+01 1.000000e+00
    endloop
  endfacet
  facet normal -1.852886e-01 9.826837e-01 9.291280e-04
    outer loop
      vertex   1.722563e+01 2.931504e+01 -1.500000e+00
      vertex   1.729811e+01 2.932634e+01 1.000000e+00
      vertex   1.740346e+01 2.934857e+01 -1.500000e+00
    endloop
  endfacet
  facet normal -2.275095e-01 9.737754e-01 -9.291280e-04
    outer loop
      vertex   1.740346e+01 2.934857e+01 -1.500000e+00
      vertex   1.729811e+01 2.932634e+01 1.000000e+00
      vertex   1.747432e+01 2.936751e+01 1.000000e+00
    endloop
  endfacet
  facet normal -2.886918e-01 9.574216e-01 9.291280e-04
    outer loop
      vertex   1.740346e+01 2.934857e+01 -1.500000e+00
      vertex   1.747432e+01 2.936751e+01 1.000000e+00
      vertex   1.757671e+01 2.940081e+01 -1.500000e+00
    endloop
  endfacet
  facet normal -3.297266e-01 9.440760e-01 -9.291280e-04
    outer loop
      vertex   1.757671e+01 2.940081e+01 -1.500000e+00
      vertex   1.747432e+01 2.936751e+01 1.000000e+00
      vertex   1.764516e+01 2.942718e+01 1.000000e+00
    endloop
  endfacet
  facet normal -3.888240e-01 9.213116e-01 9.291280e-04
    outer loop
      vertex   1.757671e+01 2.940081e+01 -1.500000e+00
      vertex   1.764516e+01 2.942718e+01 1.000000e+00
      vertex   1.774342e+01 2.947117e+01 -1.500000e+00
    endloop
  endfacet
  facet normal -4.282078e-01 9.036798e-01 -9.291280e-04
    outer loop
      vertex   1.774342e+01 2.947117e+01 -1.500000e+00
      vertex   1.764516e+01 2.942718e+01 1.000000e+00
      vertex   1.780869e+01 2.950466e+01 1.000000e+00
    endloop
  endfacet
  facet normal -4.845507e-01 8.747627e-01 9.291280e-04
    outer loop
      vertex   1.774342e+01 2.947117e+01 -1.500000e+00
      vertex   1.780869e+01 2.950466e+01 1.000000e+00
      vertex   1.790172e+01 2.955885e+01 -1.500000e+00
    endloop
  endfacet
  facet normal -5.218372e-01 8.530446e-01 -9.291280e-04
    outer loop
      vertex   1.790172e+01 2.955885e+01 -1.500000e+00
      vertex   1.780869e+01 2.950466e+01 1.000000e+00
      vertex   1.796305e+01 2.959909e+01 1.000000e+00
    endloop
  endfacet
  facet normal -5.747872e-01 8.183024e-01 9.291280e-04
    outer loop
      vertex   1.790172e+01 2.955885e+01 -1.500000e+00
      vertex   1.796305e+01 2.959909e+01 1.000000e+00
      vertex   1.804979e+01 2.966286e+01 -1.500000e+00
    endloop
  endfacet
  facet normal -6.095540e-01 7.927440e-01 -9.291280e-04
    outer loop
      vertex   1.804979e+01 2.966286e+01 -1.500000e+00
      vertex   1.796305e+01 2.959909e+01 1.000000e+00
      vertex   1.810650e+01 2.970940e+01 1.000000e+00
    endloop
  endfacet
  facet normal -6.585111e-01 7.525704e-01 9.291280e-04
    outer loop
      vertex   1.804979e+01 2.966286e+01 -1.500000e+00
      vertex   1.810650e+01 2.970940e+01 1.000000e+00
      vertex   1.818597e+01 2.978202e+01 -1.500000e+00
    endloop
  endfacet
  facet normal -6.903642e-01 7.234614e-01 -9.291280e-04
    outer loop
      vertex   1.818597e+01 2.978202e+01 -1.500000e+00
      vertex   1.810650e+01 2.970940e+01 1.000000e+00
      vertex   1.823741e+01 2.983432e+01 1.000000e+00
    endloop
  endfacet
  facet normal -7.347738e-01 6.783115e-01 9.291280e-04
    outer loop
      vertex   1.818597e+01 2.978202e+01 -1.500000e+00
      vertex   1.823741e+01 2.983432e+01 1.000000e+00
      vertex   1.830872e+01 2.991499e+01 -1.500000e+00
    endloop
  endfacet
  facet normal -7.633524e-01 6.459816e-01 -9.291280e-04
    outer loop
      vertex   1.830872e+01 2.991499e+01 -1.500000e+00
      vertex   1.823741e+01 2.983432e+01 1.000000e+00
      vertex   1.835431e+01 2.997245e+01 1.000000e+00
    endloop
  endfacet
  facet normal -8.027113e-01 5.963671e-01 9.291280e-04
    outer loop
      vertex   1.830872e+01 2.991499e+01 -1.500000e+00
      vertex   1.835431e+01 2.997245e+01 1.000000e+00
      vertex   1.841663e+01 3.006024e+01 -1.500000e+00
    endloop
  endfacet
  facet normal -8.276915e-01 5.611826e-01 -9.291280e-04
    outer loop
      vertex   1.841663e+01 3.006024e+01 -1.500000e+00
      vertex   1.835431e+01 2.997245e+01 1.000000e+00
      vertex   1.845586e+01 3.012223e+01 1.000000e+00
    endloop
  endfacet
  facet normal -8.615537e-01 5.076656e-01 9.291280e-04
    outer loop
      vertex   1.841663e+01 3.006024e+01 -1.500000e+00
      vertex   1.845586e+01 3.012223e+01 1.000000e+00
      vertex   1.850850e+01 3.021614e+01 -1.500000e+00
    endloop
  endfacet
  facet normal -8.826525e-01 4.700252e-01 -9.291280e-04
    outer loop
      vertex   1.850850e+01 3.021614e+01 -1.500000e+00
      vertex   1.845586e+01 3.012223e+01 1.000000e+00
      vertex   1.854091e+01 3.028195e+01 1.000000e+00
    endloop
  endfacet
  facet normal -9.106344e-01 4.132120e-01 9.291280e-04
    outer loop
      vertex   1.850850e+01 3.021614e+01 -1.500000e+00
      vertex   1.854091e+01 3.028195e+01 1.000000e+00
      vertex   1.858327e+01 3.038093e+01 -1.500000e+00
    endloop
  endfacet
  facet normal -9.276127e-01 3.735422e-01 -9.291280e-04
    outer loop
      vertex   1.858327e+01 3.038093e+01 -1.500000e+00
      vertex   1.854091e+01 3.028195e+01 1.000000e+00
      vertex   1.860850e+01 3.044981e+01 1.000000e+00
    endloop
  endfacet
  facet normal -9.493972e-01 3.140766e-01 9.291280e-04
    outer loop
      vertex   1.858327e+01 3.038093e+01 -1.500000e+00
      vertex   1.860850e+01 3.044981e+01 1.000000e+00
      vertex   1.864011e+01 3.055273e+01 -1.500000e+00
    endloop
  endfacet
  facet normal -9.620627e-01 2.728268e-01 -9.291280e-04
    outer loop
      vertex   1.864011e+01 3.055273e+01 -1.500000e+00
      vertex   1.860850e+01 3.044981e+01 1.000000e+00
      vertex   1.865787e+01 3.062390e+01 1.000000e+00
    endloop
  endfacet
  facet normal -9.774030e-01 2.113825e-01 9.291280e-04
    outer loop
      vertex   1.864011e+01 3.055273e+01 -1.500000e+00
      vertex   1.865787e+01 3.062390e+01 1.000000e+00
      vertex   1.867836e+01 3.072959e+01 -1.500000e+00
    endloop
  endfacet
  facet normal -9.856122e-01 1.690201e-01 -9.291280e-04
    outer loop
      vertex   1.867836e+01 3.072959e+01 -1.500000e+00
      vertex   1.865787e+01 3.062390e+01 1.000000e+00
      vertex   1.868846e+01 3.080225e+01 1.000000e+00
    endloop
  endfacet
  facet normal -9.943344e-01 1.062934e-01 9.291280e-04
    outer loop
      vertex   1.867836e+01 3.072959e+01 -1.500000e+00
      vertex   1.868846e+01 3.080225e+01 1.000000e+00
      vertex   1.869759e+01 3.090952e+01 -1.500000e+00
    endloop
  endfacet
  facet normal -9.979942e-01 6.329847e-02 -9.291280e-04
    outer loop
      vertex   1.869759e+01 3.090952e+01 -1.500000e+00
      vertex   1.868846e+01 3.080225e+01 1.000000e+00
      vertex   1.869991e+01 3.098284e+01 1.000000e+00
    endloop
  endfacet
  facet normal -9.999996e-01 0.000000e+00 9.291280e-04
    outer loop
      vertex   1.869759e+01 3.090952e+01 -1.500000e+00
      vertex   1.869991e+01 3.098284e+01 1.000000e+00
      vertex   1.869759e+01 3.109048e+01 -1.500000e+00
    endloop
  endfacet
  facet normal -9.990686e-01 -4.314042e-02 -9.291280e-04
    outer loop
      vertex   1.869759e+01 3.109048e+01 -1.500000e+00
      vertex   1.869991e+01 3.098284e+01 1.000000e+00
      vertex   1.869211e+01 3.116363e+01 1.000000e+00
    endloop
  endfacet
  facet normal -9.943344e-01 -1.062934e-01 9.291280e-04
    outer loop
      vertex   1.869759e+01 3.109048e+01 -1.500000e+00
      vertex   1.869211e+01 3.116363e+01 1.000000e+00
      vertex   1.867836e+01 3.127041e+01 -1.500000e+00
    endloop
  endfacet
  facet normal -9.888231e-01 -1.490905e-01 -9.291280e-04
    outer loop
      vertex   1.867836e+01 3.127041e+01 -1.500000e+00
      vertex   1.869211e+01 3.116363e+01 1.000000e+00
      vertex   1.866513e+01 3.134256e+01 1.000000e+00
    endloop
  endfacet
  facet normal -9.774030e-01 -2.113825e-01 9.291280e-04
    outer loop
      vertex   1.867836e+01 3.127041e+01 -1.500000e+00
      vertex   1.866513e+01 3.134256e+01 1.000000e+00
      vertex   1.864011e+01 3.144727e+01 -1.500000e+00
    endloop
  endfacet
  facet normal -9.673739e-01 -2.533513e-01 -9.291280e-04
    outer loop
      vertex   1.864011e+01 3.144727e+01 -1.500000e+00
      vertex   1.866513e+01 3.134256e+01 1.000000e+00
      vertex   1.861928e+01 3.151761e+01 1.000000e+00
    endloop
  endfacet
  facet normal -9.493972e-01 -3.140766e-01 9.291280e-04
    outer loop
      vertex   1.864011e+01 3.144727e+01 -1.500000e+00
      vertex   1.861928e+01 3.151761e+01 1.000000e+00
      vertex   1.858327e+01 3.161907e+01 -1.500000e+00
    endloop
  endfacet
  facet normal -9.349639e-01 -3.547416e-01 -9.291280e-04
    outer loop
      vertex   1.858327e+01 3.161907e+01 -1.500000e+00
      vertex   1.861928e+01 3.151761e+01 1.000000e+00
      vertex   1.855509e+01 3.168680e+01 1.000000e+00
    endloop
  endfacet
  facet normal -9.106344e-01 -4.132120e-01 9.291280e-04
    outer loop
      vertex   1.858327e+01 3.161907e+01 -1.500000e+00
      vertex   1.855509e+01 3.168680e+01 1.000000e+00
      vertex   1.850850e+01 3.178386e+01 -1.500000e+00
    endloop
  endfacet
  facet normal -8.919604e-01 -4.521125e-01 -9.291280e-04
    outer loop
      vertex   1.850850e+01 3.178386e+01 -1.500000e+00
      vertex   1.855509e+01 3.168680e+01 1.000000e+00
      vertex   1.847328e+01 3.184821e+01 1.000000e+00
    endloop
  endfacet
  facet normal -8.615537e-01 -5.076656e-01 9.291280e-04
    outer loop
      vertex   1.850850e+01 3.178386e+01 -1.500000e+00
      vertex   1.847328e+01 3.184821e+01 1.000000e+00
      vertex   1.841663e+01 3.193976e+01 -1.500000e+00
    endloop
  endfacet
  facet normal -8.388507e-01 -5.443608e-01 -9.291280e-04
    outer loop
      vertex   1.841663e+01 3.193976e+01 -1.500000e+00
      vertex   1.847328e+01 3.184821e+01 1.000000e+00
      vertex   1.837477e+01 3.200000e+01 1.000000e+00
    endloop
  endfacet
  facet normal -8.027113e-01 -5.963671e-01 9.291280e-04
    outer loop
      vertex   1.841663e+01 3.193976e+01 -1.500000e+00
      vertex   1.837477e+01 3.200000e+01 1.000000e+00
      vertex   1.830872e+01 3.208502e+01 -1.500000e+00
    endloop
  endfacet
  facet normal -7.762364e-01 -6.304412e-01 -9.291280e-04
    outer loop
      vertex   1.830872e+01 3.208502e+01 -1.500000e+00
      vertex   1.837477e+01 3.200000e+01 1.000000e+00
      vertex   1.826069e+01 3.214046e+01 1.000000e+00
    endloop
  endfacet
  facet normal -7.347738e-01 -6.783115e-01 9.291280e-04
    outer loop
      vertex   1.830872e+01 3.208502e+01 -1.500000e+00
      vertex   1.826069e+01 3.214046e+01 1.000000e+00
      vertex   1.818597e+01 3.221798e+01 -1.500000e+00
    endloop
  endfacet
  facet normal -7.048271e-01 -7.093785e-01 -9.291280e-04
    outer loop
      vertex   1.818597e+01 3.221798e+01 -1.500000e+00
      vertex   1.826069e+01 3.214046e+01 1.000000e+00
      vertex   1.813233e+01 3.226801e+01 1.000000e+00
    endloop
  endfacet
  facet normal -6.585111e-01 -7.525704e-01 9.291280e-04
    outer loop
      vertex   1.818597e+01 3.221798e+01 -1.500000e+00
      vertex   1.813233e+01 3.226801e+01 1.000000e+00
      vertex   1.804979e+01 3.233714e+01 -1.500000e+00
    endloop
  endfacet
  facet normal -6.254318e-01 -7.802783e-01 -9.291280e-04
    outer loop
      vertex   1.804979e+01 3.233714e+01 -1.500000e+00
      vertex   1.813233e+01 3.226801e+01 1.000000e+00
      vertex   1.799113e+01 3.238118e+01 1.000000e+00
    endloop
  endfacet
  facet normal -5.747872e-01 -8.183024e-01 9.291280e-04
    outer loop
      vertex   1.804979e+01 3.233714e+01 -1.500000e+00
      vertex   1.799113e+01 3.238118e+01 1.000000e+00
      vertex   1.790172e+01 3.244115e+01 -1.500000e+00
    endloop
  endfacet
  facet normal -5.389501e-01 -8.423372e-01 -9.291280e-04
    outer loop
      vertex   1.790172e+01 3.244115e+01 -1.500000e+00
      vertex   1.799113e+01 3.238118e+01 1.000000e+00
      vertex   1.783870e+01 3.247871e+01 1.000000e+00
    endloop
  endfacet
  facet normal -4.845507e-01 -8.747627e-01 9.291280e-04
    outer loop
      vertex   1.790172e+01 3.244115e+01 -1.500000e+00
      vertex   1.783870e+01 3.247871e+01 1.000000e+00
      vertex   1.774342e+01 3.252883e+01 -1.500000e+00
    endloop
  endfacet
  facet normal -4.463619e-01 -8.948520e-01 -9.291280e-04
    outer loop
      vertex   1.774342e+01 3.252883e+01 -1.500000e+00
      vertex   1.783870e+01 3.247871e+01 1.000000e+00
      vertex   1.767678e+01 3.255948e+01 1.000000e+00
    endloop
  endfacet
  facet normal -3.888240e-01 -9.213116e-01 9.291280e-04
    outer loop
      vertex   1.774342e+01 3.252883e+01 -1.500000e+00
      vertex   1.767678e+01 3.255948e+01 1.000000e+00
      vertex   1.757671e+01 3.259919e+01 -1.500000e+00
    endloop
  endfacet
  facet normal -3.487162e-01 -9.372279e-01 -9.291280e-04
    outer loop
      vertex   1.757671e+01 3.259919e+01 -1.500000e+00
      vertex   1.767678e+01 3.255948e+01 1.000000e+00
      vertex   1.750718e+01 3.262258e+01 1.000000e+00
    endloop
  endfacet
  facet normal -2.886918e-01 -9.574216e-01 9.291280e-04
    outer loop
      vertex   1.757671e+01 3.259919e+01 -1.500000e+00
      vertex   1.750718e+01 3.262258e+01 1.000000e+00
      vertex   1.740346e+01 3.265143e+01 -1.500000e+00
    endloop
  endfacet
  facet normal -2.471195e-01 -9.689846e-01 -9.291280e-04
    outer loop
      vertex   1.740346e+01 3.265143e+01 -1.500000e+00
      vertex   1.750718e+01 3.262258e+01 1.000000e+00
      vertex   1.733184e+01 3.266730e+01 1.000000e+00
    endloop
  endfacet
  facet normal -1.852886e-01 -9.826837e-01 9.291280e-04
    outer loop
      vertex   1.740346e+01 3.265143e+01 -1.500000e+00
      vertex   1.733184e+01 3.266730e+01 1.000000e+00
      vertex   1.722563e+01 3.268496e+01 -1.500000e+00
    endloop
  endfacet
  facet normal -1.427227e-01 -9.897623e-01 -9.291280e-04
    outer loop
      vertex   1.722563e+01 3.268496e+01 -1.500000e+00
      vertex   1.733184e+01 3.266730e+01 1.000000e+00
      vertex   1.715273e+01 3.269313e+01 1.000000e+00
    endloop
  endfacet
  facet normal -7.978607e-02 -9.968116e-01 9.291280e-04
    outer loop
      vertex   1.722563e+01 3.268496e+01 -1.500000e+00
      vertex   1.715273e+01 3.269313e+01 1.000000e+00
      vertex   1.704526e+01 3.269940e+01 -1.500000e+00
    endloop
  endfacet
  facet normal -3.670891e-02 -9.993256e-01 -9.291280e-04
    outer loop
      vertex   1.704526e+01 3.269940e+01 -1.500000e+00
      vertex   1.715273e+01 3.269313e+01 1.000000e+00
      vertex   1.697190e+01 3.269977e+01 1.000000e+00
    endloop
  endfacet
  facet normal 2.662051e-02 -9.996452e-01 9.291280e-04
    outer loop
      vertex   1.704526e+01 3.269940e+01 -1.500000e+00
      vertex   1.697190e+01 3.269977e+01 1.000000e+00
      vertex   1.686436e+01 3.269458e+01 -1.500000e+00
    endloop
  endfacet
  facet normal 6.972085e-02 -9.975661e-01 -9.291280e-04
    outer loop
      vertex   1.686436e+01 3.269458e+01 -1.500000e+00
      vertex   1.697190e+01 3.269977e+01 1.000000e+00
      vertex   1.679139e+01 3.268715e+01 1.000000e+00
    endloop
  endfacet
  facet normal 1.327255e-01 -9.911524e-01 9.291280e-04
    outer loop
      vertex   1.686436e+01 3.269458e+01 -1.500000e+00
      vertex   1.679139e+01 3.268715e+01 1.000000e+00
      vertex   1.668501e+01 3.267056e+01 -1.500000e+00
    endloop
  endfacet
  facet normal 1.753607e-01 -9.845038e-01 -9.291280e-04
    outer loop
      vertex   1.668501e+01 3.267056e+01 -1.500000e+00
      vertex   1.679139e+01 3.268715e+01 1.000000e+00
      vertex   1.661323e+01 3.265542e+01 1.000000e+00
    endloop
  endfacet
  facet normal 2.373266e-01 -9.714295e-01 9.291280e-04
    outer loop
      vertex   1.668501e+01 3.267056e+01 -1.500000e+00
      vertex   1.661323e+01 3.265542e+01 1.000000e+00
      vertex   1.650922e+01 3.262762e+01 -1.500000e+00
    endloop
  endfacet
  facet normal 2.790135e-01 -9.602867e-01 -9.291280e-04
    outer loop
      vertex   1.650922e+01 3.262762e+01 -1.500000e+00
      vertex   1.661323e+01 3.265542e+01 1.000000e+00
      vertex   1.643946e+01 3.260493e+01 1.000000e+00
    endloop
  endfacet
  facet normal 3.392387e-01 -9.406999e-01 9.291280e-04
    outer loop
      vertex   1.650922e+01 3.262762e+01 -1.500000e+00
      vertex   1.643946e+01 3.260493e+01 1.000000e+00
      vertex   1.633900e+01 3.256623e+01 -1.500000e+00
    endloop
  endfacet
  facet normal 3.795051e-01 -9.251892e-01 -9.291280e-04
    outer loop
      vertex   1.633900e+01 3.256623e+01 -1.500000e+00
      vertex   1.643946e+01 3.260493e+01 1.000000e+00
      vertex   1.627205e+01 3.253626e+01 1.000000e+00
    endloop
  endfacet
  facet normal 4.373071e-01 -8.993117e-01 9.291280e-04
    outer loop
      vertex   1.633900e+01 3.256623e+01 -1.500000e+00
      vertex   1.627205e+01 3.253626e+01 1.000000e+00
      vertex   1.617626e+01 3.248710e+01 -1.500000e+00
    endloop
  endfacet
  facet normal 4.756967e-01 -8.796089e-01 -9.291280e-04
    outer loop
      vertex   1.617626e+01 3.248710e+01 -1.500000e+00
      vertex   1.627205e+01 3.253626e+01 1.000000e+00
      vertex   1.611288e+01 3.245018e+01 1.000000e+00
    endloop
  endfacet
  facet normal 5.304207e-01 -8.477341e-01 9.291280e-04
    outer loop
      vertex   1.617626e+01 3.248710e+01 -1.500000e+00
      vertex   1.611288e+01 3.245018e+01 1.000000e+00
      vertex   1.602286e+01 3.239112e+01 -1.500000e+00
    endloop
  endfacet
  facet normal 5.664985e-01 -8.240623e-01 -9.291280e-04
    outer loop
      vertex   1.602286e+01 3.239112e+01 -1.500000e+00
      vertex   1.611288e+01 3.245018e+01 1.000000e+00
      vertex   1.596376e+01 3.234767e+01 1.000000e+00
    endloop
  endfacet
  facet normal 6.175243e-01 -7.865512e-01 9.291280e-04
    outer loop
      vertex   1.602286e+01 3.239112e+01 -1.500000e+00
      vertex   1.596376e+01 3.234767e+01 1.000000e+00
      vertex   1.588053e+01 3.227937e+01 -1.500000e+00
    endloop
  endfacet
  facet normal 6.508816e-01 -7.591787e-01 -9.291280e-04
    outer loop
      vertex   1.588053e+01 3.227937e+01 -1.500000e+00
      vertex   1.596376e+01 3.234767e+01 1.000000e+00
      vertex   1.582638e+01 3.222989e+01 1.000000e+00
    endloop
  endfacet
  facet normal 6.976312e-01 -7.164564e-01 9.291280e-04
    outer loop
      vertex   1.588053e+01 3.227937e+01 -1.500000e+00
      vertex   1.582638e+01 3.222989e+01 1.000000e+00
      vertex   1.575088e+01 3.215313e+01 -1.500000e+00
    endloop
  endfacet
  facet normal 7.278900e-01 -6.856933e-01 -9.291280e-04
    outer loop
      vertex   1.575088e+01 3.215313e+01 -1.500000e+00
      vertex   1.582638e+01 3.222989e+01 1.000000e+00
      vertex   1.570230e+01 3.209817e+01 1.000000e+00
    endloop
  endfacet
  facet normal 7.698337e-01 -6.382439e-01 9.291280e-04
    outer loop
      vertex   1.575088e+01 3.215313e+01 -1.500000e+00
      vertex   1.570230e+01 3.209817e+01 1.000000e+00
      vertex   1.563539e+01 3.201383e+01 -1.500000e+00
    endloop
  endfacet
  facet normal 7.966511e-01 -6.044388e-01 -9.291280e-04
    outer loop
      vertex   1.563539e+01 3.201383e+01 -1.500000e+00
      vertex   1.570230e+01 3.209817e+01 1.000000e+00
      vertex   1.559292e+01 3.195401e+01 1.000000e+00
    endloop
  endfacet
  facet normal 8.333136e-01 -5.527998e-01 9.291280e-04
    outer loop
      vertex   1.563539e+01 3.201383e+01 -1.500000e+00
      vertex   1.559292e+01 3.195401e+01 1.000000e+00
      vertex   1.553536e+01 3.186303e+01 -1.500000e+00
    endloop
  endfacet
  facet normal 8.563858e-01 -5.163357e-01 -9.291280e-04
    outer loop
      vertex   1.553536e+01 3.186303e+01 -1.500000e+00
      vertex   1.559292e+01 3.195401e+01 1.000000e+00
      vertex   1.549949e+01 3.179904e+01 1.000000e+00
    endloop
  endfacet
  facet normal 8.873517e-01 -4.610923e-01 9.291280e-04
    outer loop
      vertex   1.553536e+01 3.186303e+01 -1.500000e+00
      vertex   1.549949e+01 3.179904e+01 1.000000e+00
      vertex   1.545192e+01 3.170246e+01 -1.500000e+00
    endloop
  endfacet
  facet normal 9.064173e-01 -4.223823e-01 -9.291280e-04
    outer loop
      vertex   1.545192e+01 3.170246e+01 -1.500000e+00
      vertex   1.549949e+01 3.179904e+01 1.000000e+00
      vertex   1.542306e+01 3.163502e+01 1.000000e+00
    endloop
  endfacet
  facet normal 9.313358e-01 -3.641604e-01 9.291280e-04
    outer loop
      vertex   1.545192e+01 3.170246e+01 -1.500000e+00
      vertex   1.542306e+01 3.163502e+01 1.000000e+00
      vertex   1.538602e+01 3.153393e+01 -1.500000e+00
    endloop
  endfacet
  facet normal 9.461788e-01 -3.236432e-01 -9.291280e-04
    outer loop
      vertex   1.538602e+01 3.153393e+01 -1.500000e+00
      vertex   1.542306e+01 3.163502e+01 1.000000e+00
      vertex   1.536449e+01 3.146381e+01 1.000000e+00
    endloop
  endfacet
  facet normal 9.647675e-01 -2.631025e-01 9.291280e-04
    outer loop
      vertex   1.538602e+01 3.153393e+01 -1.500000e+00
      vertex   1.536449e+01 3.146381e+01 1.000000e+00
      vertex   1.533841e+01 3.135935e+01 -1.500000e+00
    endloop
  endfacet
  facet normal 9.752196e-01 -2.212370e-01 -9.291280e-04
    outer loop
      vertex   1.533841e+01 3.135935e+01 -1.500000e+00
      vertex   1.536449e+01 3.146381e+01 1.000000e+00
      vertex   1.532446e+01 3.128733e+01 1.000000e+00
    endloop
  endfacet
  facet normal 9.872679e-01 -1.590634e-01 9.291280e-04
    outer loop
      vertex   1.533841e+01 3.135935e+01 -1.500000e+00
      vertex   1.532446e+01 3.128733e+01 1.000000e+00
      vertex   1.530963e+01 3.118070e+01 -1.500000e+00
    endloop
  endfacet
  facet normal 9.932109e-01 -1.163242e-01 -9.291280e-04
    outer loop
      vertex   1.530963e+01 3.118070e+01 -1.500000e+00
      vertex   1.532446e+01 3.128733e+01 1.000000e+00
      vertex   1.530341e+01 3.110761e+01 1.000000e+00
    endloop
  endfacet
  facet normal 9.985826e-01 -5.322217e-02 3.306865e-04
    outer loop
      vertex   1.530963e+01 9.180699e+00 -1.500000e+00
      vertex   1.530009e+01 9.017158e+00 1.000000e+00
      vertex   1.530000e+01 9.000000e+00 -1.500000e+00
    endloop
  endfacet
  facet normal 9.990689e-01 4.314087e-02 -3.306865e-04
    outer loop
      vertex   1.530000e+01 9.000000e+00 -1.500000e+00
      vertex   1.530009e+01 9.017158e+00 1.000000e+00
      vertex   1.530789e+01 8.836371e+00 1.000000e+00
    endloop
  endfacet
  facet normal 9.985826e-01 5.322217e-02 3.306865e-04
    outer loop
      vertex   1.530000e+01 9.000000e+00 -1.500000e+00
      vertex   1.530789e+01 8.836371e+00 1.000000e+00
      vertex   1.530963e+01 8.819301e+00 -1.500000e+00
    endloop
  endfacet
  facet normal 9.888234e-01 1.490910e-01 -3.306865e-04
    outer loop
      vertex   1.530963e+01 8.819301e+00 -1.500000e+00
      vertex   1.530789e+01 8.836371e+00 1.000000e+00
      vertex   1.533487e+01 8.657438e+00 1.000000e+00
    endloop
  endfacet
  facet normal 9.872683e-01 1.590635e-01 3.306865e-04
    outer loop
      vertex   1.530963e+01 8.819301e+00 -1.500000e+00
      vertex   1.533487e+01 8.657438e+00 1.000000e+00
      vertex   1.533841e+01 8.640650e+00 -1.500000e+00
    endloop
  endfacet
  facet normal 9.673741e-01 2.533518e-01 -3.306865e-04
    outer loop
      vertex   1.533841e+01 8.640650e+00 -1.500000e+00
      vertex   1.533487e+01 8.657438e+00 1.000000e+00
      vertex   1.538072e+01 8.482386e+00 1.000000e+00
    endloop
  endfacet
  facet normal 9.647678e-01 2.631025e-01 3.306865e-04
    outer loop
      vertex   1.533841e+01 8.640650e+00 -1.500000e+00
      vertex   1.538072e+01 8.482386e+00 1.000000e+00
      vertex   1.538602e+01 8.466070e+00 -1.500000e+00
    endloop
  endfacet
  facet normal 9.349641e-01 3.547421e-01 -3.306865e-04
    outer loop
      vertex   1.538602e+01 8.466070e+00 -1.500000e+00
      vertex   1.538072e+01 8.482386e+00 1.000000e+00
      vertex   1.544491e+01 8.313200e+00 1.000000e+00
    endloop
  endfacet
  facet normal 9.313361e-01 3.641606e-01 3.306865e-04
    outer loop
      vertex   1.538602e+01 8.466070e+00 -1.500000e+00
      vertex   1.544491e+01 8.313200e+00 1.000000e+00
      vertex   1.545192e+01 8.297539e+00 -1.500000e+00
    endloop
  endfacet
  facet normal 8.919606e-01 4.521130e-01 -3.306865e-04
    outer loop
      vertex   1.545192e+01 8.297539e+00 -1.500000e+00
      vertex   1.544491e+01 8.313200e+00 1.000000e+00
      vertex   1.552672e+01 8.151795e+00 1.000000e+00
    endloop
  endfacet
  facet normal 8.873520e-01 4.610925e-01 3.306865e-04
    outer loop
      vertex   1.545192e+01 8.297539e+00 -1.500000e+00
      vertex   1.552672e+01 8.151795e+00 1.000000e+00
      vertex   1.553536e+01 8.136968e+00 -1.500000e+00
    endloop
  endfacet
  facet normal 8.388508e-01 5.443613e-01 -3.306865e-04
    outer loop
      vertex   1.553536e+01 8.136968e+00 -1.500000e+00
      vertex   1.552672e+01 8.151795e+00 1.000000e+00
      vertex   1.562523e+01 8.000000e+00 1.000000e+00
    endloop
  endfacet
  facet normal 8.333139e-01 5.528000e-01 3.306865e-04
    outer loop
      vertex   1.553536e+01 8.136968e+00 -1.500000e+00
      vertex   1.562523e+01 8.000000e+00 1.000000e+00
      vertex   1.563539e+01 7.986175e+00 -1.500000e+00
    endloop
  endfacet
  facet normal 7.762365e-01 6.304418e-01 -3.306865e-04
    outer loop
      vertex   1.563539e+01 7.986175e+00 -1.500000e+00
      vertex   1.562523e+01 8.000000e+00 1.000000e+00
      vertex   1.573931e+01 7.859536e+00 1.000000e+00
    endloop
  endfacet
  facet normal 7.698339e-01 6.382441e-01 3.306865e-04
    outer loop
      vertex   1.563539e+01 7.986175e+00 -1.500000e+00
      vertex   1.573931e+01 7.859536e+00 1.000000e+00
      vertex   1.575088e+01 7.846870e+00 -1.500000e+00
    endloop
  endfacet
  facet normal 7.048271e-01 7.093791e-01 -3.306865e-04
    outer loop
      vertex   1.575088e+01 7.846870e+00 -1.500000e+00
      vertex   1.573931e+01 7.859536e+00 1.000000e+00
      vertex   1.586768e+01 7.731994e+00 1.000000e+00
    endloop
  endfacet
  facet normal 6.976315e-01 7.164567e-01 3.306865e-04
    outer loop
      vertex   1.575088e+01 7.846870e+00 -1.500000e+00
      vertex   1.586768e+01 7.731994e+00 1.000000e+00
      vertex   1.588053e+01 7.720630e+00 -1.500000e+00
    endloop
  endfacet
  facet normal 6.254317e-01 7.802788e-01 -3.306865e-04
    outer loop
      vertex   1.588053e+01 7.720630e+00 -1.500000e+00
      vertex   1.586768e+01 7.731994e+00 1.000000e+00
      vertex   1.600887e+01 7.618818e+00 1.000000e+00
    endloop
  endfacet
  facet normal 6.175246e-01 7.865515e-01 3.306865e-04
    outer loop
      vertex   1.588053e+01 7.720630e+00 -1.500000e+00
      vertex   1.600887e+01 7.618818e+00 1.000000e+00
      vertex   1.602286e+01 7.608885e+00 -1.500000e+00
    endloop
  endfacet
  facet normal 5.389500e-01 8.423377e-01 -3.306865e-04
    outer loop
      vertex   1.602286e+01 7.608885e+00 -1.500000e+00
      vertex   1.600887e+01 7.618818e+00 1.000000e+00
      vertex   1.616130e+01 7.521292e+00 1.000000e+00
    endloop
  endfacet
  facet normal 5.304209e-01 8.477344e-01 3.306865e-04
    outer loop
      vertex   1.602286e+01 7.608885e+00 -1.500000e+00
      vertex   1.616130e+01 7.521292e+00 1.000000e+00
      vertex   1.617626e+01 7.512903e+00 -1.500000e+00
    endloop
  endfacet
  facet normal 4.463617e-01 8.948526e-01 -3.306865e-04
    outer loop
      vertex   1.617626e+01 7.512903e+00 -1.500000e+00
      vertex   1.616130e+01 7.521292e+00 1.000000e+00
      vertex   1.632323e+01 7.440521e+00 1.000000e+00
    endloop
  endfacet
  facet normal 4.373073e-01 8.993121e-01 3.306865e-04
    outer loop
      vertex   1.617626e+01 7.512903e+00 -1.500000e+00
      vertex   1.632323e+01 7.440521e+00 1.000000e+00
      vertex   1.633900e+01 7.433770e+00 -1.500000e+00
    endloop
  endfacet
  facet normal 3.487160e-01 9.372284e-01 -3.306865e-04
    outer loop
      vertex   1.633900e+01 7.433770e+00 -1.500000e+00
      vertex   1.632323e+01 7.440521e+00 1.000000e+00
      vertex   1.649282e+01 7.377419e+00 1.000000e+00
    endloop
  endfacet
  facet normal 3.392388e-01 9.407002e-01 3.306865e-04
    outer loop
      vertex   1.633900e+01 7.433770e+00 -1.500000e+00
      vertex   1.649282e+01 7.377419e+00 1.000000e+00
      vertex   1.650922e+01 7.372383e+00 -1.500000e+00
    endloop
  endfacet
  facet normal 2.471191e-01 9.689850e-01 -3.306865e-04
    outer loop
      vertex   1.650922e+01 7.372383e+00 -1.500000e+00
      vertex   1.649282e+01 7.377419e+00 1.000000e+00
      vertex   1.666816e+01 7.332701e+00 1.000000e+00
    endloop
  endfacet
  facet normal 2.373267e-01 9.714298e-01 3.306865e-04
    outer loop
      vertex   1.650922e+01 7.372383e+00 -1.500000e+00
      vertex   1.666816e+01 7.332701e+00 1.000000e+00
      vertex   1.668501e+01 7.329437e+00 -1.500000e+00
    endloop
  endfacet
  facet normal 1.427224e-01 9.897627e-01 -3.306865e-04
    outer loop
      vertex   1.668501e+01 7.329437e+00 -1.500000e+00
      vertex   1.666816e+01 7.332701e+00 1.000000e+00
      vertex   1.684727e+01 7.306875e+00 1.000000e+00
    endloop
  endfacet
  facet normal 1.327255e-01 9.911528e-01 3.306865e-04
    outer loop
      vertex   1.668501e+01 7.329437e+00 -1.500000e+00
      vertex   1.684727e+01 7.306875e+00 1.000000e+00
      vertex   1.686436e+01 7.305420e+00 -1.500000e+00
    endloop
  endfacet
  facet normal 3.670849e-02 9.993260e-01 -3.306865e-04
    outer loop
      vertex   1.686436e+01 7.305420e+00 -1.500000e+00
      vertex   1.684727e+01 7.306875e+00 1.000000e+00
      vertex   1.702810e+01 7.300232e+00 1.000000e+00
    endloop
  endfacet
  facet normal 2.662052e-02 9.996456e-01 3.306865e-04
    outer loop
      vertex   1.686436e+01 7.305420e+00 -1.500000e+00
      vertex   1.702810e+01 7.300232e+00 1.000000e+00
      vertex   1.704526e+01 7.300602e+00 -1.500000e+00
    endloop
  endfacet
  facet normal -6.972131e-02 9.975665e-01 -3.306865e-04
    outer loop
      vertex   1.704526e+01 7.300602e+00 -1.500000e+00
      vertex   1.702810e+01 7.300232e+00 1.000000e+00
      vertex   1.720862e+01 7.312849e+00 1.000000e+00
    endloop
  endfacet
  facet normal -7.978610e-02 9.968120e-01 3.306865e-04
    outer loop
      vertex   1.704526e+01 7.300602e+00 -1.500000e+00
      vertex   1.720862e+01 7.312849e+00 1.000000e+00
      vertex   1.722563e+01 7.315040e+00 -1.500000e+00
    endloop
  endfacet
  facet normal -1.753611e-01 9.845041e-01 -3.306865e-04
    outer loop
      vertex   1.722563e+01 7.315040e+00 -1.500000e+00
      vertex   1.720862e+01 7.312849e+00 1.000000e+00
      vertex   1.738677e+01 7.344581e+00 1.000000e+00
    endloop
  endfacet
  facet normal -1.852887e-01 9.826841e-01 3.306865e-04
    outer loop
      vertex   1.722563e+01 7.315040e+00 -1.500000e+00
      vertex   1.738677e+01 7.344581e+00 1.000000e+00
      vertex   1.740346e+01 7.348569e+00 -1.500000e+00
    endloop
  endfacet
  facet normal -2.790141e-01 9.602870e-01 -3.306865e-04
    outer loop
      vertex   1.740346e+01 7.348569e+00 -1.500000e+00
      vertex   1.738677e+01 7.344581e+00 1.000000e+00
      vertex   1.756054e+01 7.395070e+00 1.000000e+00
    endloop
  endfacet
  facet normal -2.886919e-01 9.574220e-01 3.306865e-04
    outer loop
      vertex   1.740346e+01 7.348569e+00 -1.500000e+00
      vertex   1.756054e+01 7.395070e+00 1.000000e+00
      vertex   1.757671e+01 7.400810e+00 -1.500000e+00
    endloop
  endfacet
  facet normal -3.795056e-01 9.251894e-01 -3.306865e-04
    outer loop
      vertex   1.757671e+01 7.400810e+00 -1.500000e+00
      vertex   1.756054e+01 7.395070e+00 1.000000e+00
      vertex   1.772795e+01 7.463744e+00 1.000000e+00
    endloop
  endfacet
  facet normal -3.888242e-01 9.213119e-01 3.306865e-04
    outer loop
      vertex   1.757671e+01 7.400810e+00 -1.500000e+00
      vertex   1.772795e+01 7.463744e+00 1.000000e+00
      vertex   1.774342e+01 7.471169e+00 -1.500000e+00
    endloop
  endfacet
  facet normal -4.756973e-01 8.796090e-01 -3.306865e-04
    outer loop
      vertex   1.774342e+01 7.471169e+00 -1.500000e+00
      vertex   1.772795e+01 7.463744e+00 1.000000e+00
      vertex   1.788712e+01 7.549824e+00 1.000000e+00
    endloop
  endfacet
  facet normal -4.845508e-01 8.747630e-01 3.306865e-04
    outer loop
      vertex   1.774342e+01 7.471169e+00 -1.500000e+00
      vertex   1.788712e+01 7.549824e+00 1.000000e+00
      vertex   1.790172e+01 7.558851e+00 -1.500000e+00
    endloop
  endfacet
  facet normal -5.664991e-01 8.240623e-01 -3.306865e-04
    outer loop
      vertex   1.790172e+01 7.558851e+00 -1.500000e+00
      vertex   1.788712e+01 7.549824e+00 1.000000e+00
      vertex   1.803624e+01 7.652335e+00 1.000000e+00
    endloop
  endfacet
  facet normal -5.747874e-01 8.183027e-01 3.306865e-04
    outer loop
      vertex   1.790172e+01 7.558851e+00 -1.500000e+00
      vertex   1.803624e+01 7.652335e+00 1.000000e+00
      vertex   1.804979e+01 7.662862e+00 -1.500000e+00
    endloop
  endfacet
  facet normal -6.508822e-01 7.591787e-01 -3.306865e-04
    outer loop
      vertex   1.804979e+01 7.662862e+00 -1.500000e+00
      vertex   1.803624e+01 7.652335e+00 1.000000e+00
      vertex   1.817362e+01 7.770116e+00 1.000000e+00
    endloop
  endfacet
  facet normal -6.585113e-01 7.525707e-01 3.306865e-04
    outer loop
      vertex   1.804979e+01 7.662862e+00 -1.500000e+00
      vertex   1.817362e+01 7.770116e+00 1.000000e+00
      vertex   1.818597e+01 7.782024e+00 -1.500000e+00
    endloop
  endfacet
  facet normal -7.278906e-01 6.856933e-01 -3.306865e-04
    outer loop
      vertex   1.818597e+01 7.782024e+00 -1.500000e+00
      vertex   1.817362e+01 7.770116e+00 1.000000e+00
      vertex   1.829770e+01 7.901831e+00 1.000000e+00
    endloop
  endfacet
  facet normal -7.347741e-01 6.783118e-01 3.306865e-04
    outer loop
      vertex   1.818597e+01 7.782024e+00 -1.500000e+00
      vertex   1.829770e+01 7.901831e+00 1.000000e+00
      vertex   1.830872e+01 7.914985e+00 -1.500000e+00
    endloop
  endfacet
  facet normal -7.966516e-01 6.044386e-01 -3.306865e-04
    outer loop
      vertex   1.830872e+01 7.914985e+00 -1.500000e+00
      vertex   1.829770e+01 7.901831e+00 1.000000e+00
      vertex   1.840708e+01 8.045990e+00 1.000000e+00
    endloop
  endfacet
  facet normal -8.027116e-01 5.963673e-01 3.306865e-04
    outer loop
      vertex   1.830872e+01 7.914985e+00 -1.500000e+00
      vertex   1.840708e+01 8.045990e+00 1.000000e+00
      vertex   1.841663e+01 8.060240e+00 -1.500000e+00
    endloop
  endfacet
  facet normal -8.563863e-01 5.163355e-01 -3.306865e-04
    outer loop
      vertex   1.841663e+01 8.060240e+00 -1.500000e+00
      vertex   1.840708e+01 8.045990e+00 1.000000e+00
      vertex   1.850051e+01 8.200958e+00 1.000000e+00
    endloop
  endfacet
  facet normal -8.615540e-01 5.076658e-01 3.306865e-04
    outer loop
      vertex   1.841663e+01 8.060240e+00 -1.500000e+00
      vertex   1.850051e+01 8.200958e+00 1.000000e+00
      vertex   1.850850e+01 8.216143e+00 -1.500000e+00
    endloop
  endfacet
  facet normal -9.064178e-01 4.223821e-01 -3.306865e-04
    outer loop
      vertex   1.850850e+01 8.216143e+00 -1.500000e+00
      vertex   1.850051e+01 8.200958e+00 1.000000e+00
      vertex   1.857694e+01 8.364979e+00 1.000000e+00
    endloop
  endfacet
  facet normal -9.106347e-01 4.132122e-01 3.306865e-04
    outer loop
      vertex   1.850850e+01 8.216143e+00 -1.500000e+00
      vertex   1.857694e+01 8.364979e+00 1.000000e+00
      vertex   1.858327e+01 8.380927e+00 -1.500000e+00
    endloop
  endfacet
  facet normal -9.461793e-01 3.236429e-01 -3.306865e-04
    outer loop
      vertex   1.858327e+01 8.380927e+00 -1.500000e+00
      vertex   1.857694e+01 8.364979e+00 1.000000e+00
      vertex   1.863551e+01 8.536195e+00 1.000000e+00
    endloop
  endfacet
  facet normal -9.493976e-01 3.140767e-01 3.306865e-04
    outer loop
      vertex   1.858327e+01 8.380927e+00 -1.500000e+00
      vertex   1.863551e+01 8.536195e+00 1.000000e+00
      vertex   1.864011e+01 8.552726e+00 -1.500000e+00
    endloop
  endfacet
  facet normal -9.752201e-01 2.212367e-01 -3.306865e-04
    outer loop
      vertex   1.864011e+01 8.552726e+00 -1.500000e+00
      vertex   1.863551e+01 8.536195e+00 1.000000e+00
      vertex   1.867554e+01 8.712666e+00 1.000000e+00
    endloop
  endfacet
  facet normal -9.774033e-01 2.113826e-01 3.306865e-04
    outer loop
      vertex   1.864011e+01 8.552726e+00 -1.500000e+00
      vertex   1.867554e+01 8.712666e+00 1.000000e+00
      vertex   1.867836e+01 8.729592e+00 -1.500000e+00
    endloop
  endfacet
  facet normal -9.932113e-01 1.163238e-01 -3.306865e-04
    outer loop
      vertex   1.867836e+01 8.729592e+00 -1.500000e+00
      vertex   1.867554e+01 8.712666e+00 1.000000e+00
      vertex   1.869659e+01 8.892393e+00 1.000000e+00
    endloop
  endfacet
  facet normal -9.943347e-01 1.062935e-01 3.306865e-04
    outer loop
      vertex   1.867836e+01 8.729592e+00 -1.500000e+00
      vertex   1.869659e+01 8.892393e+00 1.000000e+00
      vertex   1.869759e+01 8.909522e+00 -1.500000e+00
    endloop
  endfacet
  facet normal -9.999490e-01 1.009290e-02 -3.306865e-04
    outer loop
      vertex   1.869759e+01 8.909522e+00 -1.500000e+00
      vertex   1.869659e+01 8.892393e+00 1.000000e+00
      vertex   1.869842e+01 9.073339e+00 1.000000e+00
    endloop
  endfacet
  facet normal -9.999999e-01 0.000000e+00 3.306865e-04
    outer loop
      vertex   1.869759e+01 8.909522e+00 -1.500000e+00
      vertex   1.869842e+01 9.073339e+00 1.000000e+00
      vertex   1.869759e+01 9.090478e+00 -1.500000e+00
    endloop
  endfacet
  facet normal -9.953569e-01 -9.625234e-02 -3.306865e-04
    outer loop
      vertex   1.869759e+01 9.090478e+00 -1.500000e+00
      vertex   1.869842e+01 9.073339e+00 1.000000e+00
      vertex   1.868100e+01 9.253455e+00 1.000000e+00
    endloop
  endfacet
  facet normal -9.943347e-01 -1.062935e-01 3.306865e-04
    outer loop
      vertex   1.869759e+01 9.090478e+00 -1.500000e+00
      vertex   1.868100e+01 9.253455e+00 1.000000e+00
      vertex   1.867836e+01 9.270408e+00 -1.500000e+00
    endloop
  endfacet
  facet normal -9.794870e-01 -2.015070e-01 -3.306865e-04
    outer loop
      vertex   1.867836e+01 9.270408e+00 -1.500000e+00
      vertex   1.868100e+01 9.253455e+00 1.000000e+00
      vertex   1.864454e+01 9.430698e+00 1.000000e+00
    endloop
  endfacet
  facet normal -9.774033e-01 -2.113826e-01 3.306865e-04
    outer loop
      vertex   1.867836e+01 9.270408e+00 -1.500000e+00
      vertex   1.864454e+01 9.430698e+00 1.000000e+00
      vertex   1.864011e+01 9.447274e+00 -1.500000e+00
    endloop
  endfacet
  facet normal -9.525191e-01 -3.044785e-01 -3.306865e-04
    outer loop
      vertex   1.864011e+01 9.447274e+00 -1.500000e+00
      vertex   1.864454e+01 9.430698e+00 1.000000e+00
      vertex   1.858944e+01 9.603062e+00 1.000000e+00
    endloop
  endfacet
  facet normal -9.493976e-01 -3.140767e-01 3.306865e-04
    outer loop
      vertex   1.864011e+01 9.447274e+00 -1.500000e+00
      vertex   1.858944e+01 9.603062e+00 1.000000e+00
      vertex   1.858327e+01 9.619073e+00 -1.500000e+00
    endloop
  endfacet
  facet normal -9.147588e-01 -4.040002e-01 -3.306865e-04
    outer loop
      vertex   1.858327e+01 9.619073e+00 -1.500000e+00
      vertex   1.858944e+01 9.603062e+00 1.000000e+00
      vertex   1.851633e+01 9.768592e+00 1.000000e+00
    endloop
  endfacet
  facet normal -9.106347e-01 -4.132122e-01 3.306865e-04
    outer loop
      vertex   1.858327e+01 9.619073e+00 -1.500000e+00
      vertex   1.851633e+01 9.768592e+00 1.000000e+00
      vertex   1.850850e+01 9.783857e+00 -1.500000e+00
    endloop
  endfacet
  facet normal -8.666340e-01 -4.989443e-01 -3.306865e-04
    outer loop
      vertex   1.850850e+01 9.783857e+00 -1.500000e+00
      vertex   1.851633e+01 9.768592e+00 1.000000e+00
      vertex   1.842605e+01 9.925414e+00 1.000000e+00
    endloop
  endfacet
  facet normal -8.615540e-01 -5.076658e-01 3.306865e-04
    outer loop
      vertex   1.850850e+01 9.783857e+00 -1.500000e+00
      vertex   1.842605e+01 9.925414e+00 1.000000e+00
      vertex   1.841663e+01 9.939760e+00 -1.500000e+00
    endloop
  endfacet
  facet normal -8.086898e-01 -5.882353e-01 -3.306865e-04
    outer loop
      vertex   1.841663e+01 9.939760e+00 -1.500000e+00
      vertex   1.842605e+01 9.925414e+00 1.000000e+00
      vertex   1.831960e+01 1.007175e+01 1.000000e+00
    endloop
  endfacet
  facet normal -8.027116e-01 -5.963673e-01 3.306865e-04
    outer loop
      vertex   1.841663e+01 9.939760e+00 -1.500000e+00
      vertex   1.831960e+01 1.007175e+01 1.000000e+00
      vertex   1.830872e+01 1.008502e+01 -1.500000e+00
    endloop
  endfacet
  facet normal -7.415828e-01 -6.708612e-01 -3.306865e-04
    outer loop
      vertex   1.830872e+01 1.008502e+01 -1.500000e+00
      vertex   1.831960e+01 1.007175e+01 1.000000e+00
      vertex   1.819821e+01 1.020594e+01 1.000000e+00
    endloop
  endfacet
  facet normal -7.347741e-01 -6.783118e-01 3.306865e-04
    outer loop
      vertex   1.830872e+01 1.008502e+01 -1.500000e+00
      vertex   1.819821e+01 1.020594e+01 1.000000e+00
      vertex   1.818597e+01 1.021798e+01 -1.500000e+00
    endloop
  endfacet
  facet normal -6.660734e-01 -7.458861e-01 -3.306865e-04
    outer loop
      vertex   1.818597e+01 1.021798e+01 -1.500000e+00
      vertex   1.819821e+01 1.020594e+01 1.000000e+00
      vertex   1.806323e+01 1.032647e+01 1.000000e+00
    endloop
  endfacet
  facet normal -6.585113e-01 -7.525707e-01 3.306865e-04
    outer loop
      vertex   1.818597e+01 1.021798e+01 -1.500000e+00
      vertex   1.806323e+01 1.032647e+01 1.000000e+00
      vertex   1.804979e+01 1.033714e+01 -1.500000e+00
    endloop
  endfacet
  facet normal -5.830172e-01 -8.124598e-01 -3.306865e-04
    outer loop
      vertex   1.804979e+01 1.033714e+01 -1.500000e+00
      vertex   1.806323e+01 1.032647e+01 1.000000e+00
      vertex   1.791622e+01 1.043197e+01 1.000000e+00
    endloop
  endfacet
  facet normal -5.747874e-01 -8.183027e-01 3.306865e-04
    outer loop
      vertex   1.804979e+01 1.033714e+01 -1.500000e+00
      vertex   1.791622e+01 1.043197e+01 1.000000e+00
      vertex   1.790172e+01 1.044115e+01 -1.500000e+00
    endloop
  endfacet
  facet normal -4.933551e-01 -8.698280e-01 -3.306865e-04
    outer loop
      vertex   1.790172e+01 1.044115e+01 -1.500000e+00
      vertex   1.791622e+01 1.043197e+01 1.000000e+00
      vertex   1.775882e+01 1.052125e+01 1.000000e+00
    endloop
  endfacet
  facet normal -4.845508e-01 -8.747630e-01 3.306865e-04
    outer loop
      vertex   1.790172e+01 1.044115e+01 -1.500000e+00
      vertex   1.775882e+01 1.052125e+01 1.000000e+00
      vertex   1.774342e+01 1.052883e+01 -1.500000e+00
    endloop
  endfacet
  facet normal -3.981031e-01 -9.173406e-01 -3.306865e-04
    outer loop
      vertex   1.774342e+01 1.052883e+01 -1.500000e+00
      vertex   1.775882e+01 1.052125e+01 1.000000e+00
      vertex   1.759282e+01 1.059329e+01 1.000000e+00
    endloop
  endfacet
  facet normal -3.888242e-01 -9.213119e-01 3.306865e-04
    outer loop
      vertex   1.774342e+01 1.052883e+01 -1.500000e+00
      vertex   1.759282e+01 1.059329e+01 1.000000e+00
      vertex   1.757671e+01 1.059919e+01 -1.500000e+00
    endloop
  endfacet
  facet normal -2.983404e-01 -9.544595e-01 -3.306865e-04
    outer loop
      vertex   1.757671e+01 1.059919e+01 -1.500000e+00
      vertex   1.759282e+01 1.059329e+01 1.000000e+00
      vertex   1.742010e+01 1.064727e+01 1.000000e+00
    endloop
  endfacet
  facet normal -2.886919e-01 -9.574220e-01 3.306865e-04
    outer loop
      vertex   1.757671e+01 1.059919e+01 -1.500000e+00
      vertex   1.742010e+01 1.064727e+01 1.000000e+00
      vertex   1.740346e+01 1.065143e+01 -1.500000e+00
    endloop
  endfacet
  facet normal -1.951974e-01 -9.807639e-01 -3.306865e-04
    outer loop
      vertex   1.740346e+01 1.065143e+01 -1.500000e+00
      vertex   1.742010e+01 1.064727e+01 1.000000e+00
      vertex   1.724263e+01 1.068260e+01 1.000000e+00
    endloop
  endfacet
  facet normal -1.852887e-01 -9.826841e-01 3.306865e-04
    outer loop
      vertex   1.740346e+01 1.065143e+01 -1.500000e+00
      vertex   1.724263e+01 1.068260e+01 1.000000e+00
      vertex   1.722563e+01 1.068496e+01 -1.500000e+00
    endloop
  endfacet
  facet normal -8.984276e-02 -9.959559e-01 -3.306865e-04
    outer loop
      vertex   1.722563e+01 1.068496e+01 -1.500000e+00
      vertex   1.724263e+01 1.068260e+01 1.000000e+00
      vertex   1.706240e+01 1.069885e+01 1.000000e+00
    endloop
  endfacet
  facet normal -7.978610e-02 -9.968120e-01 3.306865e-04
    outer loop
      vertex   1.722563e+01 1.068496e+01 -1.500000e+00
      vertex   1.706240e+01 1.069885e+01 1.000000e+00
      vertex   1.704526e+01 1.069940e+01 -1.500000e+00
    endloop
  endfacet
  facet normal 1.652984e-02 -9.998633e-01 -3.306865e-04
    outer loop
      vertex   1.704526e+01 1.069940e+01 -1.500000e+00
      vertex   1.706240e+01 1.069885e+01 1.000000e+00
      vertex   1.688147e+01 1.069586e+01 1.000000e+00
    endloop
  endfacet
  facet normal 2.662052e-02 -9.996456e-01 3.306865e-04
    outer loop
      vertex   1.704526e+01 1.069940e+01 -1.500000e+00
      vertex   1.688147e+01 1.069586e+01 1.000000e+00
      vertex   1.686436e+01 1.069458e+01 -1.500000e+00
    endloop
  endfacet
  facet normal 1.227152e-01 -9.924419e-01 -3.306865e-04
    outer loop
      vertex   1.686436e+01 1.069458e+01 -1.500000e+00
      vertex   1.688147e+01 1.069586e+01 1.000000e+00
      vertex   1.670189e+01 1.067366e+01 1.000000e+00
    endloop
  endfacet
  facet normal 1.327255e-01 -9.911528e-01 3.306865e-04
    outer loop
      vertex   1.686436e+01 1.069458e+01 -1.500000e+00
      vertex   1.670189e+01 1.067366e+01 1.000000e+00
      vertex   1.668501e+01 1.067056e+01 -1.500000e+00
    endloop
  endfacet
  facet normal 2.275101e-01 -9.737757e-01 -3.306865e-04
    outer loop
      vertex   1.668501e+01 1.067056e+01 -1.500000e+00
      vertex   1.670189e+01 1.067366e+01 1.000000e+00
      vertex   1.652568e+01 1.063249e+01 1.000000e+00
    endloop
  endfacet
  facet normal 2.373267e-01 -9.714298e-01 3.306865e-04
    outer loop
      vertex   1.668501e+01 1.067056e+01 -1.500000e+00
      vertex   1.652568e+01 1.063249e+01 1.000000e+00
      vertex   1.650922e+01 1.062762e+01 -1.500000e+00
    endloop
  endfacet
  facet normal 3.297272e-01 -9.440762e-01 -3.306865e-04
    outer loop
      vertex   1.650922e+01 1.062762e+01 -1.500000e+00
      vertex   1.652568e+01 1.063249e+01 1.000000e+00
      vertex   1.635484e+01 1.057282e+01 1.000000e+00
    endloop
  endfacet
  facet normal 3.392388e-01 -9.407002e-01 3.306865e-04
    outer loop
      vertex   1.650922e+01 1.062762e+01 -1.500000e+00
      vertex   1.635484e+01 1.057282e+01 1.000000e+00
      vertex   1.633900e+01 1.056623e+01 -1.500000e+00
    endloop
  endfacet
  facet normal 4.282084e-01 -9.036800e-01 -3.306865e-04
    outer loop
      vertex   1.633900e+01 1.056623e+01 -1.500000e+00
      vertex   1.635484e+01 1.057282e+01 1.000000e+00
      vertex   1.619131e+01 1.049534e+01 1.000000e+00
    endloop
  endfacet
  facet normal 4.373073e-01 -8.993121e-01 3.306865e-04
    outer loop
      vertex   1.633900e+01 1.056623e+01 -1.500000e+00
      vertex   1.619131e+01 1.049534e+01 1.000000e+00
      vertex   1.617626e+01 1.048710e+01 -1.500000e+00
    endloop
  endfacet
  facet normal 5.218378e-01 -8.530447e-01 -3.306865e-04
    outer loop
      vertex   1.617626e+01 1.048710e+01 -1.500000e+00
      vertex   1.619131e+01 1.049534e+01 1.000000e+00
      vertex   1.603695e+01 1.040091e+01 1.000000e+00
    endloop
  endfacet
  facet normal 5.304209e-01 -8.477344e-01 3.306865e-04
    outer loop
      vertex   1.617626e+01 1.048710e+01 -1.500000e+00
      vertex   1.603695e+01 1.040091e+01 1.000000e+00
      vertex   1.602286e+01 1.039111e+01 -1.500000e+00
    endloop
  endfacet
  facet normal 6.095545e-01 -7.927441e-01 -3.306865e-04
    outer loop
      vertex   1.602286e+01 1.039111e+01 -1.500000e+00
      vertex   1.603695e+01 1.040091e+01 1.000000e+00
      vertex   1.589350e+01 1.029060e+01 1.000000e+00
    endloop
  endfacet
  facet normal 6.175246e-01 -7.865515e-01 3.306865e-04
    outer loop
      vertex   1.602286e+01 1.039111e+01 -1.500000e+00
      vertex   1.589350e+01 1.029060e+01 1.000000e+00
      vertex   1.588053e+01 1.027937e+01 -1.500000e+00
    endloop
  endfacet
  facet normal 6.903648e-01 -7.234613e-01 -3.306865e-04
    outer loop
      vertex   1.588053e+01 1.027937e+01 -1.500000e+00
      vertex   1.589350e+01 1.029060e+01 1.000000e+00
      vertex   1.576259e+01 1.016568e+01 1.000000e+00
    endloop
  endfacet
  facet normal 6.976315e-01 -7.164567e-01 3.306865e-04
    outer loop
      vertex   1.588053e+01 1.027937e+01 -1.500000e+00
      vertex   1.576259e+01 1.016568e+01 1.000000e+00
      vertex   1.575088e+01 1.015313e+01 -1.500000e+00
    endloop
  endfacet
  facet normal 7.633530e-01 -6.459815e-01 -3.306865e-04
    outer loop
      vertex   1.575088e+01 1.015313e+01 -1.500000e+00
      vertex   1.576259e+01 1.016568e+01 1.000000e+00
      vertex   1.564569e+01 1.002755e+01 1.000000e+00
    endloop
  endfacet
  facet normal 7.698339e-01 -6.382441e-01 3.306865e-04
    outer loop
      vertex   1.575088e+01 1.015313e+01 -1.500000e+00
      vertex   1.564569e+01 1.002755e+01 1.000000e+00
      vertex   1.563539e+01 1.001382e+01 -1.500000e+00
    endloop
  endfacet
  facet normal 8.276921e-01 -5.611824e-01 -3.306865e-04
    outer loop
      vertex   1.563539e+01 1.001382e+01 -1.500000e+00
      vertex   1.564569e+01 1.002755e+01 1.000000e+00
      vertex   1.554414e+01 9.877770e+00 1.000000e+00
    endloop
  endfacet
  facet normal 8.333139e-01 -5.528000e-01 3.306865e-04
    outer loop
      vertex   1.563539e+01 1.001382e+01 -1.500000e+00
      vertex   1.554414e+01 9.877770e+00 1.000000e+00
      vertex   1.553536e+01 9.863032e+00 -1.500000e+00
    endloop
  endfacet
  facet normal 8.826531e-01 -4.700249e-01 -3.306865e-04
    outer loop
      vertex   1.553536e+01 9.863032e+00 -1.500000e+00
      vertex   1.554414e+01 9.877770e+00 1.000000e+00
      vertex   1.545909e+01 9.718050e+00 1.000000e+00
    endloop
  endfacet
  facet normal 8.873520e-01 -4.610925e-01 3.306865e-04
    outer loop
      vertex   1.553536e+01 9.863032e+00 -1.500000e+00
      vertex   1.545909e+01 9.718050e+00 1.000000e+00
      vertex   1.545192e+01 9.702461e+00 -1.500000e+00
    endloop
  endfacet
  facet normal 9.276133e-01 -3.735419e-01 -3.306865e-04
    outer loop
      vertex   1.545192e+01 9.702461e+00 -1.500000e+00
      vertex   1.545909e+01 9.718050e+00 1.000000e+00
      vertex   1.539150e+01 9.550193e+00 1.000000e+00
    endloop
  endfacet
  facet normal 9.313361e-01 -3.641606e-01 3.306865e-04
    outer loop
      vertex   1.545192e+01 9.702461e+00 -1.500000e+00
      vertex   1.539150e+01 9.550193e+00 1.000000e+00
      vertex   1.538602e+01 9.533930e+00 -1.500000e+00
    endloop
  endfacet
  facet normal 9.620632e-01 -2.728265e-01 -3.306865e-04
    outer loop
      vertex   1.538602e+01 9.533930e+00 -1.500000e+00
      vertex   1.539150e+01 9.550193e+00 1.000000e+00
      vertex   1.534213e+01 9.376102e+00 1.000000e+00
    endloop
  endfacet
  facet normal 9.647678e-01 -2.631025e-01 3.306865e-04
    outer loop
      vertex   1.538602e+01 9.533930e+00 -1.500000e+00
      vertex   1.534213e+01 9.376102e+00 1.000000e+00
      vertex   1.533841e+01 9.359350e+00 -1.500000e+00
    endloop
  endfacet
  facet normal 9.856126e-01 -1.690198e-01 -3.306865e-04
    outer loop
      vertex   1.533841e+01 9.359350e+00 -1.500000e+00
      vertex   1.534213e+01 9.376102e+00 1.000000e+00
      vertex   1.531154e+01 9.197750e+00 1.000000e+00
    endloop
  endfacet
  facet normal 9.872683e-01 -1.590635e-01 3.306865e-04
    outer loop
      vertex   1.533841e+01 9.359350e+00 -1.500000e+00
      vertex   1.531154e+01 9.197750e+00 1.000000e+00
      vertex   1.530963e+01 9.180699e+00 -1.500000e+00
    endloop
  endfacet
  facet normal 9.979946e-01 -6.329806e-02 -3.306865e-04
    outer loop
      vertex   1.530963e+01 9.180699e+00 -1.500000e+00
      vertex   1.531154e+01 9.197750e+00 1.000000e+00
      vertex   1.530009e+01 9.017158e+00 1.000000e+00
    endloop
  endfacet
  facet normal 3.414111e-02 9.994170e-01 -0.000000e+00
    outer loop
      vertex   2.127297e+01 3.999068e+01 -1.500000e+00
      vertex   2.100000e+01 4.000000e+01 -1.500000e+00
      vertex   2.127297e+01 3.999068e+01 2.666667e+00
    endloop
  endfacet
  facet normal 3.414111e-02 9.994170e-01 0.000000e+00
    outer loop
      vertex   2.127297e+01 3.999068e+01 2.666667e+00
      vertex   2.100000e+01 4.000000e+01 -1.500000e+00
      vertex   2.100000e+01 4.000000e+01 1.100000e+01
    endloop
  endfacet
  facet normal 3.414111e-02 9.994170e-01 -0.000000e+00
    outer loop
      vertex   2.127297e+01 3.999068e+01 2.666667e+00
      vertex   2.100000e+01 4.000000e+01 1.100000e+01
      vertex   2.127297e+01 3.999068e+01 6.833333e+00
    endloop
  endfacet
  facet normal 3.414111e-02 9.994170e-01 -0.000000e+00
    outer loop
      vertex   2.127297e+01 3.999068e+01 6.833333e+00
      vertex   2.100000e+01 4.000000e+01 1.100000e+01
      vertex   2.127297e+01 3.999068e+01 1.100000e+01
    endloop
  endfacet
  facet normal 1.022641e-01 9.947573e-01 -0.000000e+00
    outer loop
      vertex   2.127297e+01 3.999068e+01 6.833333e+00
      vertex   2.127297e+01 3.999068e+01 1.100000e+01
      vertex   2.154467e+01 3.996274e+01 6.833333e+00
    endloop
  endfacet
  facet normal 1.022641e-01 9.947573e-01 -0.000000e+00
    outer loop
      vertex   2.154467e+01 3.996274e+01 6.833333e+00
      vertex   2.127297e+01 3.999068e+01 1.100000e+01
      vertex   2.154467e+01 3.996274e+01 1.100000e+01
    endloop
  endfacet
  facet normal 1.699104e-01 9.854595e-01 -0.000000e+00
    outer loop
      vertex   2.154467e+01 3.996274e+01 6.833333e+00
      vertex   2.154467e+01 3.996274e+01 1.100000e+01
      vertex   2.181382e+01 3.991634e+01 6.833333e+00
    endloop
  endfacet
  facet normal 1.699104e-01 9.854595e-01 -0.000000e+00
    outer loop
      vertex   2.181382e+01 3.991634e+01 6.833333e+00
      vertex   2.154467e+01 3.996274e+01 1.100000e+01
      vertex   2.181382e+01 3.991634e+01 1.100000e+01
    endloop
  endfacet
  facet normal 2.367644e-01 9.715671e-01 -0.000000e+00
    outer loop
      vertex   2.181382e+01 3.991634e+01 6.833333e+00
      vertex   2.181382e+01 3.991634e+01 1.100000e+01
      vertex   2.207919e+01 3.985167e+01 6.833333e+00
    endloop
  endfacet
  facet normal 2.367644e-01 9.715671e-01 -0.000000e+00
    outer loop
      vertex   2.207919e+01 3.985167e+01 6.833333e+00
      vertex   2.181382e+01 3.991634e+01 1.100000e+01
      vertex   2.207919e+01 3.985167e+01 1.100000e+01
    endloop
  endfacet
  facet normal 3.025146e-01 9.531448e-01 -0.000000e+00
    outer loop
      vertex   2.207919e+01 3.985167e+01 6.833333e+00
      vertex   2.207919e+01 3.985167e+01 1.100000e+01
      vertex   2.233952e+01 3.976904e+01 6.833333e+00
    endloop
  endfacet
  facet normal 3.025146e-01 9.531448e-01 -0.000000e+00
    outer loop
      vertex   2.233952e+01 3.976904e+01 6.833333e+00
      vertex   2.207919e+01 3.985167e+01 1.100000e+01
      vertex   2.233952e+01 3.976904e+01 1.100000e+01
    endloop
  endfacet
  facet normal 3.668542e-01 9.302784e-01 -0.000000e+00
    outer loop
      vertex   2.233952e+01 3.976904e+01 6.833333e+00
      vertex   2.233952e+01 3.976904e+01 1.100000e+01
      vertex   2.259360e+01 3.966885e+01 6.833333e+00
    endloop
  endfacet
  facet normal 3.668542e-01 9.302784e-01 -0.000000e+00
    outer loop
      vertex   2.259360e+01 3.966885e+01 6.833333e+00
      vertex   2.233952e+01 3.976904e+01 1.100000e+01
      vertex   2.259360e+01 3.966885e+01 1.100000e+01
    endloop
  endfacet
  facet normal 4.294834e-01 9.030747e-01 -0.000000e+00
    outer loop
      vertex   2.259360e+01 3.966885e+01 6.833333e+00
      vertex   2.259360e+01 3.966885e+01 1.100000e+01
      vertex   2.284026e+01 3.955154e+01 6.833333e+00
    endloop
  endfacet
  facet normal 4.294834e-01 9.030747e-01 -0.000000e+00
    outer loop
      vertex   2.284026e+01 3.955154e+01 6.833333e+00
      vertex   2.259360e+01 3.966885e+01 1.100000e+01
      vertex   2.284026e+01 3.955154e+01 1.100000e+01
    endloop
  endfacet
  facet normal 4.901102e-01 8.716605e-01 -0.000000e+00
    outer loop
      vertex   2.284026e+01 3.955154e+01 6.833333e+00
      vertex   2.284026e+01 3.955154e+01 1.100000e+01
      vertex   2.307834e+01 3.941768e+01 6.833333e+00
    endloop
  endfacet
  facet normal 4.901102e-01 8.716605e-01 -0.000000e+00
    outer loop
      vertex   2.307834e+01 3.941768e+01 6.833333e+00
      vertex   2.284026e+01 3.955154e+01 1.100000e+01
      vertex   2.307834e+01 3.941768e+01 1.100000e+01
    endloop
  endfacet
  facet normal 5.484519e-01 8.361821e-01 -0.000000e+00
    outer loop
      vertex   2.307834e+01 3.941768e+01 6.833333e+00
      vertex   2.307834e+01 3.941768e+01 1.100000e+01
      vertex   2.330672e+01 3.926788e+01 6.833333e+00
    endloop
  endfacet
  facet normal 5.484519e-01 8.361821e-01 -0.000000e+00
    outer loop
      vertex   2.330672e+01 3.926788e+01 6.833333e+00
      vertex   2.307834e+01 3.941768e+01 1.100000e+01
      vertex   2.330672e+01 3.926788e+01 1.100000e+01
    endloop
  endfacet
  facet normal 6.042364e-01 7.968051e-01 -0.000000e+00
    outer loop
      vertex   2.330672e+01 3.926788e+01 6.833333e+00
      vertex   2.330672e+01 3.926788e+01 1.100000e+01
      vertex   2.352435e+01 3.910285e+01 6.833333e+00
    endloop
  endfacet
  facet normal 6.042364e-01 7.968051e-01 -0.000000e+00
    outer loop
      vertex   2.352435e+01 3.910285e+01 6.833333e+00
      vertex   2.330672e+01 3.926788e+01 1.100000e+01
      vertex   2.352435e+01 3.910285e+01 1.100000e+01
    endloop
  endfacet
  facet normal 6.572037e-01 7.537130e-01 -0.000000e+00
    outer loop
      vertex   2.352435e+01 3.910285e+01 6.833333e+00
      vertex   2.352435e+01 3.910285e+01 1.100000e+01
      vertex   2.373021e+01 3.892334e+01 6.833333e+00
    endloop
  endfacet
  facet normal 6.572037e-01 7.537130e-01 -0.000000e+00
    outer loop
      vertex   2.373021e+01 3.892334e+01 6.833333e+00
      vertex   2.352435e+01 3.910285e+01 1.100000e+01
      vertex   2.373021e+01 3.892334e+01 1.100000e+01
    endloop
  endfacet
  facet normal 7.071068e-01 7.071068e-01 -0.000000e+00
    outer loop
      vertex   2.373021e+01 3.892334e+01 6.833333e+00
      vertex   2.373021e+01 3.892334e+01 1.100000e+01
      vertex   2.392334e+01 3.873021e+01 6.833333e+00
    endloop
  endfacet
  facet normal 7.071068e-01 7.071068e-01 -0.000000e+00
    outer loop
      vertex   2.392334e+01 3.873021e+01 6.833333e+00
      vertex   2.373021e+01 3.892334e+01 1.100000e+01
      vertex   2.392334e+01 3.873021e+01 1.100000e+01
    endloop
  endfacet
  facet normal 7.537130e-01 6.572037e-01 -0.000000e+00
    outer loop
      vertex   2.392334e+01 3.873021e+01 6.833333e+00
      vertex   2.392334e+01 3.873021e+01 1.100000e+01
      vertex   2.410285e+01 3.852435e+01 6.833333e+00
    endloop
  endfacet
  facet normal 7.537130e-01 6.572037e-01 -0.000000e+00
    outer loop
      vertex   2.410285e+01 3.852435e+01 6.833333e+00
      vertex   2.392334e+01 3.873021e+01 1.100000e+01
      vertex   2.410285e+01 3.852435e+01 1.100000e+01
    endloop
  endfacet
  facet normal 7.968051e-01 6.042364e-01 -0.000000e+00
    outer loop
      vertex   2.410285e+01 3.852435e+01 6.833333e+00
      vertex   2.410285e+01 3.852435e+01 1.100000e+01
      vertex   2.426788e+01 3.830672e+01 6.833333e+00
    endloop
  endfacet
  facet normal 7.968051e-01 6.042364e-01 -0.000000e+00
    outer loop
      vertex   2.426788e+01 3.830672e+01 6.833333e+00
      vertex   2.410285e+01 3.852435e+01 1.100000e+01
      vertex   2.426788e+01 3.830672e+01 1.100000e+01
    endloop
  endfacet
  facet normal 8.361821e-01 5.484519e-01 -0.000000e+00
    outer loop
      vertex   2.426788e+01 3.830672e+01 6.833333e+00
      vertex   2.426788e+01 3.830672e+01 1.100000e+01
      vertex   2.441768e+01 3.807834e+01 6.833333e+00
    endloop
  endfacet
  facet normal 8.361821e-01 5.484519e-01 -0.000000e+00
    outer loop
      vertex   2.441768e+01 3.807834e+01 6.833333e+00
      vertex   2.426788e+01 3.830672e+01 1.100000e+01
      vertex   2.441768e+01 3.807834e+01 1.100000e+01
    endloop
  endfacet
  facet normal 8.716605e-01 4.901102e-01 -0.000000e+00
    outer loop
      vertex   2.441768e+01 3.807834e+01 6.833333e+00
      vertex   2.441768e+01 3.807834e+01 1.100000e+01
      vertex   2.455154e+01 3.784026e+01 6.833333e+00
    endloop
  endfacet
  facet normal 8.716605e-01 4.901102e-01 -0.000000e+00
    outer loop
      vertex   2.455154e+01 3.784026e+01 6.833333e+00
      vertex   2.441768e+01 3.807834e+01 1.100000e+01
      vertex   2.455154e+01 3.784026e+01 1.100000e+01
    endloop
  endfacet
  facet normal 9.030747e-01 4.294834e-01 -0.000000e+00
    outer loop
      vertex   2.455154e+01 3.784026e+01 6.833333e+00
      vertex   2.455154e+01 3.784026e+01 1.100000e+01
      vertex   2.466885e+01 3.759360e+01 6.833333e+00
    endloop
  endfacet
  facet normal 9.030747e-01 4.294834e-01 -0.000000e+00
    outer loop
      vertex   2.466885e+01 3.759360e+01 6.833333e+00
      vertex   2.455154e+01 3.784026e+01 1.100000e+01
      vertex   2.466885e+01 3.759360e+01 1.100000e+01
    endloop
  endfacet
  facet normal 9.302784e-01 3.668542e-01 -0.000000e+00
    outer loop
      vertex   2.466885e+01 3.759360e+01 6.833333e+00
      vertex   2.466885e+01 3.759360e+01 1.100000e+01
      vertex   2.476904e+01 3.733952e+01 6.833333e+00
    endloop
  endfacet
  facet normal 9.302784e-01 3.668542e-01 -0.000000e+00
    outer loop
      vertex   2.476904e+01 3.733952e+01 6.833333e+00
      vertex   2.466885e+01 3.759360e+01 1.100000e+01
      vertex   2.476904e+01 3.733952e+01 1.100000e+01
    endloop
  endfacet
  facet normal 9.531448e-01 3.025146e-01 -0.000000e+00
    outer loop
      vertex   2.476904e+01 3.733952e+01 6.833333e+00
      vertex   2.476904e+01 3.733952e+01 1.100000e+01
      vertex   2.485167e+01 3.707919e+01 6.833333e+00
    endloop
  endfacet
  facet normal 9.531448e-01 3.025146e-01 -0.000000e+00
    outer loop
      vertex   2.485167e+01 3.707919e+01 6.833333e+00
      vertex   2.476904e+01 3.733952e+01 1.100000e+01
      vertex   2.485167e+01 3.707919e+01 1.100000e+01
    endloop
  endfacet
  facet normal 9.715671e-01 2.367644e-01 -0.000000e+00
    outer loop
      vertex   2.485167e+01 3.707919e+01 6.833333e+00
      vertex   2.485167e+01 3.707919e+01 1.100000e+01
      vertex   2.491634e+01 3.681382e+01 6.833333e+00
    endloop
  endfacet
  facet normal 9.715671e-01 2.367644e-01 -0.000000e+00
    outer loop
      vertex   2.491634e+01 3.681382e+01 6.833333e+00
      vertex   2.485167e+01 3.707919e+01 1.100000e+01
      vertex   2.491634e+01 3.681382e+01 1.100000e+01
    endloop
  endfacet
  facet normal 9.854595e-01 1.699104e-01 -0.000000e+00
    outer loop
      vertex   2.491634e+01 3.681382e+01 6.833333e+00
      vertex   2.491634e+01 3.681382e+01 1.100000e+01
      vertex   2.496274e+01 3.654467e+01 6.833333e+00
    endloop
  endfacet
  facet normal 9.854595e-01 1.699104e-01 -0.000000e+00
    outer loop
      vertex   2.496274e+01 3.654467e+01 6.833333e+00
      vertex   2.491634e+01 3.681382e+01 1.100000e+01
      vertex   2.496274e+01 3.654467e+01 1.100000e+01
    endloop
  endfacet
  facet normal 9.947573e-01 1.022641e-01 -0.000000e+00
    outer loop
      vertex   2.496274e+01 3.654467e+01 6.833333e+00
      vertex   2.496274e+01 3.654467e+01 1.100000e+01
      vertex   2.499068e+01 3.627297e+01 6.833333e+00
    endloop
  endfacet
  facet normal 9.947573e-01 1.022641e-01 -0.000000e+00
    outer loop
      vertex   2.499068e+01 3.627297e+01 6.833333e+00
      vertex   2.496274e+01 3.654467e+01 1.100000e+01
      vertex   2.499068e+01 3.627297e+01 1.100000e+01
    endloop
  endfacet
  facet normal 9.994170e-01 3.414111e-02 -0.000000e+00
    outer loop
      vertex   2.499068e+01 3.627297e+01 6.833333e+00
      vertex   2.499068e+01 3.627297e+01 1.100000e+01
      vertex   2.500000e+01 3.600000e+01 1.100000e+01
    endloop
  endfacet
  facet normal 9.994170e-01 3.414111e-02 0.000000e+00
    outer loop
      vertex   2.500000e+01 3.600000e+01 1.100000e+01
      vertex   2.500000e+01 3.600000e+01 3.000000e+00
      vertex   2.499068e+01 3.627297e+01 6.833333e+00
    endloop
  endfacet
  facet normal 9.994170e-01 3.414111e-02 0.000000e+00
    outer loop
      vertex   2.499068e+01 3.627297e+01 6.833333e+00
      vertex   2.500000e+01 3.600000e+01 3.000000e+00
      vertex   2.499068e+01 3.627297e+01 2.666667e+00
    endloop
  endfacet
  facet normal 9.947573e-01 1.022641e-01 0.000000e+00
    outer loop
      vertex   2.499068e+01 3.627297e+01 6.833333e+00
      vertex   2.499068e+01 3.627297e+01 2.666667e+00
      vertex   2.496274e+01 3.654467e+01 6.833333e+00
    endloop
  endfacet
  facet normal 9.947573e-01 1.022641e-01 0.000000e+00
    outer loop
      vertex   2.496274e+01 3.654467e+01 6.833333e+00
      vertex   2.499068e+01 3.627297e+01 2.666667e+00
      vertex   2.496274e+01 3.654467e+01 2.666667e+00
    endloop
  endfacet
  facet normal 9.854595e-01 1.699104e-01 0.000000e+00
    outer loop
      vertex   2.496274e+01 3.654467e+01 6.833333e+00
      vertex   2.496274e+01 3.654467e+01 2.666667e+00
      vertex   2.491634e+01 3.681382e+01 6.833333e+00
    endloop
  endfacet
  facet normal 9.854595e-01 1.699104e-01 0.000000e+00
    outer loop
      vertex   2.491634e+01 3.681382e+01 6.833333e+00
      vertex   2.496274e+01 3.654467e+01 2.666667e+00
      vertex   2.491634e+01 3.681382e+01 2.666667e+00
    endloop
  endfacet
  facet normal 9.715671e-01 2.367644e-01 0.000000e+00
    outer loop
      vertex   2.491634e+01 3.681382e+01 6.833333e+00
      vertex   2.491634e+01 3.681382e+01 2.666667e+00
      vertex   2.485167e+01 3.707919e+01 6.833333e+00
    endloop
  endfacet
  facet normal 9.715671e-01 2.367644e-01 4.037550e-16
    outer loop
      vertex   2.485167e+01 3.707919e+01 6.833333e+00
      vertex   2.491634e+01 3.681382e+01 2.666667e+00
      vertex   2.485167e+01 3.707919e+01 2.666667e+00
    endloop
  endfacet
  facet normal 9.531448e-01 3.025146e-01 5.158788e-16
    outer loop
      vertex   2.485167e+01 3.707919e+01 6.833333e+00
      vertex   2.485167e+01 3.707919e+01 2.666667e+00
      vertex   2.476904e+01 3.733952e+01 6.833333e+00
    endloop
  endfacet
  facet normal 9.531448e-01 3.025146e-01 0.000000e+00
    outer loop
      vertex   2.476904e+01 3.733952e+01 6.833333e+00
      vertex   2.485167e+01 3.707919e+01 2.666667e+00
      vertex   2.476904e+01 3.733952e+01 2.666667e+00
    endloop
  endfacet
  facet normal 9.302784e-01 3.668542e-01 0.000000e+00
    outer loop
      vertex   2.476904e+01 3.733952e+01 6.833333e+00
      vertex   2.476904e+01 3.733952e+01 2.666667e+00
      vertex   2.466885e+01 3.759360e+01 6.833333e+00
    endloop
  endfacet
  facet normal 9.302784e-01 3.668542e-01 6.255974e-16
    outer loop
      vertex   2.466885e+01 3.759360e+01 6.833333e+00
      vertex   2.476904e+01 3.733952e+01 2.666667e+00
      vertex   2.466885e+01 3.759360e+01 2.666667e+00
    endloop
  endfacet
  facet normal 9.030747e-01 4.294834e-01 7.323992e-16
    outer loop
      vertex   2.466885e+01 3.759360e+01 6.833333e+00
      vertex   2.466885e+01 3.759360e+01 2.666667e+00
      vertex   2.455154e+01 3.784026e+01 6.833333e+00
    endloop
  endfacet
  facet normal 9.030747e-01 4.294834e-01 0.000000e+00
    outer loop
      vertex   2.455154e+01 3.784026e+01 6.833333e+00
      vertex   2.466885e+01 3.759360e+01 2.666667e+00
      vertex   2.455154e+01 3.784026e+01 2.666667e+00
    endloop
  endfacet
  facet normal 8.716605e-01 4.901102e-01 0.000000e+00
    outer loop
      vertex   2.455154e+01 3.784026e+01 6.833333e+00
      vertex   2.455154e+01 3.784026e+01 2.666667e+00
      vertex   2.441768e+01 3.807834e+01 6.833333e+00
    endloop
  endfacet
  facet normal 8.716605e-01 4.901102e-01 0.000000e+00
    outer loop
      vertex   2.441768e+01 3.807834e+01 6.833333e+00
      vertex   2.455154e+01 3.784026e+01 2.666667e+00
      vertex   2.441768e+01 3.807834e+01 2.666667e+00
    endloop
  endfacet
  facet normal 8.361821e-01 5.484519e-01 0.000000e+00
    outer loop
      vertex   2.441768e+01 3.807834e+01 6.833333e+00
      vertex   2.441768e+01 3.807834e+01 2.666667e+00
      vertex   2.426788e+01 3.830672e+01 6.833333e+00
    endloop
  endfacet
  facet normal 8.361821e-01 5.484519e-01 0.000000e+00
    outer loop
      vertex   2.426788e+01 3.830672e+01 6.833333e+00
      vertex   2.441768e+01 3.807834e+01 2.666667e+00
      vertex   2.426788e+01 3.830672e+01 2.666667e+00
    endloop
  endfacet
  facet normal 7.968051e-01 6.042364e-01 0.000000e+00
    outer loop
      vertex   2.426788e+01 3.830672e+01 6.833333e+00
      vertex   2.426788e+01 3.830672e+01 2.666667e+00
      vertex   2.410285e+01 3.852435e+01 6.833333e+00
    endloop
  endfacet
  facet normal 7.968051e-01 6.042364e-01 0.000000e+00
    outer loop
      vertex   2.410285e+01 3.852435e+01 6.833333e+00
      vertex   2.426788e+01 3.830672e+01 2.666667e+00
      vertex   2.410285e+01 3.852435e+01 2.666667e+00
    endloop
  endfacet
  facet normal 7.537130e-01 6.572037e-01 0.000000e+00
    outer loop
      vertex   2.410285e+01 3.852435e+01 6.833333e+00
      vertex   2.410285e+01 3.852435e+01 2.666667e+00
      vertex   2.392334e+01 3.873021e+01 6.833333e+00
    endloop
  endfacet
  facet normal 7.537130e-01 6.572037e-01 0.000000e+00
    outer loop
      vertex   2.392334e+01 3.873021e+01 6.833333e+00
      vertex   2.410285e+01 3.852435e+01 2.666667e+00
      vertex   2.392334e+01 3.873021e+01 2.666667e+00
    endloop
  endfacet
  facet normal 7.071068e-01 7.071068e-01 0.000000e+00
    outer loop
      vertex   2.392334e+01 3.873021e+01 6.833333e+00
      vertex   2.392334e+01 3.873021e+01 2.666667e+00
      vertex   2.373021e+01 3.892334e+01 6.833333e+00
    endloop
  endfacet
  facet normal 7.071068e-01 7.071068e-01 0.000000e+00
    outer loop
      vertex   2.373021e+01 3.892334e+01 6.833333e+00
      vertex   2.392334e+01 3.873021e+01 2.666667e+00
      vertex   2.373021e+01 3.892334e+01 2.666667e+00
    endloop
  endfacet
  facet normal 6.572037e-01 7.537130e-01 0.000000e+00
    outer loop
      vertex   2.373021e+01 3.892334e+01 6.833333e+00
      vertex   2.373021e+01 3.892334e+01 2.666667e+00
      vertex   2.352435e+01 3.910285e+01 6.833333e+00
    endloop
  endfacet
  facet normal 6.572037e-01 7.537130e-01 0.000000e+00
    outer loop
      vertex   2.352435e+01 3.910285e+01 6.833333e+00
      vertex   2.373021e+01 3.892334e+01 2.666667e+00
      vertex   2.352435e+01 3.910285e+01 2.666667e+00
    endloop
  endfacet
  facet normal 6.042364e-01 7.968051e-01 0.000000e+00
    outer loop
      vertex   2.352435e+01 3.910285e+01 6.833333e+00
      vertex   2.352435e+01 3.910285e+01 2.666667e+00
      vertex   2.330672e+01 3.926788e+01 6.833333e+00
    endloop
  endfacet
  facet normal 6.042364e-01 7.968051e-01 0.000000e+00
    outer loop
      vertex   2.330672e+01 3.926788e+01 6.833333e+00
      vertex   2.352435e+01 3.910285e+01 2.666667e+00
      vertex   2.330672e+01 3.926788e+01 2.666667e+00
    endloop
  endfacet
  facet normal 5.484519e-01 8.361821e-01 0.000000e+00
    outer loop
      vertex   2.330672e+01 3.926788e+01 6.833333e+00
      vertex   2.330672e+01 3.926788e+01 2.666667e+00
      vertex   2.307834e+01 3.941768e+01 6.833333e+00
    endloop
  endfacet
  facet normal 5.484519e-01 8.361821e-01 0.000000e+00
    outer loop
      vertex   2.307834e+01 3.941768e+01 6.833333e+00
      vertex   2.330672e+01 3.926788e+01 2.666667e+00
      vertex   2.307834e+01 3.941768e+01 2.666667e+00
    endloop
  endfacet
  facet normal 4.901102e-01 8.716605e-01 0.000000e+00
    outer loop
      vertex   2.307834e+01 3.941768e+01 6.833333e+00
      vertex   2.307834e+01 3.941768e+01 2.666667e+00
      vertex   2.284026e+01 3.955154e+01 6.833333e+00
    endloop
  endfacet
  facet normal 4.901102e-01 8.716605e-01 0.000000e+00
    outer loop
      vertex   2.284026e+01 3.955154e+01 6.833333e+00
      vertex   2.307834e+01 3.941768e+01 2.666667e+00
      vertex   2.284026e+01 3.955154e+01 2.666667e+00
    endloop
  endfacet
  facet normal 4.294834e-01 9.030747e-01 0.000000e+00
    outer loop
      vertex   2.284026e+01 3.955154e+01 6.833333e+00
      vertex   2.284026e+01 3.955154e+01 2.666667e+00
      vertex   2.259360e+01 3.966885e+01 6.833333e+00
    endloop
  endfacet
  facet normal 4.294834e-01 9.030747e-01 0.000000e+00
    outer loop
      vertex   2.259360e+01 3.966885e+01 6.833333e+00
      vertex   2.284026e+01 3.955154e+01 2.666667e+00
      vertex   2.259360e+01 3.966885e+01 2.666667e+00
    endloop
  endfacet
  facet normal 3.668542e-01 9.302784e-01 0.000000e+00
    outer loop
      vertex   2.259360e+01 3.966885e+01 6.833333e+00
      vertex   2.259360e+01 3.966885e+01 2.666667e+00
      vertex   2.233952e+01 3.976904e+01 6.833333e+00
    endloop
  endfacet
  facet normal 3.668542e-01 9.302784e-01 0.000000e+00
    outer loop
      vertex   2.233952e+01 3.976904e+01 6.833333e+00
      vertex   2.259360e+01 3.966885e+01 2.666667e+00
      vertex   2.233952e+01 3.976904e+01 2.666667e+00
    endloop
  endfacet
  facet normal 3.025146e-01 9.531448e-01 0.000000e+00
    outer loop
      vertex   2.233952e+01 3.976904e+01 6.833333e+00
      vertex   2.233952e+01 3.976904e+01 2.666667e+00
      vertex   2.207919e+01 3.985167e+01 6.833333e+00
    endloop
  endfacet
  facet normal 3.025146e-01 9.531448e-01 -2.579394e-16
    outer loop
      vertex   2.207919e+01 3.985167e+01 6.833333e+00
      vertex   2.233952e+01 3.976904e+01 2.666667e+00
      vertex   2.207919e+01 3.985167e+01 2.666667e+00
    endloop
  endfacet
  facet normal 2.367644e-01 9.715671e-01 -2.018775e-16
    outer loop
      vertex   2.207919e+01 3.985167e+01 6.833333e+00
      vertex   2.207919e+01 3.985167e+01 2.666667e+00
      vertex   2.181382e+01 3.991634e+01 6.833333e+00
    endloop
  endfacet
  facet normal 2.367644e-01 9.715671e-01 0.000000e+00
    outer loop
      vertex   2.181382e+01 3.991634e+01 6.833333e+00
      vertex   2.207919e+01 3.985167e+01 2.666667e+00
      vertex   2.181382e+01 3.991634e+01 2.666667e+00
    endloop
  endfacet
  facet normal 1.699104e-01 9.854595e-01 0.000000e+00
    outer loop
      vertex   2.181382e+01 3.991634e+01 6.833333e+00
      vertex   2.181382e+01 3.991634e+01 2.666667e+00
      vertex   2.154467e+01 3.996274e+01 6.833333e+00
    endloop
  endfacet
  facet normal 1.699104e-01 9.854595e-01 0.000000e+00
    outer loop
      vertex   2.154467e+01 3.996274e+01 6.833333e+00
      vertex   2.181382e+01 3.991634e+01 2.666667e+00
      vertex   2.154467e+01 3.996274e+01 2.666667e+00
    endloop
  endfacet
  facet normal 1.022641e-01 9.947573e-01 0.000000e+00
    outer loop
      vertex   2.154467e+01 3.996274e+01 6.833333e+00
      vertex   2.154467e+01 3.996274e+01 2.666667e+00
      vertex   2.127297e+01 3.999068e+01 6.833333e+00
    endloop
  endfacet
  facet normal 1.022641e-01 9.947573e-01 0.000000e+00
    outer loop
      vertex   2.127297e+01 3.999068e+01 6.833333e+00
      vertex   2.154467e+01 3.996274e+01 2.666667e+00
      vertex   2.127297e+01 3.999068e+01 2.666667e+00
    endloop
  endfacet
  facet normal 9.994170e-01 3.414111e-02 0.000000e+00
    outer loop
      vertex   2.500000e+01 3.600000e+01 3.000000e+00
      vertex   2.500000e+01 3.600000e+01 -1.500000e+00
      vertex   2.499068e+01 3.627297e+01 2.666667e+00
    endloop
  endfacet
  facet normal 9.994170e-01 3.414111e-02 0.000000e+00
    outer loop
      vertex   2.499068e+01 3.627297e+01 2.666667e+00
      vertex   2.500000e+01 3.600000e+01 -1.500000e+00
      vertex   2.499068e+01 3.627297e+01 -1.500000e+00
    endloop
  endfacet
  facet normal 9.947573e-01 1.022641e-01 0.000000e+00
    outer loop
      vertex   2.499068e+01 3.627297e+01 2.666667e+00
      vertex   2.499068e+01 3.627297e+01 -1.500000e+00
      vertex   2.496274e+01 3.654467e+01 2.666667e+00
    endloop
  endfacet
  facet normal 9.947573e-01 1.022641e-01 0.000000e+00
    outer loop
      vertex   2.496274e+01 3.654467e+01 2.666667e+00
      vertex   2.499068e+01 3.627297e+01 -1.500000e+00
      vertex   2.496274e+01 3.654467e+01 -1.500000e+00
    endloop
  endfacet
  facet normal 9.854595e-01 1.699104e-01 0.000000e+00
    outer loop
      vertex   2.496274e+01 3.654467e+01 2.666667e+00
      vertex   2.496274e+01 3.654467e+01 -1.500000e+00
      vertex   2.491634e+01 3.681382e+01 2.666667e+00
    endloop
  endfacet
  facet normal 9.854595e-01 1.699104e-01 0.000000e+00
    outer loop
      vertex   2.491634e+01 3.681382e+01 2.666667e+00
      vertex   2.496274e+01 3.654467e+01 -1.500000e+00
      vertex   2.491634e+01 3.681382e+01 -1.500000e+00
    endloop
  endfacet
  facet normal 9.715671e-01 2.367644e-01 0.000000e+00
    outer loop
      vertex   2.491634e+01 3.681382e+01 2.666667e+00
      vertex   2.491634e+01 3.681382e+01 -1.500000e+00
      vertex   2.485167e+01 3.707919e+01 2.666667e+00
    endloop
  endfacet
  facet normal 9.715671e-01 2.367644e-01 0.000000e+00
    outer loop
      vertex   2.485167e+01 3.707919e+01 2.666667e+00
      vertex   2.491634e+01 3.681382e+01 -1.500000e+00
      vertex   2.485167e+01 3.707919e+01 -1.500000e+00
    endloop
  endfacet
  facet normal 9.531448e-01 3.025146e-01 0.000000e+00
    outer loop
      vertex   2.485167e+01 3.707919e+01 2.666667e+00
      vertex   2.485167e+01 3.707919e+01 -1.500000e+00
      vertex   2.476904e+01 3.733952e+01 2.666667e+00
    endloop
  endfacet
  facet normal 9.531448e-01 3.025146e-01 0.000000e+00
    outer loop
      vertex   2.476904e+01 3.733952e+01 2.666667e+00
      vertex   2.485167e+01 3.707919e+01 -1.500000e+00
      vertex   2.476904e+01 3.733952e+01 -1.500000e+00
    endloop
  endfacet
  facet normal 9.302784e-01 3.668542e-01 0.000000e+00
    outer loop
      vertex   2.476904e+01 3.733952e+01 2.666667e+00
      vertex   2.476904e+01 3.733952e+01 -1.500000e+00
      vertex   2.466885e+01 3.759360e+01 2.666667e+00
    endloop
  endfacet
  facet normal 9.302784e-01 3.668542e-01 0.000000e+00
    outer loop
      vertex   2.466885e+01 3.759360e+01 2.666667e+00
      vertex   2.476904e+01 3.733952e+01 -1.500000e+00
      vertex   2.466885e+01 3.759360e+01 -1.500000e+00
    endloop
  endfacet
  facet normal 9.030747e-01 4.294834e-01 0.000000e+00
    outer loop
      vertex   2.466885e+01 3.759360e+01 2.666667e+00
      vertex   2.466885e+01 3.759360e+01 -1.500000e+00
      vertex   2.455154e+01 3.784026e+01 2.666667e+00
    endloop
  endfacet
  facet normal 9.030747e-01 4.294834e-01 0.000000e+00
    outer loop
      vertex   2.455154e+01 3.784026e+01 2.666667e+00
      vertex   2.466885e+01 3.759360e+01 -1.500000e+00
      vertex   2.455154e+01 3.784026e+01 -1.500000e+00
    endloop
  endfacet
  facet normal 8.716605e-01 4.901102e-01 0.000000e+00
    outer loop
      vertex   2.455154e+01 3.784026e+01 2.666667e+00
      vertex   2.455154e+01 3.784026e+01 -1.500000e+00
      vertex   2.441768e+01 3.807834e+01 2.666667e+00
    endloop
  endfacet
  facet normal 8.716605e-01 4.901102e-01 0.000000e+00
    outer loop
      vertex   2.441768e+01 3.807834e+01 2.666667e+00
      vertex   2.455154e+01 3.784026e+01 -1.500000e+00
      vertex   2.441768e+01 3.807834e+01 -1.500000e+00
    endloop
  endfacet
  facet normal 8.361821e-01 5.484519e-01 0.000000e+00
    outer loop
      vertex   2.441768e+01 3.807834e+01 2.666667e+00
      vertex   2.441768e+01 3.807834e+01 -1.500000e+00
      vertex   2.426788e+01 3.830672e+01 2.666667e+00
    endloop
  endfacet
  facet normal 8.361821e-01 5.484519e-01 0.000000e+00
    outer loop
      vertex   2.426788e+01 3.830672e+01 2.666667e+00
      vertex   2.441768e+01 3.807834e+01 -1.500000e+00
      vertex   2.426788e+01 3.830672e+01 -1.500000e+00
    endloop
  endfacet
  facet normal 7.968051e-01 6.042364e-01 0.000000e+00
    outer loop
      vertex   2.426788e+01 3.830672e+01 2.666667e+00
      vertex   2.426788e+01 3.830672e+01 -1.500000e+00
      vertex   2.410285e+01 3.852435e+01 2.666667e+00
    endloop
  endfacet
  facet normal 7.968051e-01 6.042364e-01 0.000000e+00
    outer loop
      vertex   2.410285e+01 3.852435e+01 2.666667e+00
      vertex   2.426788e+01 3.830672e+01 -1.500000e+00
      vertex   2.410285e+01 3.852435e+01 -1.500000e+00
    endloop
  endfacet
  facet normal 7.537130e-01 6.572037e-01 0.000000e+00
    outer loop
      vertex   2.410285e+01 3.852435e+01 2.666667e+00
      vertex   2.410285e+01 3.852435e+01 -1.500000e+00
      vertex   2.392334e+01 3.873021e+01 2.666667e+00
    endloop
  endfacet
  facet normal 7.537130e-01 6.572037e-01 0.000000e+00
    outer loop
      vertex   2.392334e+01 3.873021e+01 2.666667e+00
      vertex   2.410285e+01 3.852435e+01 -1.500000e+00
      vertex   2.392334e+01 3.873021e+01 -1.500000e+00
    endloop
  endfacet
  facet normal 7.071068e-01 7.071068e-01 0.000000e+00
    outer loop
      vertex   2.392334e+01 3.873021e+01 2.666667e+00
      vertex   2.392334e+01 3.873021e+01 -1.500000e+00
      vertex   2.373021e+01 3.892334e+01 2.666667e+00
    endloop
  endfacet
  facet normal 7.071068e-01 7.071068e-01 0.000000e+00
    outer loop
      vertex   2.373021e+01 3.892334e+01 2.666667e+00
      vertex   2.392334e+01 3.873021e+01 -1.500000e+00
      vertex   2.373021e+01 3.892334e+01 -1.500000e+00
    endloop
  endfacet
  facet normal 6.572037e-01 7.537130e-01 0.000000e+00
    outer loop
      vertex   2.373021e+01 3.892334e+01 2.666667e+00
      vertex   2.373021e+01 3.892334e+01 -1.500000e+00
      vertex   2.352435e+01 3.910285e+01 2.666667e+00
    endloop
  endfacet
  facet normal 6.572037e-01 7.537130e-01 0.000000e+00
    outer loop
      vertex   2.352435e+01 3.910285e+01 2.666667e+00
      vertex   2.373021e+01 3.892334e+01 -1.500000e+00
      vertex   2.352435e+01 3.910285e+01 -1.500000e+00
    endloop
  endfacet
  facet normal 6.042364e-01 7.968051e-01 0.000000e+00
    outer loop
      vertex   2.352435e+01 3.910285e+01 2.666667e+00
      vertex   2.352435e+01 3.910285e+01 -1.500000e+00
      vertex   2.330672e+01 3.926788e+01 2.666667e+00
    endloop
  endfacet
  facet normal 6.042364e-01 7.968051e-01 0.000000e+00
    outer loop
      vertex   2.330672e+01 3.926788e+01 2.666667e+00
      vertex   2.352435e+01 3.910285e+01 -1.500000e+00
      vertex   2.330672e+01 3.926788e+01 -1.500000e+00
    endloop
  endfacet
  facet normal 5.484519e-01 8.361821e-01 0.000000e+00
    outer loop
      vertex   2.330672e+01 3.926788e+01 2.666667e+00
      vertex   2.330672e+01 3.926788e+01 -1.500000e+00
      vertex   2.307834e+01 3.941768e+01 2.666667e+00
    endloop
  endfacet
  facet normal 5.484519e-01 8.361821e-01 0.000000e+00
    outer loop
      vertex   2.307834e+01 3.941768e+01 2.666667e+00
      vertex   2.330672e+01 3.926788e+01 -1.500000e+00
      vertex   2.307834e+01 3.941768e+01 -1.500000e+00
    endloop
  endfacet
  facet normal 4.901102e-01 8.716605e-01 0.000000e+00
    outer loop
      vertex   2.307834e+01 3.941768e+01 2.666667e+00
      vertex   2.307834e+01 3.941768e+01 -1.500000e+00
      vertex   2.284026e+01 3.955154e+01 2.666667e+00
    endloop
  endfacet
  facet normal 4.901102e-01 8.716605e-01 0.000000e+00
    outer loop
      vertex   2.284026e+01 3.955154e+01 2.666667e+00
      vertex   2.307834e+01 3.941768e+01 -1.500000e+00
      vertex   2.284026e+01 3.955154e+01 -1.500000e+00
    endloop
  endfacet
  facet normal 4.294834e-01 9.030747e-01 0.000000e+00
    outer loop
      vertex   2.284026e+01 3.955154e+01 2.666667e+00
      vertex   2.284026e+01 3.955154e+01 -1.500000e+00
      vertex   2.259360e+01 3.966885e+01 2.666667e+00
    endloop
  endfacet
  facet normal 4.294834e-01 9.030747e-01 0.000000e+00
    outer loop
      vertex   2.259360e+01 3.966885e+01 2.666667e+00
      vertex   2.284026e+01 3.955154e+01 -1.500000e+00
      vertex   2.259360e+01 3.966885e+01 -1.500000e+00
    endloop
  endfacet
  facet normal 3.668542e-01 9.302784e-01 0.000000e+00
    outer loop
      vertex   2.259360e+01 3.966885e+01 2.666667e+00
      vertex   2.259360e+01 3.966885e+01 -1.500000e+00
      vertex   2.233952e+01 3.976904e+01 2.666667e+00
    endloop
  endfacet
  facet normal 3.668542e-01 9.302784e-01 0.000000e+00
    outer loop
      vertex   2.233952e+01 3.976904e+01 2.666667e+00
      vertex   2.259360e+01 3.966885e+01 -1.500000e+00
      vertex   2.233952e+01 3.976904e+01 -1.500000e+00
    endloop
  endfacet
  facet normal 3.025146e-01 9.531448e-01 0.000000e+00
    outer loop
      vertex   2.233952e+01 3.976904e+01 2.666667e+00
      vertex   2.233952e+01 3.976904e+01 -1.500000e+00
      vertex   2.207919e+01 3.985167e+01 2.666667e+00
    endloop
  endfacet
  facet normal 3.025146e-01 9.531448e-01 0.000000e+00
    outer loop
      vertex   2.207919e+01 3.985167e+01 2.666667e+00
      vertex   2.233952e+01 3.976904e+01 -1.500000e+00
      vertex   2.207919e+01 3.985167e+01 -1.500000e+00
    endloop
  endfacet
  facet normal 2.367644e-01 9.715671e-01 0.000000e+00
    outer loop
      vertex   2.207919e+01 3.985167e+01 2.666667e+00
      vertex   2.207919e+01 3.985167e+01 -1.500000e+00
      vertex   2.181382e+01 3.991634e+01 2.666667e+00
    endloop
  endfacet
  facet normal 2.367644e-01 9.715671e-01 0.000000e+00
    outer loop
      vertex   2.181382e+01 3.991634e+01 2.666667e+00
      vertex   2.207919e+01 3.985167e+01 -1.500000e+00
      vertex   2.181382e+01 3.991634e+01 -1.500000e+00
    endloop
  endfacet
  facet normal 1.699104e-01 9.854595e-01 0.000000e+00
    outer loop
      vertex   2.181382e+01 3.991634e+01 2.666667e+00
      vertex   2.181382e+01 3.991634e+01 -1.500000e+00
      vertex   2.154467e+01 3.996274e+01 2.666667e+00
    endloop
  endfacet
  facet normal 1.699104e-01 9.854595e-01 0.000000e+00
    outer loop
      vertex   2.154467e+01 3.996274e+01 2.666667e+00
      vertex   2.181382e+01 3.991634e+01 -1.500000e+00
      vertex   2.154467e+01 3.996274e+01 -1.500000e+00
    endloop
  endfacet
  facet normal 1.022641e-01 9.947573e-01 0.000000e+00
    outer loop
      vertex   2.154467e+01 3.996274e+01 2.666667e+00
      vertex   2.154467e+01 3.996274e+01 -1.500000e+00
      vertex   2.127297e+01 3.999068e+01 2.666667e+00
    endloop
  endfacet
  facet normal 1.022641e-01 9.947573e-01 0.000000e+00
    outer loop
      vertex   2.127297e+01 3.999068e+01 2.666667e+00
      vertex   2.154467e+01 3.996274e+01 -1.500000e+00
      vertex   2.127297e+01 3.999068e+01 -1.500000e+00
    endloop
  endfacet
  facet normal 1.000000e+00 0.000000e+00 0.000000e+00
    outer loop
      vertex   2.500000e+01 3.464575e+01 2.000000e+00
      vertex   2.500000e+01 3.444308e+01 1.832764e+00
      vertex   2.500000e+01 3.500000e+01 2.000000e+00
    endloop
  endfacet
  facet normal 1.000000e+00 -0.000000e+00 0.000000e+00
    outer loop
      vertex   2.500000e+01 3.500000e+01 2.000000e+00
      vertex   2.500000e+01 3.444308e+01 1.832764e+00
      vertex   2.500000e+01 3.513053e+01 2.008555e+00
    endloop
  endfacet
  facet normal 1.000000e+00 0.000000e+00 0.000000e+00
    outer loop
      vertex   2.500000e+01 3.513053e+01 2.008555e+00
      vertex   2.500000e+01 3.444308e+01 1.832764e+00
      vertex   2.500000e+01 3.422986e+01 1.679196e+00
    endloop
  endfacet
  facet normal 1.000000e+00 -0.000000e+00 0.000000e+00
    outer loop
      vertex   2.500000e+01 3.513053e+01 2.008555e+00
      vertex   2.500000e+01 3.422986e+01 1.679196e+00
      vertex   2.500000e+01 3.525882e+01 2.034074e+00
    endloop
  endfacet
  facet normal 1.000000e+00 0.000000e+00 0.000000e+00
    outer loop
      vertex   2.500000e+01 3.525882e+01 2.034074e+00
      vertex   2.500000e+01 3.422986e+01 1.679196e+00
      vertex   2.500000e+01 3.400701e+01 1.539958e+00
    endloop
  endfacet
  facet normal 1.000000e+00 0.000000e+00 0.000000e+00
    outer loop
      vertex   2.500000e+01 3.525882e+01 2.034074e+00
      vertex   2.500000e+01 3.400701e+01 1.539958e+00
      vertex   2.500000e+01 3.377551e+01 1.415651e+00
    endloop
  endfacet
  facet normal 1.000000e+00 0.000000e+00 0.000000e+00
    outer loop
      vertex   2.500000e+01 3.525882e+01 2.034074e+00
      vertex   2.500000e+01 3.377551e+01 1.415651e+00
      vertex   2.500000e+01 3.600000e+01 -1.500000e+00
    endloop
  endfacet
  facet normal 1.000000e+00 0.000000e+00 0.000000e+00
    outer loop
      vertex   2.500000e+01 3.600000e+01 -1.500000e+00
      vertex   2.500000e+01 3.377551e+01 1.415651e+00
      vertex   2.500000e+01 3.353635e+01 1.306812e+00
    endloop
  endfacet
  facet normal 1.000000e+00 0.000000e+00 0.000000e+00
    outer loop
      vertex   2.500000e+01 3.600000e+01 -1.500000e+00
      vertex   2.500000e+01 3.353635e+01 1.306812e+00
      vertex   2.500000e+01 3.329055e+01 1.213911e+00
    endloop
  endfacet
  facet normal 1.000000e+00 0.000000e+00 0.000000e+00
    outer loop
      vertex   2.500000e+01 3.329055e+01 1.213911e+00
      vertex   2.500000e+01 3.303919e+01 1.137347e+00
      vertex   2.500000e+01 3.600000e+01 -1.500000e+00
    endloop
  endfacet
  facet normal 1.000000e+00 0.000000e+00 0.000000e+00
    outer loop
      vertex   2.500000e+01 3.600000e+01 -1.500000e+00
      vertex   2.500000e+01 3.303919e+01 1.137347e+00
      vertex   2.500000e+01 3.278334e+01 1.077453e+00
    endloop
  endfacet
  facet normal 1.000000e+00 0.000000e+00 0.000000e+00
    outer loop
      vertex   2.500000e+01 3.600000e+01 -1.500000e+00
      vertex   2.500000e+01 3.278334e+01 1.077453e+00
      vertex   2.500000e+01 3.252411e+01 1.034486e+00
    endloop
  endfacet
  facet normal 1.000000e+00 0.000000e+00 0.000000e+00
    outer loop
      vertex   2.500000e+01 3.252411e+01 1.034486e+00
      vertex   2.500000e+01 3.226262e+01 1.008631e+00
      vertex   2.500000e+01 3.600000e+01 -1.500000e+00
    endloop
  endfacet
  facet normal 1.000000e+00 0.000000e+00 0.000000e+00
    outer loop
      vertex   2.500000e+01 3.600000e+01 -1.500000e+00
      vertex   2.500000e+01 3.226262e+01 1.008631e+00
      vertex   2.500000e+01 3.200000e+01 1.000000e+00
    endloop
  endfacet
  facet normal 1.000000e+00 0.000000e+00 0.000000e+00
    outer loop
      vertex   2.500000e+01 3.600000e+01 -1.500000e+00
      vertex   2.500000e+01 3.200000e+01 1.000000e+00
      vertex   2.500000e+01 8.000000e+00 1.000000e+00
    endloop
  endfacet
  facet normal 1.000000e+00 1.110223e-16 1.243450e-15
    outer loop
      vertex   2.500000e+01 3.600000e+01 -1.500000e+00
      vertex   2.500000e+01 8.000000e+00 1.000000e+00
      vertex   2.500000e+01 4.000000e+00 -1.500000e+00
    endloop
  endfacet
  facet normal 1.000000e+00 4.436870e-17 1.350096e-15
    outer loop
      vertex   2.500000e+01 4.000000e+00 -1.500000e+00
      vertex   2.500000e+01 8.000000e+00 1.000000e+00
      vertex   2.500000e+01 7.737377e+00 1.008631e+00
    endloop
  endfacet
  facet normal 1.000000e+00 1.220482e-16 1.234368e-15
    outer loop
      vertex   2.500000e+01 4.000000e+00 -1.500000e+00
      vertex   2.500000e+01 7.737377e+00 1.008631e+00
      vertex   2.500000e+01 7.475887e+00 1.034486e+00
    endloop
  endfacet
  facet normal 1.000000e+00 1.893085e-16 1.142125e-15
    outer loop
      vertex   2.500000e+01 7.475887e+00 1.034486e+00
      vertex   2.500000e+01 7.216658e+00 1.077453e+00
      vertex   2.500000e+01 4.000000e+00 -1.500000e+00
    endloop
  endfacet
  facet normal 1.000000e+00 2.497231e-16 1.066727e-15
    outer loop
      vertex   2.500000e+01 4.000000e+00 -1.500000e+00
      vertex   2.500000e+01 7.216658e+00 1.077453e+00
      vertex   2.500000e+01 6.960810e+00 1.137347e+00
    endloop
  endfacet
  facet normal 1.000000e+00 3.057559e-16 1.003822e-15
    outer loop
      vertex   2.500000e+01 4.000000e+00 -1.500000e+00
      vertex   2.500000e+01 6.960810e+00 1.137347e+00
      vertex   2.500000e+01 6.709447e+00 1.213911e+00
    endloop
  endfacet
  facet normal 1.000000e+00 3.592308e-16 9.504354e-16
    outer loop
      vertex   2.500000e+01 6.709447e+00 1.213911e+00
      vertex   2.500000e+01 6.463652e+00 1.306812e+00
      vertex   2.500000e+01 4.000000e+00 -1.500000e+00
    endloop
  endfacet
  facet normal 1.000000e+00 4.116039e-16 9.044654e-16
    outer loop
      vertex   2.500000e+01 4.000000e+00 -1.500000e+00
      vertex   2.500000e+01 6.463652e+00 1.306812e+00
      vertex   2.500000e+01 6.224488e+00 1.415651e+00
    endloop
  endfacet
  facet normal 1.000000e+00 3.854202e-16 9.244423e-16
    outer loop
      vertex   2.500000e+01 4.000000e+00 -1.500000e+00
      vertex   2.500000e+01 6.224488e+00 1.415651e+00
      vertex   2.500000e+01 4.741181e+00 2.034074e+00
    endloop
  endfacet
  facet normal 1.000000e+00 0.000000e+00 0.000000e+00
    outer loop
      vertex   2.500000e+01 4.741181e+00 2.034074e+00
      vertex   2.500000e+01 6.224488e+00 1.415651e+00
      vertex   2.500000e+01 5.992985e+00 1.539958e+00
    endloop
  endfacet
  facet normal 1.000000e+00 0.000000e+00 0.000000e+00
    outer loop
      vertex   2.500000e+01 4.741181e+00 2.034074e+00
      vertex   2.500000e+01 5.992985e+00 1.539958e+00
      vertex   2.500000e+01 5.770144e+00 1.679196e+00
    endloop
  endfacet
  facet normal 1.000000e+00 0.000000e+00 0.000000e+00
    outer loop
      vertex   2.500000e+01 4.741181e+00 2.034074e+00
      vertex   2.500000e+01 5.770144e+00 1.679196e+00
      vertex   2.500000e+01 4.869474e+00 2.008555e+00
    endloop
  endfacet
  facet normal 1.000000e+00 0.000000e+00 0.000000e+00
    outer loop
      vertex   2.500000e+01 4.869474e+00 2.008555e+00
      vertex   2.500000e+01 5.770144e+00 1.679196e+00
      vertex   2.500000e+01 5.556925e+00 1.832764e+00
    endloop
  endfacet
  facet normal 1.000000e+00 0.000000e+00 0.000000e+00
    outer loop
      vertex   2.500000e+01 4.869474e+00 2.008555e+00
      vertex   2.500000e+01 5.556925e+00 1.832764e+00
      vertex   2.500000e+01 5.000000e+00 2.000000e+00
    endloop
  endfacet
  facet normal 1.000000e+00 -1.002887e-14 -3.339787e-14
    outer loop
      vertex   2.500000e+01 5.000000e+00 2.000000e+00
      vertex   2.500000e+01 5.556925e+00 1.832764e+00
      vertex   2.500000e+01 5.354249e+00 2.000000e+00
    endloop
  endfacet
  facet normal 1.000000e+00 3.185654e-16 9.384633e-16
    outer loop
      vertex   2.500000e+01 4.741181e+00 2.034074e+00
      vertex   2.500000e+01 4.617317e+00 2.076120e+00
      vertex   2.500000e+01 4.000000e+00 -1.500000e+00
    endloop
  endfacet
  facet normal 1.000000e+00 4.514839e-16 9.155187e-16
    outer loop
      vertex   2.500000e+01 4.000000e+00 -1.500000e+00
      vertex   2.500000e+01 4.617317e+00 2.076120e+00
      vertex   2.500000e+01 4.500000e+00 2.133975e+00
    endloop
  endfacet
  facet normal 1.000000e+00 5.982382e-16 8.953267e-16
    outer loop
      vertex   2.500000e+01 4.000000e+00 -1.500000e+00
      vertex   2.500000e+01 4.500000e+00 2.133975e+00
      vertex   2.500000e+01 4.391239e+00 2.206647e+00
    endloop
  endfacet
  facet normal 1.000000e+00 7.693422e-16 8.772666e-16
    outer loop
      vertex   2.500000e+01 4.391239e+00 2.206647e+00
      vertex   2.500000e+01 4.292893e+00 2.292893e+00
      vertex   2.500000e+01 4.000000e+00 -1.500000e+00
    endloop
  endfacet
  facet normal 1.000000e+00 9.816373e-16 8.608728e-16
    outer loop
      vertex   2.500000e+01 4.000000e+00 -1.500000e+00
      vertex   2.500000e+01 4.292893e+00 2.292893e+00
      vertex   2.500000e+01 4.206647e+00 2.391239e+00
    endloop
  endfacet
  facet normal 1.000000e+00 1.265802e-15 8.457821e-16
    outer loop
      vertex   2.500000e+01 4.000000e+00 -1.500000e+00
      vertex   2.500000e+01 4.206647e+00 2.391239e+00
      vertex   2.500000e+01 4.133975e+00 2.500000e+00
    endloop
  endfacet
  facet normal 1.000000e+00 1.686503e-15 8.316913e-16
    outer loop
      vertex   2.500000e+01 4.133975e+00 2.500000e+00
      vertex   2.500000e+01 4.076120e+00 2.617317e+00
      vertex   2.500000e+01 4.000000e+00 -1.500000e+00
    endloop
  endfacet
  facet normal 1.000000e+00 2.410644e-15 8.183034e-16
    outer loop
      vertex   2.500000e+01 4.000000e+00 -1.500000e+00
      vertex   2.500000e+01 4.076120e+00 2.617317e+00
      vertex   2.500000e+01 4.034074e+00 2.741181e+00
    endloop
  endfacet
  facet normal 1.000000e+00 4.047765e-15 8.051506e-16
    outer loop
      vertex   2.500000e+01 4.000000e+00 -1.500000e+00
      vertex   2.500000e+01 4.034074e+00 2.741181e+00
      vertex   2.500000e+01 4.008555e+00 2.869474e+00
    endloop
  endfacet
  facet normal 1.000000e+00 1.204532e-14 7.894919e-16
    outer loop
      vertex   2.500000e+01 4.008555e+00 2.869474e+00
      vertex   2.500000e+01 4.000000e+00 3.000000e+00
      vertex   2.500000e+01 4.000000e+00 -1.500000e+00
    endloop
  endfacet
  facet normal 1.000000e+00 0.000000e+00 0.000000e+00
    outer loop
      vertex   2.500000e+01 3.600000e+01 3.000000e+00
      vertex   2.500000e+01 3.599144e+01 2.869474e+00
      vertex   2.500000e+01 3.600000e+01 -1.500000e+00
    endloop
  endfacet
  facet normal 1.000000e+00 0.000000e+00 0.000000e+00
    outer loop
      vertex   2.500000e+01 3.600000e+01 -1.500000e+00
      vertex   2.500000e+01 3.599144e+01 2.869474e+00
      vertex   2.500000e+01 3.596593e+01 2.741181e+00
    endloop
  endfacet
  facet normal 1.000000e+00 0.000000e+00 0.000000e+00
    outer loop
      vertex   2.500000e+01 3.600000e+01 -1.500000e+00
      vertex   2.500000e+01 3.596593e+01 2.741181e+00
      vertex   2.500000e+01 3.592388e+01 2.617317e+00
    endloop
  endfacet
  facet normal 1.000000e+00 0.000000e+00 0.000000e+00
    outer loop
      vertex   2.500000e+01 3.592388e+01 2.617317e+00
      vertex   2.500000e+01 3.586603e+01 2.500000e+00
      vertex   2.500000e+01 3.600000e+01 -1.500000e+00
    endloop
  endfacet
  facet normal 1.000000e+00 0.000000e+00 0.000000e+00
    outer loop
      vertex   2.500000e+01 3.600000e+01 -1.500000e+00
      vertex   2.500000e+01 3.586603e+01 2.500000e+00
      vertex   2.500000e+01 3.579335e+01 2.391239e+00
    endloop
  endfacet
  facet normal 1.000000e+00 0.000000e+00 0.000000e+00
    outer loop
      vertex   2.500000e+01 3.600000e+01 -1.500000e+00
      vertex   2.500000e+01 3.579335e+01 2.391239e+00
      vertex   2.500000e+01 3.570711e+01 2.292893e+00
    endloop
  endfacet
  facet normal 1.000000e+00 0.000000e+00 0.000000e+00
    outer loop
      vertex   2.500000e+01 3.570711e+01 2.292893e+00
      vertex   2.500000e+01 3.560876e+01 2.206647e+00
      vertex   2.500000e+01 3.600000e+01 -1.500000e+00
    endloop
  endfacet
  facet normal 1.000000e+00 0.000000e+00 0.000000e+00
    outer loop
      vertex   2.500000e+01 3.600000e+01 -1.500000e+00
      vertex   2.500000e+01 3.560876e+01 2.206647e+00
      vertex   2.500000e+01 3.550000e+01 2.133975e+00
    endloop
  endfacet
  facet normal 1.000000e+00 0.000000e+00 0.000000e+00
    outer loop
      vertex   2.500000e+01 3.600000e+01 -1.500000e+00
      vertex   2.500000e+01 3.550000e+01 2.133975e+00
      vertex   2.500000e+01 3.538268e+01 2.076120e+00
    endloop
  endfacet
  facet normal 1.000000e+00 0.000000e+00 0.000000e+00
    outer loop
      vertex   2.500000e+01 3.538268e+01 2.076120e+00
      vertex   2.500000e+01 3.525882e+01 2.034074e+00
      vertex   2.500000e+01 3.600000e+01 -1.500000e+00
    endloop
  endfacet
  facet normal 9.994170e-01 -3.414111e-02 0.000000e+00
    outer loop
      vertex   2.499068e+01 3.727030e+00 -1.500000e+00
      vertex   2.500000e+01 4.000000e+00 -1.500000e+00
      vertex   2.499068e+01 3.727030e+00 2.666667e+00
    endloop
  endfacet
  facet normal 9.994170e-01 -3.414111e-02 7.889726e-16
    outer loop
      vertex   2.499068e+01 3.727030e+00 2.666667e+00
      vertex   2.500000e+01 4.000000e+00 -1.500000e+00
      vertex   2.500000e+01 4.000000e+00 3.000000e+00
    endloop
  endfacet
  facet normal 9.994170e-01 -3.414111e-02 0.000000e+00
    outer loop
      vertex   2.499068e+01 3.727030e+00 2.666667e+00
      vertex   2.500000e+01 4.000000e+00 3.000000e+00
      vertex   2.499068e+01 3.727030e+00 6.833333e+00
    endloop
  endfacet
  facet normal 9.994170e-01 -3.414111e-02 -4.420108e-16
    outer loop
      vertex   2.499068e+01 3.727030e+00 6.833333e+00
      vertex   2.500000e+01 4.000000e+00 3.000000e+00
      vertex   2.500000e+01 4.000000e+00 1.100000e+01
    endloop
  endfacet
  facet normal 9.994170e-01 -3.414111e-02 0.000000e+00
    outer loop
      vertex   2.499068e+01 3.727030e+00 6.833333e+00
      vertex   2.500000e+01 4.000000e+00 1.100000e+01
      vertex   2.499068e+01 3.727030e+00 1.100000e+01
    endloop
  endfacet
  facet normal 9.947573e-01 -1.022641e-01 0.000000e+00
    outer loop
      vertex   2.499068e+01 3.727030e+00 6.833333e+00
      vertex   2.499068e+01 3.727030e+00 1.100000e+01
      vertex   2.496274e+01 3.455333e+00 6.833333e+00
    endloop
  endfacet
  facet normal 9.947573e-01 -1.022641e-01 0.000000e+00
    outer loop
      vertex   2.496274e+01 3.455333e+00 6.833333e+00
      vertex   2.499068e+01 3.727030e+00 1.100000e+01
      vertex   2.496274e+01 3.455333e+00 1.100000e+01
    endloop
  endfacet
  facet normal 9.854595e-01 -1.699104e-01 0.000000e+00
    outer loop
      vertex   2.496274e+01 3.455333e+00 6.833333e+00
      vertex   2.496274e+01 3.455333e+00 1.100000e+01
      vertex   2.491634e+01 3.186176e+00 6.833333e+00
    endloop
  endfacet
  facet normal 9.854595e-01 -1.699104e-01 -1.810929e-17
    outer loop
      vertex   2.491634e+01 3.186176e+00 6.833333e+00
      vertex   2.496274e+01 3.455333e+00 1.100000e+01
      vertex   2.491634e+01 3.186176e+00 1.100000e+01
    endloop
  endfacet
  facet normal 9.715671e-01 -2.367644e-01 -2.523469e-17
    outer loop
      vertex   2.491634e+01 3.186176e+00 6.833333e+00
      vertex   2.491634e+01 3.186176e+00 1.100000e+01
      vertex   2.485167e+01 2.920813e+00 6.833333e+00
    endloop
  endfacet
  facet normal 9.715671e-01 -2.367644e-01 0.000000e+00
    outer loop
      vertex   2.485167e+01 2.920813e+00 6.833333e+00
      vertex   2.491634e+01 3.186176e+00 1.100000e+01
      vertex   2.485167e+01 2.920813e+00 1.100000e+01
    endloop
  endfacet
  facet normal 9.531448e-01 -3.025146e-01 0.000000e+00
    outer loop
      vertex   2.485167e+01 2.920813e+00 6.833333e+00
      vertex   2.485167e+01 2.920813e+00 1.100000e+01
      vertex   2.476904e+01 2.660482e+00 6.833333e+00
    endloop
  endfacet
  facet normal 9.531448e-01 -3.025146e-01 -3.224243e-17
    outer loop
      vertex   2.476904e+01 2.660482e+00 6.833333e+00
      vertex   2.485167e+01 2.920813e+00 1.100000e+01
      vertex   2.476904e+01 2.660482e+00 1.100000e+01
    endloop
  endfacet
  facet normal 9.302784e-01 -3.668542e-01 -3.909984e-17
    outer loop
      vertex   2.476904e+01 2.660482e+00 6.833333e+00
      vertex   2.476904e+01 2.660482e+00 1.100000e+01
      vertex   2.466885e+01 2.406396e+00 6.833333e+00
    endloop
  endfacet
  facet normal 9.302784e-01 -3.668542e-01 0.000000e+00
    outer loop
      vertex   2.466885e+01 2.406396e+00 6.833333e+00
      vertex   2.476904e+01 2.660482e+00 1.100000e+01
      vertex   2.466885e+01 2.406396e+00 1.100000e+01
    endloop
  endfacet
  facet normal 9.030747e-01 -4.294834e-01 0.000000e+00
    outer loop
      vertex   2.466885e+01 2.406396e+00 6.833333e+00
      vertex   2.466885e+01 2.406396e+00 1.100000e+01
      vertex   2.455154e+01 2.159740e+00 6.833333e+00
    endloop
  endfacet
  facet normal 9.030747e-01 -4.294834e-01 -9.531076e-16
    outer loop
      vertex   2.455154e+01 2.159740e+00 6.833333e+00
      vertex   2.466885e+01 2.406396e+00 1.100000e+01
      vertex   2.455154e+01 2.159740e+00 1.100000e+01
    endloop
  endfacet
  facet normal 8.716605e-01 -4.901102e-01 -9.521690e-16
    outer loop
      vertex   2.455154e+01 2.159740e+00 6.833333e+00
      vertex   2.455154e+01 2.159740e+00 1.100000e+01
      vertex   2.441768e+01 1.921664e+00 6.833333e+00
    endloop
  endfacet
  facet normal 8.716605e-01 -4.901102e-01 1.004406e-15
    outer loop
      vertex   2.441768e+01 1.921664e+00 6.833333e+00
      vertex   2.455154e+01 2.159740e+00 1.100000e+01
      vertex   2.441768e+01 1.921664e+00 1.100000e+01
    endloop
  endfacet
  facet normal 8.361821e-01 -5.484519e-01 1.005246e-15
    outer loop
      vertex   2.441768e+01 1.921664e+00 6.833333e+00
      vertex   2.441768e+01 1.921664e+00 1.100000e+01
      vertex   2.426788e+01 1.693279e+00 6.833333e+00
    endloop
  endfacet
  facet normal 8.361821e-01 -5.484519e-01 1.753643e-16
    outer loop
      vertex   2.426788e+01 1.693279e+00 6.833333e+00
      vertex   2.441768e+01 1.921664e+00 1.100000e+01
      vertex   2.426788e+01 1.693279e+00 1.100000e+01
    endloop
  endfacet
  facet normal 7.968051e-01 -6.042364e-01 1.932011e-16
    outer loop
      vertex   2.426788e+01 1.693279e+00 6.833333e+00
      vertex   2.426788e+01 1.693279e+00 1.100000e+01
      vertex   2.410285e+01 1.475648e+00 6.833333e+00
    endloop
  endfacet
  facet normal 7.968051e-01 -6.042364e-01 0.000000e+00
    outer loop
      vertex   2.410285e+01 1.475648e+00 6.833333e+00
      vertex   2.426788e+01 1.693279e+00 1.100000e+01
      vertex   2.410285e+01 1.475648e+00 1.100000e+01
    endloop
  endfacet
  facet normal 7.537130e-01 -6.572037e-01 0.000000e+00
    outer loop
      vertex   2.410285e+01 1.475648e+00 6.833333e+00
      vertex   2.410285e+01 1.475648e+00 1.100000e+01
      vertex   2.392334e+01 1.269787e+00 6.833333e+00
    endloop
  endfacet
  facet normal 7.537130e-01 -6.572037e-01 2.801828e-16
    outer loop
      vertex   2.392334e+01 1.269787e+00 6.833333e+00
      vertex   2.410285e+01 1.475648e+00 1.100000e+01
      vertex   2.392334e+01 1.269787e+00 1.100000e+01
    endloop
  endfacet
  facet normal 7.071068e-01 -7.071068e-01 3.014578e-16
    outer loop
      vertex   2.392334e+01 1.269787e+00 6.833333e+00
      vertex   2.392334e+01 1.269787e+00 1.100000e+01
      vertex   2.373021e+01 1.076656e+00 6.833333e+00
    endloop
  endfacet
  facet normal 7.071068e-01 -7.071068e-01 -2.260933e-16
    outer loop
      vertex   2.373021e+01 1.076656e+00 6.833333e+00
      vertex   2.392334e+01 1.269787e+00 1.100000e+01
      vertex   2.373021e+01 1.076656e+00 1.100000e+01
    endloop
  endfacet
  facet normal 6.572037e-01 -7.537130e-01 -2.409954e-16
    outer loop
      vertex   2.373021e+01 1.076656e+00 6.833333e+00
      vertex   2.373021e+01 1.076656e+00 1.100000e+01
      vertex   2.352435e+01 8.971548e-01 6.833333e+00
    endloop
  endfacet
  facet normal 6.572037e-01 -7.537130e-01 1.004147e-16
    outer loop
      vertex   2.352435e+01 8.971548e-01 6.833333e+00
      vertex   2.373021e+01 1.076656e+00 1.100000e+01
      vertex   2.352435e+01 8.971548e-01 1.100000e+01
    endloop
  endfacet
  facet normal 6.042364e-01 -7.968051e-01 1.061558e-16
    outer loop
      vertex   2.352435e+01 8.971548e-01 6.833333e+00
      vertex   2.352435e+01 8.971548e-01 1.100000e+01
      vertex   2.330672e+01 7.321204e-01 6.833333e+00
    endloop
  endfacet
  facet normal 6.042364e-01 -7.968051e-01 4.246231e-17
    outer loop
      vertex   2.330672e+01 7.321204e-01 6.833333e+00
      vertex   2.352435e+01 8.971548e-01 1.100000e+01
      vertex   2.330672e+01 7.321204e-01 1.100000e+01
    endloop
  endfacet
  facet normal 5.484519e-01 -8.361821e-01 4.456074e-17
    outer loop
      vertex   2.330672e+01 7.321204e-01 6.833333e+00
      vertex   2.330672e+01 7.321204e-01 1.100000e+01
      vertex   2.307834e+01 5.823224e-01 6.833333e+00
    endloop
  endfacet
  facet normal 5.484519e-01 -8.361821e-01 8.912147e-17
    outer loop
      vertex   2.307834e+01 5.823224e-01 6.833333e+00
      vertex   2.330672e+01 7.321204e-01 1.100000e+01
      vertex   2.307834e+01 5.823224e-01 1.100000e+01
    endloop
  endfacet
  facet normal 4.901102e-01 -8.716605e-01 9.290280e-17
    outer loop
      vertex   2.307834e+01 5.823224e-01 6.833333e+00
      vertex   2.307834e+01 5.823224e-01 1.100000e+01
      vertex   2.284026e+01 4.484591e-01 6.833333e+00
    endloop
  endfacet
  facet normal 4.901102e-01 -8.716605e-01 1.625799e-16
    outer loop
      vertex   2.284026e+01 4.484591e-01 6.833333e+00
      vertex   2.307834e+01 5.823224e-01 1.100000e+01
      vertex   2.284026e+01 4.484591e-01 1.100000e+01
    endloop
  endfacet
  facet normal 4.294834e-01 -9.030747e-01 1.684392e-16
    outer loop
      vertex   2.284026e+01 4.484591e-01 6.833333e+00
      vertex   2.284026e+01 4.484591e-01 1.100000e+01
      vertex   2.259360e+01 3.311548e-01 6.833333e+00
    endloop
  endfacet
  facet normal 4.294834e-01 -9.030747e-01 -1.323451e-16
    outer loop
      vertex   2.259360e+01 3.311548e-01 6.833333e+00
      vertex   2.284026e+01 4.484591e-01 1.100000e+01
      vertex   2.259360e+01 3.311548e-01 1.100000e+01
    endloop
  endfacet
  facet normal 3.668542e-01 -9.302784e-01 -1.363318e-16
    outer loop
      vertex   2.259360e+01 3.311548e-01 6.833333e+00
      vertex   2.259360e+01 3.311548e-01 1.100000e+01
      vertex   2.233952e+01 2.309563e-01 6.833333e+00
    endloop
  endfacet
  facet normal 3.668542e-01 -9.302784e-01 3.718140e-17
    outer loop
      vertex   2.233952e+01 2.309563e-01 6.833333e+00
      vertex   2.259360e+01 3.311548e-01 1.100000e+01
      vertex   2.233952e+01 2.309563e-01 1.100000e+01
    endloop
  endfacet
  facet normal 3.025146e-01 -9.531448e-01 3.809532e-17
    outer loop
      vertex   2.233952e+01 2.309563e-01 6.833333e+00
      vertex   2.233952e+01 2.309563e-01 1.100000e+01
      vertex   2.207919e+01 1.483309e-01 6.833333e+00
    endloop
  endfacet
  facet normal 3.025146e-01 -9.531448e-01 -1.460321e-16
    outer loop
      vertex   2.207919e+01 1.483309e-01 6.833333e+00
      vertex   2.233952e+01 2.309563e-01 1.100000e+01
      vertex   2.207919e+01 1.483309e-01 1.100000e+01
    endloop
  endfacet
  facet normal 2.367644e-01 -9.715671e-01 -1.488545e-16
    outer loop
      vertex   2.207919e+01 1.483309e-01 6.833333e+00
      vertex   2.207919e+01 1.483309e-01 1.100000e+01
      vertex   2.181382e+01 8.366365e-02 6.833333e+00
    endloop
  endfacet
  facet normal 2.367644e-01 -9.715671e-01 4.853953e-17
    outer loop
      vertex   2.181382e+01 8.366365e-02 6.833333e+00
      vertex   2.207919e+01 1.483309e-01 1.100000e+01
      vertex   2.181382e+01 8.366365e-02 1.100000e+01
    endloop
  endfacet
  facet normal 1.699104e-01 -9.854595e-01 4.923359e-17
    outer loop
      vertex   2.181382e+01 8.366365e-02 6.833333e+00
      vertex   2.181382e+01 8.366365e-02 1.100000e+01
      vertex   2.154467e+01 3.725622e-02 6.833333e+00
    endloop
  endfacet
  facet normal 1.699104e-01 -9.854595e-01 -1.148784e-17
    outer loop
      vertex   2.154467e+01 3.725622e-02 6.833333e+00
      vertex   2.181382e+01 8.366365e-02 1.100000e+01
      vertex   2.154467e+01 3.725622e-02 1.100000e+01
    endloop
  endfacet
  facet normal 1.022641e-01 -9.947573e-01 -1.159623e-17
    outer loop
      vertex   2.154467e+01 3.725622e-02 6.833333e+00
      vertex   2.154467e+01 3.725622e-02 1.100000e+01
      vertex   2.127297e+01 9.324923e-03 6.833333e+00
    endloop
  endfacet
  facet normal 1.022641e-01 -9.947573e-01 6.005188e-17
    outer loop
      vertex   2.127297e+01 9.324923e-03 6.833333e+00
      vertex   2.154467e+01 3.725622e-02 1.100000e+01
      vertex   2.127297e+01 9.324923e-03 1.100000e+01
    endloop
  endfacet
  facet normal 3.414111e-02 -9.994170e-01 6.033318e-17
    outer loop
      vertex   2.127297e+01 9.324923e-03 6.833333e+00
      vertex   2.127297e+01 9.324923e-03 1.100000e+01
      vertex   2.100000e+01 0.000000e+00 1.100000e+01
    endloop
  endfacet
  facet normal 3.414111e-02 -9.994170e-01 0.000000e+00
    outer loop
      vertex   2.100000e+01 0.000000e+00 1.100000e+01
      vertex   2.100000e+01 0.000000e+00 -1.500000e+00
      vertex   2.127297e+01 9.324923e-03 6.833333e+00
    endloop
  endfacet
  facet normal 3.414111e-02 -9.994170e-01 0.000000e+00
    outer loop
      vertex   2.127297e+01 9.324923e-03 6.833333e+00
      vertex   2.100000e+01 0.000000e+00 -1.500000e+00
      vertex   2.127297e+01 9.324923e-03 2.666667e+00
    endloop
  endfacet
  facet normal 1.022641e-01 -9.947573e-01 0.000000e+00
    outer loop
      vertex   2.127297e+01 9.324923e-03 6.833333e+00
      vertex   2.127297e+01 9.324923e-03 2.666667e+00
      vertex   2.154467e+01 3.725622e-02 6.833333e+00
    endloop
  endfacet
  facet normal 1.022641e-01 -9.947573e-01 0.000000e+00
    outer loop
      vertex   2.154467e+01 3.725622e-02 6.833333e+00
      vertex   2.127297e+01 9.324923e-03 2.666667e+00
      vertex   2.154467e+01 3.725622e-02 2.666667e+00
    endloop
  endfacet
  facet normal 1.699104e-01 -9.854595e-01 0.000000e+00
    outer loop
      vertex   2.154467e+01 3.725622e-02 6.833333e+00
      vertex   2.154467e+01 3.725622e-02 2.666667e+00
      vertex   2.181382e+01 8.366365e-02 6.833333e+00
    endloop
  endfacet
  facet normal 1.699104e-01 -9.854595e-01 0.000000e+00
    outer loop
      vertex   2.181382e+01 8.366365e-02 6.833333e+00
      vertex   2.154467e+01 3.725622e-02 2.666667e+00
      vertex   2.181382e+01 8.366365e-02 2.666667e+00
    endloop
  endfacet
  facet normal 2.367644e-01 -9.715671e-01 0.000000e+00
    outer loop
      vertex   2.181382e+01 8.366365e-02 6.833333e+00
      vertex   2.181382e+01 8.366365e-02 2.666667e+00
      vertex   2.207919e+01 1.483309e-01 6.833333e+00
    endloop
  endfacet
  facet normal 2.367644e-01 -9.715671e-01 0.000000e+00
    outer loop
      vertex   2.207919e+01 1.483309e-01 6.833333e+00
      vertex   2.181382e+01 8.366365e-02 2.666667e+00
      vertex   2.207919e+01 1.483309e-01 2.666667e+00
    endloop
  endfacet
  facet normal 3.025146e-01 -9.531448e-01 0.000000e+00
    outer loop
      vertex   2.207919e+01 1.483309e-01 6.833333e+00
      vertex   2.207919e+01 1.483309e-01 2.666667e+00
      vertex   2.233952e+01 2.309563e-01 6.833333e+00
    endloop
  endfacet
  facet normal 3.025146e-01 -9.531448e-01 0.000000e+00
    outer loop
      vertex   2.233952e+01 2.309563e-01 6.833333e+00
      vertex   2.207919e+01 1.483309e-01 2.666667e+00
      vertex   2.233952e+01 2.309563e-01 2.666667e+00
    endloop
  endfacet
  facet normal 3.668542e-01 -9.302784e-01 0.000000e+00
    outer loop
      vertex   2.233952e+01 2.309563e-01 6.833333e+00
      vertex   2.233952e+01 2.309563e-01 2.666667e+00
      vertex   2.259360e+01 3.311548e-01 6.833333e+00
    endloop
  endfacet
  facet normal 3.668542e-01 -9.302784e-01 0.000000e+00
    outer loop
      vertex   2.259360e+01 3.311548e-01 6.833333e+00
      vertex   2.233952e+01 2.309563e-01 2.666667e+00
      vertex   2.259360e+01 3.311548e-01 2.666667e+00
    endloop
  endfacet
  facet normal 4.294834e-01 -9.030747e-01 0.000000e+00
    outer loop
      vertex   2.259360e+01 3.311548e-01 6.833333e+00
      vertex   2.259360e+01 3.311548e-01 2.666667e+00
      vertex   2.284026e+01 4.484591e-01 6.833333e+00
    endloop
  endfacet
  facet normal 4.294834e-01 -9.030747e-01 0.000000e+00
    outer loop
      vertex   2.284026e+01 4.484591e-01 6.833333e+00
      vertex   2.259360e+01 3.311548e-01 2.666667e+00
      vertex   2.284026e+01 4.484591e-01 2.666667e+00
    endloop
  endfacet
  facet normal 4.901102e-01 -8.716605e-01 0.000000e+00
    outer loop
      vertex   2.284026e+01 4.484591e-01 6.833333e+00
      vertex   2.284026e+01 4.484591e-01 2.666667e+00
      vertex   2.307834e+01 5.823224e-01 6.833333e+00
    endloop
  endfacet
  facet normal 4.901102e-01 -8.716605e-01 0.000000e+00
    outer loop
      vertex   2.307834e+01 5.823224e-01 6.833333e+00
      vertex   2.284026e+01 4.484591e-01 2.666667e+00
      vertex   2.307834e+01 5.823224e-01 2.666667e+00
    endloop
  endfacet
  facet normal 5.484519e-01 -8.361821e-01 0.000000e+00
    outer loop
      vertex   2.307834e+01 5.823224e-01 6.833333e+00
      vertex   2.307834e+01 5.823224e-01 2.666667e+00
      vertex   2.330672e+01 7.321204e-01 6.833333e+00
    endloop
  endfacet
  facet normal 5.484519e-01 -8.361821e-01 0.000000e+00
    outer loop
      vertex   2.330672e+01 7.321204e-01 6.833333e+00
      vertex   2.307834e+01 5.823224e-01 2.666667e+00
      vertex   2.330672e+01 7.321204e-01 2.666667e+00
    endloop
  endfacet
  facet normal 6.042364e-01 -7.968051e-01 0.000000e+00
    outer loop
      vertex   2.330672e+01 7.321204e-01 6.833333e+00
      vertex   2.330672e+01 7.321204e-01 2.666667e+00
      vertex   2.352435e+01 8.971548e-01 6.833333e+00
    endloop
  endfacet
  facet normal 6.042364e-01 -7.968051e-01 0.000000e+00
    outer loop
      vertex   2.352435e+01 8.971548e-01 6.833333e+00
      vertex   2.330672e+01 7.321204e-01 2.666667e+00
      vertex   2.352435e+01 8.971548e-01 2.666667e+00
    endloop
  endfacet
  facet normal 6.572037e-01 -7.537130e-01 0.000000e+00
    outer loop
      vertex   2.352435e+01 8.971548e-01 6.833333e+00
      vertex   2.352435e+01 8.971548e-01 2.666667e+00
      vertex   2.373021e+01 1.076656e+00 6.833333e+00
    endloop
  endfacet
  facet normal 6.572037e-01 -7.537130e-01 0.000000e+00
    outer loop
      vertex   2.373021e+01 1.076656e+00 6.833333e+00
      vertex   2.352435e+01 8.971548e-01 2.666667e+00
      vertex   2.373021e+01 1.076656e+00 2.666667e+00
    endloop
  endfacet
  facet normal 7.071068e-01 -7.071068e-01 0.000000e+00
    outer loop
      vertex   2.373021e+01 1.076656e+00 6.833333e+00
      vertex   2.373021e+01 1.076656e+00 2.666667e+00
      vertex   2.392334e+01 1.269787e+00 6.833333e+00
    endloop
  endfacet
  facet normal 7.071068e-01 -7.071068e-01 0.000000e+00
    outer loop
      vertex   2.392334e+01 1.269787e+00 6.833333e+00
      vertex   2.373021e+01 1.076656e+00 2.666667e+00
      vertex   2.392334e+01 1.269787e+00 2.666667e+00
    endloop
  endfacet
  facet normal 7.537130e-01 -6.572037e-01 0.000000e+00
    outer loop
      vertex   2.392334e+01 1.269787e+00 6.833333e+00
      vertex   2.392334e+01 1.269787e+00 2.666667e+00
      vertex   2.410285e+01 1.475648e+00 6.833333e+00
    endloop
  endfacet
  facet normal 7.537130e-01 -6.572037e-01 0.000000e+00
    outer loop
      vertex   2.410285e+01 1.475648e+00 6.833333e+00
      vertex   2.392334e+01 1.269787e+00 2.666667e+00
      vertex   2.410285e+01 1.475648e+00 2.666667e+00
    endloop
  endfacet
  facet normal 7.968051e-01 -6.042364e-01 0.000000e+00
    outer loop
      vertex   2.410285e+01 1.475648e+00 6.833333e+00
      vertex   2.410285e+01 1.475648e+00 2.666667e+00
      vertex   2.426788e+01 1.693279e+00 6.833333e+00
    endloop
  endfacet
  facet normal 7.968051e-01 -6.042364e-01 0.000000e+00
    outer loop
      vertex   2.426788e+01 1.693279e+00 6.833333e+00
      vertex   2.410285e+01 1.475648e+00 2.666667e+00
      vertex   2.426788e+01 1.693279e+00 2.666667e+00
    endloop
  endfacet
  facet normal 8.361821e-01 -5.484519e-01 0.000000e+00
    outer loop
      vertex   2.426788e+01 1.693279e+00 6.833333e+00
      vertex   2.426788e+01 1.693279e+00 2.666667e+00
      vertex   2.441768e+01 1.921664e+00 6.833333e+00
    endloop
  endfacet
  facet normal 8.361821e-01 -5.484519e-01 0.000000e+00
    outer loop
      vertex   2.441768e+01 1.921664e+00 6.833333e+00
      vertex   2.426788e+01 1.693279e+00 2.666667e+00
      vertex   2.441768e+01 1.921664e+00 2.666667e+00
    endloop
  endfacet
  facet normal 8.716605e-01 -4.901102e-01 0.000000e+00
    outer loop
      vertex   2.441768e+01 1.921664e+00 6.833333e+00
      vertex   2.441768e+01 1.921664e+00 2.666667e+00
      vertex   2.455154e+01 2.159740e+00 6.833333e+00
    endloop
  endfacet
  facet normal 8.716605e-01 -4.901102e-01 0.000000e+00
    outer loop
      vertex   2.455154e+01 2.159740e+00 6.833333e+00
      vertex   2.441768e+01 1.921664e+00 2.666667e+00
      vertex   2.455154e+01 2.159740e+00 2.666667e+00
    endloop
  endfacet
  facet normal 9.030747e-01 -4.294834e-01 0.000000e+00
    outer loop
      vertex   2.455154e+01 2.159740e+00 6.833333e+00
      vertex   2.455154e+01 2.159740e+00 2.666667e+00
      vertex   2.466885e+01 2.406396e+00 6.833333e+00
    endloop
  endfacet
  facet normal 9.030747e-01 -4.294834e-01 0.000000e+00
    outer loop
      vertex   2.466885e+01 2.406396e+00 6.833333e+00
      vertex   2.455154e+01 2.159740e+00 2.666667e+00
      vertex   2.466885e+01 2.406396e+00 2.666667e+00
    endloop
  endfacet
  facet normal 9.302784e-01 -3.668542e-01 0.000000e+00
    outer loop
      vertex   2.466885e+01 2.406396e+00 6.833333e+00
      vertex   2.466885e+01 2.406396e+00 2.666667e+00
      vertex   2.476904e+01 2.660482e+00 6.833333e+00
    endloop
  endfacet
  facet normal 9.302784e-01 -3.668542e-01 0.000000e+00
    outer loop
      vertex   2.476904e+01 2.660482e+00 6.833333e+00
      vertex   2.466885e+01 2.406396e+00 2.666667e+00
      vertex   2.476904e+01 2.660482e+00 2.666667e+00
    endloop
  endfacet
  facet normal 9.531448e-01 -3.025146e-01 0.000000e+00
    outer loop
      vertex   2.476904e+01 2.660482e+00 6.833333e+00
      vertex   2.476904e+01 2.660482e+00 2.666667e+00
      vertex   2.485167e+01 2.920813e+00 6.833333e+00
    endloop
  endfacet
  facet normal 9.531448e-01 -3.025146e-01 0.000000e+00
    outer loop
      vertex   2.485167e+01 2.920813e+00 6.833333e+00
      vertex   2.476904e+01 2.660482e+00 2.666667e+00
      vertex   2.485167e+01 2.920813e+00 2.666667e+00
    endloop
  endfacet
  facet normal 9.715671e-01 -2.367644e-01 0.000000e+00
    outer loop
      vertex   2.485167e+01 2.920813e+00 6.833333e+00
      vertex   2.485167e+01 2.920813e+00 2.666667e+00
      vertex   2.491634e+01 3.186176e+00 6.833333e+00
    endloop
  endfacet
  facet normal 9.715671e-01 -2.367644e-01 0.000000e+00
    outer loop
      vertex   2.491634e+01 3.186176e+00 6.833333e+00
      vertex   2.485167e+01 2.920813e+00 2.666667e+00
      vertex   2.491634e+01 3.186176e+00 2.666667e+00
    endloop
  endfacet
  facet normal 9.854595e-01 -1.699104e-01 0.000000e+00
    outer loop
      vertex   2.491634e+01 3.186176e+00 6.833333e+00
      vertex   2.491634e+01 3.186176e+00 2.666667e+00
      vertex   2.496274e+01 3.455333e+00 6.833333e+00
    endloop
  endfacet
  facet normal 9.854595e-01 -1.699104e-01 0.000000e+00
    outer loop
      vertex   2.496274e+01 3.455333e+00 6.833333e+00
      vertex   2.491634e+01 3.186176e+00 2.666667e+00
      vertex   2.496274e+01 3.455333e+00 2.666667e+00
    endloop
  endfacet
  facet normal 9.947573e-01 -1.022641e-01 0.000000e+00
    outer loop
      vertex   2.496274e+01 3.455333e+00 6.833333e+00
      vertex   2.496274e+01 3.455333e+00 2.666667e+00
      vertex   2.499068e+01 3.727030e+00 6.833333e+00
    endloop
  endfacet
  facet normal 9.947573e-01 -1.022641e-01 0.000000e+00
    outer loop
      vertex   2.499068e+01 3.727030e+00 6.833333e+00
      vertex   2.496274e+01 3.455333e+00 2.666667e+00
      vertex   2.499068e+01 3.727030e+00 2.666667e+00
    endloop
  endfacet
  facet normal 3.414111e-02 -9.994170e-01 -6.021032e-17
    outer loop
      vertex   2.100000e+01 0.000000e+00 -1.500000e+00
      vertex   2.127297e+01 9.324923e-03 -1.500000e+00
      vertex   2.127297e+01 9.324923e-03 2.666667e+00
    endloop
  endfacet
  facet normal 1.022641e-01 -9.947573e-01 -6.005188e-17
    outer loop
      vertex   2.127297e+01 9.324923e-03 2.666667e+00
      vertex   2.127297e+01 9.324923e-03 -1.500000e+00
      vertex   2.154467e+01 3.725622e-02 2.666667e+00
    endloop
  endfacet
  facet normal 1.022641e-01 -9.947573e-01 1.143234e-17
    outer loop
      vertex   2.127297e+01 9.324923e-03 -1.500000e+00
      vertex   2.154467e+01 3.725622e-02 -1.500000e+00
      vertex   2.154467e+01 3.725622e-02 2.666667e+00
    endloop
  endfacet
  facet normal 1.699104e-01 -9.854595e-01 1.148784e-17
    outer loop
      vertex   2.154467e+01 3.725622e-02 2.666667e+00
      vertex   2.154467e+01 3.725622e-02 -1.500000e+00
      vertex   2.181382e+01 8.366365e-02 2.666667e+00
    endloop
  endfacet
  facet normal 1.699104e-01 -9.854595e-01 -5.030230e-17
    outer loop
      vertex   2.154467e+01 3.725622e-02 -1.500000e+00
      vertex   2.181382e+01 8.366365e-02 -1.500000e+00
      vertex   2.181382e+01 8.366365e-02 2.666667e+00
    endloop
  endfacet
  facet normal 2.367644e-01 -9.715671e-01 -4.853953e-17
    outer loop
      vertex   2.181382e+01 8.366365e-02 2.666667e+00
      vertex   2.181382e+01 8.366365e-02 -1.500000e+00
      vertex   2.207919e+01 1.483309e-01 2.666667e+00
    endloop
  endfacet
  facet normal 2.367644e-01 -9.715671e-01 1.493826e-16
    outer loop
      vertex   2.181382e+01 8.366365e-02 -1.500000e+00
      vertex   2.207919e+01 1.483309e-01 -1.500000e+00
      vertex   2.207919e+01 1.483309e-01 2.666667e+00
    endloop
  endfacet
  facet normal 3.025146e-01 -9.531448e-01 1.460321e-16
    outer loop
      vertex   2.207919e+01 1.483309e-01 2.666667e+00
      vertex   2.207919e+01 1.483309e-01 -1.500000e+00
      vertex   2.233952e+01 2.309563e-01 2.666667e+00
    endloop
  endfacet
  facet normal 3.025146e-01 -9.531448e-01 -3.963211e-17
    outer loop
      vertex   2.207919e+01 1.483309e-01 -1.500000e+00
      vertex   2.233952e+01 2.309563e-01 -1.500000e+00
      vertex   2.233952e+01 2.309563e-01 2.666667e+00
    endloop
  endfacet
  facet normal 3.668542e-01 -9.302784e-01 -3.718140e-17
    outer loop
      vertex   2.233952e+01 2.309563e-01 2.666667e+00
      vertex   2.233952e+01 2.309563e-01 -1.500000e+00
      vertex   2.259360e+01 3.311548e-01 2.666667e+00
    endloop
  endfacet
  facet normal 3.668542e-01 -9.302784e-01 1.341395e-16
    outer loop
      vertex   2.233952e+01 2.309563e-01 -1.500000e+00
      vertex   2.259360e+01 3.311548e-01 -1.500000e+00
      vertex   2.259360e+01 3.311548e-01 2.666667e+00
    endloop
  endfacet
  facet normal 4.294834e-01 -9.030747e-01 1.323451e-16
    outer loop
      vertex   2.259360e+01 3.311548e-01 2.666667e+00
      vertex   2.259360e+01 3.311548e-01 -1.500000e+00
      vertex   2.284026e+01 4.484591e-01 2.666667e+00
    endloop
  endfacet
  facet normal 4.294834e-01 -9.030747e-01 -1.676743e-16
    outer loop
      vertex   2.259360e+01 3.311548e-01 -1.500000e+00
      vertex   2.284026e+01 4.484591e-01 -1.500000e+00
      vertex   2.284026e+01 4.484591e-01 2.666667e+00
    endloop
  endfacet
  facet normal 4.901102e-01 -8.716605e-01 -1.625799e-16
    outer loop
      vertex   2.284026e+01 4.484591e-01 2.666667e+00
      vertex   2.284026e+01 4.484591e-01 -1.500000e+00
      vertex   2.307834e+01 5.823224e-01 2.666667e+00
    endloop
  endfacet
  facet normal 4.901102e-01 -8.716605e-01 2.438899e-17
    outer loop
      vertex   2.284026e+01 4.484591e-01 -1.500000e+00
      vertex   2.307834e+01 5.823224e-01 -1.500000e+00
      vertex   2.307834e+01 5.823224e-01 2.666667e+00
    endloop
  endfacet
  facet normal 5.484519e-01 -8.361821e-01 2.228037e-17
    outer loop
      vertex   2.307834e+01 5.823224e-01 2.666667e+00
      vertex   2.307834e+01 5.823224e-01 -1.500000e+00
      vertex   2.330672e+01 7.321204e-01 2.666667e+00
    endloop
  endfacet
  facet normal 5.484519e-01 -8.361821e-01 -4.268074e-17
    outer loop
      vertex   2.307834e+01 5.823224e-01 -1.500000e+00
      vertex   2.330672e+01 7.321204e-01 -1.500000e+00
      vertex   2.330672e+01 7.321204e-01 2.666667e+00
    endloop
  endfacet
  facet normal 6.042364e-01 -7.968051e-01 -4.246231e-17
    outer loop
      vertex   2.330672e+01 7.321204e-01 2.666667e+00
      vertex   2.330672e+01 7.321204e-01 -1.500000e+00
      vertex   2.352435e+01 8.971548e-01 2.666667e+00
    endloop
  endfacet
  facet normal 6.042364e-01 -7.968051e-01 -1.097505e-16
    outer loop
      vertex   2.330672e+01 7.321204e-01 -1.500000e+00
      vertex   2.352435e+01 8.971548e-01 -1.500000e+00
      vertex   2.352435e+01 8.971548e-01 2.666667e+00
    endloop
  endfacet
  facet normal 6.572037e-01 -7.537130e-01 -1.004147e-16
    outer loop
      vertex   2.352435e+01 8.971548e-01 2.666667e+00
      vertex   2.352435e+01 8.971548e-01 -1.500000e+00
      vertex   2.373021e+01 1.076656e+00 2.666667e+00
    endloop
  endfacet
  facet normal 6.572037e-01 -7.537130e-01 2.438899e-16
    outer loop
      vertex   2.352435e+01 8.971548e-01 -1.500000e+00
      vertex   2.373021e+01 1.076656e+00 -1.500000e+00
      vertex   2.373021e+01 1.076656e+00 2.666667e+00
    endloop
  endfacet
  facet normal 7.071068e-01 -7.071068e-01 2.260933e-16
    outer loop
      vertex   2.373021e+01 1.076656e+00 2.666667e+00
      vertex   2.373021e+01 1.076656e+00 -1.500000e+00
      vertex   2.392334e+01 1.269787e+00 2.666667e+00
    endloop
  endfacet
  facet normal 7.071068e-01 -7.071068e-01 -2.987652e-16
    outer loop
      vertex   2.373021e+01 1.076656e+00 -1.500000e+00
      vertex   2.392334e+01 1.269787e+00 -1.500000e+00
      vertex   2.392334e+01 1.269787e+00 2.666667e+00
    endloop
  endfacet
  facet normal 7.537130e-01 -6.572037e-01 -2.801828e-16
    outer loop
      vertex   2.392334e+01 1.269787e+00 2.666667e+00
      vertex   2.392334e+01 1.269787e+00 -1.500000e+00
      vertex   2.410285e+01 1.475648e+00 2.666667e+00
    endloop
  endfacet
  facet normal 7.537130e-01 -6.572037e-01 0.000000e+00
    outer loop
      vertex   2.392334e+01 1.269787e+00 -1.500000e+00
      vertex   2.410285e+01 1.475648e+00 -1.500000e+00
      vertex   2.410285e+01 1.475648e+00 2.666667e+00
    endloop
  endfacet
  facet normal 7.968051e-01 -6.042364e-01 0.000000e+00
    outer loop
      vertex   2.410285e+01 1.475648e+00 2.666667e+00
      vertex   2.410285e+01 1.475648e+00 -1.500000e+00
      vertex   2.426788e+01 1.693279e+00 2.666667e+00
    endloop
  endfacet
  facet normal 7.968051e-01 -6.042364e-01 -1.951119e-16
    outer loop
      vertex   2.410285e+01 1.475648e+00 -1.500000e+00
      vertex   2.426788e+01 1.693279e+00 -1.500000e+00
      vertex   2.426788e+01 1.693279e+00 2.666667e+00
    endloop
  endfacet
  facet normal 8.361821e-01 -5.484519e-01 -1.753643e-16
    outer loop
      vertex   2.426788e+01 1.693279e+00 2.666667e+00
      vertex   2.426788e+01 1.693279e+00 -1.500000e+00
      vertex   2.441768e+01 1.921664e+00 2.666667e+00
    endloop
  endfacet
  facet normal 8.361821e-01 -5.484519e-01 -1.006046e-15
    outer loop
      vertex   2.426788e+01 1.693279e+00 -1.500000e+00
      vertex   2.441768e+01 1.921664e+00 -1.500000e+00
      vertex   2.441768e+01 1.921664e+00 2.666667e+00
    endloop
  endfacet
  facet normal 8.716605e-01 -4.901102e-01 -1.004406e-15
    outer loop
      vertex   2.441768e+01 1.921664e+00 2.666667e+00
      vertex   2.441768e+01 1.921664e+00 -1.500000e+00
      vertex   2.455154e+01 2.159740e+00 2.666667e+00
    endloop
  endfacet
  facet normal 8.716605e-01 -4.901102e-01 9.572679e-16
    outer loop
      vertex   2.441768e+01 1.921664e+00 -1.500000e+00
      vertex   2.455154e+01 2.159740e+00 -1.500000e+00
      vertex   2.455154e+01 2.159740e+00 2.666667e+00
    endloop
  endfacet
  facet normal 9.030747e-01 -4.294834e-01 9.531076e-16
    outer loop
      vertex   2.455154e+01 2.159740e+00 2.666667e+00
      vertex   2.455154e+01 2.159740e+00 -1.500000e+00
      vertex   2.466885e+01 2.406396e+00 2.666667e+00
    endloop
  endfacet
  facet normal 9.030747e-01 -4.294834e-01 0.000000e+00
    outer loop
      vertex   2.455154e+01 2.159740e+00 -1.500000e+00
      vertex   2.466885e+01 2.406396e+00 -1.500000e+00
      vertex   2.466885e+01 2.406396e+00 2.666667e+00
    endloop
  endfacet
  facet normal 9.302784e-01 -3.668542e-01 0.000000e+00
    outer loop
      vertex   2.466885e+01 2.406396e+00 2.666667e+00
      vertex   2.466885e+01 2.406396e+00 -1.500000e+00
      vertex   2.476904e+01 2.660482e+00 2.666667e+00
    endloop
  endfacet
  facet normal 9.302784e-01 -3.668542e-01 3.658349e-17
    outer loop
      vertex   2.466885e+01 2.406396e+00 -1.500000e+00
      vertex   2.476904e+01 2.660482e+00 -1.500000e+00
      vertex   2.476904e+01 2.660482e+00 2.666667e+00
    endloop
  endfacet
  facet normal 9.531448e-01 -3.025146e-01 3.224243e-17
    outer loop
      vertex   2.476904e+01 2.660482e+00 2.666667e+00
      vertex   2.476904e+01 2.660482e+00 -1.500000e+00
      vertex   2.485167e+01 2.920813e+00 2.666667e+00
    endloop
  endfacet
  facet normal 9.531448e-01 -3.025146e-01 0.000000e+00
    outer loop
      vertex   2.476904e+01 2.660482e+00 -1.500000e+00
      vertex   2.485167e+01 2.920813e+00 -1.500000e+00
      vertex   2.485167e+01 2.920813e+00 2.666667e+00
    endloop
  endfacet
  facet normal 9.715671e-01 -2.367644e-01 0.000000e+00
    outer loop
      vertex   2.485167e+01 2.920813e+00 2.666667e+00
      vertex   2.485167e+01 2.920813e+00 -1.500000e+00
      vertex   2.491634e+01 3.186176e+00 2.666667e+00
    endloop
  endfacet
  facet normal 9.715671e-01 -2.367644e-01 2.438899e-17
    outer loop
      vertex   2.485167e+01 2.920813e+00 -1.500000e+00
      vertex   2.491634e+01 3.186176e+00 -1.500000e+00
      vertex   2.491634e+01 3.186176e+00 2.666667e+00
    endloop
  endfacet
  facet normal 9.854595e-01 -1.699104e-01 1.810929e-17
    outer loop
      vertex   2.491634e+01 3.186176e+00 2.666667e+00
      vertex   2.491634e+01 3.186176e+00 -1.500000e+00
      vertex   2.496274e+01 3.455333e+00 2.666667e+00
    endloop
  endfacet
  facet normal 9.854595e-01 -1.699104e-01 0.000000e+00
    outer loop
      vertex   2.491634e+01 3.186176e+00 -1.500000e+00
      vertex   2.496274e+01 3.455333e+00 -1.500000e+00
      vertex   2.496274e+01 3.455333e+00 2.666667e+00
    endloop
  endfacet
  facet normal 9.947573e-01 -1.022641e-01 0.000000e+00
    outer loop
      vertex   2.496274e+01 3.455333e+00 2.666667e+00
      vertex   2.496274e+01 3.455333e+00 -1.500000e+00
      vertex   2.499068e+01 3.727030e+00 2.666667e+00
    endloop
  endfacet
  facet normal 9.947573e-01 -1.022641e-01 0.000000e+00
    outer loop
      vertex   2.496274e+01 3.455333e+00 -1.500000e+00
      vertex   2.499068e+01 3.727030e+00 -1.500000e+00
      vertex   2.499068e+01 3.727030e+00 2.666667e+00
    endloop
  endfacet
endsolid
