solid ASCII
  facet normal -1.315011e-01 -6.787151e-25 9.913160e-01
    outer loop
      vertex   -1.500000e+01 3.200000e+01 7.510204e+00
      vertex   -1.000000e+01 3.700000e+01 8.173470e+00
      vertex   -1.500000e+01 6.292893e+01 7.510204e+00
    endloop
  endfacet
  facet normal -1.315011e-01 -1.886712e-17 9.913160e-01
    outer loop
      vertex   -1.500000e+01 6.292893e+01 7.510204e+00
      vertex   -1.000000e+01 3.700000e+01 8.173470e+00
      vertex   -1.000000e+01 6.500000e+01 8.173470e+00
    endloop
  endfacet
  facet normal -1.315011e-01 -1.270318e-15 9.913160e-01
    outer loop
      vertex   -1.500000e+01 6.292893e+01 7.510204e+00
      vertex   -1.000000e+01 6.500000e+01 8.173470e+00
      vertex   -1.522667e+01 6.315560e+01 7.480136e+00
    endloop
  endfacet
  facet normal -1.315011e-01 -7.814339e-16 9.913160e-01
    outer loop
      vertex   -1.522667e+01 6.315560e+01 7.480136e+00
      vertex   -1.000000e+01 6.500000e+01 8.173470e+00
      vertex   -1.562116e+01 6.350144e+01 7.427806e+00
    endloop
  endfacet
  facet normal -1.315011e-01 -3.603012e-15 9.913160e-01
    outer loop
      vertex   -1.562116e+01 6.350144e+01 7.427806e+00
      vertex   -1.000000e+01 6.500000e+01 8.173470e+00
      vertex   -1.605751e+01 6.379267e+01 7.369922e+00
    endloop
  endfacet
  facet normal -1.315011e-01 2.250772e-16 9.913160e-01
    outer loop
      vertex   -1.605751e+01 6.379267e+01 7.369922e+00
      vertex   -1.000000e+01 6.500000e+01 8.173470e+00
      vertex   -2.400000e+01 7.900000e+01 6.316327e+00
    endloop
  endfacet
  facet normal -1.315011e-01 -1.541622e-15 9.913160e-01
    outer loop
      vertex   -1.605751e+01 6.379267e+01 7.369922e+00
      vertex   -2.400000e+01 7.900000e+01 6.316327e+00
      vertex   -1.652822e+01 6.402429e+01 7.307481e+00
    endloop
  endfacet
  facet normal -1.315011e-01 -1.111765e-15 9.913160e-01
    outer loop
      vertex   -1.652822e+01 6.402429e+01 7.307481e+00
      vertex   -2.400000e+01 7.900000e+01 6.316327e+00
      vertex   -1.702520e+01 6.419232e+01 7.241555e+00
    endloop
  endfacet
  facet normal -1.315011e-01 1.098484e-15 9.913160e-01
    outer loop
      vertex   -1.702520e+01 6.419232e+01 7.241555e+00
      vertex   -2.400000e+01 7.900000e+01 6.316327e+00
      vertex   -1.753989e+01 6.429386e+01 7.173280e+00
    endloop
  endfacet
  facet normal -1.315011e-01 3.308676e-16 9.913160e-01
    outer loop
      vertex   -1.753989e+01 6.429386e+01 7.173280e+00
      vertex   -2.400000e+01 7.900000e+01 6.316327e+00
      vertex   -1.806345e+01 6.432717e+01 7.103829e+00
    endloop
  endfacet
  facet normal -1.315011e-01 -3.905421e-16 9.913160e-01
    outer loop
      vertex   -1.806345e+01 6.432717e+01 7.103829e+00
      vertex   -2.400000e+01 7.900000e+01 6.316327e+00
      vertex   -1.858686e+01 6.429167e+01 7.034396e+00
    endloop
  endfacet
  facet normal -1.315011e-01 -2.709040e-17 9.913160e-01
    outer loop
      vertex   -1.858686e+01 6.429167e+01 7.034396e+00
      vertex   -2.400000e+01 7.900000e+01 6.316327e+00
      vertex   -1.910112e+01 6.418798e+01 6.966178e+00
    endloop
  endfacet
  facet normal -1.315011e-01 6.070822e-17 9.913160e-01
    outer loop
      vertex   -1.910112e+01 6.418798e+01 6.966178e+00
      vertex   -2.400000e+01 7.900000e+01 6.316327e+00
      vertex   -2.600000e+01 7.024450e+01 6.051020e+00
    endloop
  endfacet
  facet normal -1.315011e-01 0.000000e+00 9.913160e-01
    outer loop
      vertex   -1.910112e+01 6.418798e+01 6.966178e+00
      vertex   -2.600000e+01 7.024450e+01 6.051020e+00
      vertex   -2.602963e+01 6.990150e+01 6.047090e+00
    endloop
  endfacet
  facet normal -1.315011e-01 -2.201164e-17 9.913160e-01
    outer loop
      vertex   -1.500000e+01 3.200000e+01 7.510204e+00
      vertex   -7.000000e+00 3.200000e+01 8.571429e+00
      vertex   -1.000000e+01 3.700000e+01 8.173470e+00
    endloop
  endfacet
  facet normal -1.315011e-01 -1.471609e-15 9.913160e-01
    outer loop
      vertex   -1.000000e+01 3.700000e+01 8.173470e+00
      vertex   -7.000000e+00 3.200000e+01 8.571429e+00
      vertex   -6.652704e+00 3.196962e+01 8.617499e+00
    endloop
  endfacet
  facet normal -1.315011e-01 5.376699e-15 9.913160e-01
    outer loop
      vertex   -1.000000e+01 3.700000e+01 8.173470e+00
      vertex   -6.652704e+00 3.196962e+01 8.617499e+00
      vertex   -6.315960e+00 3.187939e+01 8.662169e+00
    endloop
  endfacet
  facet normal -1.315011e-01 1.009620e-08 9.913160e-01
    outer loop
      vertex   -1.000000e+01 3.700000e+01 8.173470e+00
      vertex   -6.315960e+00 3.187939e+01 8.662169e+00
      vertex   0.000000e+00 3.700000e+01 9.500000e+00
    endloop
  endfacet
  facet normal -1.315011e-01 1.739837e-08 9.913160e-01
    outer loop
      vertex   0.000000e+00 3.700000e+01 9.500000e+00
      vertex   -6.315960e+00 3.187939e+01 8.662169e+00
      vertex   -6.000000e+00 3.173205e+01 8.704082e+00
    endloop
  endfacet
  facet normal -1.315011e-01 1.481982e-08 9.913160e-01
    outer loop
      vertex   0.000000e+00 3.700000e+01 9.500000e+00
      vertex   -6.000000e+00 3.173205e+01 8.704082e+00
      vertex   -5.714425e+00 3.153209e+01 8.741964e+00
    endloop
  endfacet
  facet normal -1.315011e-01 1.254941e-08 9.913160e-01
    outer loop
      vertex   -5.714425e+00 3.153209e+01 8.741964e+00
      vertex   -5.467911e+00 3.128558e+01 8.774665e+00
      vertex   0.000000e+00 3.700000e+01 9.500000e+00
    endloop
  endfacet
  facet normal -1.315011e-01 1.037695e-08 9.913160e-01
    outer loop
      vertex   0.000000e+00 3.700000e+01 9.500000e+00
      vertex   -5.467911e+00 3.128558e+01 8.774665e+00
      vertex   -5.267949e+00 3.100000e+01 8.801191e+00
    endloop
  endfacet
  facet normal -1.315011e-01 8.112995e-09 9.913160e-01
    outer loop
      vertex   0.000000e+00 3.700000e+01 9.500000e+00
      vertex   -5.267949e+00 3.100000e+01 8.801191e+00
      vertex   -5.120615e+00 3.068404e+01 8.820735e+00
    endloop
  endfacet
  facet normal -1.315011e-01 5.519146e-09 9.913160e-01
    outer loop
      vertex   -5.120615e+00 3.068404e+01 8.820735e+00
      vertex   -5.030384e+00 3.034730e+01 8.832704e+00
      vertex   0.000000e+00 3.700000e+01 9.500000e+00
    endloop
  endfacet
  facet normal -1.315011e-01 2.187546e-09 9.913160e-01
    outer loop
      vertex   0.000000e+00 3.700000e+01 9.500000e+00
      vertex   -5.030384e+00 3.034730e+01 8.832704e+00
      vertex   -5.000000e+00 3.000000e+01 8.836735e+00
    endloop
  endfacet
  facet normal -1.315011e-01 -7.123929e-18 9.913160e-01
    outer loop
      vertex   0.000000e+00 3.700000e+01 9.500000e+00
      vertex   -5.000000e+00 3.000000e+01 8.836735e+00
      vertex   -5.000000e+00 1.764073e+01 8.836735e+00
    endloop
  endfacet
  facet normal -1.315011e-01 0.000000e+00 9.913160e-01
    outer loop
      vertex   0.000000e+00 3.700000e+01 9.500000e+00
      vertex   -5.000000e+00 1.764073e+01 8.836735e+00
      vertex   0.000000e+00 0.000000e+00 9.500000e+00
    endloop
  endfacet
  facet normal -1.315011e-01 -1.802750e-09 9.913160e-01
    outer loop
      vertex   0.000000e+00 0.000000e+00 9.500000e+00
      vertex   -5.000000e+00 1.764073e+01 8.836735e+00
      vertex   -5.013701e+00 1.747576e+01 8.834917e+00
    endloop
  endfacet
  facet normal -1.315011e-01 -3.769607e-09 9.913160e-01
    outer loop
      vertex   0.000000e+00 0.000000e+00 9.500000e+00
      vertex   -5.013701e+00 1.747576e+01 8.834917e+00
      vertex   -5.054429e+00 1.731531e+01 8.829515e+00
    endloop
  endfacet
  facet normal -1.315011e-01 -4.871177e-09 9.913160e-01
    outer loop
      vertex   -5.054429e+00 1.731531e+01 8.829515e+00
      vertex   -5.121069e+00 1.716378e+01 8.820675e+00
      vertex   0.000000e+00 0.000000e+00 9.500000e+00
    endloop
  endfacet
  facet normal -1.315011e-01 -5.617879e-09 9.913160e-01
    outer loop
      vertex   0.000000e+00 0.000000e+00 9.500000e+00
      vertex   -5.121069e+00 1.716378e+01 8.820675e+00
      vertex   -5.211793e+00 1.702532e+01 8.808640e+00
    endloop
  endfacet
  facet normal -1.315011e-01 -6.190888e-09 9.913160e-01
    outer loop
      vertex   0.000000e+00 0.000000e+00 9.500000e+00
      vertex   -5.211793e+00 1.702532e+01 8.808640e+00
      vertex   -5.324116e+00 1.690372e+01 8.793740e+00
    endloop
  endfacet
  facet normal -1.315011e-01 -6.672981e-09 9.913160e-01
    outer loop
      vertex   -5.324116e+00 1.690372e+01 8.793740e+00
      vertex   -5.454959e+00 1.680232e+01 8.776383e+00
      vertex   0.000000e+00 0.000000e+00 9.500000e+00
    endloop
  endfacet
  facet normal -1.315011e-01 -7.110075e-09 9.913160e-01
    outer loop
      vertex   0.000000e+00 0.000000e+00 9.500000e+00
      vertex   -5.454959e+00 1.680232e+01 8.776383e+00
      vertex   -5.600739e+00 1.672389e+01 8.757045e+00
    endloop
  endfacet
  facet normal -1.315011e-01 -7.533042e-09 9.913160e-01
    outer loop
      vertex   0.000000e+00 0.000000e+00 9.500000e+00
      vertex   -5.600739e+00 1.672389e+01 8.757045e+00
      vertex   -5.757459e+00 1.667059e+01 8.736256e+00
    endloop
  endfacet
  facet normal -1.315011e-01 -7.967840e-09 9.913160e-01
    outer loop
      vertex   -5.757459e+00 1.667059e+01 8.736256e+00
      vertex   -5.920825e+00 1.664387e+01 8.714585e+00
      vertex   0.000000e+00 0.000000e+00 9.500000e+00
    endloop
  endfacet
  facet normal -1.315011e-01 -8.442264e-09 9.913160e-01
    outer loop
      vertex   0.000000e+00 0.000000e+00 9.500000e+00
      vertex   -5.920825e+00 1.664387e+01 8.714585e+00
      vertex   -6.086361e+00 1.664447e+01 8.692626e+00
    endloop
  endfacet
  facet normal -1.315011e-01 -8.993380e-09 9.913160e-01
    outer loop
      vertex   0.000000e+00 0.000000e+00 9.500000e+00
      vertex   -6.086361e+00 1.664447e+01 8.692626e+00
      vertex   -6.249530e+00 1.667236e+01 8.670981e+00
    endloop
  endfacet
  facet normal -1.315011e-01 -9.680475e-09 9.913160e-01
    outer loop
      vertex   -6.249530e+00 1.667236e+01 8.670981e+00
      vertex   -6.405862e+00 1.672680e+01 8.650243e+00
      vertex   0.000000e+00 0.000000e+00 9.500000e+00
    endloop
  endfacet
  facet normal -1.315011e-01 -1.061452e-08 9.913160e-01
    outer loop
      vertex   0.000000e+00 0.000000e+00 9.500000e+00
      vertex   -6.405862e+00 1.672680e+01 8.650243e+00
      vertex   -6.551072e+00 1.680627e+01 8.630980e+00
    endloop
  endfacet
  facet normal -1.315011e-01 -1.204227e-08 9.913160e-01
    outer loop
      vertex   0.000000e+00 0.000000e+00 9.500000e+00
      vertex   -6.551072e+00 1.680627e+01 8.630980e+00
      vertex   -6.681181e+00 1.690862e+01 8.613721e+00
    endloop
  endfacet
  facet normal -1.315011e-01 -1.466326e-08 9.913160e-01
    outer loop
      vertex   -6.681181e+00 1.690862e+01 8.613721e+00
      vertex   -6.792624e+00 1.703102e+01 8.598938e+00
      vertex   0.000000e+00 0.000000e+00 9.500000e+00
    endloop
  endfacet
  facet normal -1.315011e-01 -1.021658e-08 9.913160e-01
    outer loop
      vertex   0.000000e+00 0.000000e+00 9.500000e+00
      vertex   -6.792624e+00 1.703102e+01 8.598938e+00
      vertex   -1.685639e+01 2.191331e+01 7.263948e+00
    endloop
  endfacet
  facet normal -1.315011e-01 -1.365553e-08 9.913160e-01
    outer loop
      vertex   0.000000e+00 0.000000e+00 9.500000e+00
      vertex   -1.685639e+01 2.191331e+01 7.263948e+00
      vertex   -4.885000e+01 4.400000e+01 3.019898e+00
    endloop
  endfacet
  facet normal -1.315011e-01 -5.835808e-17 9.913160e-01
    outer loop
      vertex   -4.885000e+01 4.400000e+01 3.019898e+00
      vertex   -1.685639e+01 2.191331e+01 7.263948e+00
      vertex   -3.479350e+01 3.806872e+01 4.884536e+00
    endloop
  endfacet
  facet normal -1.315011e-01 4.129556e-15 9.913160e-01
    outer loop
      vertex   -4.885000e+01 4.400000e+01 3.019898e+00
      vertex   -3.479350e+01 3.806872e+01 4.884536e+00
      vertex   -3.508881e+01 3.837534e+01 4.845362e+00
    endloop
  endfacet
  facet normal -1.315011e-01 -1.716426e-16 9.913160e-01
    outer loop
      vertex   -4.885000e+01 4.400000e+01 3.019898e+00
      vertex   -3.508881e+01 3.837534e+01 4.845362e+00
      vertex   -4.109708e+01 4.381322e+01 4.048347e+00
    endloop
  endfacet
  facet normal -1.315011e-01 -4.883260e-15 9.913160e-01
    outer loop
      vertex   -4.109708e+01 4.381322e+01 4.048347e+00
      vertex   -3.508881e+01 3.837534e+01 4.845362e+00
      vertex   -3.533775e+01 3.872068e+01 4.812340e+00
    endloop
  endfacet
  facet normal -1.315011e-01 4.007504e-15 9.913160e-01
    outer loop
      vertex   -4.109708e+01 4.381322e+01 4.048347e+00
      vertex   -3.533775e+01 3.872068e+01 4.812340e+00
      vertex   -4.095406e+01 4.376663e+01 4.067318e+00
    endloop
  endfacet
  facet normal -1.315011e-01 -4.457648e-15 9.913160e-01
    outer loop
      vertex   -4.095406e+01 4.376663e+01 4.067318e+00
      vertex   -3.533775e+01 3.872068e+01 4.812340e+00
      vertex   -4.080528e+01 4.374451e+01 4.087054e+00
    endloop
  endfacet
  facet normal -1.315011e-01 4.116825e-16 9.913160e-01
    outer loop
      vertex   -4.080528e+01 4.374451e+01 4.087054e+00
      vertex   -3.533775e+01 3.872068e+01 4.812340e+00
      vertex   -3.553530e+01 3.909778e+01 4.786134e+00
    endloop
  endfacet
  facet normal -1.315011e-01 6.161961e-15 9.913160e-01
    outer loop
      vertex   -4.080528e+01 4.374451e+01 4.087054e+00
      vertex   -3.553530e+01 3.909778e+01 4.786134e+00
      vertex   -4.065490e+01 4.374748e+01 4.107003e+00
    endloop
  endfacet
  facet normal -1.315011e-01 -4.009313e-15 9.913160e-01
    outer loop
      vertex   -4.065490e+01 4.374748e+01 4.107003e+00
      vertex   -3.553530e+01 3.909778e+01 4.786134e+00
      vertex   -4.050711e+01 4.377545e+01 4.126608e+00
    endloop
  endfacet
  facet normal -1.315011e-01 4.638800e-16 9.913160e-01
    outer loop
      vertex   -4.050711e+01 4.377545e+01 4.126608e+00
      vertex   -3.553530e+01 3.909778e+01 4.786134e+00
      vertex   -4.036604e+01 4.382764e+01 4.145321e+00
    endloop
  endfacet
  facet normal -1.315011e-01 -6.955266e-16 9.913160e-01
    outer loop
      vertex   -4.036604e+01 4.382764e+01 4.145321e+00
      vertex   -3.553530e+01 3.909778e+01 4.786134e+00
      vertex   -3.567748e+01 3.949904e+01 4.767273e+00
    endloop
  endfacet
  facet normal -1.315011e-01 4.160591e-15 9.913160e-01
    outer loop
      vertex   -4.036604e+01 4.382764e+01 4.145321e+00
      vertex   -3.567748e+01 3.949904e+01 4.767273e+00
      vertex   -4.023564e+01 4.390260e+01 4.162620e+00
    endloop
  endfacet
  facet normal -1.315011e-01 -4.647984e-15 9.913160e-01
    outer loop
      vertex   -4.023564e+01 4.390260e+01 4.162620e+00
      vertex   -3.567748e+01 3.949904e+01 4.767273e+00
      vertex   -4.011954e+01 4.399823e+01 4.178021e+00
    endloop
  endfacet
  facet normal -1.315011e-01 1.247820e-15 9.913160e-01
    outer loop
      vertex   -4.011954e+01 4.399823e+01 4.178021e+00
      vertex   -3.567748e+01 3.949904e+01 4.767273e+00
      vertex   -4.002099e+01 4.411186e+01 4.191094e+00
    endloop
  endfacet
  facet normal -1.315011e-01 3.088285e-16 9.913160e-01
    outer loop
      vertex   -4.002099e+01 4.411186e+01 4.191094e+00
      vertex   -3.567748e+01 3.949904e+01 4.767273e+00
      vertex   -3.576143e+01 3.991639e+01 4.756137e+00
    endloop
  endfacet
  facet normal -1.315011e-01 -5.107122e-16 9.913160e-01
    outer loop
      vertex   -4.002099e+01 4.411186e+01 4.191094e+00
      vertex   -3.576143e+01 3.991639e+01 4.756137e+00
      vertex   -3.994274e+01 4.424032e+01 4.201474e+00
    endloop
  endfacet
  facet normal -1.315011e-01 -1.315499e-15 9.913160e-01
    outer loop
      vertex   -3.994274e+01 4.424032e+01 4.201474e+00
      vertex   -3.576143e+01 3.991639e+01 4.756137e+00
      vertex   -3.578547e+01 4.034142e+01 4.752948e+00
    endloop
  endfacet
  facet normal -1.315011e-01 -4.621596e-16 9.913160e-01
    outer loop
      vertex   -3.994274e+01 4.424032e+01 4.201474e+00
      vertex   -3.578547e+01 4.034142e+01 4.752948e+00
      vertex   -3.574910e+01 4.076557e+01 4.757773e+00
    endloop
  endfacet
  facet normal -1.315011e-01 1.206583e-16 9.913160e-01
    outer loop
      vertex   -3.994274e+01 4.424032e+01 4.201474e+00
      vertex   -3.574910e+01 4.076557e+01 4.757773e+00
      vertex   -3.716908e+01 5.325252e+01 4.569408e+00
    endloop
  endfacet
  facet normal -1.315011e-01 1.138653e-15 9.913160e-01
    outer loop
      vertex   -3.716908e+01 5.325252e+01 4.569408e+00
      vertex   -3.574910e+01 4.076557e+01 4.757773e+00
      vertex   -3.565306e+01 4.118031e+01 4.770513e+00
    endloop
  endfacet
  facet normal -1.315011e-01 0.000000e+00 9.913160e-01
    outer loop
      vertex   -3.716908e+01 5.325252e+01 4.569408e+00
      vertex   -3.565306e+01 4.118031e+01 4.770513e+00
      vertex   -3.387057e+01 6.369510e+01 5.006965e+00
    endloop
  endfacet
  facet normal -1.315011e-01 -9.183682e-18 9.913160e-01
    outer loop
      vertex   -3.387057e+01 6.369510e+01 5.006965e+00
      vertex   -3.565306e+01 4.118031e+01 4.770513e+00
      vertex   -2.992011e+01 5.980789e+01 5.531006e+00
    endloop
  endfacet
  facet normal -1.315011e-01 4.009024e-16 9.913160e-01
    outer loop
      vertex   -3.387057e+01 6.369510e+01 5.006965e+00
      vertex   -2.992011e+01 5.980789e+01 5.531006e+00
      vertex   -2.976386e+01 6.021008e+01 5.551733e+00
    endloop
  endfacet
  facet normal -1.315011e-01 1.880498e-15 9.913160e-01
    outer loop
      vertex   -2.976386e+01 6.021008e+01 5.551733e+00
      vertex   -2.955154e+01 6.058570e+01 5.579898e+00
      vertex   -3.387057e+01 6.369510e+01 5.006965e+00
    endloop
  endfacet
  facet normal -1.315011e-01 -1.839449e-16 9.913160e-01
    outer loop
      vertex   -3.387057e+01 6.369510e+01 5.006965e+00
      vertex   -2.955154e+01 6.058570e+01 5.579898e+00
      vertex   -2.728736e+01 6.837577e+01 5.880249e+00
    endloop
  endfacet
  facet normal -1.315011e-01 5.143003e-16 9.913160e-01
    outer loop
      vertex   -2.728736e+01 6.837577e+01 5.880249e+00
      vertex   -2.955154e+01 6.058570e+01 5.579898e+00
      vertex   -2.928752e+01 6.092697e+01 5.614920e+00
    endloop
  endfacet
  facet normal -1.315011e-01 5.145554e-16 9.913160e-01
    outer loop
      vertex   -2.728736e+01 6.837577e+01 5.880249e+00
      vertex   -2.928752e+01 6.092697e+01 5.614920e+00
      vertex   -2.897728e+01 6.122685e+01 5.656075e+00
    endloop
  endfacet
  facet normal -1.315011e-01 -5.035995e-16 9.913160e-01
    outer loop
      vertex   -2.897728e+01 6.122685e+01 5.656075e+00
      vertex   -2.862724e+01 6.147911e+01 5.702510e+00
      vertex   -2.728736e+01 6.837577e+01 5.880249e+00
    endloop
  endfacet
  facet normal -1.315011e-01 4.524759e-16 9.913160e-01
    outer loop
      vertex   -2.728736e+01 6.837577e+01 5.880249e+00
      vertex   -2.862724e+01 6.147911e+01 5.702510e+00
      vertex   -2.824462e+01 6.167855e+01 5.753265e+00
    endloop
  endfacet
  facet normal -1.315011e-01 -7.433011e-17 9.913160e-01
    outer loop
      vertex   -2.728736e+01 6.837577e+01 5.880249e+00
      vertex   -2.824462e+01 6.167855e+01 5.753265e+00
      vertex   -2.783735e+01 6.182104e+01 5.807290e+00
    endloop
  endfacet
  facet normal -1.315011e-01 1.107251e-16 9.913160e-01
    outer loop
      vertex   -1.910112e+01 6.418798e+01 6.966178e+00
      vertex   -2.611765e+01 6.956866e+01 6.035414e+00
      vertex   -2.783735e+01 6.182104e+01 5.807290e+00
    endloop
  endfacet
  facet normal -1.315011e-01 -4.680224e-15 9.913160e-01
    outer loop
      vertex   -2.783735e+01 6.182104e+01 5.807290e+00
      vertex   -2.611765e+01 6.956866e+01 6.035414e+00
      vertex   -2.626145e+01 6.925585e+01 6.016339e+00
    endloop
  endfacet
  facet normal -1.315011e-01 5.473810e-17 9.913160e-01
    outer loop
      vertex   -2.783735e+01 6.182104e+01 5.807290e+00
      vertex   -2.626145e+01 6.925585e+01 6.016339e+00
      vertex   -2.645676e+01 6.897233e+01 5.990430e+00
    endloop
  endfacet
  facet normal -1.315011e-01 0.000000e+00 9.913160e-01
    outer loop
      vertex   -2.400000e+01 8.153590e+01 6.316327e+00
      vertex   -2.443505e+01 8.182659e+01 6.258617e+00
      vertex   -2.400000e+01 7.900000e+01 6.316327e+00
    endloop
  endfacet
  facet normal -1.315011e-01 3.146674e-16 9.913160e-01
    outer loop
      vertex   -2.400000e+01 7.900000e+01 6.316327e+00
      vertex   -2.443505e+01 8.182659e+01 6.258617e+00
      vertex   -2.482843e+01 8.217157e+01 6.206433e+00
    endloop
  endfacet
  facet normal -1.315011e-01 -1.468377e-15 9.913160e-01
    outer loop
      vertex   -2.400000e+01 7.900000e+01 6.316327e+00
      vertex   -2.482843e+01 8.217157e+01 6.206433e+00
      vertex   -2.517341e+01 8.256496e+01 6.160670e+00
    endloop
  endfacet
  facet normal -1.315011e-01 5.691446e-17 9.913160e-01
    outer loop
      vertex   -2.400000e+01 7.900000e+01 6.316327e+00
      vertex   -2.517341e+01 8.256496e+01 6.160670e+00
      vertex   -2.600000e+01 7.024450e+01 6.051020e+00
    endloop
  endfacet
  facet normal -1.315011e-01 -7.505212e-17 9.913160e-01
    outer loop
      vertex   -2.600000e+01 7.024450e+01 6.051020e+00
      vertex   -2.517341e+01 8.256496e+01 6.160670e+00
      vertex   -2.546410e+01 8.300000e+01 6.122109e+00
    endloop
  endfacet
  facet normal -1.315011e-01 8.159937e-17 9.913160e-01
    outer loop
      vertex   -2.600000e+01 7.024450e+01 6.051020e+00
      vertex   -2.546410e+01 8.300000e+01 6.122109e+00
      vertex   -2.569552e+01 8.346927e+01 6.091411e+00
    endloop
  endfacet
  facet normal -1.315011e-01 -7.964513e-18 9.913160e-01
    outer loop
      vertex   -2.569552e+01 8.346927e+01 6.091411e+00
      vertex   -2.586370e+01 8.396472e+01 6.069101e+00
      vertex   -2.600000e+01 7.024450e+01 6.051020e+00
    endloop
  endfacet
  facet normal -1.315011e-01 5.248030e-17 9.913160e-01
    outer loop
      vertex   -2.600000e+01 7.024450e+01 6.051020e+00
      vertex   -2.586370e+01 8.396472e+01 6.069101e+00
      vertex   -2.596578e+01 8.447790e+01 6.055560e+00
    endloop
  endfacet
  facet normal -1.315011e-01 3.653285e-18 9.913160e-01
    outer loop
      vertex   -2.600000e+01 7.024450e+01 6.051020e+00
      vertex   -2.596578e+01 8.447790e+01 6.055560e+00
      vertex   -2.600000e+01 8.500000e+01 6.051020e+00
    endloop
  endfacet
  facet normal -1.315011e-01 -2.027625e-15 9.913160e-01
    outer loop
      vertex   -2.602963e+01 6.990150e+01 6.047090e+00
      vertex   -2.611765e+01 6.956866e+01 6.035414e+00
      vertex   -1.910112e+01 6.418798e+01 6.966178e+00
    endloop
  endfacet
  facet normal -1.315011e-01 -5.962484e-17 9.913160e-01
    outer loop
      vertex   -2.645676e+01 6.897233e+01 5.990430e+00
      vertex   -2.669780e+01 6.872651e+01 5.958455e+00
      vertex   -2.783735e+01 6.182104e+01 5.807290e+00
    endloop
  endfacet
  facet normal -1.315011e-01 7.274271e-16 9.913160e-01
    outer loop
      vertex   -2.783735e+01 6.182104e+01 5.807290e+00
      vertex   -2.669780e+01 6.872651e+01 5.958455e+00
      vertex   -2.697743e+01 6.852568e+01 5.921362e+00
    endloop
  endfacet
  facet normal -1.315011e-01 -1.764608e-16 9.913160e-01
    outer loop
      vertex   -2.783735e+01 6.182104e+01 5.807290e+00
      vertex   -2.697743e+01 6.852568e+01 5.921362e+00
      vertex   -2.728736e+01 6.837577e+01 5.880249e+00
    endloop
  endfacet
  facet normal -1.315011e-01 -9.603091e-15 9.913160e-01
    outer loop
      vertex   -3.387057e+01 6.369510e+01 5.006965e+00
      vertex   -3.719537e+01 5.322487e+01 4.565920e+00
      vertex   -3.716908e+01 5.325252e+01 4.569408e+00
    endloop
  endfacet
  facet normal -1.315011e-01 2.042602e-14 9.913160e-01
    outer loop
      vertex   -4.109708e+01 4.381322e+01 4.048347e+00
      vertex   -4.123034e+01 4.388297e+01 4.030669e+00
      vertex   -4.885000e+01 4.400000e+01 3.019898e+00
    endloop
  endfacet
  facet normal -1.315011e-01 -2.463112e-14 9.913160e-01
    outer loop
      vertex   -4.885000e+01 4.400000e+01 3.019898e+00
      vertex   -4.123034e+01 4.388297e+01 4.030669e+00
      vertex   -4.135012e+01 4.397395e+01 4.014780e+00
    endloop
  endfacet
  facet normal -1.315011e-01 2.603563e-16 9.913160e-01
    outer loop
      vertex   -4.885000e+01 4.400000e+01 3.019898e+00
      vertex   -4.135012e+01 4.397395e+01 4.014780e+00
      vertex   -4.285778e+01 4.533191e+01 3.814785e+00
    endloop
  endfacet
  facet normal -1.315011e-01 1.632469e-16 9.913160e-01
    outer loop
      vertex   -4.285778e+01 4.533191e+01 3.814785e+00
      vertex   -4.314841e+01 4.563297e+01 3.776231e+00
      vertex   -4.885000e+01 4.400000e+01 3.019898e+00
    endloop
  endfacet
  facet normal -1.315011e-01 3.775669e-16 9.913160e-01
    outer loop
      vertex   -4.885000e+01 4.400000e+01 3.019898e+00
      vertex   -4.314841e+01 4.563297e+01 3.776231e+00
      vertex   -4.339433e+01 4.597154e+01 3.743610e+00
    endloop
  endfacet
  facet normal -1.315011e-01 -3.663928e-16 9.913160e-01
    outer loop
      vertex   -4.885000e+01 4.400000e+01 3.019898e+00
      vertex   -4.339433e+01 4.597154e+01 3.743610e+00
      vertex   -4.359074e+01 4.634103e+01 3.717555e+00
    endloop
  endfacet
  facet normal -1.315011e-01 1.276650e-15 9.913160e-01
    outer loop
      vertex   -4.359074e+01 4.634103e+01 3.717555e+00
      vertex   -4.373383e+01 4.673426e+01 3.698573e+00
      vertex   -4.885000e+01 4.400000e+01 3.019898e+00
    endloop
  endfacet
  facet normal -1.315011e-01 -7.551337e-16 9.913160e-01
    outer loop
      vertex   -4.885000e+01 4.400000e+01 3.019898e+00
      vertex   -4.373383e+01 4.673426e+01 3.698573e+00
      vertex   -4.382082e+01 4.714357e+01 3.687035e+00
    endloop
  endfacet
  facet normal -1.315011e-01 -6.027577e-16 9.913160e-01
    outer loop
      vertex   -4.885000e+01 4.400000e+01 3.019898e+00
      vertex   -4.382082e+01 4.714357e+01 3.687035e+00
      vertex   -4.385000e+01 4.756100e+01 3.683164e+00
    endloop
  endfacet
  facet normal -1.315011e-01 0.000000e+00 9.913160e-01
    outer loop
      vertex   -4.885000e+01 4.400000e+01 3.019898e+00
      vertex   -4.385000e+01 4.756100e+01 3.683164e+00
      vertex   -4.885000e+01 1.260000e+02 3.019898e+00
    endloop
  endfacet
  facet normal -1.315011e-01 -3.527601e-18 9.913160e-01
    outer loop
      vertex   -4.885000e+01 1.260000e+02 3.019898e+00
      vertex   -4.385000e+01 4.756100e+01 3.683164e+00
      vertex   -4.385000e+01 1.224390e+02 3.683164e+00
    endloop
  endfacet
  facet normal -1.315011e-01 -2.009193e-16 9.913160e-01
    outer loop
      vertex   -4.885000e+01 1.260000e+02 3.019898e+00
      vertex   -4.385000e+01 1.224390e+02 3.683164e+00
      vertex   -4.382082e+01 1.228564e+02 3.687035e+00
    endloop
  endfacet
  facet normal -1.315011e-01 2.103166e-15 9.913160e-01
    outer loop
      vertex   -4.382082e+01 1.228564e+02 3.687035e+00
      vertex   -4.373383e+01 1.232657e+02 3.698573e+00
      vertex   -4.885000e+01 1.260000e+02 3.019898e+00
    endloop
  endfacet
  facet normal -1.315011e-01 -1.831964e-16 9.913160e-01
    outer loop
      vertex   -4.885000e+01 1.260000e+02 3.019898e+00
      vertex   -4.373383e+01 1.232657e+02 3.698573e+00
      vertex   -4.359074e+01 1.236590e+02 3.717555e+00
    endloop
  endfacet
  facet normal -1.315011e-01 -4.396714e-15 9.913160e-01
    outer loop
      vertex   -4.885000e+01 1.260000e+02 3.019898e+00
      vertex   -4.359074e+01 1.236590e+02 3.717555e+00
      vertex   -4.339433e+01 1.240285e+02 3.743610e+00
    endloop
  endfacet
  facet normal -1.315011e-01 4.707787e-15 9.913160e-01
    outer loop
      vertex   -4.339433e+01 1.240285e+02 3.743610e+00
      vertex   -4.314841e+01 1.243670e+02 3.776231e+00
      vertex   -4.885000e+01 1.260000e+02 3.019898e+00
    endloop
  endfacet
  facet normal -1.315011e-01 -1.205516e-15 9.913160e-01
    outer loop
      vertex   -4.885000e+01 1.260000e+02 3.019898e+00
      vertex   -4.314841e+01 1.243670e+02 3.776231e+00
      vertex   -4.285778e+01 1.246681e+02 3.814785e+00
    endloop
  endfacet
  facet normal -1.315011e-01 2.911301e-16 9.913160e-01
    outer loop
      vertex   -4.885000e+01 1.260000e+02 3.019898e+00
      vertex   -4.285778e+01 1.246681e+02 3.814785e+00
      vertex   -4.106006e+01 1.262873e+02 4.053258e+00
    endloop
  endfacet
  facet normal -1.315011e-01 4.899865e-15 9.913160e-01
    outer loop
      vertex   -4.106006e+01 1.262873e+02 4.053258e+00
      vertex   -4.094515e+01 1.263752e+02 4.068501e+00
      vertex   -4.885000e+01 1.260000e+02 3.019898e+00
    endloop
  endfacet
  facet normal -1.315011e-01 -1.073359e-14 9.913160e-01
    outer loop
      vertex   -4.885000e+01 1.260000e+02 3.019898e+00
      vertex   -4.094515e+01 1.263752e+02 4.068501e+00
      vertex   -4.081765e+01 1.264435e+02 4.085414e+00
    endloop
  endfacet
  facet normal -1.315011e-01 0.000000e+00 9.913160e-01
    outer loop
      vertex   -4.885000e+01 1.260000e+02 3.019898e+00
      vertex   -4.081765e+01 1.264435e+02 4.085414e+00
      vertex   -3.475839e+01 1.319240e+02 4.889193e+00
    endloop
  endfacet
  facet normal -1.315011e-01 -3.748569e-15 9.913160e-01
    outer loop
      vertex   -3.475839e+01 1.319240e+02 4.889193e+00
      vertex   -4.081765e+01 1.264435e+02 4.085414e+00
      vertex   -3.500442e+01 1.315852e+02 4.856556e+00
    endloop
  endfacet
  facet normal -1.315011e-01 -6.141202e-15 9.913160e-01
    outer loop
      vertex   -3.500442e+01 1.315852e+02 4.856556e+00
      vertex   -4.081765e+01 1.264435e+02 4.085414e+00
      vertex   -4.068085e+01 1.264905e+02 4.103560e+00
    endloop
  endfacet
  facet normal -1.315011e-01 -1.499129e-15 9.913160e-01
    outer loop
      vertex   -3.500442e+01 1.315852e+02 4.856556e+00
      vertex   -4.068085e+01 1.264905e+02 4.103560e+00
      vertex   -4.053829e+01 1.265150e+02 4.122471e+00
    endloop
  endfacet
  facet normal -1.315011e-01 3.798801e-15 9.913160e-01
    outer loop
      vertex   -3.500442e+01 1.315852e+02 4.856556e+00
      vertex   -4.053829e+01 1.265150e+02 4.122471e+00
      vertex   -3.520088e+01 1.312154e+02 4.830495e+00
    endloop
  endfacet
  facet normal -1.315011e-01 5.889153e-15 9.913160e-01
    outer loop
      vertex   -3.520088e+01 1.312154e+02 4.830495e+00
      vertex   -4.053829e+01 1.265150e+02 4.122471e+00
      vertex   -4.039365e+01 1.265163e+02 4.141658e+00
    endloop
  endfacet
  facet normal -1.315011e-01 -3.923571e-15 9.913160e-01
    outer loop
      vertex   -3.520088e+01 1.312154e+02 4.830495e+00
      vertex   -4.039365e+01 1.265163e+02 4.141658e+00
      vertex   -4.025067e+01 1.264944e+02 4.160626e+00
    endloop
  endfacet
  facet normal -1.315011e-01 4.059164e-15 9.913160e-01
    outer loop
      vertex   -4.025067e+01 1.264944e+02 4.160626e+00
      vertex   -4.011303e+01 1.264500e+02 4.178884e+00
      vertex   -3.520088e+01 1.312154e+02 4.830495e+00
    endloop
  endfacet
  facet normal -1.315011e-01 -5.826787e-16 9.913160e-01
    outer loop
      vertex   -3.520088e+01 1.312154e+02 4.830495e+00
      vertex   -4.011303e+01 1.264500e+02 4.178884e+00
      vertex   -3.534394e+01 1.308219e+02 4.811518e+00
    endloop
  endfacet
  facet normal -1.315011e-01 -1.003526e-15 9.913160e-01
    outer loop
      vertex   -3.534394e+01 1.308219e+02 4.811518e+00
      vertex   -4.011303e+01 1.264500e+02 4.178884e+00
      vertex   -3.998429e+01 1.263840e+02 4.195961e+00
    endloop
  endfacet
  facet normal -1.315011e-01 -9.624189e-16 9.913160e-01
    outer loop
      vertex   -3.534394e+01 1.308219e+02 4.811518e+00
      vertex   -3.998429e+01 1.263840e+02 4.195961e+00
      vertex   -3.986779e+01 1.262983e+02 4.211416e+00
    endloop
  endfacet
  facet normal -1.315011e-01 1.211685e-15 9.913160e-01
    outer loop
      vertex   -3.986779e+01 1.262983e+02 4.211416e+00
      vertex   -3.976652e+01 1.261950e+02 4.224849e+00
      vertex   -3.534394e+01 1.308219e+02 4.811518e+00
    endloop
  endfacet
  facet normal -1.315011e-01 -2.151976e-15 9.913160e-01
    outer loop
      vertex   -3.534394e+01 1.308219e+02 4.811518e+00
      vertex   -3.976652e+01 1.261950e+02 4.224849e+00
      vertex   -3.543081e+01 1.304122e+02 4.799994e+00
    endloop
  endfacet
  facet normal -1.315011e-01 -1.528334e-15 9.913160e-01
    outer loop
      vertex   -3.543081e+01 1.304122e+02 4.799994e+00
      vertex   -3.976652e+01 1.261950e+02 4.224849e+00
      vertex   -3.968311e+01 1.260768e+02 4.235914e+00
    endloop
  endfacet
  facet normal -1.315011e-01 3.723002e-15 9.913160e-01
    outer loop
      vertex   -3.543081e+01 1.304122e+02 4.799994e+00
      vertex   -3.968311e+01 1.260768e+02 4.235914e+00
      vertex   -3.961971e+01 1.259468e+02 4.244325e+00
    endloop
  endfacet
  facet normal -1.315011e-01 3.545276e-17 9.913160e-01
    outer loop
      vertex   -3.689101e+01 1.164550e+02 4.606295e+00
      vertex   -3.543035e+01 1.295768e+02 4.800055e+00
      vertex   -3.961971e+01 1.259468e+02 4.244325e+00
    endloop
  endfacet
  facet normal -1.315011e-01 0.000000e+00 9.913160e-01
    outer loop
      vertex   -3.961971e+01 1.259468e+02 4.244325e+00
      vertex   -3.543035e+01 1.295768e+02 4.800055e+00
      vertex   -3.545980e+01 1.299945e+02 4.796148e+00
    endloop
  endfacet
  facet normal -1.315011e-01 5.433838e-16 9.913160e-01
    outer loop
      vertex   -3.961971e+01 1.259468e+02 4.244325e+00
      vertex   -3.545980e+01 1.299945e+02 4.796148e+00
      vertex   -3.543081e+01 1.304122e+02 4.799994e+00
    endloop
  endfacet
  facet normal -1.315011e-01 3.746937e-17 9.913160e-01
    outer loop
      vertex   -3.543035e+01 1.295768e+02 4.800055e+00
      vertex   -3.689101e+01 1.164550e+02 4.606295e+00
      vertex   -3.534303e+01 1.291673e+02 4.811639e+00
    endloop
  endfacet
  facet normal -1.315011e-01 -1.010871e-14 9.913160e-01
    outer loop
      vertex   -3.534303e+01 1.291673e+02 4.811639e+00
      vertex   -3.689101e+01 1.164550e+02 4.606295e+00
      vertex   -3.688190e+01 1.164454e+02 4.607504e+00
    endloop
  endfacet
  facet normal -1.315011e-01 -1.230793e-17 9.913160e-01
    outer loop
      vertex   -3.534303e+01 1.291673e+02 4.811639e+00
      vertex   -3.688190e+01 1.164454e+02 4.607504e+00
      vertex   -3.388956e+01 1.063184e+02 5.004446e+00
    endloop
  endfacet
  facet normal -1.315011e-01 3.217476e-17 9.913160e-01
    outer loop
      vertex   -2.728736e+01 1.016242e+02 5.880249e+00
      vertex   -2.953831e+01 1.094419e+02 5.581652e+00
      vertex   -3.388956e+01 1.063184e+02 5.004446e+00
    endloop
  endfacet
  facet normal -1.315011e-01 7.513888e-16 9.913160e-01
    outer loop
      vertex   -3.388956e+01 1.063184e+02 5.004446e+00
      vertex   -2.953831e+01 1.094419e+02 5.581652e+00
      vertex   -2.974986e+01 1.098287e+02 5.553590e+00
    endloop
  endfacet
  facet normal -1.315011e-01 -1.958625e-15 9.913160e-01
    outer loop
      vertex   -3.388956e+01 1.063184e+02 5.004446e+00
      vertex   -2.974986e+01 1.098287e+02 5.553590e+00
      vertex   -2.990245e+01 1.102422e+02 5.533349e+00
    endloop
  endfacet
  facet normal -1.315011e-01 -4.929313e-16 9.913160e-01
    outer loop
      vertex   -2.697743e+01 1.014743e+02 5.921362e+00
      vertex   -2.779443e+01 1.081730e+02 5.812984e+00
      vertex   -2.728736e+01 1.016242e+02 5.880249e+00
    endloop
  endfacet
  facet normal -1.315011e-01 -3.189180e-16 9.913160e-01
    outer loop
      vertex   -2.728736e+01 1.016242e+02 5.880249e+00
      vertex   -2.779443e+01 1.081730e+02 5.812984e+00
      vertex   -2.821075e+01 1.083179e+02 5.757757e+00
    endloop
  endfacet
  facet normal -1.315011e-01 -3.516087e-16 9.913160e-01
    outer loop
      vertex   -2.728736e+01 1.016242e+02 5.880249e+00
      vertex   -2.821075e+01 1.083179e+02 5.757757e+00
      vertex   -2.860135e+01 1.085222e+02 5.705943e+00
    endloop
  endfacet
  facet normal -1.315011e-01 2.012414e-18 9.913160e-01
    outer loop
      vertex   -2.697743e+01 1.014743e+02 5.921362e+00
      vertex   -2.669780e+01 1.012735e+02 5.958455e+00
      vertex   -2.779443e+01 1.081730e+02 5.812984e+00
    endloop
  endfacet
  facet normal -1.315011e-01 -3.554100e-16 9.913160e-01
    outer loop
      vertex   -2.779443e+01 1.081730e+02 5.812984e+00
      vertex   -2.669780e+01 1.012735e+02 5.958455e+00
      vertex   -2.645676e+01 1.010277e+02 5.990430e+00
    endloop
  endfacet
  facet normal -1.315011e-01 9.204740e-16 9.913160e-01
    outer loop
      vertex   -2.779443e+01 1.081730e+02 5.812984e+00
      vertex   -2.645676e+01 1.010277e+02 5.990430e+00
      vertex   -2.626145e+01 1.007442e+02 6.016339e+00
    endloop
  endfacet
  facet normal -1.315011e-01 -3.096385e-16 9.913160e-01
    outer loop
      vertex   -2.626145e+01 1.007442e+02 6.016339e+00
      vertex   -2.611765e+01 1.004313e+02 6.035414e+00
      vertex   -2.779443e+01 1.081730e+02 5.812984e+00
    endloop
  endfacet
  facet normal -1.315011e-01 1.176575e-16 9.913160e-01
    outer loop
      vertex   -2.779443e+01 1.081730e+02 5.812984e+00
      vertex   -2.611765e+01 1.004313e+02 6.035414e+00
      vertex   -1.958583e+01 1.059773e+02 6.901879e+00
    endloop
  endfacet
  facet normal -1.315011e-01 -1.322926e-15 9.913160e-01
    outer loop
      vertex   -1.958583e+01 1.059773e+02 6.901879e+00
      vertex   -2.611765e+01 1.004313e+02 6.035414e+00
      vertex   -2.602963e+01 1.000985e+02 6.047090e+00
    endloop
  endfacet
  facet normal -1.315011e-01 -3.692560e-15 9.913160e-01
    outer loop
      vertex   -1.958583e+01 1.059773e+02 6.901879e+00
      vertex   -2.602963e+01 1.000985e+02 6.047090e+00
      vertex   -2.600000e+01 9.975550e+01 6.051020e+00
    endloop
  endfacet
  facet normal -1.315011e-01 3.531508e-17 9.913160e-01
    outer loop
      vertex   -2.600000e+01 8.500000e+01 6.051020e+00
      vertex   -2.596578e+01 8.552210e+01 6.055560e+00
      vertex   -2.600000e+01 9.975550e+01 6.051020e+00
    endloop
  endfacet
  facet normal -1.315011e-01 -1.249879e-17 9.913160e-01
    outer loop
      vertex   -2.600000e+01 9.975550e+01 6.051020e+00
      vertex   -2.596578e+01 8.552210e+01 6.055560e+00
      vertex   -2.586370e+01 8.603528e+01 6.069101e+00
    endloop
  endfacet
  facet normal -1.315011e-01 4.887315e-17 9.913160e-01
    outer loop
      vertex   -2.600000e+01 9.975550e+01 6.051020e+00
      vertex   -2.586370e+01 8.603528e+01 6.069101e+00
      vertex   -2.569552e+01 8.653073e+01 6.091411e+00
    endloop
  endfacet
  facet normal -1.315011e-01 -4.026285e-17 9.913160e-01
    outer loop
      vertex   -2.569552e+01 8.653073e+01 6.091411e+00
      vertex   -2.546410e+01 8.700000e+01 6.122109e+00
      vertex   -2.600000e+01 9.975550e+01 6.051020e+00
    endloop
  endfacet
  facet normal -1.315011e-01 1.186871e-16 9.913160e-01
    outer loop
      vertex   -2.600000e+01 9.975550e+01 6.051020e+00
      vertex   -2.546410e+01 8.700000e+01 6.122109e+00
      vertex   -2.517341e+01 8.743504e+01 6.160670e+00
    endloop
  endfacet
  facet normal -1.315011e-01 -1.739053e-17 9.913160e-01
    outer loop
      vertex   -2.600000e+01 9.975550e+01 6.051020e+00
      vertex   -2.517341e+01 8.743504e+01 6.160670e+00
      vertex   -2.400000e+01 9.100000e+01 6.316327e+00
    endloop
  endfacet
  facet normal -1.315011e-01 1.468375e-15 9.913160e-01
    outer loop
      vertex   -2.400000e+01 9.100000e+01 6.316327e+00
      vertex   -2.517341e+01 8.743504e+01 6.160670e+00
      vertex   -2.482843e+01 8.782843e+01 6.206433e+00
    endloop
  endfacet
  facet normal -1.315011e-01 -3.146670e-16 9.913160e-01
    outer loop
      vertex   -2.400000e+01 9.100000e+01 6.316327e+00
      vertex   -2.482843e+01 8.782843e+01 6.206433e+00
      vertex   -2.443505e+01 8.817341e+01 6.258617e+00
    endloop
  endfacet
  facet normal -1.315011e-01 0.000000e+00 9.913160e-01
    outer loop
      vertex   -2.443505e+01 8.817341e+01 6.258617e+00
      vertex   -2.400000e+01 8.846410e+01 6.316327e+00
      vertex   -2.400000e+01 9.100000e+01 6.316327e+00
    endloop
  endfacet
  facet normal -1.315011e-01 6.926426e-17 9.913160e-01
    outer loop
      vertex   -1.000000e+01 1.050000e+02 8.173470e+00
      vertex   -1.605510e+01 1.062087e+02 7.370242e+00
      vertex   -2.400000e+01 9.100000e+01 6.316327e+00
    endloop
  endfacet
  facet normal -1.315011e-01 -1.163239e-15 9.913160e-01
    outer loop
      vertex   -2.400000e+01 9.100000e+01 6.316327e+00
      vertex   -1.605510e+01 1.062087e+02 7.370242e+00
      vertex   -1.652437e+01 1.059773e+02 7.307993e+00
    endloop
  endfacet
  facet normal -1.315011e-01 0.000000e+00 9.913160e-01
    outer loop
      vertex   -2.400000e+01 9.100000e+01 6.316327e+00
      vertex   -1.652437e+01 1.059773e+02 7.307993e+00
      vertex   -1.701982e+01 1.058091e+02 7.242269e+00
    endloop
  endfacet
  facet normal -1.315011e-01 1.925216e-17 9.913160e-01
    outer loop
      vertex   -1.000000e+01 1.330000e+02 8.173470e+00
      vertex   -1.500000e+01 1.070711e+02 7.510204e+00
      vertex   -1.000000e+01 1.050000e+02 8.173470e+00
    endloop
  endfacet
  facet normal -1.315011e-01 5.493257e-16 9.913160e-01
    outer loop
      vertex   -1.000000e+01 1.050000e+02 8.173470e+00
      vertex   -1.500000e+01 1.070711e+02 7.510204e+00
      vertex   -1.522667e+01 1.068444e+02 7.480136e+00
    endloop
  endfacet
  facet normal -1.315011e-01 -6.963832e-16 9.913160e-01
    outer loop
      vertex   -1.000000e+01 1.050000e+02 8.173470e+00
      vertex   -1.522667e+01 1.068444e+02 7.480136e+00
      vertex   -1.562005e+01 1.064994e+02 7.427952e+00
    endloop
  endfacet
  facet normal -1.315011e-01 -1.009620e-08 9.913160e-01
    outer loop
      vertex   0.000000e+00 1.330000e+02 9.500000e+00
      vertex   -6.315960e+00 1.381206e+02 8.662169e+00
      vertex   -1.000000e+01 1.330000e+02 8.173470e+00
    endloop
  endfacet
  facet normal -1.315011e-01 -4.744146e-16 9.913160e-01
    outer loop
      vertex   -1.000000e+01 1.330000e+02 8.173470e+00
      vertex   -6.315960e+00 1.381206e+02 8.662169e+00
      vertex   -6.652704e+00 1.380304e+02 8.617499e+00
    endloop
  endfacet
  facet normal -1.315011e-01 -1.337826e-15 9.913160e-01
    outer loop
      vertex   -1.000000e+01 1.330000e+02 8.173470e+00
      vertex   -6.652704e+00 1.380304e+02 8.617499e+00
      vertex   -7.000000e+00 1.380000e+02 8.571429e+00
    endloop
  endfacet
  facet normal -1.315011e-01 0.000000e+00 9.913160e-01
    outer loop
      vertex   0.000000e+00 1.700000e+02 9.500000e+00
      vertex   -5.000000e+00 1.523593e+02 8.836735e+00
      vertex   0.000000e+00 1.330000e+02 9.500000e+00
    endloop
  endfacet
  facet normal -1.315011e-01 1.424786e-17 9.913160e-01
    outer loop
      vertex   0.000000e+00 1.330000e+02 9.500000e+00
      vertex   -5.000000e+00 1.523593e+02 8.836735e+00
      vertex   -5.000000e+00 1.400000e+02 8.836735e+00
    endloop
  endfacet
  facet normal -1.315011e-01 -2.187548e-09 9.913160e-01
    outer loop
      vertex   0.000000e+00 1.330000e+02 9.500000e+00
      vertex   -5.000000e+00 1.400000e+02 8.836735e+00
      vertex   -5.030384e+00 1.396527e+02 8.832704e+00
    endloop
  endfacet
  facet normal -1.315011e-01 1.021658e-08 9.913160e-01
    outer loop
      vertex   -1.685639e+01 1.480867e+02 7.263948e+00
      vertex   -6.792624e+00 1.529690e+02 8.598938e+00
      vertex   0.000000e+00 1.700000e+02 9.500000e+00
    endloop
  endfacet
  facet normal -1.315011e-01 1.466326e-08 9.913160e-01
    outer loop
      vertex   0.000000e+00 1.700000e+02 9.500000e+00
      vertex   -6.792624e+00 1.529690e+02 8.598938e+00
      vertex   -6.681181e+00 1.530914e+02 8.613721e+00
    endloop
  endfacet
  facet normal -1.315011e-01 1.204227e-08 9.913160e-01
    outer loop
      vertex   0.000000e+00 1.700000e+02 9.500000e+00
      vertex   -6.681181e+00 1.530914e+02 8.613721e+00
      vertex   -6.551072e+00 1.531937e+02 8.630980e+00
    endloop
  endfacet
  facet normal -1.315011e-01 1.061452e-08 9.913160e-01
    outer loop
      vertex   -6.551072e+00 1.531937e+02 8.630980e+00
      vertex   -6.405862e+00 1.532732e+02 8.650243e+00
      vertex   0.000000e+00 1.700000e+02 9.500000e+00
    endloop
  endfacet
  facet normal -1.315011e-01 9.680481e-09 9.913160e-01
    outer loop
      vertex   0.000000e+00 1.700000e+02 9.500000e+00
      vertex   -6.405862e+00 1.532732e+02 8.650243e+00
      vertex   -6.249530e+00 1.533276e+02 8.670981e+00
    endloop
  endfacet
  facet normal -1.315011e-01 8.993379e-09 9.913160e-01
    outer loop
      vertex   0.000000e+00 1.700000e+02 9.500000e+00
      vertex   -6.249530e+00 1.533276e+02 8.670981e+00
      vertex   -6.086361e+00 1.533555e+02 8.692626e+00
    endloop
  endfacet
  facet normal -1.315011e-01 8.442261e-09 9.913160e-01
    outer loop
      vertex   -6.086361e+00 1.533555e+02 8.692626e+00
      vertex   -5.920825e+00 1.533561e+02 8.714585e+00
      vertex   0.000000e+00 1.700000e+02 9.500000e+00
    endloop
  endfacet
  facet normal -1.315011e-01 7.967843e-09 9.913160e-01
    outer loop
      vertex   0.000000e+00 1.700000e+02 9.500000e+00
      vertex   -5.920825e+00 1.533561e+02 8.714585e+00
      vertex   -5.757459e+00 1.533294e+02 8.736256e+00
    endloop
  endfacet
  facet normal -1.315011e-01 7.533042e-09 9.913160e-01
    outer loop
      vertex   0.000000e+00 1.700000e+02 9.500000e+00
      vertex   -5.757459e+00 1.533294e+02 8.736256e+00
      vertex   -5.600739e+00 1.532761e+02 8.757045e+00
    endloop
  endfacet
  facet normal -1.315011e-01 7.110071e-09 9.913160e-01
    outer loop
      vertex   -5.600739e+00 1.532761e+02 8.757045e+00
      vertex   -5.454959e+00 1.531977e+02 8.776383e+00
      vertex   0.000000e+00 1.700000e+02 9.500000e+00
    endloop
  endfacet
  facet normal -1.315011e-01 6.672984e-09 9.913160e-01
    outer loop
      vertex   0.000000e+00 1.700000e+02 9.500000e+00
      vertex   -5.454959e+00 1.531977e+02 8.776383e+00
      vertex   -5.324116e+00 1.530963e+02 8.793740e+00
    endloop
  endfacet
  facet normal -1.315011e-01 6.190884e-09 9.913160e-01
    outer loop
      vertex   0.000000e+00 1.700000e+02 9.500000e+00
      vertex   -5.324116e+00 1.530963e+02 8.793740e+00
      vertex   -5.211793e+00 1.529747e+02 8.808640e+00
    endloop
  endfacet
  facet normal -1.315011e-01 5.617883e-09 9.913160e-01
    outer loop
      vertex   -5.211793e+00 1.529747e+02 8.808640e+00
      vertex   -5.121069e+00 1.528362e+02 8.820675e+00
      vertex   0.000000e+00 1.700000e+02 9.500000e+00
    endloop
  endfacet
  facet normal -1.315011e-01 4.871177e-09 9.913160e-01
    outer loop
      vertex   0.000000e+00 1.700000e+02 9.500000e+00
      vertex   -5.121069e+00 1.528362e+02 8.820675e+00
      vertex   -5.054429e+00 1.526847e+02 8.829515e+00
    endloop
  endfacet
  facet normal -1.315011e-01 3.769601e-09 9.913160e-01
    outer loop
      vertex   0.000000e+00 1.700000e+02 9.500000e+00
      vertex   -5.054429e+00 1.526847e+02 8.829515e+00
      vertex   -5.013701e+00 1.525242e+02 8.834917e+00
    endloop
  endfacet
  facet normal -1.315011e-01 1.802757e-09 9.913160e-01
    outer loop
      vertex   -5.013701e+00 1.525242e+02 8.834917e+00
      vertex   -5.000000e+00 1.523593e+02 8.836735e+00
      vertex   0.000000e+00 1.700000e+02 9.500000e+00
    endloop
  endfacet
  facet normal -1.315011e-01 -5.519143e-09 9.913160e-01
    outer loop
      vertex   -5.030384e+00 1.396527e+02 8.832704e+00
      vertex   -5.120615e+00 1.393160e+02 8.820735e+00
      vertex   0.000000e+00 1.330000e+02 9.500000e+00
    endloop
  endfacet
  facet normal -1.315011e-01 -8.112995e-09 9.913160e-01
    outer loop
      vertex   0.000000e+00 1.330000e+02 9.500000e+00
      vertex   -5.120615e+00 1.393160e+02 8.820735e+00
      vertex   -5.267949e+00 1.390000e+02 8.801191e+00
    endloop
  endfacet
  facet normal -1.315011e-01 -1.037695e-08 9.913160e-01
    outer loop
      vertex   0.000000e+00 1.330000e+02 9.500000e+00
      vertex   -5.267949e+00 1.390000e+02 8.801191e+00
      vertex   -5.467911e+00 1.387144e+02 8.774665e+00
    endloop
  endfacet
  facet normal -1.315011e-01 -1.254941e-08 9.913160e-01
    outer loop
      vertex   -5.467911e+00 1.387144e+02 8.774665e+00
      vertex   -5.714425e+00 1.384679e+02 8.741964e+00
      vertex   0.000000e+00 1.330000e+02 9.500000e+00
    endloop
  endfacet
  facet normal -1.315011e-01 -1.481982e-08 9.913160e-01
    outer loop
      vertex   0.000000e+00 1.330000e+02 9.500000e+00
      vertex   -5.714425e+00 1.384679e+02 8.741964e+00
      vertex   -6.000000e+00 1.382679e+02 8.704082e+00
    endloop
  endfacet
  facet normal -1.315011e-01 -1.739838e-08 9.913160e-01
    outer loop
      vertex   0.000000e+00 1.330000e+02 9.500000e+00
      vertex   -6.000000e+00 1.382679e+02 8.704082e+00
      vertex   -6.315960e+00 1.381206e+02 8.662169e+00
    endloop
  endfacet
  facet normal -1.315011e-01 5.502909e-17 9.913160e-01
    outer loop
      vertex   -7.000000e+00 1.380000e+02 8.571429e+00
      vertex   -1.500000e+01 1.380000e+02 7.510204e+00
      vertex   -1.000000e+01 1.330000e+02 8.173470e+00
    endloop
  endfacet
  facet normal -1.315011e-01 0.000000e+00 9.913160e-01
    outer loop
      vertex   -1.000000e+01 1.330000e+02 8.173470e+00
      vertex   -1.500000e+01 1.380000e+02 7.510204e+00
      vertex   -1.500000e+01 1.070711e+02 7.510204e+00
    endloop
  endfacet
  facet normal -1.315011e-01 2.142432e-15 9.913160e-01
    outer loop
      vertex   -1.562005e+01 1.064994e+02 7.427952e+00
      vertex   -1.605510e+01 1.062087e+02 7.370242e+00
      vertex   -1.000000e+01 1.050000e+02 8.173470e+00
    endloop
  endfacet
  facet normal -1.315011e-01 -3.995080e-16 9.913160e-01
    outer loop
      vertex   -1.701982e+01 1.058091e+02 7.242269e+00
      vertex   -1.753299e+01 1.057070e+02 7.174195e+00
      vertex   -2.400000e+01 9.100000e+01 6.316327e+00
    endloop
  endfacet
  facet normal -1.315011e-01 -3.542022e-16 9.913160e-01
    outer loop
      vertex   -2.400000e+01 9.100000e+01 6.316327e+00
      vertex   -1.753299e+01 1.057070e+02 7.174195e+00
      vertex   -1.805510e+01 1.056728e+02 7.104936e+00
    endloop
  endfacet
  facet normal -1.315011e-01 7.837119e-16 9.913160e-01
    outer loop
      vertex   -2.400000e+01 9.100000e+01 6.316327e+00
      vertex   -1.805510e+01 1.056728e+02 7.104936e+00
      vertex   -1.857720e+01 1.057070e+02 7.035677e+00
    endloop
  endfacet
  facet normal -1.315011e-01 -3.464464e-16 9.913160e-01
    outer loop
      vertex   -1.857720e+01 1.057070e+02 7.035677e+00
      vertex   -1.909038e+01 1.058091e+02 6.967603e+00
      vertex   -2.400000e+01 9.100000e+01 6.316327e+00
    endloop
  endfacet
  facet normal -1.315011e-01 5.393016e-17 9.913160e-01
    outer loop
      vertex   -2.400000e+01 9.100000e+01 6.316327e+00
      vertex   -1.909038e+01 1.058091e+02 6.967603e+00
      vertex   -1.958583e+01 1.059773e+02 6.901879e+00
    endloop
  endfacet
  facet normal -1.315011e-01 -1.604280e-17 9.913160e-01
    outer loop
      vertex   -2.400000e+01 9.100000e+01 6.316327e+00
      vertex   -1.958583e+01 1.059773e+02 6.901879e+00
      vertex   -2.600000e+01 9.975550e+01 6.051020e+00
    endloop
  endfacet
  facet normal -1.315011e-01 7.892269e-16 9.913160e-01
    outer loop
      vertex   -2.860135e+01 1.085222e+02 5.705943e+00
      vertex   -2.895779e+01 1.087816e+02 5.658660e+00
      vertex   -2.728736e+01 1.016242e+02 5.880249e+00
    endloop
  endfacet
  facet normal -1.315011e-01 -4.121419e-16 9.913160e-01
    outer loop
      vertex   -2.728736e+01 1.016242e+02 5.880249e+00
      vertex   -2.895779e+01 1.087816e+02 5.658660e+00
      vertex   -2.927238e+01 1.090904e+02 5.616930e+00
    endloop
  endfacet
  facet normal -1.315011e-01 -1.709436e-16 9.913160e-01
    outer loop
      vertex   -2.728736e+01 1.016242e+02 5.880249e+00
      vertex   -2.927238e+01 1.090904e+02 5.616930e+00
      vertex   -2.953831e+01 1.094419e+02 5.581652e+00
    endloop
  endfacet
  facet normal -1.315011e-01 -2.728594e-17 9.913160e-01
    outer loop
      vertex   -2.990245e+01 1.102422e+02 5.533349e+00
      vertex   -3.534303e+01 1.291673e+02 4.811639e+00
      vertex   -3.388956e+01 1.063184e+02 5.004446e+00
    endloop
  endfacet
  facet normal -1.315011e-01 -2.181470e-16 9.913160e-01
    outer loop
      vertex   -3.475839e+01 1.319240e+02 4.889193e+00
      vertex   -3.446758e+01 1.322253e+02 4.927770e+00
      vertex   -4.885000e+01 1.260000e+02 3.019898e+00
    endloop
  endfacet
  facet normal -1.315011e-01 -5.944631e-17 9.913160e-01
    outer loop
      vertex   -4.885000e+01 1.260000e+02 3.019898e+00
      vertex   -3.446758e+01 1.322253e+02 4.927770e+00
      vertex   -1.685945e+01 1.480852e+02 7.263543e+00
    endloop
  endfacet
  facet normal -1.315011e-01 1.365680e-08 9.913160e-01
    outer loop
      vertex   -4.885000e+01 1.260000e+02 3.019898e+00
      vertex   -1.685945e+01 1.480852e+02 7.263543e+00
      vertex   0.000000e+00 1.700000e+02 9.500000e+00
    endloop
  endfacet
  facet normal 6.692395e-01 7.430468e-01 1.443931e-16
    outer loop
      vertex   -1.685639e+01 2.191331e+01 7.263948e+00
      vertex   -1.685639e+01 2.191331e+01 0.000000e+00
      vertex   -3.479350e+01 3.806872e+01 4.884536e+00
    endloop
  endfacet
  facet normal 6.692395e-01 7.430468e-01 9.735281e-16
    outer loop
      vertex   -3.479350e+01 3.806872e+01 4.884536e+00
      vertex   -1.685639e+01 2.191331e+01 0.000000e+00
      vertex   -3.479350e+01 3.806872e+01 -1.110223e-15
    endloop
  endfacet
  facet normal 4.364823e-01 8.997128e-01 0.000000e+00
    outer loop
      vertex   -6.792624e+00 1.703102e+01 8.598938e+00
      vertex   -6.792624e+00 1.703102e+01 0.000000e+00
      vertex   -1.685639e+01 2.191331e+01 7.263948e+00
    endloop
  endfacet
  facet normal 4.364823e-01 8.997128e-01 9.062429e-16
    outer loop
      vertex   -1.685639e+01 2.191331e+01 7.263948e+00
      vertex   -6.792624e+00 1.703102e+01 0.000000e+00
      vertex   -1.685639e+01 2.191331e+01 0.000000e+00
    endloop
  endfacet
  facet normal 7.394395e-01 6.732230e-01 0.000000e+00
    outer loop
      vertex   -6.681181e+00 1.690862e+01 8.613721e+00
      vertex   -6.681181e+00 1.690862e+01 5.891157e+00
      vertex   -6.792624e+00 1.703102e+01 8.598938e+00
    endloop
  endfacet
  facet normal 7.394395e-01 6.732230e-01 0.000000e+00
    outer loop
      vertex   -6.792624e+00 1.703102e+01 8.598938e+00
      vertex   -6.681181e+00 1.690862e+01 5.891157e+00
      vertex   -6.681181e+00 1.690862e+01 2.945578e+00
    endloop
  endfacet
  facet normal 7.394395e-01 6.732230e-01 0.000000e+00
    outer loop
      vertex   -6.792624e+00 1.703102e+01 8.598938e+00
      vertex   -6.681181e+00 1.690862e+01 2.945578e+00
      vertex   -6.792624e+00 1.703102e+01 0.000000e+00
    endloop
  endfacet
  facet normal 7.394395e-01 6.732230e-01 -2.205752e-16
    outer loop
      vertex   -6.792624e+00 1.703102e+01 0.000000e+00
      vertex   -6.681181e+00 1.690862e+01 2.945578e+00
      vertex   -6.681181e+00 1.690862e+01 0.000000e+00
    endloop
  endfacet
  facet normal 6.182475e-01 7.859835e-01 -1.864198e-16
    outer loop
      vertex   -6.681181e+00 1.690862e+01 0.000000e+00
      vertex   -6.681181e+00 1.690862e+01 2.945578e+00
      vertex   -6.551072e+00 1.680627e+01 0.000000e+00
    endloop
  endfacet
  facet normal 6.182475e-01 7.859835e-01 -0.000000e+00
    outer loop
      vertex   -6.551072e+00 1.680627e+01 0.000000e+00
      vertex   -6.681181e+00 1.690862e+01 2.945578e+00
      vertex   -6.551072e+00 1.680627e+01 2.945578e+00
    endloop
  endfacet
  facet normal 4.801139e-01 8.772062e-01 -0.000000e+00
    outer loop
      vertex   -6.551072e+00 1.680627e+01 0.000000e+00
      vertex   -6.551072e+00 1.680627e+01 2.945578e+00
      vertex   -6.405862e+00 1.672680e+01 0.000000e+00
    endloop
  endfacet
  facet normal 4.801139e-01 8.772062e-01 -0.000000e+00
    outer loop
      vertex   -6.405862e+00 1.672680e+01 0.000000e+00
      vertex   -6.551072e+00 1.680627e+01 2.945578e+00
      vertex   -6.405862e+00 1.672680e+01 2.945578e+00
    endloop
  endfacet
  facet normal 3.288240e-01 9.443912e-01 -0.000000e+00
    outer loop
      vertex   -6.405862e+00 1.672680e+01 0.000000e+00
      vertex   -6.405862e+00 1.672680e+01 2.945578e+00
      vertex   -6.249530e+00 1.667236e+01 0.000000e+00
    endloop
  endfacet
  facet normal 3.288240e-01 9.443912e-01 -0.000000e+00
    outer loop
      vertex   -6.249530e+00 1.667236e+01 0.000000e+00
      vertex   -6.405862e+00 1.672680e+01 2.945578e+00
      vertex   -6.249530e+00 1.667236e+01 2.945578e+00
    endloop
  endfacet
  facet normal 1.685235e-01 9.856976e-01 -0.000000e+00
    outer loop
      vertex   -6.249530e+00 1.667236e+01 0.000000e+00
      vertex   -6.249530e+00 1.667236e+01 2.945578e+00
      vertex   -6.086361e+00 1.664447e+01 0.000000e+00
    endloop
  endfacet
  facet normal 1.685235e-01 9.856976e-01 1.188867e-15
    outer loop
      vertex   -6.086361e+00 1.664447e+01 0.000000e+00
      vertex   -6.249530e+00 1.667236e+01 2.945578e+00
      vertex   -6.086361e+00 1.664447e+01 2.945578e+00
    endloop
  endfacet
  facet normal 3.605116e-03 9.999935e-01 1.206110e-15
    outer loop
      vertex   -6.086361e+00 1.664447e+01 0.000000e+00
      vertex   -6.086361e+00 1.664447e+01 2.945578e+00
      vertex   -5.920825e+00 1.664387e+01 0.000000e+00
    endloop
  endfacet
  facet normal 3.605116e-03 9.999935e-01 -0.000000e+00
    outer loop
      vertex   -5.920825e+00 1.664387e+01 0.000000e+00
      vertex   -6.086361e+00 1.664447e+01 2.945578e+00
      vertex   -5.920825e+00 1.664387e+01 2.945578e+00
    endloop
  endfacet
  facet normal -1.614121e-01 9.868871e-01 0.000000e+00
    outer loop
      vertex   -5.920825e+00 1.664387e+01 0.000000e+00
      vertex   -5.920825e+00 1.664387e+01 2.945578e+00
      vertex   -5.757459e+00 1.667059e+01 0.000000e+00
    endloop
  endfacet
  facet normal -1.614121e-01 9.868871e-01 0.000000e+00
    outer loop
      vertex   -5.757459e+00 1.667059e+01 0.000000e+00
      vertex   -5.920825e+00 1.664387e+01 2.945578e+00
      vertex   -5.757459e+00 1.667059e+01 2.945578e+00
    endloop
  endfacet
  facet normal -3.220062e-01 9.467376e-01 0.000000e+00
    outer loop
      vertex   -5.757459e+00 1.667059e+01 0.000000e+00
      vertex   -5.757459e+00 1.667059e+01 2.945578e+00
      vertex   -5.600739e+00 1.672389e+01 0.000000e+00
    endloop
  endfacet
  facet normal -3.220062e-01 9.467376e-01 0.000000e+00
    outer loop
      vertex   -5.600739e+00 1.672389e+01 0.000000e+00
      vertex   -5.757459e+00 1.667059e+01 2.945578e+00
      vertex   -5.600739e+00 1.672389e+01 2.945578e+00
    endloop
  endfacet
  facet normal -4.737766e-01 8.806451e-01 0.000000e+00
    outer loop
      vertex   -5.600739e+00 1.672389e+01 0.000000e+00
      vertex   -5.600739e+00 1.672389e+01 2.945578e+00
      vertex   -5.454959e+00 1.680232e+01 0.000000e+00
    endloop
  endfacet
  facet normal -4.737766e-01 8.806451e-01 0.000000e+00
    outer loop
      vertex   -5.454959e+00 1.680232e+01 0.000000e+00
      vertex   -5.600739e+00 1.672389e+01 2.945578e+00
      vertex   -5.454959e+00 1.680232e+01 2.945578e+00
    endloop
  endfacet
  facet normal -6.125643e-01 7.904208e-01 0.000000e+00
    outer loop
      vertex   -5.454959e+00 1.680232e+01 0.000000e+00
      vertex   -5.454959e+00 1.680232e+01 2.945578e+00
      vertex   -5.324116e+00 1.690372e+01 0.000000e+00
    endloop
  endfacet
  facet normal -6.125643e-01 7.904208e-01 -3.694123e-16
    outer loop
      vertex   -5.324116e+00 1.690372e+01 0.000000e+00
      vertex   -5.454959e+00 1.680232e+01 2.945578e+00
      vertex   -5.324116e+00 1.690372e+01 2.945578e+00
    endloop
  endfacet
  facet normal -7.345663e-01 6.785370e-01 -4.429866e-16
    outer loop
      vertex   -5.324116e+00 1.690372e+01 0.000000e+00
      vertex   -5.324116e+00 1.690372e+01 2.945578e+00
      vertex   -5.211793e+00 1.702532e+01 0.000000e+00
    endloop
  endfacet
  facet normal -7.345663e-01 6.785370e-01 0.000000e+00
    outer loop
      vertex   -5.211793e+00 1.702532e+01 0.000000e+00
      vertex   -5.324116e+00 1.690372e+01 2.945578e+00
      vertex   -5.211793e+00 1.702532e+01 2.945578e+00
    endloop
  endfacet
  facet normal -8.364393e-01 5.480596e-01 0.000000e+00
    outer loop
      vertex   -5.211793e+00 1.702532e+01 0.000000e+00
      vertex   -5.211793e+00 1.702532e+01 2.945578e+00
      vertex   -5.121069e+00 1.716378e+01 0.000000e+00
    endloop
  endfacet
  facet normal -8.364393e-01 5.480596e-01 -2.522110e-16
    outer loop
      vertex   -5.121069e+00 1.716378e+01 0.000000e+00
      vertex   -5.211793e+00 1.702532e+01 2.945578e+00
      vertex   -5.121069e+00 1.716378e+01 2.945578e+00
    endloop
  endfacet
  facet normal -9.153918e-01 4.025641e-01 -2.760175e-16
    outer loop
      vertex   -5.121069e+00 1.716378e+01 0.000000e+00
      vertex   -5.121069e+00 1.716378e+01 2.945578e+00
      vertex   -5.054429e+00 1.731531e+01 0.000000e+00
    endloop
  endfacet
  facet normal -9.153918e-01 4.025641e-01 0.000000e+00
    outer loop
      vertex   -5.054429e+00 1.731531e+01 0.000000e+00
      vertex   -5.121069e+00 1.716378e+01 2.945578e+00
      vertex   -5.054429e+00 1.731531e+01 2.945578e+00
    endloop
  endfacet
  facet normal -9.692604e-01 2.460373e-01 0.000000e+00
    outer loop
      vertex   -5.054429e+00 1.731531e+01 0.000000e+00
      vertex   -5.054429e+00 1.731531e+01 2.945578e+00
      vertex   -5.013701e+00 1.747576e+01 0.000000e+00
    endloop
  endfacet
  facet normal -9.692604e-01 2.460373e-01 -2.922605e-16
    outer loop
      vertex   -5.013701e+00 1.747576e+01 0.000000e+00
      vertex   -5.054429e+00 1.731531e+01 2.945578e+00
      vertex   -5.013701e+00 1.747576e+01 2.945578e+00
    endloop
  endfacet
  facet normal -9.965688e-01 8.276844e-02 -3.004948e-16
    outer loop
      vertex   -5.013701e+00 1.747576e+01 0.000000e+00
      vertex   -5.013701e+00 1.747576e+01 2.945578e+00
      vertex   -5.000000e+00 1.764073e+01 0.000000e+00
    endloop
  endfacet
  facet normal -9.965688e-01 8.276844e-02 0.000000e+00
    outer loop
      vertex   -5.000000e+00 1.764073e+01 0.000000e+00
      vertex   -5.013701e+00 1.747576e+01 2.945578e+00
      vertex   -5.013701e+00 1.747576e+01 5.891157e+00
    endloop
  endfacet
  facet normal -9.965688e-01 8.276844e-02 0.000000e+00
    outer loop
      vertex   -5.000000e+00 1.764073e+01 0.000000e+00
      vertex   -5.013701e+00 1.747576e+01 5.891157e+00
      vertex   -5.000000e+00 1.764073e+01 8.836735e+00
    endloop
  endfacet
  facet normal -9.965688e-01 8.276844e-02 3.008082e-16
    outer loop
      vertex   -5.000000e+00 1.764073e+01 8.836735e+00
      vertex   -5.013701e+00 1.747576e+01 5.891157e+00
      vertex   -5.013701e+00 1.747576e+01 8.834917e+00
    endloop
  endfacet
  facet normal -9.692604e-01 2.460373e-01 2.924409e-16
    outer loop
      vertex   -5.013701e+00 1.747576e+01 8.834917e+00
      vertex   -5.013701e+00 1.747576e+01 5.891157e+00
      vertex   -5.054429e+00 1.731531e+01 8.829515e+00
    endloop
  endfacet
  facet normal -9.692604e-01 2.460373e-01 0.000000e+00
    outer loop
      vertex   -5.054429e+00 1.731531e+01 8.829515e+00
      vertex   -5.013701e+00 1.747576e+01 5.891157e+00
      vertex   -5.054429e+00 1.731531e+01 5.891157e+00
    endloop
  endfacet
  facet normal -9.153918e-01 4.025641e-01 0.000000e+00
    outer loop
      vertex   -5.054429e+00 1.731531e+01 8.829515e+00
      vertex   -5.054429e+00 1.731531e+01 5.891157e+00
      vertex   -5.121069e+00 1.716378e+01 8.820675e+00
    endloop
  endfacet
  facet normal -9.153918e-01 4.025641e-01 2.775307e-16
    outer loop
      vertex   -5.121069e+00 1.716378e+01 8.820675e+00
      vertex   -5.054429e+00 1.731531e+01 5.891157e+00
      vertex   -5.121069e+00 1.716378e+01 5.891157e+00
    endloop
  endfacet
  facet normal -8.364393e-01 5.480596e-01 2.535937e-16
    outer loop
      vertex   -5.121069e+00 1.716378e+01 8.820675e+00
      vertex   -5.121069e+00 1.716378e+01 5.891157e+00
      vertex   -5.211793e+00 1.702532e+01 8.808640e+00
    endloop
  endfacet
  facet normal -8.364393e-01 5.480596e-01 0.000000e+00
    outer loop
      vertex   -5.211793e+00 1.702532e+01 8.808640e+00
      vertex   -5.121069e+00 1.716378e+01 5.891157e+00
      vertex   -5.211793e+00 1.702532e+01 5.891157e+00
    endloop
  endfacet
  facet normal -7.345663e-01 6.785370e-01 0.000000e+00
    outer loop
      vertex   -5.211793e+00 1.702532e+01 8.808640e+00
      vertex   -5.211793e+00 1.702532e+01 5.891157e+00
      vertex   -5.324116e+00 1.690372e+01 8.793740e+00
    endloop
  endfacet
  facet normal -7.345663e-01 6.785370e-01 4.495484e-16
    outer loop
      vertex   -5.324116e+00 1.690372e+01 8.793740e+00
      vertex   -5.211793e+00 1.702532e+01 5.891157e+00
      vertex   -5.324116e+00 1.690372e+01 5.891157e+00
    endloop
  endfacet
  facet normal -6.125643e-01 7.904208e-01 3.748843e-16
    outer loop
      vertex   -5.324116e+00 1.690372e+01 8.793740e+00
      vertex   -5.324116e+00 1.690372e+01 5.891157e+00
      vertex   -5.454959e+00 1.680232e+01 8.776383e+00
    endloop
  endfacet
  facet normal -6.125643e-01 7.904208e-01 0.000000e+00
    outer loop
      vertex   -5.454959e+00 1.680232e+01 8.776383e+00
      vertex   -5.324116e+00 1.690372e+01 5.891157e+00
      vertex   -5.454959e+00 1.680232e+01 5.891157e+00
    endloop
  endfacet
  facet normal -4.737766e-01 8.806451e-01 0.000000e+00
    outer loop
      vertex   -5.454959e+00 1.680232e+01 8.776383e+00
      vertex   -5.454959e+00 1.680232e+01 5.891157e+00
      vertex   -5.600739e+00 1.672389e+01 8.757045e+00
    endloop
  endfacet
  facet normal -4.737766e-01 8.806451e-01 0.000000e+00
    outer loop
      vertex   -5.600739e+00 1.672389e+01 8.757045e+00
      vertex   -5.454959e+00 1.680232e+01 5.891157e+00
      vertex   -5.600739e+00 1.672389e+01 5.891157e+00
    endloop
  endfacet
  facet normal -3.220062e-01 9.467376e-01 0.000000e+00
    outer loop
      vertex   -5.600739e+00 1.672389e+01 8.757045e+00
      vertex   -5.600739e+00 1.672389e+01 5.891157e+00
      vertex   -5.757459e+00 1.667059e+01 8.736256e+00
    endloop
  endfacet
  facet normal -3.220062e-01 9.467376e-01 0.000000e+00
    outer loop
      vertex   -5.757459e+00 1.667059e+01 8.736256e+00
      vertex   -5.600739e+00 1.672389e+01 5.891157e+00
      vertex   -5.757459e+00 1.667059e+01 5.891157e+00
    endloop
  endfacet
  facet normal -1.614121e-01 9.868871e-01 0.000000e+00
    outer loop
      vertex   -5.757459e+00 1.667059e+01 8.736256e+00
      vertex   -5.757459e+00 1.667059e+01 5.891157e+00
      vertex   -5.920825e+00 1.664387e+01 8.714585e+00
    endloop
  endfacet
  facet normal -1.614121e-01 9.868871e-01 0.000000e+00
    outer loop
      vertex   -5.920825e+00 1.664387e+01 8.714585e+00
      vertex   -5.757459e+00 1.667059e+01 5.891157e+00
      vertex   -5.920825e+00 1.664387e+01 5.891157e+00
    endloop
  endfacet
  facet normal 3.605116e-03 9.999935e-01 0.000000e+00
    outer loop
      vertex   -5.920825e+00 1.664387e+01 8.714585e+00
      vertex   -5.920825e+00 1.664387e+01 5.891157e+00
      vertex   -6.086361e+00 1.664447e+01 8.692626e+00
    endloop
  endfacet
  facet normal 3.605116e-03 9.999935e-01 0.000000e+00
    outer loop
      vertex   -6.086361e+00 1.664447e+01 8.692626e+00
      vertex   -5.920825e+00 1.664387e+01 5.891157e+00
      vertex   -6.086361e+00 1.664447e+01 5.891157e+00
    endloop
  endfacet
  facet normal 1.685235e-01 9.856976e-01 0.000000e+00
    outer loop
      vertex   -6.086361e+00 1.664447e+01 8.692626e+00
      vertex   -6.086361e+00 1.664447e+01 5.891157e+00
      vertex   -6.249530e+00 1.667236e+01 8.670981e+00
    endloop
  endfacet
  facet normal 1.685235e-01 9.856976e-01 1.259756e-15
    outer loop
      vertex   -6.249530e+00 1.667236e+01 8.670981e+00
      vertex   -6.086361e+00 1.664447e+01 5.891157e+00
      vertex   -6.249530e+00 1.667236e+01 5.891157e+00
    endloop
  endfacet
  facet normal 3.288240e-01 9.443912e-01 1.206965e-15
    outer loop
      vertex   -6.249530e+00 1.667236e+01 8.670981e+00
      vertex   -6.249530e+00 1.667236e+01 5.891157e+00
      vertex   -6.405862e+00 1.672680e+01 8.650243e+00
    endloop
  endfacet
  facet normal 3.288240e-01 9.443912e-01 0.000000e+00
    outer loop
      vertex   -6.405862e+00 1.672680e+01 8.650243e+00
      vertex   -6.249530e+00 1.667236e+01 5.891157e+00
      vertex   -6.405862e+00 1.672680e+01 5.891157e+00
    endloop
  endfacet
  facet normal 4.801139e-01 8.772062e-01 0.000000e+00
    outer loop
      vertex   -6.405862e+00 1.672680e+01 8.650243e+00
      vertex   -6.405862e+00 1.672680e+01 5.891157e+00
      vertex   -6.551072e+00 1.680627e+01 8.630980e+00
    endloop
  endfacet
  facet normal 4.801139e-01 8.772062e-01 0.000000e+00
    outer loop
      vertex   -6.551072e+00 1.680627e+01 8.630980e+00
      vertex   -6.405862e+00 1.672680e+01 5.891157e+00
      vertex   -6.551072e+00 1.680627e+01 5.891157e+00
    endloop
  endfacet
  facet normal 6.182475e-01 7.859835e-01 0.000000e+00
    outer loop
      vertex   -6.551072e+00 1.680627e+01 8.630980e+00
      vertex   -6.551072e+00 1.680627e+01 5.891157e+00
      vertex   -6.681181e+00 1.690862e+01 8.613721e+00
    endloop
  endfacet
  facet normal 6.182475e-01 7.859835e-01 0.000000e+00
    outer loop
      vertex   -6.681181e+00 1.690862e+01 8.613721e+00
      vertex   -6.551072e+00 1.680627e+01 5.891157e+00
      vertex   -6.681181e+00 1.690862e+01 5.891157e+00
    endloop
  endfacet
  facet normal 6.182475e-01 7.859835e-01 0.000000e+00
    outer loop
      vertex   -6.551072e+00 1.680627e+01 2.945578e+00
      vertex   -6.681181e+00 1.690862e+01 2.945578e+00
      vertex   -6.681181e+00 1.690862e+01 5.891157e+00
    endloop
  endfacet
  facet normal 6.182475e-01 7.859835e-01 -0.000000e+00
    outer loop
      vertex   -6.551072e+00 1.680627e+01 2.945578e+00
      vertex   -6.681181e+00 1.690862e+01 5.891157e+00
      vertex   -6.551072e+00 1.680627e+01 5.891157e+00
    endloop
  endfacet
  facet normal 4.801139e-01 8.772062e-01 0.000000e+00
    outer loop
      vertex   -6.405862e+00 1.672680e+01 2.945578e+00
      vertex   -6.551072e+00 1.680627e+01 2.945578e+00
      vertex   -6.551072e+00 1.680627e+01 5.891157e+00
    endloop
  endfacet
  facet normal 4.801139e-01 8.772062e-01 -1.447684e-16
    outer loop
      vertex   -6.405862e+00 1.672680e+01 2.945578e+00
      vertex   -6.551072e+00 1.680627e+01 5.891157e+00
      vertex   -6.405862e+00 1.672680e+01 5.891157e+00
    endloop
  endfacet
  facet normal 3.288240e-01 9.443912e-01 -9.961459e-17
    outer loop
      vertex   -6.249530e+00 1.667236e+01 2.945578e+00
      vertex   -6.405862e+00 1.672680e+01 2.945578e+00
      vertex   -6.405862e+00 1.672680e+01 5.891157e+00
    endloop
  endfacet
  facet normal 3.288240e-01 9.443912e-01 -9.915010e-17
    outer loop
      vertex   -6.249530e+00 1.667236e+01 2.945578e+00
      vertex   -6.405862e+00 1.672680e+01 5.891157e+00
      vertex   -6.249530e+00 1.667236e+01 5.891157e+00
    endloop
  endfacet
  facet normal 1.685235e-01 9.856976e-01 -5.158613e-17
    outer loop
      vertex   -6.086361e+00 1.664447e+01 2.945578e+00
      vertex   -6.249530e+00 1.667236e+01 2.945578e+00
      vertex   -6.249530e+00 1.667236e+01 5.891157e+00
    endloop
  endfacet
  facet normal 1.685235e-01 9.856976e-01 -0.000000e+00
    outer loop
      vertex   -6.086361e+00 1.664447e+01 2.945578e+00
      vertex   -6.249530e+00 1.667236e+01 5.891157e+00
      vertex   -6.086361e+00 1.664447e+01 5.891157e+00
    endloop
  endfacet
  facet normal 3.605116e-03 9.999935e-01 0.000000e+00
    outer loop
      vertex   -5.920825e+00 1.664387e+01 2.945578e+00
      vertex   -6.086361e+00 1.664447e+01 2.945578e+00
      vertex   -6.086361e+00 1.664447e+01 5.891157e+00
    endloop
  endfacet
  facet normal 3.605116e-03 9.999935e-01 -0.000000e+00
    outer loop
      vertex   -5.920825e+00 1.664387e+01 2.945578e+00
      vertex   -6.086361e+00 1.664447e+01 5.891157e+00
      vertex   -5.920825e+00 1.664387e+01 5.891157e+00
    endloop
  endfacet
  facet normal -1.614121e-01 9.868871e-01 0.000000e+00
    outer loop
      vertex   -5.757459e+00 1.667059e+01 2.945578e+00
      vertex   -5.920825e+00 1.664387e+01 2.945578e+00
      vertex   -5.920825e+00 1.664387e+01 5.891157e+00
    endloop
  endfacet
  facet normal -1.614121e-01 9.868871e-01 4.867049e-17
    outer loop
      vertex   -5.757459e+00 1.667059e+01 2.945578e+00
      vertex   -5.920825e+00 1.664387e+01 5.891157e+00
      vertex   -5.757459e+00 1.667059e+01 5.891157e+00
    endloop
  endfacet
  facet normal -3.220062e-01 9.467376e-01 9.605693e-17
    outer loop
      vertex   -5.600739e+00 1.672389e+01 2.945578e+00
      vertex   -5.757459e+00 1.667059e+01 2.945578e+00
      vertex   -5.757459e+00 1.667059e+01 5.891157e+00
    endloop
  endfacet
  facet normal -3.220062e-01 9.467376e-01 0.000000e+00
    outer loop
      vertex   -5.600739e+00 1.672389e+01 2.945578e+00
      vertex   -5.757459e+00 1.667059e+01 5.891157e+00
      vertex   -5.600739e+00 1.672389e+01 5.891157e+00
    endloop
  endfacet
  facet normal -4.737766e-01 8.806451e-01 0.000000e+00
    outer loop
      vertex   -5.454959e+00 1.680232e+01 2.945578e+00
      vertex   -5.600739e+00 1.672389e+01 2.945578e+00
      vertex   -5.600739e+00 1.672389e+01 5.891157e+00
    endloop
  endfacet
  facet normal -4.737766e-01 8.806451e-01 0.000000e+00
    outer loop
      vertex   -5.454959e+00 1.680232e+01 2.945578e+00
      vertex   -5.600739e+00 1.672389e+01 5.891157e+00
      vertex   -5.454959e+00 1.680232e+01 5.891157e+00
    endloop
  endfacet
  facet normal -6.125643e-01 7.904208e-01 0.000000e+00
    outer loop
      vertex   -5.324116e+00 1.690372e+01 2.945578e+00
      vertex   -5.454959e+00 1.680232e+01 2.945578e+00
      vertex   -5.454959e+00 1.680232e+01 5.891157e+00
    endloop
  endfacet
  facet normal -6.125643e-01 7.904208e-01 0.000000e+00
    outer loop
      vertex   -5.324116e+00 1.690372e+01 2.945578e+00
      vertex   -5.454959e+00 1.680232e+01 5.891157e+00
      vertex   -5.324116e+00 1.690372e+01 5.891157e+00
    endloop
  endfacet
  facet normal -7.345663e-01 6.785370e-01 0.000000e+00
    outer loop
      vertex   -5.211793e+00 1.702532e+01 2.945578e+00
      vertex   -5.324116e+00 1.690372e+01 2.945578e+00
      vertex   -5.324116e+00 1.690372e+01 5.891157e+00
    endloop
  endfacet
  facet normal -7.345663e-01 6.785370e-01 0.000000e+00
    outer loop
      vertex   -5.211793e+00 1.702532e+01 2.945578e+00
      vertex   -5.324116e+00 1.690372e+01 5.891157e+00
      vertex   -5.211793e+00 1.702532e+01 5.891157e+00
    endloop
  endfacet
  facet normal -8.364393e-01 5.480596e-01 0.000000e+00
    outer loop
      vertex   -5.121069e+00 1.716378e+01 2.945578e+00
      vertex   -5.211793e+00 1.702532e+01 2.945578e+00
      vertex   -5.211793e+00 1.702532e+01 5.891157e+00
    endloop
  endfacet
  facet normal -8.364393e-01 5.480596e-01 0.000000e+00
    outer loop
      vertex   -5.121069e+00 1.716378e+01 2.945578e+00
      vertex   -5.211793e+00 1.702532e+01 5.891157e+00
      vertex   -5.121069e+00 1.716378e+01 5.891157e+00
    endloop
  endfacet
  facet normal -9.153918e-01 4.025641e-01 0.000000e+00
    outer loop
      vertex   -5.054429e+00 1.731531e+01 2.945578e+00
      vertex   -5.121069e+00 1.716378e+01 2.945578e+00
      vertex   -5.121069e+00 1.716378e+01 5.891157e+00
    endloop
  endfacet
  facet normal -9.153918e-01 4.025641e-01 0.000000e+00
    outer loop
      vertex   -5.054429e+00 1.731531e+01 2.945578e+00
      vertex   -5.121069e+00 1.716378e+01 5.891157e+00
      vertex   -5.054429e+00 1.731531e+01 5.891157e+00
    endloop
  endfacet
  facet normal -9.692604e-01 2.460373e-01 0.000000e+00
    outer loop
      vertex   -5.013701e+00 1.747576e+01 2.945578e+00
      vertex   -5.054429e+00 1.731531e+01 2.945578e+00
      vertex   -5.054429e+00 1.731531e+01 5.891157e+00
    endloop
  endfacet
  facet normal -9.692604e-01 2.460373e-01 0.000000e+00
    outer loop
      vertex   -5.013701e+00 1.747576e+01 2.945578e+00
      vertex   -5.054429e+00 1.731531e+01 5.891157e+00
      vertex   -5.013701e+00 1.747576e+01 5.891157e+00
    endloop
  endfacet
  facet normal -1.000000e+00 -7.186335e-17 -0.000000e+00
    outer loop
      vertex   -5.000000e+00 1.764073e+01 8.836735e+00
      vertex   -5.000000e+00 3.000000e+01 8.836735e+00
      vertex   -5.000000e+00 1.764073e+01 0.000000e+00
    endloop
  endfacet
  facet normal -1.000000e+00 -1.437267e-16 1.005098e-16
    outer loop
      vertex   -5.000000e+00 1.764073e+01 0.000000e+00
      vertex   -5.000000e+00 3.000000e+01 8.836735e+00
      vertex   -5.000000e+00 3.000000e+01 -1.110223e-15
    endloop
  endfacet
  facet normal -9.961947e-01 -8.715574e-02 1.351674e-16
    outer loop
      vertex   -5.000000e+00 3.000000e+01 -1.110223e-15
      vertex   -5.000000e+00 3.000000e+01 8.836735e+00
      vertex   -5.030384e+00 3.034730e+01 4.418367e+00
    endloop
  endfacet
  facet normal -9.961947e-01 -8.715574e-02 -6.014943e-17
    outer loop
      vertex   -5.030384e+00 3.034730e+01 4.418367e+00
      vertex   -5.000000e+00 3.000000e+01 8.836735e+00
      vertex   -5.030384e+00 3.034730e+01 8.832704e+00
    endloop
  endfacet
  facet normal -9.659258e-01 -2.588190e-01 2.222543e-16
    outer loop
      vertex   -5.030384e+00 3.034730e+01 4.418367e+00
      vertex   -5.030384e+00 3.034730e+01 8.832704e+00
      vertex   -5.120615e+00 3.068404e+01 8.820735e+00
    endloop
  endfacet
  facet normal -9.659258e-01 -2.588190e-01 -1.944090e-16
    outer loop
      vertex   -5.030384e+00 3.034730e+01 4.418367e+00
      vertex   -5.120615e+00 3.068404e+01 8.820735e+00
      vertex   -5.120615e+00 3.068404e+01 4.418367e+00
    endloop
  endfacet
  facet normal -9.063078e-01 -4.226183e-01 -1.828478e-16
    outer loop
      vertex   -5.120615e+00 3.068404e+01 4.418367e+00
      vertex   -5.120615e+00 3.068404e+01 8.820735e+00
      vertex   -5.267949e+00 3.100000e+01 8.801191e+00
    endloop
  endfacet
  facet normal -9.063078e-01 -4.226183e-01 -1.816520e-16
    outer loop
      vertex   -5.120615e+00 3.068404e+01 4.418367e+00
      vertex   -5.267949e+00 3.100000e+01 8.801191e+00
      vertex   -5.267949e+00 3.100000e+01 4.418367e+00
    endloop
  endfacet
  facet normal -8.191520e-01 -5.735764e-01 -1.660010e-16
    outer loop
      vertex   -5.267949e+00 3.100000e+01 4.418367e+00
      vertex   -5.267949e+00 3.100000e+01 8.801191e+00
      vertex   -5.467911e+00 3.128558e+01 8.774665e+00
    endloop
  endfacet
  facet normal -8.191520e-01 -5.735764e-01 -3.335336e-16
    outer loop
      vertex   -5.267949e+00 3.100000e+01 4.418367e+00
      vertex   -5.467911e+00 3.128558e+01 8.774665e+00
      vertex   -5.467911e+00 3.128558e+01 4.418367e+00
    endloop
  endfacet
  facet normal -7.071068e-01 -7.071068e-01 -2.883352e-16
    outer loop
      vertex   -5.467911e+00 3.128558e+01 4.418367e+00
      vertex   -5.467911e+00 3.128558e+01 8.774665e+00
      vertex   -5.714425e+00 3.153209e+01 8.741964e+00
    endloop
  endfacet
  facet normal -7.071068e-01 -7.071068e-01 -2.900211e-16
    outer loop
      vertex   -5.467911e+00 3.128558e+01 4.418367e+00
      vertex   -5.714425e+00 3.153209e+01 8.741964e+00
      vertex   -5.714425e+00 3.153209e+01 4.418367e+00
    endloop
  endfacet
  facet normal -5.735764e-01 -8.191520e-01 -2.356548e-16
    outer loop
      vertex   -5.714425e+00 3.153209e+01 4.418367e+00
      vertex   -5.714425e+00 3.153209e+01 8.741964e+00
      vertex   -6.000000e+00 3.173205e+01 8.704082e+00
    endloop
  endfacet
  facet normal -5.735764e-01 -8.191520e-01 0.000000e+00
    outer loop
      vertex   -5.714425e+00 3.153209e+01 4.418367e+00
      vertex   -6.000000e+00 3.173205e+01 8.704082e+00
      vertex   -6.000000e+00 3.173205e+01 4.418367e+00
    endloop
  endfacet
  facet normal -4.226183e-01 -9.063078e-01 0.000000e+00
    outer loop
      vertex   -6.000000e+00 3.173205e+01 4.418367e+00
      vertex   -6.000000e+00 3.173205e+01 8.704082e+00
      vertex   -6.315960e+00 3.187939e+01 8.662169e+00
    endloop
  endfacet
  facet normal -4.226183e-01 -9.063078e-01 8.911130e-17
    outer loop
      vertex   -6.000000e+00 3.173205e+01 4.418367e+00
      vertex   -6.315960e+00 3.187939e+01 8.662169e+00
      vertex   -6.315960e+00 3.187939e+01 4.418367e+00
    endloop
  endfacet
  facet normal -2.588190e-01 -9.659258e-01 5.416783e-17
    outer loop
      vertex   -6.315960e+00 3.187939e+01 4.418367e+00
      vertex   -6.315960e+00 3.187939e+01 8.662169e+00
      vertex   -6.652704e+00 3.196962e+01 8.617499e+00
    endloop
  endfacet
  facet normal -2.588190e-01 -9.659258e-01 5.450956e-17
    outer loop
      vertex   -6.315960e+00 3.187939e+01 4.418367e+00
      vertex   -6.652704e+00 3.196962e+01 8.617499e+00
      vertex   -6.652704e+00 3.196962e+01 4.418367e+00
    endloop
  endfacet
  facet normal -8.715574e-02 -9.961947e-01 1.843473e-17
    outer loop
      vertex   -6.652704e+00 3.196962e+01 4.418367e+00
      vertex   -6.652704e+00 3.196962e+01 8.617499e+00
      vertex   -7.000000e+00 3.200000e+01 8.571429e+00
    endloop
  endfacet
  facet normal -8.715574e-02 -9.961947e-01 1.799628e-17
    outer loop
      vertex   -6.652704e+00 3.196962e+01 4.418367e+00
      vertex   -7.000000e+00 3.200000e+01 8.571429e+00
      vertex   -7.000000e+00 3.200000e+01 -1.110223e-15
    endloop
  endfacet
  facet normal -8.715574e-02 -9.961947e-01 0.000000e+00
    outer loop
      vertex   -7.000000e+00 3.200000e+01 -1.110223e-15
      vertex   -6.652704e+00 3.196962e+01 -1.110223e-15
      vertex   -6.652704e+00 3.196962e+01 4.418367e+00
    endloop
  endfacet
  facet normal -2.588190e-01 -9.659258e-01 -0.000000e+00
    outer loop
      vertex   -6.652704e+00 3.196962e+01 4.418367e+00
      vertex   -6.652704e+00 3.196962e+01 -1.110223e-15
      vertex   -6.315960e+00 3.187939e+01 4.418367e+00
    endloop
  endfacet
  facet normal -2.588190e-01 -9.659258e-01 0.000000e+00
    outer loop
      vertex   -6.652704e+00 3.196962e+01 -1.110223e-15
      vertex   -6.315960e+00 3.187939e+01 -1.110223e-15
      vertex   -6.315960e+00 3.187939e+01 4.418367e+00
    endloop
  endfacet
  facet normal -4.226183e-01 -9.063078e-01 -0.000000e+00
    outer loop
      vertex   -6.315960e+00 3.187939e+01 4.418367e+00
      vertex   -6.315960e+00 3.187939e+01 -1.110223e-15
      vertex   -6.000000e+00 3.173205e+01 4.418367e+00
    endloop
  endfacet
  facet normal -4.226183e-01 -9.063078e-01 0.000000e+00
    outer loop
      vertex   -6.315960e+00 3.187939e+01 -1.110223e-15
      vertex   -6.000000e+00 3.173205e+01 -1.110223e-15
      vertex   -6.000000e+00 3.173205e+01 4.418367e+00
    endloop
  endfacet
  facet normal -5.735764e-01 -8.191520e-01 -0.000000e+00
    outer loop
      vertex   -6.000000e+00 3.173205e+01 4.418367e+00
      vertex   -6.000000e+00 3.173205e+01 -1.110223e-15
      vertex   -5.714425e+00 3.153209e+01 4.418367e+00
    endloop
  endfacet
  facet normal -5.735764e-01 -8.191520e-01 0.000000e+00
    outer loop
      vertex   -6.000000e+00 3.173205e+01 -1.110223e-15
      vertex   -5.714425e+00 3.153209e+01 -1.110223e-15
      vertex   -5.714425e+00 3.153209e+01 4.418367e+00
    endloop
  endfacet
  facet normal -7.071068e-01 -7.071068e-01 -0.000000e+00
    outer loop
      vertex   -5.714425e+00 3.153209e+01 4.418367e+00
      vertex   -5.714425e+00 3.153209e+01 -1.110223e-15
      vertex   -5.467911e+00 3.128558e+01 4.418367e+00
    endloop
  endfacet
  facet normal -7.071068e-01 -7.071068e-01 2.838004e-16
    outer loop
      vertex   -5.714425e+00 3.153209e+01 -1.110223e-15
      vertex   -5.467911e+00 3.128558e+01 -1.110223e-15
      vertex   -5.467911e+00 3.128558e+01 4.418367e+00
    endloop
  endfacet
  facet normal -8.191520e-01 -5.735764e-01 3.293312e-16
    outer loop
      vertex   -5.467911e+00 3.128558e+01 4.418367e+00
      vertex   -5.467911e+00 3.128558e+01 -1.110223e-15
      vertex   -5.267949e+00 3.100000e+01 4.418367e+00
    endloop
  endfacet
  facet normal -8.191520e-01 -5.735764e-01 0.000000e+00
    outer loop
      vertex   -5.467911e+00 3.128558e+01 -1.110223e-15
      vertex   -5.267949e+00 3.100000e+01 -1.110223e-15
      vertex   -5.267949e+00 3.100000e+01 4.418367e+00
    endloop
  endfacet
  facet normal -9.063078e-01 -4.226183e-01 -0.000000e+00
    outer loop
      vertex   -5.267949e+00 3.100000e+01 4.418367e+00
      vertex   -5.267949e+00 3.100000e+01 -1.110223e-15
      vertex   -5.120615e+00 3.068404e+01 4.418367e+00
    endloop
  endfacet
  facet normal -9.063078e-01 -4.226183e-01 0.000000e+00
    outer loop
      vertex   -5.267949e+00 3.100000e+01 -1.110223e-15
      vertex   -5.120615e+00 3.068404e+01 -1.110223e-15
      vertex   -5.120615e+00 3.068404e+01 4.418367e+00
    endloop
  endfacet
  facet normal -9.659258e-01 -2.588190e-01 -0.000000e+00
    outer loop
      vertex   -5.120615e+00 3.068404e+01 4.418367e+00
      vertex   -5.120615e+00 3.068404e+01 -1.110223e-15
      vertex   -5.030384e+00 3.034730e+01 4.418367e+00
    endloop
  endfacet
  facet normal -9.659258e-01 -2.588190e-01 0.000000e+00
    outer loop
      vertex   -5.120615e+00 3.068404e+01 -1.110223e-15
      vertex   -5.030384e+00 3.034730e+01 -1.110223e-15
      vertex   -5.030384e+00 3.034730e+01 4.418367e+00
    endloop
  endfacet
  facet normal -9.961947e-01 -8.715574e-02 -0.000000e+00
    outer loop
      vertex   -5.030384e+00 3.034730e+01 4.418367e+00
      vertex   -5.030384e+00 3.034730e+01 -1.110223e-15
      vertex   -5.000000e+00 3.000000e+01 -1.110223e-15
    endloop
  endfacet
  facet normal 8.881784e-16 -1.000000e+00 -1.840675e-31
    outer loop
      vertex   -7.000000e+00 3.200000e+01 8.571429e+00
      vertex   -1.500000e+01 3.200000e+01 7.510204e+00
      vertex   -7.000000e+00 3.200000e+01 -1.110223e-15
    endloop
  endfacet
  facet normal 8.881784e-16 -1.000000e+00 0.000000e+00
    outer loop
      vertex   -7.000000e+00 3.200000e+01 -1.110223e-15
      vertex   -1.500000e+01 3.200000e+01 7.510204e+00
      vertex   -1.500000e+01 3.200000e+01 0.000000e+00
    endloop
  endfacet
  facet normal 1.000000e+00 4.744670e-16 -1.929164e-15
    outer loop
      vertex   -4.385000e+01 1.224390e+02 3.683164e+00
      vertex   -4.385000e+01 4.756100e+01 3.683164e+00
      vertex   -4.385000e+01 1.224390e+02 -1.110223e-15
    endloop
  endfacet
  facet normal 1.000000e+00 9.489340e-17 -9.645821e-15
    outer loop
      vertex   -4.385000e+01 1.224390e+02 -1.110223e-15
      vertex   -4.385000e+01 4.756100e+01 3.683164e+00
      vertex   -4.385000e+01 4.756100e+01 -1.110223e-15
    endloop
  endfacet
  facet normal 9.975651e-01 6.974213e-02 -9.622334e-15
    outer loop
      vertex   -4.385000e+01 4.756100e+01 -1.110223e-15
      vertex   -4.385000e+01 4.756100e+01 3.683164e+00
      vertex   -4.382082e+01 4.714357e+01 -1.110223e-15
    endloop
  endfacet
  facet normal 9.975651e-01 6.974213e-02 -0.000000e+00
    outer loop
      vertex   -4.382082e+01 4.714357e+01 -1.110223e-15
      vertex   -4.385000e+01 4.756100e+01 3.683164e+00
      vertex   -4.382082e+01 4.714357e+01 3.687035e+00
    endloop
  endfacet
  facet normal 9.781566e-01 2.078695e-01 -0.000000e+00
    outer loop
      vertex   -4.382082e+01 4.714357e+01 -1.110223e-15
      vertex   -4.382082e+01 4.714357e+01 3.687035e+00
      vertex   -4.373383e+01 4.673426e+01 -1.110223e-15
    endloop
  endfacet
  facet normal 9.781566e-01 2.078695e-01 -0.000000e+00
    outer loop
      vertex   -4.373383e+01 4.673426e+01 -1.110223e-15
      vertex   -4.382082e+01 4.714357e+01 3.687035e+00
      vertex   -4.373383e+01 4.673426e+01 3.698573e+00
    endloop
  endfacet
  facet normal 9.397172e-01 3.419526e-01 -0.000000e+00
    outer loop
      vertex   -4.373383e+01 4.673426e+01 -1.110223e-15
      vertex   -4.373383e+01 4.673426e+01 3.698573e+00
      vertex   -4.359074e+01 4.634103e+01 -1.110223e-15
    endloop
  endfacet
  facet normal 9.397172e-01 3.419526e-01 -0.000000e+00
    outer loop
      vertex   -4.359074e+01 4.634103e+01 -1.110223e-15
      vertex   -4.373383e+01 4.673426e+01 3.698573e+00
      vertex   -4.359074e+01 4.634103e+01 3.717555e+00
    endloop
  endfacet
  facet normal 8.829948e-01 4.693827e-01 -0.000000e+00
    outer loop
      vertex   -4.359074e+01 4.634103e+01 -1.110223e-15
      vertex   -4.359074e+01 4.634103e+01 3.717555e+00
      vertex   -4.339433e+01 4.597154e+01 -1.110223e-15
    endloop
  endfacet
  facet normal 8.829948e-01 4.693827e-01 -0.000000e+00
    outer loop
      vertex   -4.339433e+01 4.597154e+01 -1.110223e-15
      vertex   -4.359074e+01 4.634103e+01 3.717555e+00
      vertex   -4.339433e+01 4.597154e+01 3.743610e+00
    endloop
  endfacet
  facet normal 8.090930e-01 5.876806e-01 -0.000000e+00
    outer loop
      vertex   -4.339433e+01 4.597154e+01 -1.110223e-15
      vertex   -4.339433e+01 4.597154e+01 3.743610e+00
      vertex   -4.314841e+01 4.563297e+01 -1.110223e-15
    endloop
  endfacet
  facet normal 8.090930e-01 5.876806e-01 -0.000000e+00
    outer loop
      vertex   -4.314841e+01 4.563297e+01 -1.110223e-15
      vertex   -4.339433e+01 4.597154e+01 3.743610e+00
      vertex   -4.314841e+01 4.563297e+01 3.776231e+00
    endloop
  endfacet
  facet normal 7.194496e-01 6.945446e-01 -0.000000e+00
    outer loop
      vertex   -4.314841e+01 4.563297e+01 -1.110223e-15
      vertex   -4.314841e+01 4.563297e+01 3.776231e+00
      vertex   -4.285778e+01 4.533191e+01 -1.110223e-15
    endloop
  endfacet
  facet normal 7.194496e-01 6.945446e-01 -0.000000e+00
    outer loop
      vertex   -4.285778e+01 4.533191e+01 -1.110223e-15
      vertex   -4.314841e+01 4.563297e+01 3.776231e+00
      vertex   -4.285778e+01 4.533191e+01 3.814785e+00
    endloop
  endfacet
  facet normal 6.692588e-01 7.430294e-01 1.305605e-16
    outer loop
      vertex   -4.135012e+01 4.397395e+01 4.014780e+00
      vertex   -4.135012e+01 4.397395e+01 -1.110223e-15
      vertex   -4.285778e+01 4.533191e+01 3.814785e+00
    endloop
  endfacet
  facet normal 6.692588e-01 7.430294e-01 0.000000e+00
    outer loop
      vertex   -4.285778e+01 4.533191e+01 3.814785e+00
      vertex   -4.135012e+01 4.397395e+01 -1.110223e-15
      vertex   -4.285778e+01 4.533191e+01 -1.110223e-15
    endloop
  endfacet
  facet normal 6.048283e-01 7.963559e-01 3.389689e-16
    outer loop
      vertex   -4.135012e+01 4.397395e+01 -1.110223e-15
      vertex   -4.135012e+01 4.397395e+01 4.014780e+00
      vertex   -4.123034e+01 4.388297e+01 2.100737e+00
    endloop
  endfacet
  facet normal 6.048283e-01 7.963559e-01 -2.226795e-15
    outer loop
      vertex   -4.123034e+01 4.388297e+01 2.100737e+00
      vertex   -4.135012e+01 4.397395e+01 4.014780e+00
      vertex   -4.123034e+01 4.388297e+01 4.030669e+00
    endloop
  endfacet
  facet normal 4.637553e-01 8.859633e-01 -1.707407e-15
    outer loop
      vertex   -4.123034e+01 4.388297e+01 2.100737e+00
      vertex   -4.123034e+01 4.388297e+01 4.030669e+00
      vertex   -4.109708e+01 4.381322e+01 2.100737e+00
    endloop
  endfacet
  facet normal 4.637553e-01 8.859633e-01 -1.691909e-15
    outer loop
      vertex   -4.109708e+01 4.381322e+01 2.100737e+00
      vertex   -4.123034e+01 4.388297e+01 4.030669e+00
      vertex   -4.109708e+01 4.381322e+01 4.048347e+00
    endloop
  endfacet
  facet normal 3.097291e-01 9.508249e-01 -1.129979e-15
    outer loop
      vertex   -4.109708e+01 4.381322e+01 2.100737e+00
      vertex   -4.109708e+01 4.381322e+01 4.048347e+00
      vertex   -4.095406e+01 4.376663e+01 2.100737e+00
    endloop
  endfacet
  facet normal 3.097291e-01 9.508249e-01 -2.238155e-15
    outer loop
      vertex   -4.095406e+01 4.376663e+01 2.100737e+00
      vertex   -4.109708e+01 4.381322e+01 4.048347e+00
      vertex   -4.095406e+01 4.376663e+01 4.067318e+00
    endloop
  endfacet
  facet normal 1.470518e-01 9.891288e-01 -1.062621e-15
    outer loop
      vertex   -4.095406e+01 4.376663e+01 2.100737e+00
      vertex   -4.095406e+01 4.376663e+01 4.067318e+00
      vertex   -4.080528e+01 4.374451e+01 2.100737e+00
    endloop
  endfacet
  facet normal 1.470518e-01 9.891288e-01 -5.260315e-16
    outer loop
      vertex   -4.080528e+01 4.374451e+01 2.100737e+00
      vertex   -4.095406e+01 4.376663e+01 4.067318e+00
      vertex   -4.080528e+01 4.374451e+01 4.087054e+00
    endloop
  endfacet
  facet normal -1.973285e-02 9.998053e-01 7.058810e-17
    outer loop
      vertex   -4.080528e+01 4.374451e+01 2.100737e+00
      vertex   -4.080528e+01 4.374451e+01 4.087054e+00
      vertex   -4.065490e+01 4.374748e+01 2.100737e+00
    endloop
  endfacet
  facet normal -1.973285e-02 9.998053e-01 6.988622e-17
    outer loop
      vertex   -4.065490e+01 4.374748e+01 2.100737e+00
      vertex   -4.080528e+01 4.374451e+01 4.087054e+00
      vertex   -4.065490e+01 4.374748e+01 4.107003e+00
    endloop
  endfacet
  facet normal -1.859663e-01 9.825561e-01 6.586215e-16
    outer loop
      vertex   -4.065490e+01 4.374748e+01 2.100737e+00
      vertex   -4.065490e+01 4.374748e+01 4.107003e+00
      vertex   -4.050711e+01 4.377545e+01 2.100737e+00
    endloop
  endfacet
  facet normal -1.859663e-01 9.825561e-01 0.000000e+00
    outer loop
      vertex   -4.050711e+01 4.377545e+01 2.100737e+00
      vertex   -4.065490e+01 4.374748e+01 4.107003e+00
      vertex   -4.050711e+01 4.377545e+01 4.126608e+00
    endloop
  endfacet
  facet normal -3.470055e-01 9.378631e-01 0.000000e+00
    outer loop
      vertex   -4.050711e+01 4.377545e+01 2.100737e+00
      vertex   -4.050711e+01 4.377545e+01 4.126608e+00
      vertex   -4.036604e+01 4.382764e+01 2.100737e+00
    endloop
  endfacet
  facet normal -3.470055e-01 9.378631e-01 0.000000e+00
    outer loop
      vertex   -4.036604e+01 4.382764e+01 2.100737e+00
      vertex   -4.050711e+01 4.377545e+01 4.126608e+00
      vertex   -4.036604e+01 4.382764e+01 4.145321e+00
    endloop
  endfacet
  facet normal -4.983525e-01 8.669745e-01 0.000000e+00
    outer loop
      vertex   -4.036604e+01 4.382764e+01 2.100737e+00
      vertex   -4.036604e+01 4.382764e+01 4.145321e+00
      vertex   -4.023564e+01 4.390260e+01 2.100737e+00
    endloop
  endfacet
  facet normal -4.983525e-01 8.669745e-01 0.000000e+00
    outer loop
      vertex   -4.023564e+01 4.390260e+01 2.100737e+00
      vertex   -4.036604e+01 4.382764e+01 4.145321e+00
      vertex   -4.023564e+01 4.390260e+01 4.162620e+00
    endloop
  endfacet
  facet normal -6.357799e-01 7.718704e-01 0.000000e+00
    outer loop
      vertex   -4.023564e+01 4.390260e+01 2.100737e+00
      vertex   -4.023564e+01 4.390260e+01 4.162620e+00
      vertex   -4.011954e+01 4.399823e+01 2.100737e+00
    endloop
  endfacet
  facet normal -6.357799e-01 7.718704e-01 0.000000e+00
    outer loop
      vertex   -4.011954e+01 4.399823e+01 2.100737e+00
      vertex   -4.023564e+01 4.390260e+01 4.162620e+00
      vertex   -4.011954e+01 4.399823e+01 4.178021e+00
    endloop
  endfacet
  facet normal -7.554493e-01 6.552071e-01 0.000000e+00
    outer loop
      vertex   -4.011954e+01 4.399823e+01 2.100737e+00
      vertex   -4.011954e+01 4.399823e+01 4.178021e+00
      vertex   -4.002099e+01 4.411186e+01 2.100737e+00
    endloop
  endfacet
  facet normal -7.554493e-01 6.552071e-01 0.000000e+00
    outer loop
      vertex   -4.002099e+01 4.411186e+01 2.100737e+00
      vertex   -4.011954e+01 4.399823e+01 4.178021e+00
      vertex   -4.002099e+01 4.411186e+01 4.191094e+00
    endloop
  endfacet
  facet normal -8.540182e-01 5.202431e-01 0.000000e+00
    outer loop
      vertex   -4.002099e+01 4.411186e+01 2.100737e+00
      vertex   -4.002099e+01 4.411186e+01 4.191094e+00
      vertex   -3.994274e+01 4.424032e+01 4.201474e+00
    endloop
  endfacet
  facet normal -8.540182e-01 5.202431e-01 0.000000e+00
    outer loop
      vertex   -3.994274e+01 4.424032e+01 4.201474e+00
      vertex   -3.994274e+01 4.424032e+01 -1.110223e-15
      vertex   -4.002099e+01 4.411186e+01 2.100737e+00
    endloop
  endfacet
  facet normal -8.540182e-01 5.202431e-01 -2.888588e-15
    outer loop
      vertex   -4.002099e+01 4.411186e+01 2.100737e+00
      vertex   -3.994274e+01 4.424032e+01 -1.110223e-15
      vertex   -4.002099e+01 4.411186e+01 -1.110223e-15
    endloop
  endfacet
  facet normal -7.554493e-01 6.552071e-01 -2.555194e-15
    outer loop
      vertex   -4.002099e+01 4.411186e+01 2.100737e+00
      vertex   -4.002099e+01 4.411186e+01 -1.110223e-15
      vertex   -4.011954e+01 4.399823e+01 2.100737e+00
    endloop
  endfacet
  facet normal -7.554493e-01 6.552071e-01 -2.555194e-15
    outer loop
      vertex   -4.011954e+01 4.399823e+01 2.100737e+00
      vertex   -4.002099e+01 4.411186e+01 -1.110223e-15
      vertex   -4.011954e+01 4.399823e+01 -1.110223e-15
    endloop
  endfacet
  facet normal -6.357799e-01 7.718704e-01 -2.150430e-15
    outer loop
      vertex   -4.011954e+01 4.399823e+01 2.100737e+00
      vertex   -4.011954e+01 4.399823e+01 -1.110223e-15
      vertex   -4.023564e+01 4.390260e+01 2.100737e+00
    endloop
  endfacet
  facet normal -6.357799e-01 7.718704e-01 0.000000e+00
    outer loop
      vertex   -4.023564e+01 4.390260e+01 2.100737e+00
      vertex   -4.011954e+01 4.399823e+01 -1.110223e-15
      vertex   -4.023564e+01 4.390260e+01 -1.110223e-15
    endloop
  endfacet
  facet normal -4.983525e-01 8.669745e-01 0.000000e+00
    outer loop
      vertex   -4.023564e+01 4.390260e+01 2.100737e+00
      vertex   -4.023564e+01 4.390260e+01 -1.110223e-15
      vertex   -4.036604e+01 4.382764e+01 2.100737e+00
    endloop
  endfacet
  facet normal -4.983525e-01 8.669745e-01 0.000000e+00
    outer loop
      vertex   -4.036604e+01 4.382764e+01 2.100737e+00
      vertex   -4.023564e+01 4.390260e+01 -1.110223e-15
      vertex   -4.036604e+01 4.382764e+01 -1.110223e-15
    endloop
  endfacet
  facet normal -3.470055e-01 9.378631e-01 0.000000e+00
    outer loop
      vertex   -4.036604e+01 4.382764e+01 2.100737e+00
      vertex   -4.036604e+01 4.382764e+01 -1.110223e-15
      vertex   -4.050711e+01 4.377545e+01 2.100737e+00
    endloop
  endfacet
  facet normal -3.470055e-01 9.378631e-01 3.172181e-15
    outer loop
      vertex   -4.050711e+01 4.377545e+01 2.100737e+00
      vertex   -4.036604e+01 4.382764e+01 -1.110223e-15
      vertex   -4.050711e+01 4.377545e+01 -1.110223e-15
    endloop
  endfacet
  facet normal -1.859663e-01 9.825561e-01 3.323348e-15
    outer loop
      vertex   -4.050711e+01 4.377545e+01 2.100737e+00
      vertex   -4.050711e+01 4.377545e+01 -1.110223e-15
      vertex   -4.065490e+01 4.374748e+01 2.100737e+00
    endloop
  endfacet
  facet normal -1.859663e-01 9.825561e-01 0.000000e+00
    outer loop
      vertex   -4.065490e+01 4.374748e+01 2.100737e+00
      vertex   -4.050711e+01 4.377545e+01 -1.110223e-15
      vertex   -4.065490e+01 4.374748e+01 -1.110223e-15
    endloop
  endfacet
  facet normal -1.973285e-02 9.998053e-01 0.000000e+00
    outer loop
      vertex   -4.065490e+01 4.374748e+01 2.100737e+00
      vertex   -4.065490e+01 4.374748e+01 -1.110223e-15
      vertex   -4.080528e+01 4.374451e+01 2.100737e+00
    endloop
  endfacet
  facet normal -1.973285e-02 9.998053e-01 0.000000e+00
    outer loop
      vertex   -4.080528e+01 4.374451e+01 2.100737e+00
      vertex   -4.065490e+01 4.374748e+01 -1.110223e-15
      vertex   -4.080528e+01 4.374451e+01 -1.110223e-15
    endloop
  endfacet
  facet normal 1.470518e-01 9.891288e-01 0.000000e+00
    outer loop
      vertex   -4.080528e+01 4.374451e+01 2.100737e+00
      vertex   -4.080528e+01 4.374451e+01 -1.110223e-15
      vertex   -4.095406e+01 4.376663e+01 2.100737e+00
    endloop
  endfacet
  facet normal 1.470518e-01 9.891288e-01 0.000000e+00
    outer loop
      vertex   -4.095406e+01 4.376663e+01 2.100737e+00
      vertex   -4.080528e+01 4.374451e+01 -1.110223e-15
      vertex   -4.095406e+01 4.376663e+01 -1.110223e-15
    endloop
  endfacet
  facet normal 3.097291e-01 9.508249e-01 0.000000e+00
    outer loop
      vertex   -4.095406e+01 4.376663e+01 2.100737e+00
      vertex   -4.095406e+01 4.376663e+01 -1.110223e-15
      vertex   -4.109708e+01 4.381322e+01 2.100737e+00
    endloop
  endfacet
  facet normal 3.097291e-01 9.508249e-01 0.000000e+00
    outer loop
      vertex   -4.109708e+01 4.381322e+01 2.100737e+00
      vertex   -4.095406e+01 4.376663e+01 -1.110223e-15
      vertex   -4.109708e+01 4.381322e+01 -1.110223e-15
    endloop
  endfacet
  facet normal 4.637553e-01 8.859633e-01 0.000000e+00
    outer loop
      vertex   -4.109708e+01 4.381322e+01 2.100737e+00
      vertex   -4.109708e+01 4.381322e+01 -1.110223e-15
      vertex   -4.123034e+01 4.388297e+01 2.100737e+00
    endloop
  endfacet
  facet normal 4.637553e-01 8.859633e-01 -1.568583e-15
    outer loop
      vertex   -4.123034e+01 4.388297e+01 2.100737e+00
      vertex   -4.109708e+01 4.381322e+01 -1.110223e-15
      vertex   -4.123034e+01 4.388297e+01 -1.110223e-15
    endloop
  endfacet
  facet normal 6.048283e-01 7.963559e-01 -2.045741e-15
    outer loop
      vertex   -4.123034e+01 4.388297e+01 2.100737e+00
      vertex   -4.123034e+01 4.388297e+01 -1.110223e-15
      vertex   -4.135012e+01 4.397395e+01 -1.110223e-15
    endloop
  endfacet
  facet normal -9.557590e-01 2.941509e-01 1.486205e-15
    outer loop
      vertex   -3.716908e+01 5.325252e+01 4.569408e+00
      vertex   -3.716908e+01 5.325252e+01 -1.110223e-15
      vertex   -3.994274e+01 4.424032e+01 4.201474e+00
    endloop
  endfacet
  facet normal -9.557590e-01 2.941509e-01 0.000000e+00
    outer loop
      vertex   -3.994274e+01 4.424032e+01 4.201474e+00
      vertex   -3.716908e+01 5.325252e+01 -1.110223e-15
      vertex   -3.994274e+01 4.424032e+01 -1.110223e-15
    endloop
  endfacet
  facet normal 7.247229e-01 -6.890404e-01 -1.126944e-15
    outer loop
      vertex   -3.716908e+01 5.325252e+01 4.569408e+00
      vertex   -3.719537e+01 5.322487e+01 4.565920e+00
      vertex   -3.716908e+01 5.325252e+01 -1.110223e-15
    endloop
  endfacet
  facet normal 7.247229e-01 -6.890404e-01 1.127430e-15
    outer loop
      vertex   -3.716908e+01 5.325252e+01 -1.110223e-15
      vertex   -3.719537e+01 5.322487e+01 4.565920e+00
      vertex   -3.719537e+01 5.322487e+01 0.000000e+00
    endloop
  endfacet
  facet normal -9.531003e-01 3.026547e-01 8.590000e-16
    outer loop
      vertex   -3.387057e+01 6.369510e+01 5.006965e+00
      vertex   -3.387057e+01 6.369510e+01 0.000000e+00
      vertex   -3.719537e+01 5.322487e+01 4.565920e+00
    endloop
  endfacet
  facet normal -9.531003e-01 3.026547e-01 -1.483203e-15
    outer loop
      vertex   -3.719537e+01 5.322487e+01 4.565920e+00
      vertex   -3.387057e+01 6.369510e+01 0.000000e+00
      vertex   -3.719537e+01 5.322487e+01 0.000000e+00
    endloop
  endfacet
  facet normal -7.071068e-01 7.071068e-01 0.000000e+00
    outer loop
      vertex   -1.500000e+01 1.070711e+02 7.510204e+00
      vertex   -1.500000e+01 1.070711e+02 0.000000e+00
      vertex   -1.522667e+01 1.068444e+02 7.480136e+00
    endloop
  endfacet
  facet normal -7.071068e-01 7.071068e-01 0.000000e+00
    outer loop
      vertex   -1.522667e+01 1.068444e+02 7.480136e+00
      vertex   -1.500000e+01 1.070711e+02 0.000000e+00
      vertex   -1.522667e+01 1.068444e+02 0.000000e+00
    endloop
  endfacet
  facet normal -5.794636e-01 8.149981e-01 0.000000e+00
    outer loop
      vertex   -2.728736e+01 6.837577e+01 5.880249e+00
      vertex   -2.728736e+01 6.837577e+01 0.000000e+00
      vertex   -3.387057e+01 6.369510e+01 5.006965e+00
    endloop
  endfacet
  facet normal -5.794636e-01 8.149981e-01 2.313142e-15
    outer loop
      vertex   -3.387057e+01 6.369510e+01 5.006965e+00
      vertex   -2.728736e+01 6.837577e+01 0.000000e+00
      vertex   -3.387057e+01 6.369510e+01 0.000000e+00
    endloop
  endfacet
  facet normal -1.000000e+00 5.321844e-09 0.000000e+00
    outer loop
      vertex   -1.500000e+01 1.380000e+02 7.510204e+00
      vertex   -1.500000e+01 1.380000e+02 0.000000e+00
      vertex   -1.500000e+01 1.070711e+02 7.510204e+00
    endloop
  endfacet
  facet normal -1.000000e+00 5.321844e-09 0.000000e+00
    outer loop
      vertex   -1.500000e+01 1.070711e+02 7.510204e+00
      vertex   -1.500000e+01 1.380000e+02 0.000000e+00
      vertex   -1.500000e+01 1.070711e+02 0.000000e+00
    endloop
  endfacet
  facet normal -4.354196e-01 9.002276e-01 0.000000e+00
    outer loop
      vertex   -2.728736e+01 6.837577e+01 0.000000e+00
      vertex   -2.728736e+01 6.837577e+01 5.880249e+00
      vertex   -2.697743e+01 6.852568e+01 0.000000e+00
    endloop
  endfacet
  facet normal -4.354196e-01 9.002276e-01 0.000000e+00
    outer loop
      vertex   -2.697743e+01 6.852568e+01 0.000000e+00
      vertex   -2.728736e+01 6.837577e+01 5.880249e+00
      vertex   -2.697743e+01 6.852568e+01 5.921362e+00
    endloop
  endfacet
  facet normal -5.833580e-01 8.122152e-01 0.000000e+00
    outer loop
      vertex   -2.697743e+01 6.852568e+01 0.000000e+00
      vertex   -2.697743e+01 6.852568e+01 5.921362e+00
      vertex   -2.669780e+01 6.872651e+01 0.000000e+00
    endloop
  endfacet
  facet normal -5.833580e-01 8.122152e-01 -3.478257e-16
    outer loop
      vertex   -2.669780e+01 6.872651e+01 0.000000e+00
      vertex   -2.697743e+01 6.852568e+01 5.921362e+00
      vertex   -2.669780e+01 6.872651e+01 5.958455e+00
    endloop
  endfacet
  facet normal -7.140103e-01 7.001352e-01 -4.257268e-16
    outer loop
      vertex   -2.669780e+01 6.872651e+01 0.000000e+00
      vertex   -2.669780e+01 6.872651e+01 5.958455e+00
      vertex   -2.645676e+01 6.897233e+01 0.000000e+00
    endloop
  endfacet
  facet normal -7.140103e-01 7.001352e-01 0.000000e+00
    outer loop
      vertex   -2.645676e+01 6.897233e+01 0.000000e+00
      vertex   -2.669780e+01 6.872651e+01 5.958455e+00
      vertex   -2.645676e+01 6.897233e+01 5.990430e+00
    endloop
  endfacet
  facet normal -8.235052e-01 5.673088e-01 0.000000e+00
    outer loop
      vertex   -2.645676e+01 6.897233e+01 0.000000e+00
      vertex   -2.645676e+01 6.897233e+01 5.990430e+00
      vertex   -2.626145e+01 6.925585e+01 0.000000e+00
    endloop
  endfacet
  facet normal -8.235052e-01 5.673088e-01 0.000000e+00
    outer loop
      vertex   -2.626145e+01 6.925585e+01 0.000000e+00
      vertex   -2.645676e+01 6.897233e+01 5.990430e+00
      vertex   -2.626145e+01 6.925585e+01 6.016339e+00
    endloop
  endfacet
  facet normal -9.085979e-01 4.176719e-01 0.000000e+00
    outer loop
      vertex   -2.626145e+01 6.925585e+01 0.000000e+00
      vertex   -2.626145e+01 6.925585e+01 6.016339e+00
      vertex   -2.611765e+01 6.956866e+01 0.000000e+00
    endloop
  endfacet
  facet normal -9.085979e-01 4.176719e-01 0.000000e+00
    outer loop
      vertex   -2.611765e+01 6.956866e+01 0.000000e+00
      vertex   -2.626145e+01 6.925585e+01 6.016339e+00
      vertex   -2.611765e+01 6.956866e+01 6.035414e+00
    endloop
  endfacet
  facet normal -9.667671e-01 2.556586e-01 0.000000e+00
    outer loop
      vertex   -2.611765e+01 6.956866e+01 0.000000e+00
      vertex   -2.611765e+01 6.956866e+01 6.035414e+00
      vertex   -2.602963e+01 6.990150e+01 0.000000e+00
    endloop
  endfacet
  facet normal -9.667671e-01 2.556586e-01 0.000000e+00
    outer loop
      vertex   -2.602963e+01 6.990150e+01 0.000000e+00
      vertex   -2.611765e+01 6.956866e+01 6.035414e+00
      vertex   -2.602963e+01 6.990150e+01 6.047090e+00
    endloop
  endfacet
  facet normal -9.962891e-01 8.606969e-02 0.000000e+00
    outer loop
      vertex   -2.602963e+01 6.990150e+01 0.000000e+00
      vertex   -2.602963e+01 6.990150e+01 6.047090e+00
      vertex   -2.600000e+01 7.024450e+01 0.000000e+00
    endloop
  endfacet
  facet normal -9.962891e-01 8.606969e-02 0.000000e+00
    outer loop
      vertex   -2.600000e+01 7.024450e+01 0.000000e+00
      vertex   -2.602963e+01 6.990150e+01 6.047090e+00
      vertex   -2.600000e+01 7.024450e+01 6.051020e+00
    endloop
  endfacet
  facet normal 0.000000e+00 1.000000e+00 0.000000e+00
    outer loop
      vertex   -7.000000e+00 1.380000e+02 8.571429e+00
      vertex   -7.000000e+00 1.380000e+02 -1.110223e-15
      vertex   -1.500000e+01 1.380000e+02 7.510204e+00
    endloop
  endfacet
  facet normal 0.000000e+00 1.000000e+00 0.000000e+00
    outer loop
      vertex   -1.500000e+01 1.380000e+02 7.510204e+00
      vertex   -7.000000e+00 1.380000e+02 -1.110223e-15
      vertex   -1.500000e+01 1.380000e+02 0.000000e+00
    endloop
  endfacet
  facet normal 7.071068e-01 7.071068e-01 0.000000e+00
    outer loop
      vertex   -1.000000e+01 6.500000e+01 8.173470e+00
      vertex   -1.000000e+01 6.500000e+01 4.500000e+00
      vertex   -2.400000e+01 7.900000e+01 6.316327e+00
    endloop
  endfacet
  facet normal 7.071068e-01 7.071068e-01 0.000000e+00
    outer loop
      vertex   -2.400000e+01 7.900000e+01 6.316327e+00
      vertex   -1.000000e+01 6.500000e+01 4.500000e+00
      vertex   -2.400000e+01 7.900000e+01 4.500000e+00
    endloop
  endfacet
  facet normal -8.715574e-02 9.961947e-01 1.444984e-16
    outer loop
      vertex   -7.000000e+00 1.380000e+02 -1.110223e-15
      vertex   -7.000000e+00 1.380000e+02 8.571429e+00
      vertex   -6.652704e+00 1.380304e+02 4.418367e+00
    endloop
  endfacet
  facet normal -8.715574e-02 9.961947e-01 9.217365e-17
    outer loop
      vertex   -6.652704e+00 1.380304e+02 4.418367e+00
      vertex   -7.000000e+00 1.380000e+02 8.571429e+00
      vertex   -6.652704e+00 1.380304e+02 8.617499e+00
    endloop
  endfacet
  facet normal -2.588190e-01 9.659258e-01 2.737203e-16
    outer loop
      vertex   -6.652704e+00 1.380304e+02 4.418367e+00
      vertex   -6.652704e+00 1.380304e+02 8.617499e+00
      vertex   -6.315960e+00 1.381206e+02 4.418367e+00
    endloop
  endfacet
  facet normal -2.588190e-01 9.659258e-01 2.166713e-16
    outer loop
      vertex   -6.315960e+00 1.381206e+02 4.418367e+00
      vertex   -6.652704e+00 1.380304e+02 8.617499e+00
      vertex   -6.315960e+00 1.381206e+02 8.662169e+00
    endloop
  endfacet
  facet normal -4.226183e-01 9.063078e-01 3.537964e-16
    outer loop
      vertex   -6.315960e+00 1.381206e+02 4.418367e+00
      vertex   -6.315960e+00 1.381206e+02 8.662169e+00
      vertex   -6.000000e+00 1.382679e+02 4.418367e+00
    endloop
  endfacet
  facet normal -4.226183e-01 9.063078e-01 8.758410e-17
    outer loop
      vertex   -6.000000e+00 1.382679e+02 4.418367e+00
      vertex   -6.315960e+00 1.381206e+02 8.662169e+00
      vertex   -6.000000e+00 1.382679e+02 8.704082e+00
    endloop
  endfacet
  facet normal -5.735764e-01 8.191520e-01 1.188689e-16
    outer loop
      vertex   -6.000000e+00 1.382679e+02 4.418367e+00
      vertex   -6.000000e+00 1.382679e+02 8.704082e+00
      vertex   -5.714425e+00 1.384679e+02 4.418367e+00
    endloop
  endfacet
  facet normal -5.735764e-01 8.191520e-01 8.247919e-16
    outer loop
      vertex   -5.714425e+00 1.384679e+02 4.418367e+00
      vertex   -6.000000e+00 1.382679e+02 8.704082e+00
      vertex   -5.714425e+00 1.384679e+02 8.741964e+00
    endloop
  endfacet
  facet normal -7.071068e-01 7.071068e-01 1.016806e-15
    outer loop
      vertex   -5.714425e+00 1.384679e+02 4.418367e+00
      vertex   -5.714425e+00 1.384679e+02 8.741964e+00
      vertex   -5.467911e+00 1.387144e+02 4.418367e+00
    endloop
  endfacet
  facet normal -7.071068e-01 7.071068e-01 8.650056e-16
    outer loop
      vertex   -5.467911e+00 1.387144e+02 4.418367e+00
      vertex   -5.714425e+00 1.384679e+02 8.741964e+00
      vertex   -5.467911e+00 1.387144e+02 8.774665e+00
    endloop
  endfacet
  facet normal -8.191520e-01 5.735764e-01 1.002071e-15
    outer loop
      vertex   -5.467911e+00 1.387144e+02 4.418367e+00
      vertex   -5.467911e+00 1.387144e+02 8.774665e+00
      vertex   -5.267949e+00 1.390000e+02 4.418367e+00
    endloop
  endfacet
  facet normal -8.191520e-01 5.735764e-01 8.300052e-16
    outer loop
      vertex   -5.267949e+00 1.390000e+02 4.418367e+00
      vertex   -5.467911e+00 1.387144e+02 8.774665e+00
      vertex   -5.267949e+00 1.390000e+02 8.801191e+00
    endloop
  endfacet
  facet normal -9.063078e-01 4.226183e-01 9.183157e-16
    outer loop
      vertex   -5.267949e+00 1.390000e+02 4.418367e+00
      vertex   -5.267949e+00 1.390000e+02 8.801191e+00
      vertex   -5.120615e+00 1.393160e+02 4.418367e+00
    endloop
  endfacet
  facet normal -9.063078e-01 4.226183e-01 0.000000e+00
    outer loop
      vertex   -5.120615e+00 1.393160e+02 4.418367e+00
      vertex   -5.267949e+00 1.390000e+02 8.801191e+00
      vertex   -5.120615e+00 1.393160e+02 8.820735e+00
    endloop
  endfacet
  facet normal -9.659258e-01 2.588190e-01 0.000000e+00
    outer loop
      vertex   -5.120615e+00 1.393160e+02 4.418367e+00
      vertex   -5.120615e+00 1.393160e+02 8.820735e+00
      vertex   -5.030384e+00 1.396527e+02 4.418367e+00
    endloop
  endfacet
  facet normal -9.659258e-01 2.588190e-01 1.943473e-16
    outer loop
      vertex   -5.030384e+00 1.396527e+02 4.418367e+00
      vertex   -5.120615e+00 1.393160e+02 8.820735e+00
      vertex   -5.030384e+00 1.396527e+02 8.832704e+00
    endloop
  endfacet
  facet normal -9.961947e-01 8.715574e-02 2.004375e-16
    outer loop
      vertex   -5.030384e+00 1.396527e+02 4.418367e+00
      vertex   -5.030384e+00 1.396527e+02 8.832704e+00
      vertex   -5.000000e+00 1.400000e+02 8.836735e+00
    endloop
  endfacet
  facet normal -9.961947e-01 8.715574e-02 -7.008913e-16
    outer loop
      vertex   -5.000000e+00 1.400000e+02 8.836735e+00
      vertex   -5.000000e+00 1.400000e+02 -1.110223e-15
      vertex   -5.030384e+00 1.396527e+02 4.418367e+00
    endloop
  endfacet
  facet normal -9.961947e-01 8.715574e-02 -2.002547e-16
    outer loop
      vertex   -5.030384e+00 1.396527e+02 4.418367e+00
      vertex   -5.000000e+00 1.400000e+02 -1.110223e-15
      vertex   -5.030384e+00 1.396527e+02 -1.110223e-15
    endloop
  endfacet
  facet normal -9.659258e-01 2.588190e-01 -1.941700e-16
    outer loop
      vertex   -5.030384e+00 1.396527e+02 4.418367e+00
      vertex   -5.030384e+00 1.396527e+02 -1.110223e-15
      vertex   -5.120615e+00 1.393160e+02 4.418367e+00
    endloop
  endfacet
  facet normal -9.659258e-01 2.588190e-01 1.941700e-16
    outer loop
      vertex   -5.120615e+00 1.393160e+02 4.418367e+00
      vertex   -5.030384e+00 1.396527e+02 -1.110223e-15
      vertex   -5.120615e+00 1.393160e+02 -1.110223e-15
    endloop
  endfacet
  facet normal -9.063078e-01 4.226183e-01 1.821856e-16
    outer loop
      vertex   -5.120615e+00 1.393160e+02 4.418367e+00
      vertex   -5.120615e+00 1.393160e+02 -1.110223e-15
      vertex   -5.267949e+00 1.390000e+02 4.418367e+00
    endloop
  endfacet
  facet normal -9.063078e-01 4.226183e-01 -5.465569e-16
    outer loop
      vertex   -5.267949e+00 1.390000e+02 4.418367e+00
      vertex   -5.120615e+00 1.393160e+02 -1.110223e-15
      vertex   -5.267949e+00 1.390000e+02 -1.110223e-15
    endloop
  endfacet
  facet normal -8.191520e-01 5.735764e-01 -4.939968e-16
    outer loop
      vertex   -5.267949e+00 1.390000e+02 4.418367e+00
      vertex   -5.267949e+00 1.390000e+02 -1.110223e-15
      vertex   -5.467911e+00 1.387144e+02 4.418367e+00
    endloop
  endfacet
  facet normal -8.191520e-01 5.735764e-01 -1.646656e-16
    outer loop
      vertex   -5.467911e+00 1.387144e+02 4.418367e+00
      vertex   -5.267949e+00 1.390000e+02 -1.110223e-15
      vertex   -5.467911e+00 1.387144e+02 -1.110223e-15
    endloop
  endfacet
  facet normal -7.071068e-01 7.071068e-01 -1.421423e-16
    outer loop
      vertex   -5.467911e+00 1.387144e+02 4.418367e+00
      vertex   -5.467911e+00 1.387144e+02 -1.110223e-15
      vertex   -5.714425e+00 1.384679e+02 4.418367e+00
    endloop
  endfacet
  facet normal -7.071068e-01 7.071068e-01 -1.421423e-16
    outer loop
      vertex   -5.714425e+00 1.384679e+02 4.418367e+00
      vertex   -5.467911e+00 1.387144e+02 -1.110223e-15
      vertex   -5.714425e+00 1.384679e+02 -1.110223e-15
    endloop
  endfacet
  facet normal -5.735764e-01 8.191520e-01 -1.153001e-16
    outer loop
      vertex   -5.714425e+00 1.384679e+02 4.418367e+00
      vertex   -5.714425e+00 1.384679e+02 -1.110223e-15
      vertex   -6.000000e+00 1.382679e+02 4.418367e+00
    endloop
  endfacet
  facet normal -5.735764e-01 8.191520e-01 8.071007e-16
    outer loop
      vertex   -6.000000e+00 1.382679e+02 4.418367e+00
      vertex   -5.714425e+00 1.384679e+02 -1.110223e-15
      vertex   -6.000000e+00 1.382679e+02 -1.110223e-15
    endloop
  endfacet
  facet normal -4.226183e-01 9.063078e-01 5.946819e-16
    outer loop
      vertex   -6.000000e+00 1.382679e+02 4.418367e+00
      vertex   -6.000000e+00 1.382679e+02 -1.110223e-15
      vertex   -6.315960e+00 1.381206e+02 4.418367e+00
    endloop
  endfacet
  facet normal -4.226183e-01 9.063078e-01 5.946819e-16
    outer loop
      vertex   -6.315960e+00 1.381206e+02 4.418367e+00
      vertex   -6.000000e+00 1.382679e+02 -1.110223e-15
      vertex   -6.315960e+00 1.381206e+02 -1.110223e-15
    endloop
  endfacet
  facet normal -2.588190e-01 9.659258e-01 3.641939e-16
    outer loop
      vertex   -6.315960e+00 1.381206e+02 4.418367e+00
      vertex   -6.315960e+00 1.381206e+02 -1.110223e-15
      vertex   -6.652704e+00 1.380304e+02 4.418367e+00
    endloop
  endfacet
  facet normal -2.588190e-01 9.659258e-01 4.162216e-16
    outer loop
      vertex   -6.652704e+00 1.380304e+02 4.418367e+00
      vertex   -6.315960e+00 1.381206e+02 -1.110223e-15
      vertex   -6.652704e+00 1.380304e+02 -1.110223e-15
    endloop
  endfacet
  facet normal -8.715574e-02 9.961947e-01 1.401601e-16
    outer loop
      vertex   -6.652704e+00 1.380304e+02 4.418367e+00
      vertex   -6.652704e+00 1.380304e+02 -1.110223e-15
      vertex   -7.000000e+00 1.380000e+02 -1.110223e-15
    endloop
  endfacet
  facet normal 1.000000e+00 5.321843e-09 0.000000e+00
    outer loop
      vertex   -1.000000e+01 3.700000e+01 8.173470e+00
      vertex   -1.000000e+01 3.700000e+01 4.500000e+00
      vertex   -1.000000e+01 6.500000e+01 8.173470e+00
    endloop
  endfacet
  facet normal 1.000000e+00 5.321843e-09 0.000000e+00
    outer loop
      vertex   -1.000000e+01 6.500000e+01 8.173470e+00
      vertex   -1.000000e+01 3.700000e+01 4.500000e+00
      vertex   -1.000000e+01 6.500000e+01 4.500000e+00
    endloop
  endfacet
  facet normal -1.000000e+00 0.000000e+00 0.000000e+00
    outer loop
      vertex   -4.885000e+01 4.400000e+01 3.019898e+00
      vertex   -4.885000e+01 1.260000e+02 3.019898e+00
      vertex   -4.885000e+01 4.400000e+01 0.000000e+00
    endloop
  endfacet
  facet normal -1.000000e+00 0.000000e+00 0.000000e+00
    outer loop
      vertex   -4.885000e+01 4.400000e+01 0.000000e+00
      vertex   -4.885000e+01 1.260000e+02 3.019898e+00
      vertex   -4.885000e+01 1.260000e+02 0.000000e+00
    endloop
  endfacet
  facet normal -1.000000e+00 -9.342235e-16 -7.035686e-16
    outer loop
      vertex   -5.000000e+00 1.400000e+02 8.836735e+00
      vertex   -5.000000e+00 1.523593e+02 8.836735e+00
      vertex   -5.000000e+00 1.400000e+02 -1.110223e-15
    endloop
  endfacet
  facet normal -1.000000e+00 -1.437267e-15 0.000000e+00
    outer loop
      vertex   -5.000000e+00 1.400000e+02 -1.110223e-15
      vertex   -5.000000e+00 1.523593e+02 8.836735e+00
      vertex   -5.000000e+00 1.523593e+02 0.000000e+00
    endloop
  endfacet
  facet normal -7.105427e-16 1.000000e+00 0.000000e+00
    outer loop
      vertex   0.000000e+00 3.700000e+01 9.500000e+00
      vertex   0.000000e+00 3.700000e+01 4.500000e+00
      vertex   -1.000000e+01 3.700000e+01 8.173470e+00
    endloop
  endfacet
  facet normal -7.105427e-16 1.000000e+00 0.000000e+00
    outer loop
      vertex   -1.000000e+01 3.700000e+01 8.173470e+00
      vertex   0.000000e+00 3.700000e+01 4.500000e+00
      vertex   -1.000000e+01 3.700000e+01 4.500000e+00
    endloop
  endfacet
  facet normal -6.692588e-01 7.430293e-01 0.000000e+00
    outer loop
      vertex   0.000000e+00 1.700000e+02 9.500000e+00
      vertex   0.000000e+00 1.700000e+02 0.000000e+00
      vertex   -4.885000e+01 1.260000e+02 3.019898e+00
    endloop
  endfacet
  facet normal -6.692588e-01 7.430293e-01 0.000000e+00
    outer loop
      vertex   -4.885000e+01 1.260000e+02 3.019898e+00
      vertex   0.000000e+00 1.700000e+02 0.000000e+00
      vertex   -4.885000e+01 1.260000e+02 0.000000e+00
    endloop
  endfacet
  facet normal -9.965688e-01 -8.276844e-02 3.006803e-16
    outer loop
      vertex   -5.013701e+00 1.525242e+02 8.834917e+00
      vertex   -5.013701e+00 1.525242e+02 5.891157e+00
      vertex   -5.000000e+00 1.523593e+02 8.836735e+00
    endloop
  endfacet
  facet normal -9.965688e-01 -8.276844e-02 0.000000e+00
    outer loop
      vertex   -5.000000e+00 1.523593e+02 8.836735e+00
      vertex   -5.013701e+00 1.525242e+02 5.891157e+00
      vertex   -5.013701e+00 1.525242e+02 2.945578e+00
    endloop
  endfacet
  facet normal -9.965688e-01 -8.276844e-02 -0.000000e+00
    outer loop
      vertex   -5.000000e+00 1.523593e+02 8.836735e+00
      vertex   -5.013701e+00 1.525242e+02 2.945578e+00
      vertex   -5.000000e+00 1.523593e+02 0.000000e+00
    endloop
  endfacet
  facet normal -9.965688e-01 -8.276844e-02 -3.006226e-16
    outer loop
      vertex   -5.000000e+00 1.523593e+02 0.000000e+00
      vertex   -5.013701e+00 1.525242e+02 2.945578e+00
      vertex   -5.013701e+00 1.525242e+02 0.000000e+00
    endloop
  endfacet
  facet normal -9.692604e-01 -2.460373e-01 -2.922605e-16
    outer loop
      vertex   -5.013701e+00 1.525242e+02 0.000000e+00
      vertex   -5.013701e+00 1.525242e+02 2.945578e+00
      vertex   -5.054429e+00 1.526847e+02 0.000000e+00
    endloop
  endfacet
  facet normal -9.692604e-01 -2.460373e-01 5.845210e-16
    outer loop
      vertex   -5.054429e+00 1.526847e+02 0.000000e+00
      vertex   -5.013701e+00 1.525242e+02 2.945578e+00
      vertex   -5.054429e+00 1.526847e+02 2.945578e+00
    endloop
  endfacet
  facet normal -9.153918e-01 -4.025641e-01 5.520351e-16
    outer loop
      vertex   -5.054429e+00 1.526847e+02 0.000000e+00
      vertex   -5.054429e+00 1.526847e+02 2.945578e+00
      vertex   -5.121069e+00 1.528362e+02 0.000000e+00
    endloop
  endfacet
  facet normal -9.153918e-01 -4.025641e-01 -8.280526e-16
    outer loop
      vertex   -5.121069e+00 1.528362e+02 0.000000e+00
      vertex   -5.054429e+00 1.526847e+02 2.945578e+00
      vertex   -5.121069e+00 1.528362e+02 2.945578e+00
    endloop
  endfacet
  facet normal -8.364393e-01 -5.480596e-01 -7.566331e-16
    outer loop
      vertex   -5.121069e+00 1.528362e+02 0.000000e+00
      vertex   -5.121069e+00 1.528362e+02 2.945578e+00
      vertex   -5.211793e+00 1.529747e+02 0.000000e+00
    endloop
  endfacet
  facet normal -8.364393e-01 -5.480596e-01 7.566331e-16
    outer loop
      vertex   -5.211793e+00 1.529747e+02 0.000000e+00
      vertex   -5.121069e+00 1.528362e+02 2.945578e+00
      vertex   -5.211793e+00 1.529747e+02 2.945578e+00
    endloop
  endfacet
  facet normal -7.345663e-01 -6.785370e-01 6.644799e-16
    outer loop
      vertex   -5.211793e+00 1.529747e+02 0.000000e+00
      vertex   -5.211793e+00 1.529747e+02 2.945578e+00
      vertex   -5.324116e+00 1.530963e+02 0.000000e+00
    endloop
  endfacet
  facet normal -7.345663e-01 -6.785370e-01 -4.429866e-16
    outer loop
      vertex   -5.324116e+00 1.530963e+02 0.000000e+00
      vertex   -5.211793e+00 1.529747e+02 2.945578e+00
      vertex   -5.324116e+00 1.530963e+02 2.945578e+00
    endloop
  endfacet
  facet normal -6.125643e-01 -7.904208e-01 -3.694123e-16
    outer loop
      vertex   -5.324116e+00 1.530963e+02 0.000000e+00
      vertex   -5.324116e+00 1.530963e+02 2.945578e+00
      vertex   -5.454959e+00 1.531977e+02 0.000000e+00
    endloop
  endfacet
  facet normal -6.125643e-01 -7.904208e-01 -3.694123e-16
    outer loop
      vertex   -5.454959e+00 1.531977e+02 0.000000e+00
      vertex   -5.324116e+00 1.530963e+02 2.945578e+00
      vertex   -5.454959e+00 1.531977e+02 2.945578e+00
    endloop
  endfacet
  facet normal -4.737766e-01 -8.806451e-01 -2.857151e-16
    outer loop
      vertex   -5.454959e+00 1.531977e+02 0.000000e+00
      vertex   -5.454959e+00 1.531977e+02 2.945578e+00
      vertex   -5.600739e+00 1.532761e+02 0.000000e+00
    endloop
  endfacet
  facet normal -4.737766e-01 -8.806451e-01 2.857151e-16
    outer loop
      vertex   -5.600739e+00 1.532761e+02 0.000000e+00
      vertex   -5.454959e+00 1.531977e+02 2.945578e+00
      vertex   -5.600739e+00 1.532761e+02 2.945578e+00
    endloop
  endfacet
  facet normal -3.220062e-01 -9.467376e-01 1.941887e-16
    outer loop
      vertex   -5.600739e+00 1.532761e+02 0.000000e+00
      vertex   -5.600739e+00 1.532761e+02 2.945578e+00
      vertex   -5.757459e+00 1.533294e+02 0.000000e+00
    endloop
  endfacet
  facet normal -3.220062e-01 -9.467376e-01 0.000000e+00
    outer loop
      vertex   -5.757459e+00 1.533294e+02 0.000000e+00
      vertex   -5.600739e+00 1.532761e+02 2.945578e+00
      vertex   -5.757459e+00 1.533294e+02 2.945578e+00
    endloop
  endfacet
  facet normal -1.614121e-01 -9.868871e-01 0.000000e+00
    outer loop
      vertex   -5.757459e+00 1.533294e+02 0.000000e+00
      vertex   -5.757459e+00 1.533294e+02 2.945578e+00
      vertex   -5.920825e+00 1.533561e+02 0.000000e+00
    endloop
  endfacet
  facet normal -1.614121e-01 -9.868871e-01 0.000000e+00
    outer loop
      vertex   -5.920825e+00 1.533561e+02 0.000000e+00
      vertex   -5.757459e+00 1.533294e+02 2.945578e+00
      vertex   -5.920825e+00 1.533561e+02 2.945578e+00
    endloop
  endfacet
  facet normal 3.605116e-03 -9.999935e-01 0.000000e+00
    outer loop
      vertex   -5.920825e+00 1.533561e+02 0.000000e+00
      vertex   -5.920825e+00 1.533561e+02 2.945578e+00
      vertex   -6.086361e+00 1.533555e+02 0.000000e+00
    endloop
  endfacet
  facet normal 3.605116e-03 -9.999935e-01 0.000000e+00
    outer loop
      vertex   -6.086361e+00 1.533555e+02 0.000000e+00
      vertex   -5.920825e+00 1.533561e+02 2.945578e+00
      vertex   -6.086361e+00 1.533555e+02 2.945578e+00
    endloop
  endfacet
  facet normal 1.685235e-01 -9.856976e-01 0.000000e+00
    outer loop
      vertex   -6.086361e+00 1.533555e+02 0.000000e+00
      vertex   -6.086361e+00 1.533555e+02 2.945578e+00
      vertex   -6.249530e+00 1.533276e+02 0.000000e+00
    endloop
  endfacet
  facet normal 1.685235e-01 -9.856976e-01 0.000000e+00
    outer loop
      vertex   -6.249530e+00 1.533276e+02 0.000000e+00
      vertex   -6.086361e+00 1.533555e+02 2.945578e+00
      vertex   -6.249530e+00 1.533276e+02 2.945578e+00
    endloop
  endfacet
  facet normal 3.288240e-01 -9.443912e-01 0.000000e+00
    outer loop
      vertex   -6.249530e+00 1.533276e+02 0.000000e+00
      vertex   -6.249530e+00 1.533276e+02 2.945578e+00
      vertex   -6.405862e+00 1.532732e+02 0.000000e+00
    endloop
  endfacet
  facet normal 3.288240e-01 -9.443912e-01 -2.974503e-16
    outer loop
      vertex   -6.405862e+00 1.532732e+02 0.000000e+00
      vertex   -6.249530e+00 1.533276e+02 2.945578e+00
      vertex   -6.405862e+00 1.532732e+02 2.945578e+00
    endloop
  endfacet
  facet normal 4.801139e-01 -8.772062e-01 -4.343053e-16
    outer loop
      vertex   -6.405862e+00 1.532732e+02 0.000000e+00
      vertex   -6.405862e+00 1.532732e+02 2.945578e+00
      vertex   -6.551072e+00 1.531937e+02 0.000000e+00
    endloop
  endfacet
  facet normal 4.801139e-01 -8.772062e-01 -1.447684e-16
    outer loop
      vertex   -6.551072e+00 1.531937e+02 0.000000e+00
      vertex   -6.405862e+00 1.532732e+02 2.945578e+00
      vertex   -6.551072e+00 1.531937e+02 2.945578e+00
    endloop
  endfacet
  facet normal 6.182475e-01 -7.859835e-01 -1.864198e-16
    outer loop
      vertex   -6.551072e+00 1.531937e+02 0.000000e+00
      vertex   -6.551072e+00 1.531937e+02 2.945578e+00
      vertex   -6.681181e+00 1.530914e+02 0.000000e+00
    endloop
  endfacet
  facet normal 6.182475e-01 -7.859835e-01 -3.728396e-16
    outer loop
      vertex   -6.681181e+00 1.530914e+02 0.000000e+00
      vertex   -6.551072e+00 1.531937e+02 2.945578e+00
      vertex   -6.681181e+00 1.530914e+02 2.945578e+00
    endloop
  endfacet
  facet normal 7.394395e-01 -6.732230e-01 -4.459255e-16
    outer loop
      vertex   -6.681181e+00 1.530914e+02 0.000000e+00
      vertex   -6.681181e+00 1.530914e+02 2.945578e+00
      vertex   -6.792624e+00 1.529690e+02 0.000000e+00
    endloop
  endfacet
  facet normal 7.394395e-01 -6.732230e-01 0.000000e+00
    outer loop
      vertex   -6.792624e+00 1.529690e+02 0.000000e+00
      vertex   -6.681181e+00 1.530914e+02 2.945578e+00
      vertex   -6.792624e+00 1.529690e+02 8.598938e+00
    endloop
  endfacet
  facet normal 7.394395e-01 -6.732230e-01 0.000000e+00
    outer loop
      vertex   -6.792624e+00 1.529690e+02 8.598938e+00
      vertex   -6.681181e+00 1.530914e+02 2.945578e+00
      vertex   -6.681181e+00 1.530914e+02 5.891157e+00
    endloop
  endfacet
  facet normal 7.394395e-01 -6.732230e-01 4.811354e-16
    outer loop
      vertex   -6.792624e+00 1.529690e+02 8.598938e+00
      vertex   -6.681181e+00 1.530914e+02 5.891157e+00
      vertex   -6.681181e+00 1.530914e+02 8.613721e+00
    endloop
  endfacet
  facet normal 6.182475e-01 -7.859835e-01 4.033800e-16
    outer loop
      vertex   -6.681181e+00 1.530914e+02 8.613721e+00
      vertex   -6.681181e+00 1.530914e+02 5.891157e+00
      vertex   -6.551072e+00 1.531937e+02 5.891157e+00
    endloop
  endfacet
  facet normal 6.182475e-01 -7.859835e-01 1.988915e-16
    outer loop
      vertex   -6.681181e+00 1.530914e+02 8.613721e+00
      vertex   -6.551072e+00 1.531937e+02 5.891157e+00
      vertex   -6.551072e+00 1.531937e+02 8.630980e+00
    endloop
  endfacet
  facet normal 4.801139e-01 -8.772062e-01 1.556402e-16
    outer loop
      vertex   -6.551072e+00 1.531937e+02 8.630980e+00
      vertex   -6.551072e+00 1.531937e+02 5.891157e+00
      vertex   -6.405862e+00 1.532732e+02 5.891157e+00
    endloop
  endfacet
  facet normal 4.801139e-01 -8.772062e-01 4.633722e-16
    outer loop
      vertex   -6.551072e+00 1.531937e+02 8.630980e+00
      vertex   -6.405862e+00 1.532732e+02 5.891157e+00
      vertex   -6.405862e+00 1.532732e+02 8.650243e+00
    endloop
  endfacet
  facet normal 3.288240e-01 -9.443912e-01 3.175555e-16
    outer loop
      vertex   -6.405862e+00 1.532732e+02 8.650243e+00
      vertex   -6.405862e+00 1.532732e+02 5.891157e+00
      vertex   -6.249530e+00 1.533276e+02 5.891157e+00
    endloop
  endfacet
  facet normal 3.288240e-01 -9.443912e-01 0.000000e+00
    outer loop
      vertex   -6.405862e+00 1.532732e+02 8.650243e+00
      vertex   -6.249530e+00 1.533276e+02 5.891157e+00
      vertex   -6.249530e+00 1.533276e+02 8.670981e+00
    endloop
  endfacet
  facet normal 1.685235e-01 -9.856976e-01 0.000000e+00
    outer loop
      vertex   -6.249530e+00 1.533276e+02 8.670981e+00
      vertex   -6.249530e+00 1.533276e+02 5.891157e+00
      vertex   -6.086361e+00 1.533555e+02 5.891157e+00
    endloop
  endfacet
  facet normal 1.685235e-01 -9.856976e-01 0.000000e+00
    outer loop
      vertex   -6.249530e+00 1.533276e+02 8.670981e+00
      vertex   -6.086361e+00 1.533555e+02 5.891157e+00
      vertex   -6.086361e+00 1.533555e+02 8.692626e+00
    endloop
  endfacet
  facet normal 3.605116e-03 -9.999935e-01 0.000000e+00
    outer loop
      vertex   -6.086361e+00 1.533555e+02 8.692626e+00
      vertex   -6.086361e+00 1.533555e+02 5.891157e+00
      vertex   -5.920825e+00 1.533561e+02 5.891157e+00
    endloop
  endfacet
  facet normal 3.605116e-03 -9.999935e-01 0.000000e+00
    outer loop
      vertex   -6.086361e+00 1.533555e+02 8.692626e+00
      vertex   -5.920825e+00 1.533561e+02 5.891157e+00
      vertex   -5.920825e+00 1.533561e+02 8.714585e+00
    endloop
  endfacet
  facet normal -1.614121e-01 -9.868871e-01 -0.000000e+00
    outer loop
      vertex   -5.920825e+00 1.533561e+02 8.714585e+00
      vertex   -5.920825e+00 1.533561e+02 5.891157e+00
      vertex   -5.757459e+00 1.533294e+02 5.891157e+00
    endloop
  endfacet
  facet normal -1.614121e-01 -9.868871e-01 0.000000e+00
    outer loop
      vertex   -5.920825e+00 1.533561e+02 8.714585e+00
      vertex   -5.757459e+00 1.533294e+02 5.891157e+00
      vertex   -5.757459e+00 1.533294e+02 8.736256e+00
    endloop
  endfacet
  facet normal -3.220062e-01 -9.467376e-01 -0.000000e+00
    outer loop
      vertex   -5.757459e+00 1.533294e+02 8.736256e+00
      vertex   -5.757459e+00 1.533294e+02 5.891157e+00
      vertex   -5.600739e+00 1.532761e+02 5.891157e+00
    endloop
  endfacet
  facet normal -3.220062e-01 -9.467376e-01 -2.011124e-16
    outer loop
      vertex   -5.757459e+00 1.533294e+02 8.736256e+00
      vertex   -5.600739e+00 1.532761e+02 5.891157e+00
      vertex   -5.600739e+00 1.532761e+02 8.757045e+00
    endloop
  endfacet
  facet normal -4.737766e-01 -8.806451e-01 -2.936598e-16
    outer loop
      vertex   -5.600739e+00 1.532761e+02 8.757045e+00
      vertex   -5.600739e+00 1.532761e+02 5.891157e+00
      vertex   -5.454959e+00 1.531977e+02 5.891157e+00
    endloop
  endfacet
  facet normal -4.737766e-01 -8.806451e-01 2.941986e-16
    outer loop
      vertex   -5.600739e+00 1.532761e+02 8.757045e+00
      vertex   -5.454959e+00 1.531977e+02 5.891157e+00
      vertex   -5.454959e+00 1.531977e+02 8.776383e+00
    endloop
  endfacet
  facet normal -6.125643e-01 -7.904208e-01 3.771395e-16
    outer loop
      vertex   -5.454959e+00 1.531977e+02 8.776383e+00
      vertex   -5.454959e+00 1.531977e+02 5.891157e+00
      vertex   -5.324116e+00 1.530963e+02 5.891157e+00
    endloop
  endfacet
  facet normal -6.125643e-01 -7.904208e-01 3.754777e-16
    outer loop
      vertex   -5.454959e+00 1.531977e+02 8.776383e+00
      vertex   -5.324116e+00 1.530963e+02 5.891157e+00
      vertex   -5.324116e+00 1.530963e+02 8.793740e+00
    endloop
  endfacet
  facet normal -7.345663e-01 -6.785370e-01 4.495484e-16
    outer loop
      vertex   -5.324116e+00 1.530963e+02 8.793740e+00
      vertex   -5.324116e+00 1.530963e+02 5.891157e+00
      vertex   -5.211793e+00 1.529747e+02 5.891157e+00
    endloop
  endfacet
  facet normal -7.345663e-01 -6.785370e-01 -6.680978e-16
    outer loop
      vertex   -5.324116e+00 1.530963e+02 8.793740e+00
      vertex   -5.211793e+00 1.529747e+02 5.891157e+00
      vertex   -5.211793e+00 1.529747e+02 8.808640e+00
    endloop
  endfacet
  facet normal -8.364393e-01 -5.480596e-01 -7.639193e-16
    outer loop
      vertex   -5.211793e+00 1.529747e+02 8.808640e+00
      vertex   -5.211793e+00 1.529747e+02 5.891157e+00
      vertex   -5.121069e+00 1.528362e+02 5.891157e+00
    endloop
  endfacet
  facet normal -8.364393e-01 -5.480596e-01 7.619367e-16
    outer loop
      vertex   -5.211793e+00 1.529747e+02 8.808640e+00
      vertex   -5.121069e+00 1.528362e+02 5.891157e+00
      vertex   -5.121069e+00 1.528362e+02 8.820675e+00
    endloop
  endfacet
  facet normal -9.153918e-01 -4.025641e-01 8.325921e-16
    outer loop
      vertex   -5.121069e+00 1.528362e+02 8.820675e+00
      vertex   -5.121069e+00 1.528362e+02 5.891157e+00
      vertex   -5.054429e+00 1.526847e+02 5.891157e+00
    endloop
  endfacet
  facet normal -9.153918e-01 -4.025641e-01 -5.527929e-16
    outer loop
      vertex   -5.121069e+00 1.528362e+02 8.820675e+00
      vertex   -5.054429e+00 1.526847e+02 5.891157e+00
      vertex   -5.054429e+00 1.526847e+02 8.829515e+00
    endloop
  endfacet
  facet normal -9.692604e-01 -2.460373e-01 -5.859573e-16
    outer loop
      vertex   -5.054429e+00 1.526847e+02 8.829515e+00
      vertex   -5.054429e+00 1.526847e+02 5.891157e+00
      vertex   -5.013701e+00 1.525242e+02 5.891157e+00
    endloop
  endfacet
  facet normal -9.692604e-01 -2.460373e-01 2.919086e-16
    outer loop
      vertex   -5.054429e+00 1.526847e+02 8.829515e+00
      vertex   -5.013701e+00 1.525242e+02 5.891157e+00
      vertex   -5.013701e+00 1.525242e+02 8.834917e+00
    endloop
  endfacet
  facet normal -9.692604e-01 -2.460373e-01 0.000000e+00
    outer loop
      vertex   -5.054429e+00 1.526847e+02 2.945578e+00
      vertex   -5.013701e+00 1.525242e+02 2.945578e+00
      vertex   -5.013701e+00 1.525242e+02 5.891157e+00
    endloop
  endfacet
  facet normal -9.153918e-01 -4.025641e-01 0.000000e+00
    outer loop
      vertex   -5.121069e+00 1.528362e+02 2.945578e+00
      vertex   -5.054429e+00 1.526847e+02 2.945578e+00
      vertex   -5.054429e+00 1.526847e+02 5.891157e+00
    endloop
  endfacet
  facet normal -9.692604e-01 -2.460373e-01 -0.000000e+00
    outer loop
      vertex   -5.054429e+00 1.526847e+02 5.891157e+00
      vertex   -5.054429e+00 1.526847e+02 2.945578e+00
      vertex   -5.013701e+00 1.525242e+02 5.891157e+00
    endloop
  endfacet
  facet normal -8.364393e-01 -5.480596e-01 0.000000e+00
    outer loop
      vertex   -5.211793e+00 1.529747e+02 2.945578e+00
      vertex   -5.121069e+00 1.528362e+02 2.945578e+00
      vertex   -5.121069e+00 1.528362e+02 5.891157e+00
    endloop
  endfacet
  facet normal -9.153918e-01 -4.025641e-01 -0.000000e+00
    outer loop
      vertex   -5.121069e+00 1.528362e+02 5.891157e+00
      vertex   -5.121069e+00 1.528362e+02 2.945578e+00
      vertex   -5.054429e+00 1.526847e+02 5.891157e+00
    endloop
  endfacet
  facet normal -7.345663e-01 -6.785370e-01 0.000000e+00
    outer loop
      vertex   -5.324116e+00 1.530963e+02 2.945578e+00
      vertex   -5.211793e+00 1.529747e+02 2.945578e+00
      vertex   -5.211793e+00 1.529747e+02 5.891157e+00
    endloop
  endfacet
  facet normal -8.364393e-01 -5.480596e-01 -0.000000e+00
    outer loop
      vertex   -5.211793e+00 1.529747e+02 5.891157e+00
      vertex   -5.211793e+00 1.529747e+02 2.945578e+00
      vertex   -5.121069e+00 1.528362e+02 5.891157e+00
    endloop
  endfacet
  facet normal -6.125643e-01 -7.904208e-01 0.000000e+00
    outer loop
      vertex   -5.454959e+00 1.531977e+02 2.945578e+00
      vertex   -5.324116e+00 1.530963e+02 2.945578e+00
      vertex   -5.324116e+00 1.530963e+02 5.891157e+00
    endloop
  endfacet
  facet normal -7.345663e-01 -6.785370e-01 -0.000000e+00
    outer loop
      vertex   -5.324116e+00 1.530963e+02 5.891157e+00
      vertex   -5.324116e+00 1.530963e+02 2.945578e+00
      vertex   -5.211793e+00 1.529747e+02 5.891157e+00
    endloop
  endfacet
  facet normal -4.737766e-01 -8.806451e-01 0.000000e+00
    outer loop
      vertex   -5.600739e+00 1.532761e+02 2.945578e+00
      vertex   -5.454959e+00 1.531977e+02 2.945578e+00
      vertex   -5.454959e+00 1.531977e+02 5.891157e+00
    endloop
  endfacet
  facet normal -6.125643e-01 -7.904208e-01 -0.000000e+00
    outer loop
      vertex   -5.454959e+00 1.531977e+02 5.891157e+00
      vertex   -5.454959e+00 1.531977e+02 2.945578e+00
      vertex   -5.324116e+00 1.530963e+02 5.891157e+00
    endloop
  endfacet
  facet normal -3.220062e-01 -9.467376e-01 0.000000e+00
    outer loop
      vertex   -5.757459e+00 1.533294e+02 2.945578e+00
      vertex   -5.600739e+00 1.532761e+02 2.945578e+00
      vertex   -5.600739e+00 1.532761e+02 5.891157e+00
    endloop
  endfacet
  facet normal -4.737766e-01 -8.806451e-01 -0.000000e+00
    outer loop
      vertex   -5.600739e+00 1.532761e+02 5.891157e+00
      vertex   -5.600739e+00 1.532761e+02 2.945578e+00
      vertex   -5.454959e+00 1.531977e+02 5.891157e+00
    endloop
  endfacet
  facet normal -1.614121e-01 -9.868871e-01 0.000000e+00
    outer loop
      vertex   -5.920825e+00 1.533561e+02 2.945578e+00
      vertex   -5.757459e+00 1.533294e+02 2.945578e+00
      vertex   -5.757459e+00 1.533294e+02 5.891157e+00
    endloop
  endfacet
  facet normal -3.220062e-01 -9.467376e-01 -0.000000e+00
    outer loop
      vertex   -5.757459e+00 1.533294e+02 5.891157e+00
      vertex   -5.757459e+00 1.533294e+02 2.945578e+00
      vertex   -5.600739e+00 1.532761e+02 5.891157e+00
    endloop
  endfacet
  facet normal 3.605116e-03 -9.999935e-01 0.000000e+00
    outer loop
      vertex   -6.086361e+00 1.533555e+02 2.945578e+00
      vertex   -5.920825e+00 1.533561e+02 2.945578e+00
      vertex   -5.920825e+00 1.533561e+02 5.891157e+00
    endloop
  endfacet
  facet normal -1.614121e-01 -9.868871e-01 -0.000000e+00
    outer loop
      vertex   -5.920825e+00 1.533561e+02 5.891157e+00
      vertex   -5.920825e+00 1.533561e+02 2.945578e+00
      vertex   -5.757459e+00 1.533294e+02 5.891157e+00
    endloop
  endfacet
  facet normal 1.685235e-01 -9.856976e-01 0.000000e+00
    outer loop
      vertex   -6.249530e+00 1.533276e+02 2.945578e+00
      vertex   -6.086361e+00 1.533555e+02 2.945578e+00
      vertex   -6.086361e+00 1.533555e+02 5.891157e+00
    endloop
  endfacet
  facet normal 3.605116e-03 -9.999935e-01 0.000000e+00
    outer loop
      vertex   -6.086361e+00 1.533555e+02 5.891157e+00
      vertex   -6.086361e+00 1.533555e+02 2.945578e+00
      vertex   -5.920825e+00 1.533561e+02 5.891157e+00
    endloop
  endfacet
  facet normal 3.288240e-01 -9.443912e-01 0.000000e+00
    outer loop
      vertex   -6.405862e+00 1.532732e+02 2.945578e+00
      vertex   -6.249530e+00 1.533276e+02 2.945578e+00
      vertex   -6.249530e+00 1.533276e+02 5.891157e+00
    endloop
  endfacet
  facet normal 1.685235e-01 -9.856976e-01 0.000000e+00
    outer loop
      vertex   -6.249530e+00 1.533276e+02 5.891157e+00
      vertex   -6.249530e+00 1.533276e+02 2.945578e+00
      vertex   -6.086361e+00 1.533555e+02 5.891157e+00
    endloop
  endfacet
  facet normal 4.801139e-01 -8.772062e-01 0.000000e+00
    outer loop
      vertex   -6.551072e+00 1.531937e+02 2.945578e+00
      vertex   -6.405862e+00 1.532732e+02 2.945578e+00
      vertex   -6.405862e+00 1.532732e+02 5.891157e+00
    endloop
  endfacet
  facet normal 3.288240e-01 -9.443912e-01 0.000000e+00
    outer loop
      vertex   -6.405862e+00 1.532732e+02 5.891157e+00
      vertex   -6.405862e+00 1.532732e+02 2.945578e+00
      vertex   -6.249530e+00 1.533276e+02 5.891157e+00
    endloop
  endfacet
  facet normal 6.182475e-01 -7.859835e-01 0.000000e+00
    outer loop
      vertex   -6.681181e+00 1.530914e+02 2.945578e+00
      vertex   -6.551072e+00 1.531937e+02 2.945578e+00
      vertex   -6.551072e+00 1.531937e+02 5.891157e+00
    endloop
  endfacet
  facet normal 4.801139e-01 -8.772062e-01 0.000000e+00
    outer loop
      vertex   -6.551072e+00 1.531937e+02 5.891157e+00
      vertex   -6.551072e+00 1.531937e+02 2.945578e+00
      vertex   -6.405862e+00 1.532732e+02 5.891157e+00
    endloop
  endfacet
  facet normal 6.182475e-01 -7.859835e-01 0.000000e+00
    outer loop
      vertex   -6.681181e+00 1.530914e+02 5.891157e+00
      vertex   -6.681181e+00 1.530914e+02 2.945578e+00
      vertex   -6.551072e+00 1.531937e+02 5.891157e+00
    endloop
  endfacet
  facet normal 4.364824e-01 -8.997128e-01 0.000000e+00
    outer loop
      vertex   -6.792624e+00 1.529690e+02 8.598938e+00
      vertex   -1.685639e+01 1.480867e+02 7.263948e+00
      vertex   -6.792624e+00 1.529690e+02 0.000000e+00
    endloop
  endfacet
  facet normal 4.364824e-01 -8.997128e-01 2.186255e-15
    outer loop
      vertex   -6.792624e+00 1.529690e+02 0.000000e+00
      vertex   -1.685639e+01 1.480867e+02 7.263948e+00
      vertex   -1.685639e+01 1.480867e+02 0.000000e+00
    endloop
  endfacet
  facet normal -7.926240e-01 6.097108e-01 0.000000e+00
    outer loop
      vertex   0.000000e+00 1.700000e+02 9.500000e+00
      vertex   0.000000e+00 1.700000e+02 0.000000e+00
      vertex   -1.685639e+01 1.480867e+02 7.263948e+00
    endloop
  endfacet
  facet normal -7.926240e-01 6.097108e-01 -5.964051e-17
    outer loop
      vertex   -1.685639e+01 1.480867e+02 7.263948e+00
      vertex   0.000000e+00 1.700000e+02 0.000000e+00
      vertex   -1.685639e+01 1.480867e+02 0.000000e+00
    endloop
  endfacet
  facet normal 3.302394e-01 -9.438972e-01 6.060895e-16
    outer loop
      vertex   -2.783735e+01 6.182104e+01 5.807290e+00
      vertex   -2.824462e+01 6.167855e+01 5.753265e+00
      vertex   -2.783735e+01 6.182104e+01 -1.110223e-15
    endloop
  endfacet
  facet normal 3.302394e-01 -9.438972e-01 2.040526e-16
    outer loop
      vertex   -2.783735e+01 6.182104e+01 -1.110223e-15
      vertex   -2.824462e+01 6.167855e+01 5.753265e+00
      vertex   -2.824462e+01 6.167855e+01 -1.110223e-15
    endloop
  endfacet
  facet normal 4.622286e-01 -8.867608e-01 2.854320e-16
    outer loop
      vertex   -2.824462e+01 6.167855e+01 -1.110223e-15
      vertex   -2.824462e+01 6.167855e+01 5.753265e+00
      vertex   -2.862724e+01 6.147911e+01 5.702510e+00
    endloop
  endfacet
  facet normal 4.622286e-01 -8.867608e-01 -5.245424e-16
    outer loop
      vertex   -2.824462e+01 6.167855e+01 -1.110223e-15
      vertex   -2.862724e+01 6.147911e+01 5.702510e+00
      vertex   -2.862724e+01 6.147911e+01 -1.110223e-15
    endloop
  endfacet
  facet normal 5.846563e-01 -8.112811e-01 -2.823786e-16
    outer loop
      vertex   -2.862724e+01 6.147911e+01 -1.110223e-15
      vertex   -2.862724e+01 6.147911e+01 5.702510e+00
      vertex   -2.897728e+01 6.122685e+01 5.656075e+00
    endloop
  endfacet
  facet normal 5.846563e-01 -8.112811e-01 -2.843273e-16
    outer loop
      vertex   -2.862724e+01 6.147911e+01 -1.110223e-15
      vertex   -2.897728e+01 6.122685e+01 5.656075e+00
      vertex   -2.897728e+01 6.122685e+01 -1.110223e-15
    endloop
  endfacet
  facet normal 6.949899e-01 -7.190195e-01 -3.018710e-17
    outer loop
      vertex   -2.897728e+01 6.122685e+01 -1.110223e-15
      vertex   -2.897728e+01 6.122685e+01 5.656075e+00
      vertex   -2.928752e+01 6.092697e+01 5.614920e+00
    endloop
  endfacet
  facet normal 6.949899e-01 -7.190195e-01 -1.380502e-15
    outer loop
      vertex   -2.897728e+01 6.122685e+01 -1.110223e-15
      vertex   -2.928752e+01 6.092697e+01 5.614920e+00
      vertex   -2.928752e+01 6.092697e+01 -1.110223e-15
    endloop
  endfacet
  facet normal 7.909472e-01 -6.118844e-01 -1.048170e-15
    outer loop
      vertex   -2.928752e+01 6.092697e+01 -1.110223e-15
      vertex   -2.928752e+01 6.092697e+01 5.614920e+00
      vertex   -2.955154e+01 6.058570e+01 5.579898e+00
    endloop
  endfacet
  facet normal 7.909472e-01 -6.118844e-01 -1.556328e-15
    outer loop
      vertex   -2.928752e+01 6.092697e+01 -1.110223e-15
      vertex   -2.955154e+01 6.058570e+01 5.579898e+00
      vertex   -2.955154e+01 6.058570e+01 -1.110223e-15
    endloop
  endfacet
  facet normal 8.705431e-01 -4.920921e-01 -1.253257e-15
    outer loop
      vertex   -2.955154e+01 6.058570e+01 -1.110223e-15
      vertex   -2.955154e+01 6.058570e+01 5.579898e+00
      vertex   -2.976386e+01 6.021008e+01 5.551733e+00
    endloop
  endfacet
  facet normal 8.705431e-01 -4.920921e-01 -6.314829e-16
    outer loop
      vertex   -2.955154e+01 6.058570e+01 -1.110223e-15
      vertex   -2.976386e+01 6.021008e+01 5.551733e+00
      vertex   -2.976386e+01 6.021008e+01 -1.110223e-15
    endloop
  endfacet
  facet normal 9.321313e-01 -3.621205e-01 -4.634627e-16
    outer loop
      vertex   -2.976386e+01 6.021008e+01 -1.110223e-15
      vertex   -2.976386e+01 6.021008e+01 5.551733e+00
      vertex   -2.992011e+01 5.980789e+01 5.531006e+00
    endloop
  endfacet
  facet normal 9.321313e-01 -3.621205e-01 -4.652105e-16
    outer loop
      vertex   -2.976386e+01 6.021008e+01 -1.110223e-15
      vertex   -2.992011e+01 5.980789e+01 5.531006e+00
      vertex   -2.992011e+01 5.980789e+01 -1.110223e-15
    endloop
  endfacet
  facet normal 2.615062e-01 -9.652018e-01 4.001003e-16
    outer loop
      vertex   -1.910112e+01 6.418798e+01 6.966178e+00
      vertex   -2.783735e+01 6.182104e+01 5.807290e+00
      vertex   -1.910112e+01 6.418798e+01 0.000000e+00
    endloop
  endfacet
  facet normal 2.615062e-01 -9.652018e-01 4.731283e-16
    outer loop
      vertex   -1.910112e+01 6.418798e+01 0.000000e+00
      vertex   -2.783735e+01 6.182104e+01 5.807290e+00
      vertex   -2.783735e+01 6.182104e+01 -1.110223e-15
    endloop
  endfacet
  facet normal 9.381783e-01 3.461523e-01 -1.146533e-15
    outer loop
      vertex   -2.990245e+01 1.102422e+02 -1.110223e-15
      vertex   -2.990245e+01 1.102422e+02 5.533349e+00
      vertex   -2.974986e+01 1.098287e+02 -1.110223e-15
    endloop
  endfacet
  facet normal 9.381783e-01 3.461523e-01 6.291562e-16
    outer loop
      vertex   -2.974986e+01 1.098287e+02 -1.110223e-15
      vertex   -2.990245e+01 1.102422e+02 5.533349e+00
      vertex   -2.974986e+01 1.098287e+02 5.553590e+00
    endloop
  endfacet
  facet normal 8.773245e-01 4.798976e-01 -2.110310e-16
    outer loop
      vertex   -2.974986e+01 1.098287e+02 -1.110223e-15
      vertex   -2.974986e+01 1.098287e+02 5.553590e+00
      vertex   -2.953831e+01 1.094419e+02 -1.110223e-15
    endloop
  endfacet
  facet normal 8.773245e-01 4.798976e-01 -1.326802e-15
    outer loop
      vertex   -2.953831e+01 1.094419e+02 -1.110223e-15
      vertex   -2.974986e+01 1.098287e+02 5.553590e+00
      vertex   -2.953831e+01 1.094419e+02 5.581652e+00
    endloop
  endfacet
  facet normal 7.975284e-01 6.032815e-01 -2.056651e-15
    outer loop
      vertex   -2.953831e+01 1.094419e+02 -1.110223e-15
      vertex   -2.953831e+01 1.094419e+02 5.581652e+00
      vertex   -2.927238e+01 1.090904e+02 -1.110223e-15
    endloop
  endfacet
  facet normal 7.975284e-01 6.032815e-01 -2.043734e-15
    outer loop
      vertex   -2.927238e+01 1.090904e+02 -1.110223e-15
      vertex   -2.953831e+01 1.094419e+02 5.581652e+00
      vertex   -2.927238e+01 1.090904e+02 5.616930e+00
    endloop
  endfacet
  facet normal 7.005128e-01 7.136399e-01 -2.724873e-15
    outer loop
      vertex   -2.927238e+01 1.090904e+02 -1.110223e-15
      vertex   -2.927238e+01 1.090904e+02 5.616930e+00
      vertex   -2.895779e+01 1.087816e+02 -1.110223e-15
    endloop
  endfacet
  facet normal 7.005128e-01 7.136399e-01 -4.398075e-16
    outer loop
      vertex   -2.895779e+01 1.087816e+02 -1.110223e-15
      vertex   -2.927238e+01 1.090904e+02 5.616930e+00
      vertex   -2.895779e+01 1.087816e+02 5.658660e+00
    endloop
  endfacet
  facet normal 5.883724e-01 8.085901e-01 -3.694017e-16
    outer loop
      vertex   -2.895779e+01 1.087816e+02 -1.110223e-15
      vertex   -2.895779e+01 1.087816e+02 5.658660e+00
      vertex   -2.860135e+01 1.085222e+02 -1.110223e-15
    endloop
  endfacet
  facet normal 5.883724e-01 8.085901e-01 1.821192e-16
    outer loop
      vertex   -2.860135e+01 1.085222e+02 -1.110223e-15
      vertex   -2.895779e+01 1.087816e+02 5.658660e+00
      vertex   -2.860135e+01 1.085222e+02 5.705943e+00
    endloop
  endfacet
  facet normal 4.635285e-01 8.860820e-01 7.637758e-16
    outer loop
      vertex   -2.860135e+01 1.085222e+02 -1.110223e-15
      vertex   -2.860135e+01 1.085222e+02 5.705943e+00
      vertex   -2.821075e+01 1.083179e+02 -1.110223e-15
    endloop
  endfacet
  facet normal 4.635285e-01 8.860820e-01 1.799817e-15
    outer loop
      vertex   -2.821075e+01 1.083179e+02 -1.110223e-15
      vertex   -2.860135e+01 1.085222e+02 5.705943e+00
      vertex   -2.821075e+01 1.083179e+02 5.757757e+00
    endloop
  endfacet
  facet normal 3.286766e-01 9.444425e-01 2.836769e-15
    outer loop
      vertex   -2.821075e+01 1.083179e+02 -1.110223e-15
      vertex   -2.821075e+01 1.083179e+02 5.757757e+00
      vertex   -2.779443e+01 1.081730e+02 -1.110223e-15
    endloop
  endfacet
  facet normal 3.286766e-01 9.444425e-01 -5.034211e-16
    outer loop
      vertex   -2.779443e+01 1.081730e+02 -1.110223e-15
      vertex   -2.821075e+01 1.083179e+02 5.757757e+00
      vertex   -2.779443e+01 1.081730e+02 5.812984e+00
    endloop
  endfacet
  facet normal 9.610745e-01 2.762894e-01 -3.700376e-16
    outer loop
      vertex   -2.990245e+01 1.102422e+02 5.533349e+00
      vertex   -2.990245e+01 1.102422e+02 -1.110223e-15
      vertex   -3.534303e+01 1.291673e+02 4.811639e+00
    endloop
  endfacet
  facet normal 9.610745e-01 2.762894e-01 2.127702e-16
    outer loop
      vertex   -3.534303e+01 1.291673e+02 4.811639e+00
      vertex   -2.990245e+01 1.102422e+02 -1.110223e-15
      vertex   -3.534303e+01 1.291673e+02 -1.110223e-15
    endloop
  endfacet
  facet normal 7.194816e-01 -6.945115e-01 4.005707e-15
    outer loop
      vertex   -3.446758e+01 1.322253e+02 4.927770e+00
      vertex   -3.475839e+01 1.319240e+02 4.889193e+00
      vertex   -3.446758e+01 1.322253e+02 -1.110223e-15
    endloop
  endfacet
  facet normal 7.194816e-01 -6.945115e-01 -1.043931e-15
    outer loop
      vertex   -3.446758e+01 1.322253e+02 -1.110223e-15
      vertex   -3.475839e+01 1.319240e+02 4.889193e+00
      vertex   -3.475839e+01 1.319240e+02 -1.110223e-15
    endloop
  endfacet
  facet normal 8.091741e-01 -5.875689e-01 -1.175967e-15
    outer loop
      vertex   -3.475839e+01 1.319240e+02 -1.110223e-15
      vertex   -3.475839e+01 1.319240e+02 4.889193e+00
      vertex   -3.500442e+01 1.315852e+02 4.856556e+00
    endloop
  endfacet
  facet normal 8.091741e-01 -5.875689e-01 0.000000e+00
    outer loop
      vertex   -3.475839e+01 1.319240e+02 -1.110223e-15
      vertex   -3.500442e+01 1.315852e+02 4.856556e+00
      vertex   -3.500442e+01 1.315852e+02 -1.110223e-15
    endloop
  endfacet
  facet normal 8.831028e-01 -4.691796e-01 0.000000e+00
    outer loop
      vertex   -3.500442e+01 1.315852e+02 -1.110223e-15
      vertex   -3.500442e+01 1.315852e+02 4.856556e+00
      vertex   -3.520088e+01 1.312154e+02 4.830495e+00
    endloop
  endfacet
  facet normal 8.831028e-01 -4.691796e-01 1.303617e-15
    outer loop
      vertex   -3.500442e+01 1.315852e+02 -1.110223e-15
      vertex   -3.520088e+01 1.312154e+02 4.830495e+00
      vertex   -3.520088e+01 1.312154e+02 -1.110223e-15
    endloop
  endfacet
  facet normal 9.398273e-01 -3.416500e-01 1.382441e-15
    outer loop
      vertex   -3.520088e+01 1.312154e+02 -1.110223e-15
      vertex   -3.520088e+01 1.312154e+02 4.830495e+00
      vertex   -3.534394e+01 1.308219e+02 4.811518e+00
    endloop
  endfacet
  facet normal 9.398273e-01 -3.416500e-01 -2.018244e-15
    outer loop
      vertex   -3.520088e+01 1.312154e+02 -1.110223e-15
      vertex   -3.534394e+01 1.308219e+02 4.811518e+00
      vertex   -3.534394e+01 1.308219e+02 -1.110223e-15
    endloop
  endfacet
  facet normal 9.782425e-01 -2.074645e-01 -1.225496e-15
    outer loop
      vertex   -3.534394e+01 1.308219e+02 -1.110223e-15
      vertex   -3.534394e+01 1.308219e+02 4.811518e+00
      vertex   -3.543081e+01 1.304122e+02 4.799994e+00
    endloop
  endfacet
  facet normal 9.782425e-01 -2.074645e-01 0.000000e+00
    outer loop
      vertex   -3.534394e+01 1.308219e+02 -1.110223e-15
      vertex   -3.543081e+01 1.304122e+02 4.799994e+00
      vertex   -3.543081e+01 1.304122e+02 -1.110223e-15
    endloop
  endfacet
  facet normal 9.976002e-01 -6.923738e-02 0.000000e+00
    outer loop
      vertex   -3.543081e+01 1.304122e+02 -1.110223e-15
      vertex   -3.543081e+01 1.304122e+02 4.799994e+00
      vertex   -3.545980e+01 1.299945e+02 4.796148e+00
    endloop
  endfacet
  facet normal 9.976002e-01 -6.923738e-02 0.000000e+00
    outer loop
      vertex   -3.543081e+01 1.304122e+02 -1.110223e-15
      vertex   -3.545980e+01 1.299945e+02 4.796148e+00
      vertex   -3.545980e+01 1.299945e+02 -1.110223e-15
    endloop
  endfacet
  facet normal 9.975232e-01 7.033863e-02 -0.000000e+00
    outer loop
      vertex   -3.545980e+01 1.299945e+02 -1.110223e-15
      vertex   -3.545980e+01 1.299945e+02 4.796148e+00
      vertex   -3.543035e+01 1.295768e+02 -1.110223e-15
    endloop
  endfacet
  facet normal 9.975232e-01 7.033863e-02 -1.060130e-15
    outer loop
      vertex   -3.543035e+01 1.295768e+02 -1.110223e-15
      vertex   -3.545980e+01 1.299945e+02 4.796148e+00
      vertex   -3.543035e+01 1.295768e+02 4.800055e+00
    endloop
  endfacet
  facet normal 9.780129e-01 2.085443e-01 -2.129170e-16
    outer loop
      vertex   -3.543035e+01 1.295768e+02 -1.110223e-15
      vertex   -3.543035e+01 1.295768e+02 4.800055e+00
      vertex   -3.534303e+01 1.291673e+02 -1.110223e-15
    endloop
  endfacet
  facet normal 9.780129e-01 2.085443e-01 -2.124044e-16
    outer loop
      vertex   -3.534303e+01 1.291673e+02 -1.110223e-15
      vertex   -3.543035e+01 1.295768e+02 4.800055e+00
      vertex   -3.534303e+01 1.291673e+02 4.811639e+00
    endloop
  endfacet
  facet normal 6.692588e-01 -7.430293e-01 -3.868647e-17
    outer loop
      vertex   -1.685945e+01 1.480852e+02 7.263543e+00
      vertex   -3.446758e+01 1.322253e+02 4.927770e+00
      vertex   -1.685945e+01 1.480852e+02 0.000000e+00
    endloop
  endfacet
  facet normal 6.692588e-01 -7.430293e-01 4.380915e-15
    outer loop
      vertex   -1.685945e+01 1.480852e+02 0.000000e+00
      vertex   -3.446758e+01 1.322253e+02 4.927770e+00
      vertex   -3.446758e+01 1.322253e+02 -1.110223e-15
    endloop
  endfacet
  facet normal 9.742207e-01 -2.255970e-01 -3.360149e-16
    outer loop
      vertex   -3.565306e+01 4.118031e+01 4.770513e+00
      vertex   -3.574910e+01 4.076557e+01 4.757773e+00
      vertex   -3.565306e+01 4.118031e+01 -1.110223e-15
    endloop
  endfacet
  facet normal 9.742207e-01 -2.255970e-01 1.452579e-15
    outer loop
      vertex   -3.565306e+01 4.118031e+01 -1.110223e-15
      vertex   -3.574910e+01 4.076557e+01 4.757773e+00
      vertex   -3.574910e+01 4.076557e+01 -1.110223e-15
    endloop
  endfacet
  facet normal 9.963442e-01 -8.542927e-02 1.487976e-15
    outer loop
      vertex   -3.574910e+01 4.076557e+01 -1.110223e-15
      vertex   -3.574910e+01 4.076557e+01 4.757773e+00
      vertex   -3.578547e+01 4.034142e+01 4.752948e+00
    endloop
  endfacet
  facet normal 9.963442e-01 -8.542927e-02 0.000000e+00
    outer loop
      vertex   -3.574910e+01 4.076557e+01 -1.110223e-15
      vertex   -3.578547e+01 4.034142e+01 4.752948e+00
      vertex   -3.578547e+01 4.034142e+01 -1.110223e-15
    endloop
  endfacet
  facet normal 9.984049e-01 5.645875e-02 -0.000000e+00
    outer loop
      vertex   -3.578547e+01 4.034142e+01 -1.110223e-15
      vertex   -3.578547e+01 4.034142e+01 4.752948e+00
      vertex   -3.576143e+01 3.991639e+01 -1.110223e-15
    endloop
  endfacet
  facet normal 9.984049e-01 5.645875e-02 -0.000000e+00
    outer loop
      vertex   -3.576143e+01 3.991639e+01 -1.110223e-15
      vertex   -3.578547e+01 4.034142e+01 4.752948e+00
      vertex   -3.576143e+01 3.991639e+01 4.756137e+00
    endloop
  endfacet
  facet normal 9.803613e-01 1.972099e-01 -0.000000e+00
    outer loop
      vertex   -3.576143e+01 3.991639e+01 -1.110223e-15
      vertex   -3.576143e+01 3.991639e+01 4.756137e+00
      vertex   -3.567748e+01 3.949904e+01 -1.110223e-15
    endloop
  endfacet
  facet normal 9.803613e-01 1.972099e-01 2.939333e-16
    outer loop
      vertex   -3.567748e+01 3.949904e+01 -1.110223e-15
      vertex   -3.576143e+01 3.991639e+01 4.756137e+00
      vertex   -3.567748e+01 3.949904e+01 4.767273e+00
    endloop
  endfacet
  facet normal 9.425766e-01 3.339899e-01 4.977984e-16
    outer loop
      vertex   -3.567748e+01 3.949904e+01 -1.110223e-15
      vertex   -3.567748e+01 3.949904e+01 4.767273e+00
      vertex   -3.553530e+01 3.909778e+01 -1.110223e-15
    endloop
  endfacet
  facet normal 9.425766e-01 3.339899e-01 -4.958367e-16
    outer loop
      vertex   -3.553530e+01 3.909778e+01 -1.110223e-15
      vertex   -3.567748e+01 3.949904e+01 4.767273e+00
      vertex   -3.553530e+01 3.909778e+01 4.786134e+00
    endloop
  endfacet
  facet normal 8.858118e-01 4.640446e-01 -6.889140e-16
    outer loop
      vertex   -3.553530e+01 3.909778e+01 -1.110223e-15
      vertex   -3.553530e+01 3.909778e+01 4.786134e+00
      vertex   -3.533775e+01 3.872068e+01 -1.110223e-15
    endloop
  endfacet
  facet normal 8.858118e-01 4.640446e-01 -6.851626e-16
    outer loop
      vertex   -3.533775e+01 3.872068e+01 -1.110223e-15
      vertex   -3.553530e+01 3.909778e+01 4.786134e+00
      vertex   -3.533775e+01 3.872068e+01 4.812340e+00
    endloop
  endfacet
  facet normal 8.112099e-01 5.847550e-01 -8.633917e-16
    outer loop
      vertex   -3.533775e+01 3.872068e+01 -1.110223e-15
      vertex   -3.533775e+01 3.872068e+01 4.812340e+00
      vertex   -3.508881e+01 3.837534e+01 -1.110223e-15
    endloop
  endfacet
  facet normal 8.112099e-01 5.847550e-01 -0.000000e+00
    outer loop
      vertex   -3.508881e+01 3.837534e+01 -1.110223e-15
      vertex   -3.533775e+01 3.872068e+01 4.812340e+00
      vertex   -3.508881e+01 3.837534e+01 4.845362e+00
    endloop
  endfacet
  facet normal 7.202731e-01 6.936906e-01 -0.000000e+00
    outer loop
      vertex   -3.508881e+01 3.837534e+01 -1.110223e-15
      vertex   -3.508881e+01 3.837534e+01 4.845362e+00
      vertex   -3.479350e+01 3.806872e+01 -1.110223e-15
    endloop
  endfacet
  facet normal 7.202731e-01 6.936906e-01 1.047766e-15
    outer loop
      vertex   -3.479350e+01 3.806872e+01 -1.110223e-15
      vertex   -3.508881e+01 3.837534e+01 4.845362e+00
      vertex   -3.479350e+01 3.806872e+01 4.884536e+00
    endloop
  endfacet
  facet normal 9.557590e-01 -2.941509e-01 -3.778820e-16
    outer loop
      vertex   -2.992011e+01 5.980789e+01 5.531006e+00
      vertex   -3.565306e+01 4.118031e+01 4.770513e+00
      vertex   -2.992011e+01 5.980789e+01 -1.110223e-15
    endloop
  endfacet
  facet normal 9.557590e-01 -2.941509e-01 -4.585306e-16
    outer loop
      vertex   -2.992011e+01 5.980789e+01 -1.110223e-15
      vertex   -3.565306e+01 4.118031e+01 4.770513e+00
      vertex   -3.565306e+01 4.118031e+01 -1.110223e-15
    endloop
  endfacet
  facet normal 7.194497e-01 -6.945446e-01 4.112922e-15
    outer loop
      vertex   -4.285778e+01 1.246681e+02 3.814785e+00
      vertex   -4.314841e+01 1.243670e+02 3.776231e+00
      vertex   -4.285778e+01 1.246681e+02 -1.110223e-15
    endloop
  endfacet
  facet normal 7.194497e-01 -6.945446e-01 -1.255889e-15
    outer loop
      vertex   -4.285778e+01 1.246681e+02 -1.110223e-15
      vertex   -4.314841e+01 1.243670e+02 3.776231e+00
      vertex   -4.314841e+01 1.243670e+02 -1.110223e-15
    endloop
  endfacet
  facet normal 8.090931e-01 -5.876805e-01 -6.891767e-16
    outer loop
      vertex   -4.314841e+01 1.243670e+02 -1.110223e-15
      vertex   -4.314841e+01 1.243670e+02 3.776231e+00
      vertex   -4.339433e+01 1.240285e+02 3.743610e+00
    endloop
  endfacet
  facet normal 8.090931e-01 -5.876805e-01 -1.390858e-15
    outer loop
      vertex   -4.314841e+01 1.243670e+02 -1.110223e-15
      vertex   -4.339433e+01 1.240285e+02 3.743610e+00
      vertex   -4.339433e+01 1.240285e+02 -1.110223e-15
    endloop
  endfacet
  facet normal 8.829948e-01 -4.693827e-01 -2.117066e-16
    outer loop
      vertex   -4.339433e+01 1.240285e+02 -1.110223e-15
      vertex   -4.339433e+01 1.240285e+02 3.743610e+00
      vertex   -4.359074e+01 1.236590e+02 3.717555e+00
    endloop
  endfacet
  facet normal 8.829948e-01 -4.693827e-01 -1.793133e-15
    outer loop
      vertex   -4.339433e+01 1.240285e+02 -1.110223e-15
      vertex   -4.359074e+01 1.236590e+02 3.717555e+00
      vertex   -4.359074e+01 1.236590e+02 -1.110223e-15
    endloop
  endfacet
  facet normal 9.397172e-01 -3.419526e-01 -1.307160e-15
    outer loop
      vertex   -4.359074e+01 1.236590e+02 -1.110223e-15
      vertex   -4.359074e+01 1.236590e+02 3.717555e+00
      vertex   -4.373383e+01 1.232657e+02 3.698573e+00
    endloop
  endfacet
  facet normal 9.397172e-01 -3.419526e-01 0.000000e+00
    outer loop
      vertex   -4.359074e+01 1.236590e+02 -1.110223e-15
      vertex   -4.373383e+01 1.232657e+02 3.698573e+00
      vertex   -4.373383e+01 1.232657e+02 -1.110223e-15
    endloop
  endfacet
  facet normal 9.781566e-01 -2.078695e-01 0.000000e+00
    outer loop
      vertex   -4.373383e+01 1.232657e+02 -1.110223e-15
      vertex   -4.373383e+01 1.232657e+02 3.698573e+00
      vertex   -4.382082e+01 1.228564e+02 3.687035e+00
    endloop
  endfacet
  facet normal 9.781566e-01 -2.078695e-01 0.000000e+00
    outer loop
      vertex   -4.373383e+01 1.232657e+02 -1.110223e-15
      vertex   -4.382082e+01 1.228564e+02 3.687035e+00
      vertex   -4.382082e+01 1.228564e+02 -1.110223e-15
    endloop
  endfacet
  facet normal 9.975651e-01 -6.974213e-02 0.000000e+00
    outer loop
      vertex   -4.382082e+01 1.228564e+02 -1.110223e-15
      vertex   -4.382082e+01 1.228564e+02 3.687035e+00
      vertex   -4.385000e+01 1.224390e+02 3.683164e+00
    endloop
  endfacet
  facet normal 9.975651e-01 -6.974213e-02 -1.386671e-15
    outer loop
      vertex   -4.382082e+01 1.228564e+02 -1.110223e-15
      vertex   -4.385000e+01 1.224390e+02 3.683164e+00
      vertex   -4.385000e+01 1.224390e+02 -1.110223e-15
    endloop
  endfacet
  facet normal 6.692588e-01 -7.430293e-01 9.145799e-16
    outer loop
      vertex   -4.106006e+01 1.262873e+02 4.053258e+00
      vertex   -4.285778e+01 1.246681e+02 3.814785e+00
      vertex   -4.106006e+01 1.262873e+02 -1.110223e-15
    endloop
  endfacet
  facet normal 6.692588e-01 -7.430293e-01 3.464316e-15
    outer loop
      vertex   -4.106006e+01 1.262873e+02 -1.110223e-15
      vertex   -4.285778e+01 1.246681e+02 3.814785e+00
      vertex   -4.285778e+01 1.246681e+02 -1.110223e-15
    endloop
  endfacet
  facet normal -8.988283e-01 -4.383005e-01 5.460386e-04
    outer loop
      vertex   -3.968311e+01 1.260768e+02 4.235914e+00
      vertex   -3.968990e+01 1.260881e+02 2.122162e+00
      vertex   -3.961971e+01 1.259468e+02 4.244325e+00
    endloop
  endfacet
  facet normal -8.928137e-01 -4.504259e-01 -4.601905e-04
    outer loop
      vertex   -3.961971e+01 1.259468e+02 4.244325e+00
      vertex   -3.968990e+01 1.260881e+02 2.122162e+00
      vertex   -3.968311e+01 1.260768e+02 -1.110223e-15
    endloop
  endfacet
  facet normal -8.988146e-01 -4.383291e-01 -0.000000e+00
    outer loop
      vertex   -3.961971e+01 1.259468e+02 4.244325e+00
      vertex   -3.968311e+01 1.260768e+02 -1.110223e-15
      vertex   -3.961971e+01 1.259468e+02 -1.110223e-15
    endloop
  endfacet
  facet normal -8.169657e-01 -5.766861e-01 -4.552629e-04
    outer loop
      vertex   -3.968311e+01 1.260768e+02 4.235914e+00
      vertex   -3.976652e+01 1.261950e+02 4.224849e+00
      vertex   -3.968990e+01 1.260881e+02 2.122162e+00
    endloop
  endfacet
  facet normal -8.041381e-01 -5.944418e-01 9.148575e-04
    outer loop
      vertex   -3.968990e+01 1.260881e+02 2.122162e+00
      vertex   -3.976652e+01 1.261950e+02 4.224849e+00
      vertex   -3.978368e+01 1.262150e+02 2.122162e+00
    endloop
  endfacet
  facet normal -8.041381e-01 -5.944418e-01 -9.064617e-04
    outer loop
      vertex   -3.968990e+01 1.260881e+02 2.122162e+00
      vertex   -3.978368e+01 1.262150e+02 2.122162e+00
      vertex   -3.976652e+01 1.261950e+02 -1.110223e-15
    endloop
  endfacet
  facet normal -7.140536e-01 -7.000905e-01 8.159538e-04
    outer loop
      vertex   -3.976652e+01 1.261950e+02 -1.110223e-15
      vertex   -3.978368e+01 1.262150e+02 2.122162e+00
      vertex   -3.986779e+01 1.262983e+02 -1.110223e-15
    endloop
  endfacet
  facet normal -6.879818e-01 -7.257269e-01 -1.223876e-03
    outer loop
      vertex   -3.986779e+01 1.262983e+02 -1.110223e-15
      vertex   -3.978368e+01 1.262150e+02 2.122162e+00
      vertex   -3.989817e+01 1.263235e+02 2.122162e+00
    endloop
  endfacet
  facet normal -5.926769e-01 -8.054395e-01 1.088055e-03
    outer loop
      vertex   -3.986779e+01 1.262983e+02 -1.110223e-15
      vertex   -3.989817e+01 1.263235e+02 2.122162e+00
      vertex   -3.998429e+01 1.263840e+02 -1.110223e-15
    endloop
  endfacet
  facet normal -5.506852e-01 -8.347117e-01 -1.450648e-03
    outer loop
      vertex   -3.998429e+01 1.263840e+02 -1.110223e-15
      vertex   -3.989817e+01 1.263235e+02 2.122162e+00
      vertex   -4.002986e+01 1.264104e+02 2.122162e+00
    endloop
  endfacet
  facet normal -4.559911e-01 -8.899834e-01 1.269487e-03
    outer loop
      vertex   -3.998429e+01 1.263840e+02 -1.110223e-15
      vertex   -4.002986e+01 1.264104e+02 2.122162e+00
      vertex   -4.011303e+01 1.264500e+02 -1.110223e-15
    endloop
  endfacet
  facet normal -3.964673e-01 -9.180475e-01 -1.586731e-03
    outer loop
      vertex   -4.011303e+01 1.264500e+02 -1.110223e-15
      vertex   -4.002986e+01 1.264104e+02 2.122162e+00
      vertex   -4.017470e+01 1.264729e+02 2.122162e+00
    endloop
  endfacet
  facet normal -3.075267e-01 -9.515385e-01 1.360213e-03
    outer loop
      vertex   -4.011303e+01 1.264500e+02 -1.110223e-15
      vertex   -4.017470e+01 1.264729e+02 2.122162e+00
      vertex   -4.025067e+01 1.264944e+02 -1.110223e-15
    endloop
  endfacet
  facet normal -2.300667e-01 -9.731735e-01 -1.632095e-03
    outer loop
      vertex   -4.025067e+01 1.264944e+02 -1.110223e-15
      vertex   -4.017470e+01 1.264729e+02 2.122162e+00
      vertex   -4.032823e+01 1.265092e+02 2.122162e+00
    endloop
  endfacet
  facet normal -1.511188e-01 -9.885147e-01 1.360213e-03
    outer loop
      vertex   -4.025067e+01 1.264944e+02 -1.110223e-15
      vertex   -4.032823e+01 1.265092e+02 2.122162e+00
      vertex   -4.039365e+01 1.265163e+02 -1.110223e-15
    endloop
  endfacet
  facet normal -5.659670e-02 -9.983959e-01 -1.586731e-03
    outer loop
      vertex   -4.039365e+01 1.265163e+02 -1.110223e-15
      vertex   -4.032823e+01 1.265092e+02 2.122162e+00
      vertex   -4.048574e+01 1.265182e+02 2.122162e+00
    endloop
  endfacet
  facet normal 9.192655e-03 -9.999569e-01 1.269487e-03
    outer loop
      vertex   -4.039365e+01 1.265163e+02 -1.110223e-15
      vertex   -4.048574e+01 1.265182e+02 2.122162e+00
      vertex   -4.053829e+01 1.265150e+02 -1.110223e-15
    endloop
  endfacet
  facet normal 1.186125e-01 -9.929396e-01 -1.450648e-03
    outer loop
      vertex   -4.053829e+01 1.265150e+02 -1.110223e-15
      vertex   -4.048574e+01 1.265182e+02 2.122162e+00
      vertex   -4.064239e+01 1.264994e+02 2.122162e+00
    endloop
  endfacet
  facet normal 1.692667e-01 -9.855697e-01 1.088055e-03
    outer loop
      vertex   -4.053829e+01 1.265150e+02 -1.110223e-15
      vertex   -4.064239e+01 1.264994e+02 2.122162e+00
      vertex   -4.068085e+01 1.264905e+02 -1.110223e-15
    endloop
  endfacet
  facet normal 2.901770e-01 -9.569722e-01 -1.223876e-03
    outer loop
      vertex   -4.068085e+01 1.264905e+02 -1.110223e-15
      vertex   -4.064239e+01 1.264994e+02 2.122162e+00
      vertex   -4.079337e+01 1.264537e+02 2.122162e+00
    endloop
  endfacet
  facet normal 3.249686e-01 -9.457245e-01 8.159538e-04
    outer loop
      vertex   -4.068085e+01 1.264905e+02 -1.110223e-15
      vertex   -4.079337e+01 1.264537e+02 2.122162e+00
      vertex   -4.081765e+01 1.264435e+02 -1.110223e-15
    endloop
  endfacet
  facet normal 4.528251e-01 -8.915989e-01 -9.064617e-04
    outer loop
      vertex   -4.081765e+01 1.264435e+02 -1.110223e-15
      vertex   -4.079337e+01 1.264537e+02 2.122162e+00
      vertex   -4.093403e+01 1.263822e+02 2.122162e+00
    endloop
  endfacet
  facet normal 4.722763e-01 -8.814504e-01 4.532431e-04
    outer loop
      vertex   -4.081765e+01 1.264435e+02 -1.110223e-15
      vertex   -4.093403e+01 1.263822e+02 2.122162e+00
      vertex   -4.094515e+01 1.263752e+02 -1.110223e-15
    endloop
  endfacet
  facet normal 6.073847e-01 -7.944077e-01 -5.436783e-04
    outer loop
      vertex   -4.094515e+01 1.263752e+02 -1.110223e-15
      vertex   -4.093403e+01 1.263822e+02 2.122162e+00
      vertex   -4.106006e+01 1.262873e+02 -1.110223e-15
    endloop
  endfacet
  facet normal 5.961908e-01 -8.028426e-01 4.983041e-04
    outer loop
      vertex   -4.106006e+01 1.262873e+02 -1.110223e-15
      vertex   -4.093403e+01 1.263822e+02 2.122162e+00
      vertex   -4.094515e+01 1.263752e+02 4.068501e+00
    endloop
  endfacet
  facet normal 6.073848e-01 -7.944078e-01 4.090467e-16
    outer loop
      vertex   -4.106006e+01 1.262873e+02 -1.110223e-15
      vertex   -4.094515e+01 1.263752e+02 4.068501e+00
      vertex   -4.106006e+01 1.262873e+02 4.053258e+00
    endloop
  endfacet
  facet normal -7.140000e-01 -7.001452e-01 -8.244679e-04
    outer loop
      vertex   -3.976652e+01 1.261950e+02 4.224849e+00
      vertex   -3.986779e+01 1.262983e+02 4.211416e+00
      vertex   -3.978368e+01 1.262150e+02 2.122162e+00
    endloop
  endfacet
  facet normal -6.879818e-01 -7.257269e-01 1.243153e-03
    outer loop
      vertex   -3.978368e+01 1.262150e+02 2.122162e+00
      vertex   -3.986779e+01 1.262983e+02 4.211416e+00
      vertex   -3.989817e+01 1.263235e+02 2.122162e+00
    endloop
  endfacet
  facet normal -5.925816e-01 -8.055096e-01 -1.107426e-03
    outer loop
      vertex   -3.986779e+01 1.262983e+02 4.211416e+00
      vertex   -3.998429e+01 1.263840e+02 4.195961e+00
      vertex   -3.989817e+01 1.263235e+02 2.122162e+00
    endloop
  endfacet
  facet normal -5.506852e-01 -8.347117e-01 1.484479e-03
    outer loop
      vertex   -3.989817e+01 1.263235e+02 2.122162e+00
      vertex   -3.998429e+01 1.263840e+02 4.195961e+00
      vertex   -4.002986e+01 1.264104e+02 2.122162e+00
    endloop
  endfacet
  facet normal -4.558542e-01 -8.900535e-01 -1.302993e-03
    outer loop
      vertex   -3.998429e+01 1.263840e+02 4.195961e+00
      vertex   -4.011303e+01 1.264500e+02 4.178884e+00
      vertex   -4.002986e+01 1.264104e+02 2.122162e+00
    endloop
  endfacet
  facet normal -3.964672e-01 -9.180474e-01 1.637217e-03
    outer loop
      vertex   -4.002986e+01 1.264104e+02 2.122162e+00
      vertex   -4.011303e+01 1.264500e+02 4.178884e+00
      vertex   -4.017470e+01 1.264729e+02 2.122162e+00
    endloop
  endfacet
  facet normal -3.073575e-01 -9.515931e-01 -1.409178e-03
    outer loop
      vertex   -4.011303e+01 1.264500e+02 4.178884e+00
      vertex   -4.025067e+01 1.264944e+02 4.160626e+00
      vertex   -4.017470e+01 1.264729e+02 2.122162e+00
    endloop
  endfacet
  facet normal -2.300667e-01 -9.731734e-01 1.699108e-03
    outer loop
      vertex   -4.017470e+01 1.264729e+02 2.122162e+00
      vertex   -4.025067e+01 1.264944e+02 4.160626e+00
      vertex   -4.032823e+01 1.265092e+02 2.122162e+00
    endloop
  endfacet
  facet normal -1.509343e-01 -9.885428e-01 -1.423287e-03
    outer loop
      vertex   -4.025067e+01 1.264944e+02 4.160626e+00
      vertex   -4.039365e+01 1.265163e+02 4.141658e+00
      vertex   -4.032823e+01 1.265092e+02 2.122162e+00
    endloop
  endfacet
  facet normal -5.659669e-02 -9.983957e-01 1.667396e-03
    outer loop
      vertex   -4.032823e+01 1.265092e+02 2.122162e+00
      vertex   -4.039365e+01 1.265163e+02 4.141658e+00
      vertex   -4.048574e+01 1.265182e+02 2.122162e+00
    endloop
  endfacet
  facet normal 9.370678e-03 -9.999552e-01 -1.342141e-03
    outer loop
      vertex   -4.039365e+01 1.265163e+02 4.141658e+00
      vertex   -4.053829e+01 1.265150e+02 4.122471e+00
      vertex   -4.048574e+01 1.265182e+02 2.122162e+00
    endloop
  endfacet
  facet normal 1.186125e-01 -9.929394e-01 1.539017e-03
    outer loop
      vertex   -4.048574e+01 1.265182e+02 2.122162e+00
      vertex   -4.053829e+01 1.265150e+02 4.122471e+00
      vertex   -4.064239e+01 1.264994e+02 2.122162e+00
    endloop
  endfacet
  facet normal 1.694165e-01 -9.855439e-01 -1.162330e-03
    outer loop
      vertex   -4.053829e+01 1.265150e+02 4.122471e+00
      vertex   -4.068085e+01 1.264905e+02 4.103560e+00
      vertex   -4.064239e+01 1.264994e+02 2.122162e+00
    endloop
  endfacet
  facet normal 2.901770e-01 -9.569721e-01 1.310823e-03
    outer loop
      vertex   -4.064239e+01 1.264994e+02 2.122162e+00
      vertex   -4.068085e+01 1.264905e+02 4.103560e+00
      vertex   -4.079337e+01 1.264537e+02 2.122162e+00
    endloop
  endfacet
  facet normal 3.250730e-01 -9.456885e-01 -8.805211e-04
    outer loop
      vertex   -4.068085e+01 1.264905e+02 4.103560e+00
      vertex   -4.081765e+01 1.264435e+02 4.085414e+00
      vertex   -4.079337e+01 1.264537e+02 2.122162e+00
    endloop
  endfacet
  facet normal 4.528250e-01 -8.915989e-01 9.798330e-04
    outer loop
      vertex   -4.079337e+01 1.264537e+02 2.122162e+00
      vertex   -4.081765e+01 1.264435e+02 4.085414e+00
      vertex   -4.093403e+01 1.263822e+02 2.122162e+00
    endloop
  endfacet
  facet normal 4.723272e-01 -8.814232e-01 -4.937977e-04
    outer loop
      vertex   -4.081765e+01 1.264435e+02 4.085414e+00
      vertex   -4.094515e+01 1.263752e+02 4.068501e+00
      vertex   -4.093403e+01 1.263822e+02 2.122162e+00
    endloop
  endfacet
  facet normal -8.169858e-01 -5.766576e-01 4.532431e-04
    outer loop
      vertex   -3.976652e+01 1.261950e+02 -1.110223e-15
      vertex   -3.968311e+01 1.260768e+02 -1.110223e-15
      vertex   -3.968990e+01 1.260881e+02 2.122162e+00
    endloop
  endfacet
  facet normal -7.247228e-01 -6.890405e-01 -0.000000e+00
    outer loop
      vertex   -3.688190e+01 1.164454e+02 4.607504e+00
      vertex   -3.689101e+01 1.164550e+02 4.606295e+00
      vertex   -3.688190e+01 1.164454e+02 0.000000e+00
    endloop
  endfacet
  facet normal -7.247228e-01 -6.890405e-01 0.000000e+00
    outer loop
      vertex   -3.688190e+01 1.164454e+02 0.000000e+00
      vertex   -3.689101e+01 1.164550e+02 4.606295e+00
      vertex   -3.689101e+01 1.164550e+02 -1.110223e-15
    endloop
  endfacet
  facet normal -9.610745e-01 -2.762894e-01 -0.000000e+00
    outer loop
      vertex   -3.689101e+01 1.164550e+02 4.606295e+00
      vertex   -3.961971e+01 1.259468e+02 4.244325e+00
      vertex   -3.689101e+01 1.164550e+02 -1.110223e-15
    endloop
  endfacet
  facet normal -9.610745e-01 -2.762894e-01 0.000000e+00
    outer loop
      vertex   -3.689101e+01 1.164550e+02 -1.110223e-15
      vertex   -3.961971e+01 1.259468e+02 4.244325e+00
      vertex   -3.961971e+01 1.259468e+02 -1.110223e-15
    endloop
  endfacet
  facet normal -9.590110e-01 -2.833689e-01 -1.361626e-15
    outer loop
      vertex   -3.388956e+01 1.063184e+02 5.004446e+00
      vertex   -3.688190e+01 1.164454e+02 4.607504e+00
      vertex   -3.388956e+01 1.063184e+02 0.000000e+00
    endloop
  endfacet
  facet normal -9.590110e-01 -2.833689e-01 0.000000e+00
    outer loop
      vertex   -3.388956e+01 1.063184e+02 0.000000e+00
      vertex   -3.688190e+01 1.164454e+02 4.607504e+00
      vertex   -3.688190e+01 1.164454e+02 0.000000e+00
    endloop
  endfacet
  facet normal -5.794636e-01 -8.149981e-01 -3.500988e-16
    outer loop
      vertex   -2.728736e+01 1.016242e+02 5.880249e+00
      vertex   -3.388956e+01 1.063184e+02 5.004446e+00
      vertex   -2.728736e+01 1.016242e+02 0.000000e+00
    endloop
  endfacet
  facet normal -5.794636e-01 -8.149981e-01 -8.763386e-16
    outer loop
      vertex   -2.728736e+01 1.016242e+02 0.000000e+00
      vertex   -3.388956e+01 1.063184e+02 5.004446e+00
      vertex   -3.388956e+01 1.063184e+02 0.000000e+00
    endloop
  endfacet
  facet normal -2.115130e-16 1.478738e-17 -1.000000e+00
    outer loop
      vertex   -4.382082e+01 1.228564e+02 -1.110223e-15
      vertex   -4.385000e+01 1.224390e+02 -1.110223e-15
      vertex   -4.885000e+01 1.260000e+02 0.000000e+00
    endloop
  endfacet
  facet normal -2.220446e-16 -2.107057e-32 -1.000000e+00
    outer loop
      vertex   -4.885000e+01 1.260000e+02 0.000000e+00
      vertex   -4.385000e+01 1.224390e+02 -1.110223e-15
      vertex   -4.385000e+01 4.756100e+01 -1.110223e-15
    endloop
  endfacet
  facet normal -2.220446e-16 -0.000000e+00 -1.000000e+00
    outer loop
      vertex   -4.885000e+01 1.260000e+02 0.000000e+00
      vertex   -4.385000e+01 4.756100e+01 -1.110223e-15
      vertex   -4.885000e+01 4.400000e+01 0.000000e+00
    endloop
  endfacet
  facet normal -2.115130e-16 -1.478738e-17 -1.000000e+00
    outer loop
      vertex   -4.885000e+01 4.400000e+01 0.000000e+00
      vertex   -4.385000e+01 4.756100e+01 -1.110223e-15
      vertex   -4.382082e+01 4.714357e+01 -1.110223e-15
    endloop
  endfacet
  facet normal -1.948707e-16 -4.141227e-17 -1.000000e+00
    outer loop
      vertex   -4.885000e+01 4.400000e+01 0.000000e+00
      vertex   -4.382082e+01 4.714357e+01 -1.110223e-15
      vertex   -4.373383e+01 4.673426e+01 -1.110223e-15
    endloop
  endfacet
  facet normal -1.816722e-16 -6.610849e-17 -1.000000e+00
    outer loop
      vertex   -4.373383e+01 4.673426e+01 -1.110223e-15
      vertex   -4.359074e+01 4.634103e+01 -1.110223e-15
      vertex   -4.885000e+01 4.400000e+01 0.000000e+00
    endloop
  endfacet
  facet normal -1.707063e-16 -9.074410e-17 -1.000000e+00
    outer loop
      vertex   -4.885000e+01 4.400000e+01 0.000000e+00
      vertex   -4.359074e+01 4.634103e+01 -1.110223e-15
      vertex   -4.339433e+01 4.597154e+01 -1.110223e-15
    endloop
  endfacet
  facet normal -1.611895e-16 -1.170792e-16 -1.000000e+00
    outer loop
      vertex   -4.885000e+01 4.400000e+01 0.000000e+00
      vertex   -4.339433e+01 4.597154e+01 -1.110223e-15
      vertex   -4.314841e+01 4.563297e+01 -1.110223e-15
    endloop
  endfacet
  facet normal -1.525444e-16 -1.472638e-16 -1.000000e+00
    outer loop
      vertex   -4.314841e+01 4.563297e+01 -1.110223e-15
      vertex   -4.285778e+01 4.533191e+01 -1.110223e-15
      vertex   -4.885000e+01 4.400000e+01 0.000000e+00
    endloop
  endfacet
  facet normal -1.486053e-16 -1.649857e-16 -1.000000e+00
    outer loop
      vertex   -4.885000e+01 4.400000e+01 0.000000e+00
      vertex   -4.285778e+01 4.533191e+01 -1.110223e-15
      vertex   -4.135012e+01 4.397395e+01 -1.110223e-15
    endloop
  endfacet
  facet normal -1.487124e-16 -1.958043e-16 -1.000000e+00
    outer loop
      vertex   -4.885000e+01 4.400000e+01 0.000000e+00
      vertex   -4.135012e+01 4.397395e+01 -1.110223e-15
      vertex   -4.123034e+01 4.388297e+01 -1.110223e-15
    endloop
  endfacet
  facet normal -1.501095e-16 -2.867709e-16 -1.000000e+00
    outer loop
      vertex   -4.123034e+01 4.388297e+01 -1.110223e-15
      vertex   -4.109708e+01 4.381322e+01 -1.110223e-15
      vertex   -4.885000e+01 4.400000e+01 0.000000e+00
    endloop
  endfacet
  facet normal -1.471167e-16 -1.625482e-16 -1.000000e+00
    outer loop
      vertex   -4.885000e+01 4.400000e+01 0.000000e+00
      vertex   -4.109708e+01 4.381322e+01 -1.110223e-15
      vertex   -3.508881e+01 3.837534e+01 -1.110223e-15
    endloop
  endfacet
  facet normal -1.330546e-16 -1.281441e-16 -1.000000e+00
    outer loop
      vertex   -4.885000e+01 4.400000e+01 0.000000e+00
      vertex   -3.508881e+01 3.837534e+01 -1.110223e-15
      vertex   -3.479350e+01 3.806872e+01 -1.110223e-15
    endloop
  endfacet
  facet normal 0.000000e+00 0.000000e+00 -1.000000e+00
    outer loop
      vertex   -3.508881e+01 3.837534e+01 -1.110223e-15
      vertex   -4.109708e+01 4.381322e+01 -1.110223e-15
      vertex   -3.533775e+01 3.872068e+01 -1.110223e-15
    endloop
  endfacet
  facet normal 0.000000e+00 0.000000e+00 -1.000000e+00
    outer loop
      vertex   -3.533775e+01 3.872068e+01 -1.110223e-15
      vertex   -4.109708e+01 4.381322e+01 -1.110223e-15
      vertex   -4.095406e+01 4.376663e+01 -1.110223e-15
    endloop
  endfacet
  facet normal 0.000000e+00 0.000000e+00 -1.000000e+00
    outer loop
      vertex   -3.533775e+01 3.872068e+01 -1.110223e-15
      vertex   -4.095406e+01 4.376663e+01 -1.110223e-15
      vertex   -4.080528e+01 4.374451e+01 -1.110223e-15
    endloop
  endfacet
  facet normal 0.000000e+00 0.000000e+00 -1.000000e+00
    outer loop
      vertex   -3.533775e+01 3.872068e+01 -1.110223e-15
      vertex   -4.080528e+01 4.374451e+01 -1.110223e-15
      vertex   -3.553530e+01 3.909778e+01 -1.110223e-15
    endloop
  endfacet
  facet normal 0.000000e+00 0.000000e+00 -1.000000e+00
    outer loop
      vertex   -3.553530e+01 3.909778e+01 -1.110223e-15
      vertex   -4.080528e+01 4.374451e+01 -1.110223e-15
      vertex   -4.065490e+01 4.374748e+01 -1.110223e-15
    endloop
  endfacet
  facet normal 0.000000e+00 0.000000e+00 -1.000000e+00
    outer loop
      vertex   -3.553530e+01 3.909778e+01 -1.110223e-15
      vertex   -4.065490e+01 4.374748e+01 -1.110223e-15
      vertex   -4.050711e+01 4.377545e+01 -1.110223e-15
    endloop
  endfacet
  facet normal 0.000000e+00 0.000000e+00 -1.000000e+00
    outer loop
      vertex   -4.050711e+01 4.377545e+01 -1.110223e-15
      vertex   -4.036604e+01 4.382764e+01 -1.110223e-15
      vertex   -3.553530e+01 3.909778e+01 -1.110223e-15
    endloop
  endfacet
  facet normal 0.000000e+00 0.000000e+00 -1.000000e+00
    outer loop
      vertex   -3.553530e+01 3.909778e+01 -1.110223e-15
      vertex   -4.036604e+01 4.382764e+01 -1.110223e-15
      vertex   -3.567748e+01 3.949904e+01 -1.110223e-15
    endloop
  endfacet
  facet normal 0.000000e+00 0.000000e+00 -1.000000e+00
    outer loop
      vertex   -3.567748e+01 3.949904e+01 -1.110223e-15
      vertex   -4.036604e+01 4.382764e+01 -1.110223e-15
      vertex   -4.023564e+01 4.390260e+01 -1.110223e-15
    endloop
  endfacet
  facet normal 0.000000e+00 0.000000e+00 -1.000000e+00
    outer loop
      vertex   -3.567748e+01 3.949904e+01 -1.110223e-15
      vertex   -4.023564e+01 4.390260e+01 -1.110223e-15
      vertex   -4.011954e+01 4.399823e+01 -1.110223e-15
    endloop
  endfacet
  facet normal 0.000000e+00 0.000000e+00 -1.000000e+00
    outer loop
      vertex   -4.011954e+01 4.399823e+01 -1.110223e-15
      vertex   -4.002099e+01 4.411186e+01 -1.110223e-15
      vertex   -3.567748e+01 3.949904e+01 -1.110223e-15
    endloop
  endfacet
  facet normal 0.000000e+00 0.000000e+00 -1.000000e+00
    outer loop
      vertex   -3.567748e+01 3.949904e+01 -1.110223e-15
      vertex   -4.002099e+01 4.411186e+01 -1.110223e-15
      vertex   -3.576143e+01 3.991639e+01 -1.110223e-15
    endloop
  endfacet
  facet normal 0.000000e+00 0.000000e+00 -1.000000e+00
    outer loop
      vertex   -3.576143e+01 3.991639e+01 -1.110223e-15
      vertex   -4.002099e+01 4.411186e+01 -1.110223e-15
      vertex   -3.994274e+01 4.424032e+01 -1.110223e-15
    endloop
  endfacet
  facet normal 0.000000e+00 0.000000e+00 -1.000000e+00
    outer loop
      vertex   -3.576143e+01 3.991639e+01 -1.110223e-15
      vertex   -3.994274e+01 4.424032e+01 -1.110223e-15
      vertex   -3.578547e+01 4.034142e+01 -1.110223e-15
    endloop
  endfacet
  facet normal 0.000000e+00 0.000000e+00 -1.000000e+00
    outer loop
      vertex   -3.578547e+01 4.034142e+01 -1.110223e-15
      vertex   -3.994274e+01 4.424032e+01 -1.110223e-15
      vertex   -3.574910e+01 4.076557e+01 -1.110223e-15
    endloop
  endfacet
  facet normal 0.000000e+00 0.000000e+00 -1.000000e+00
    outer loop
      vertex   -3.574910e+01 4.076557e+01 -1.110223e-15
      vertex   -3.994274e+01 4.424032e+01 -1.110223e-15
      vertex   -3.716908e+01 5.325252e+01 -1.110223e-15
    endloop
  endfacet
  facet normal 0.000000e+00 0.000000e+00 -1.000000e+00
    outer loop
      vertex   -3.574910e+01 4.076557e+01 -1.110223e-15
      vertex   -3.716908e+01 5.325252e+01 -1.110223e-15
      vertex   -3.565306e+01 4.118031e+01 -1.110223e-15
    endloop
  endfacet
  facet normal 2.408360e-16 3.024395e-17 -1.000000e+00
    outer loop
      vertex   -3.565306e+01 4.118031e+01 -1.110223e-15
      vertex   -3.716908e+01 5.325252e+01 -1.110223e-15
      vertex   -3.387057e+01 6.369510e+01 0.000000e+00
    endloop
  endfacet
  facet normal -2.157105e-16 6.638852e-17 -1.000000e+00
    outer loop
      vertex   -3.565306e+01 4.118031e+01 -1.110223e-15
      vertex   -3.387057e+01 6.369510e+01 0.000000e+00
      vertex   -2.992011e+01 5.980789e+01 -1.110223e-15
    endloop
  endfacet
  facet normal -2.033154e-16 7.898529e-17 -1.000000e+00
    outer loop
      vertex   -2.992011e+01 5.980789e+01 -1.110223e-15
      vertex   -3.387057e+01 6.369510e+01 0.000000e+00
      vertex   -2.976386e+01 6.021008e+01 -1.110223e-15
    endloop
  endfacet
  facet normal -1.827019e-16 1.032760e-16 -1.000000e+00
    outer loop
      vertex   -2.976386e+01 6.021008e+01 -1.110223e-15
      vertex   -3.387057e+01 6.369510e+01 0.000000e+00
      vertex   -2.955154e+01 6.058570e+01 -1.110223e-15
    endloop
  endfacet
  facet normal -1.277246e-16 1.796408e-16 -1.000000e+00
    outer loop
      vertex   -2.955154e+01 6.058570e+01 -1.110223e-15
      vertex   -3.387057e+01 6.369510e+01 0.000000e+00
      vertex   -2.728736e+01 6.837577e+01 0.000000e+00
    endloop
  endfacet
  facet normal -2.950920e-16 2.282860e-16 -1.000000e+00
    outer loop
      vertex   -2.955154e+01 6.058570e+01 -1.110223e-15
      vertex   -2.728736e+01 6.837577e+01 0.000000e+00
      vertex   -2.928752e+01 6.092697e+01 -1.110223e-15
    endloop
  endfacet
  facet normal -1.945652e-16 2.012924e-16 -1.000000e+00
    outer loop
      vertex   -2.928752e+01 6.092697e+01 -1.110223e-15
      vertex   -2.728736e+01 6.837577e+01 0.000000e+00
      vertex   -2.897728e+01 6.122685e+01 -1.110223e-15
    endloop
  endfacet
  facet normal -1.348984e-16 1.871878e-16 -1.000000e+00
    outer loop
      vertex   -2.897728e+01 6.122685e+01 -1.110223e-15
      vertex   -2.728736e+01 6.837577e+01 0.000000e+00
      vertex   -2.862724e+01 6.147911e+01 -1.110223e-15
    endloop
  endfacet
  facet normal -9.336672e-17 1.791191e-16 -1.000000e+00
    outer loop
      vertex   -2.862724e+01 6.147911e+01 -1.110223e-15
      vertex   -2.728736e+01 6.837577e+01 0.000000e+00
      vertex   -2.824462e+01 6.167855e+01 -1.110223e-15
    endloop
  endfacet
  facet normal -6.105202e-17 1.745002e-16 -1.000000e+00
    outer loop
      vertex   -2.824462e+01 6.167855e+01 -1.110223e-15
      vertex   -2.728736e+01 6.837577e+01 0.000000e+00
      vertex   -2.783735e+01 6.182104e+01 -1.110223e-15
    endloop
  endfacet
  facet normal -8.538947e-17 1.765423e-16 -1.000000e+00
    outer loop
      vertex   -2.783735e+01 6.182104e+01 -1.110223e-15
      vertex   -2.728736e+01 6.837577e+01 0.000000e+00
      vertex   -2.697743e+01 6.852568e+01 0.000000e+00
    endloop
  endfacet
  facet normal -1.309997e-16 1.823921e-16 -1.000000e+00
    outer loop
      vertex   -2.783735e+01 6.182104e+01 -1.110223e-15
      vertex   -2.697743e+01 6.852568e+01 0.000000e+00
      vertex   -2.669780e+01 6.872651e+01 0.000000e+00
    endloop
  endfacet
  facet normal -6.339215e-14 2.013003e-14 -1.000000e+00
    outer loop
      vertex   -3.716908e+01 5.325252e+01 -1.110223e-15
      vertex   -3.719537e+01 5.322487e+01 0.000000e+00
      vertex   -3.387057e+01 6.369510e+01 0.000000e+00
    endloop
  endfacet
  facet normal -1.971372e-16 1.933063e-16 -1.000000e+00
    outer loop
      vertex   -2.669780e+01 6.872651e+01 0.000000e+00
      vertex   -2.645676e+01 6.897233e+01 0.000000e+00
      vertex   -2.783735e+01 6.182104e+01 -1.110223e-15
    endloop
  endfacet
  facet normal -3.131007e-16 2.156936e-16 -1.000000e+00
    outer loop
      vertex   -2.783735e+01 6.182104e+01 -1.110223e-15
      vertex   -2.645676e+01 6.897233e+01 0.000000e+00
      vertex   -2.626145e+01 6.925585e+01 0.000000e+00
    endloop
  endfacet
  facet normal -6.027960e-16 2.770983e-16 -1.000000e+00
    outer loop
      vertex   -2.783735e+01 6.182104e+01 -1.110223e-15
      vertex   -2.626145e+01 6.925585e+01 0.000000e+00
      vertex   -2.611765e+01 6.956866e+01 0.000000e+00
    endloop
  endfacet
  facet normal 9.390543e-17 1.224549e-16 -1.000000e+00
    outer loop
      vertex   -2.783735e+01 6.182104e+01 -1.110223e-15
      vertex   -2.611765e+01 6.956866e+01 0.000000e+00
      vertex   -1.910112e+01 6.418798e+01 0.000000e+00
    endloop
  endfacet
  facet normal 0.000000e+00 0.000000e+00 -1.000000e+00
    outer loop
      vertex   -1.910112e+01 6.418798e+01 0.000000e+00
      vertex   -2.611765e+01 6.956866e+01 0.000000e+00
      vertex   -2.602963e+01 6.990150e+01 0.000000e+00
    endloop
  endfacet
  facet normal 0.000000e+00 0.000000e+00 -1.000000e+00
    outer loop
      vertex   -1.910112e+01 6.418798e+01 0.000000e+00
      vertex   -2.602963e+01 6.990150e+01 0.000000e+00
      vertex   -2.600000e+01 7.024450e+01 0.000000e+00
    endloop
  endfacet
  facet normal 0.000000e+00 -0.000000e+00 -1.000000e+00
    outer loop
      vertex   -2.600000e+01 9.975550e+01 0.000000e+00
      vertex   -2.370000e+01 8.500000e+01 0.000000e+00
      vertex   -2.600000e+01 7.024450e+01 0.000000e+00
    endloop
  endfacet
  facet normal 0.000000e+00 0.000000e+00 -1.000000e+00
    outer loop
      vertex   -2.600000e+01 7.024450e+01 0.000000e+00
      vertex   -2.370000e+01 8.500000e+01 0.000000e+00
      vertex   -2.367417e+01 8.470480e+01 0.000000e+00
    endloop
  endfacet
  facet normal 0.000000e+00 0.000000e+00 -1.000000e+00
    outer loop
      vertex   -2.600000e+01 7.024450e+01 0.000000e+00
      vertex   -2.367417e+01 8.470480e+01 0.000000e+00
      vertex   -2.359748e+01 8.441857e+01 0.000000e+00
    endloop
  endfacet
  facet normal 0.000000e+00 0.000000e+00 -1.000000e+00
    outer loop
      vertex   -2.602963e+01 1.000985e+02 0.000000e+00
      vertex   -1.958583e+01 1.059773e+02 0.000000e+00
      vertex   -2.600000e+01 9.975550e+01 0.000000e+00
    endloop
  endfacet
  facet normal 0.000000e+00 0.000000e+00 -1.000000e+00
    outer loop
      vertex   -2.600000e+01 9.975550e+01 0.000000e+00
      vertex   -1.958583e+01 1.059773e+02 0.000000e+00
      vertex   -2.229520e+01 8.667417e+01 0.000000e+00
    endloop
  endfacet
  facet normal 0.000000e+00 0.000000e+00 -1.000000e+00
    outer loop
      vertex   -2.600000e+01 9.975550e+01 0.000000e+00
      vertex   -2.229520e+01 8.667417e+01 0.000000e+00
      vertex   -2.258143e+01 8.659748e+01 0.000000e+00
    endloop
  endfacet
  facet normal 0.000000e+00 0.000000e+00 -1.000000e+00
    outer loop
      vertex   -2.602963e+01 1.000985e+02 0.000000e+00
      vertex   -2.611765e+01 1.004313e+02 0.000000e+00
      vertex   -1.958583e+01 1.059773e+02 0.000000e+00
    endloop
  endfacet
  facet normal 1.028501e-16 -1.211327e-16 -1.000000e+00
    outer loop
      vertex   -1.958583e+01 1.059773e+02 0.000000e+00
      vertex   -2.611765e+01 1.004313e+02 0.000000e+00
      vertex   -2.779443e+01 1.081730e+02 -1.110223e-15
    endloop
  endfacet
  facet normal -5.899278e-16 -2.711830e-16 -1.000000e+00
    outer loop
      vertex   -2.779443e+01 1.081730e+02 -1.110223e-15
      vertex   -2.611765e+01 1.004313e+02 0.000000e+00
      vertex   -2.626145e+01 1.007442e+02 0.000000e+00
    endloop
  endfacet
  facet normal -3.097113e-16 -2.133586e-16 -1.000000e+00
    outer loop
      vertex   -2.779443e+01 1.081730e+02 -1.110223e-15
      vertex   -2.626145e+01 1.007442e+02 0.000000e+00
      vertex   -2.645676e+01 1.010277e+02 0.000000e+00
    endloop
  endfacet
  facet normal -1.958482e-16 -1.920424e-16 -1.000000e+00
    outer loop
      vertex   -2.645676e+01 1.010277e+02 0.000000e+00
      vertex   -2.669780e+01 1.012735e+02 0.000000e+00
      vertex   -2.779443e+01 1.081730e+02 -1.110223e-15
    endloop
  endfacet
  facet normal -1.304670e-16 -1.816505e-16 -1.000000e+00
    outer loop
      vertex   -2.779443e+01 1.081730e+02 -1.110223e-15
      vertex   -2.669780e+01 1.012735e+02 0.000000e+00
      vertex   -2.697743e+01 1.014743e+02 0.000000e+00
    endloop
  endfacet
  facet normal -8.518917e-17 -1.761282e-16 -1.000000e+00
    outer loop
      vertex   -2.779443e+01 1.081730e+02 -1.110223e-15
      vertex   -2.697743e+01 1.014743e+02 0.000000e+00
      vertex   -2.728736e+01 1.016242e+02 0.000000e+00
    endloop
  endfacet
  facet normal -1.269639e-16 -1.785710e-16 -1.000000e+00
    outer loop
      vertex   -3.388956e+01 1.063184e+02 0.000000e+00
      vertex   -2.953831e+01 1.094419e+02 -1.110223e-15
      vertex   -2.728736e+01 1.016242e+02 0.000000e+00
    endloop
  endfacet
  facet normal -3.031200e-16 -2.292917e-16 -1.000000e+00
    outer loop
      vertex   -2.728736e+01 1.016242e+02 0.000000e+00
      vertex   -2.953831e+01 1.094419e+02 -1.110223e-15
      vertex   -2.927238e+01 1.090904e+02 -1.110223e-15
    endloop
  endfacet
  facet normal -1.975127e-16 -2.012139e-16 -1.000000e+00
    outer loop
      vertex   -2.728736e+01 1.016242e+02 0.000000e+00
      vertex   -2.927238e+01 1.090904e+02 -1.110223e-15
      vertex   -2.895779e+01 1.087816e+02 -1.110223e-15
    endloop
  endfacet
  facet normal -2.095576e-16 -6.192015e-17 -1.000000e+00
    outer loop
      vertex   -3.688190e+01 1.164454e+02 0.000000e+00
      vertex   -3.534303e+01 1.291673e+02 -1.110223e-15
      vertex   -3.388956e+01 1.063184e+02 0.000000e+00
    endloop
  endfacet
  facet normal -2.170468e-16 -6.239655e-17 -1.000000e+00
    outer loop
      vertex   -3.388956e+01 1.063184e+02 0.000000e+00
      vertex   -3.534303e+01 1.291673e+02 -1.110223e-15
      vertex   -2.990245e+01 1.102422e+02 -1.110223e-15
    endloop
  endfacet
  facet normal -2.042783e-16 -7.537096e-17 -1.000000e+00
    outer loop
      vertex   -3.388956e+01 1.063184e+02 0.000000e+00
      vertex   -2.990245e+01 1.102422e+02 -1.110223e-15
      vertex   -2.974986e+01 1.098287e+02 -1.110223e-15
    endloop
  endfacet
  facet normal 1.080257e-13 -1.315430e-14 -1.000000e+00
    outer loop
      vertex   -3.688190e+01 1.164454e+02 0.000000e+00
      vertex   -3.689101e+01 1.164550e+02 -1.110223e-15
      vertex   -3.534303e+01 1.291673e+02 -1.110223e-15
    endloop
  endfacet
  facet normal -0.000000e+00 0.000000e+00 -1.000000e+00
    outer loop
      vertex   -3.534303e+01 1.291673e+02 -1.110223e-15
      vertex   -3.689101e+01 1.164550e+02 -1.110223e-15
      vertex   -3.543035e+01 1.295768e+02 -1.110223e-15
    endloop
  endfacet
  facet normal 0.000000e+00 0.000000e+00 -1.000000e+00
    outer loop
      vertex   -3.543035e+01 1.295768e+02 -1.110223e-15
      vertex   -3.689101e+01 1.164550e+02 -1.110223e-15
      vertex   -3.961971e+01 1.259468e+02 -1.110223e-15
    endloop
  endfacet
  facet normal -0.000000e+00 0.000000e+00 -1.000000e+00
    outer loop
      vertex   -3.543035e+01 1.295768e+02 -1.110223e-15
      vertex   -3.961971e+01 1.259468e+02 -1.110223e-15
      vertex   -3.545980e+01 1.299945e+02 -1.110223e-15
    endloop
  endfacet
  facet normal -0.000000e+00 0.000000e+00 -1.000000e+00
    outer loop
      vertex   -3.545980e+01 1.299945e+02 -1.110223e-15
      vertex   -3.961971e+01 1.259468e+02 -1.110223e-15
      vertex   -3.543081e+01 1.304122e+02 -1.110223e-15
    endloop
  endfacet
  facet normal 0.000000e+00 0.000000e+00 -1.000000e+00
    outer loop
      vertex   -3.543081e+01 1.304122e+02 -1.110223e-15
      vertex   -3.961971e+01 1.259468e+02 -1.110223e-15
      vertex   -3.968311e+01 1.260768e+02 -1.110223e-15
    endloop
  endfacet
  facet normal 0.000000e+00 0.000000e+00 -1.000000e+00
    outer loop
      vertex   -3.543081e+01 1.304122e+02 -1.110223e-15
      vertex   -3.968311e+01 1.260768e+02 -1.110223e-15
      vertex   -3.976652e+01 1.261950e+02 -1.110223e-15
    endloop
  endfacet
  facet normal -0.000000e+00 0.000000e+00 -1.000000e+00
    outer loop
      vertex   -3.543081e+01 1.304122e+02 -1.110223e-15
      vertex   -3.976652e+01 1.261950e+02 -1.110223e-15
      vertex   -3.534394e+01 1.308219e+02 -1.110223e-15
    endloop
  endfacet
  facet normal 0.000000e+00 0.000000e+00 -1.000000e+00
    outer loop
      vertex   -3.534394e+01 1.308219e+02 -1.110223e-15
      vertex   -3.976652e+01 1.261950e+02 -1.110223e-15
      vertex   -3.986779e+01 1.262983e+02 -1.110223e-15
    endloop
  endfacet
  facet normal 0.000000e+00 0.000000e+00 -1.000000e+00
    outer loop
      vertex   -3.534394e+01 1.308219e+02 -1.110223e-15
      vertex   -3.986779e+01 1.262983e+02 -1.110223e-15
      vertex   -3.998429e+01 1.263840e+02 -1.110223e-15
    endloop
  endfacet
  facet normal 0.000000e+00 0.000000e+00 -1.000000e+00
    outer loop
      vertex   -3.998429e+01 1.263840e+02 -1.110223e-15
      vertex   -4.011303e+01 1.264500e+02 -1.110223e-15
      vertex   -3.534394e+01 1.308219e+02 -1.110223e-15
    endloop
  endfacet
  facet normal -0.000000e+00 0.000000e+00 -1.000000e+00
    outer loop
      vertex   -3.534394e+01 1.308219e+02 -1.110223e-15
      vertex   -4.011303e+01 1.264500e+02 -1.110223e-15
      vertex   -3.520088e+01 1.312154e+02 -1.110223e-15
    endloop
  endfacet
  facet normal 0.000000e+00 0.000000e+00 -1.000000e+00
    outer loop
      vertex   -3.520088e+01 1.312154e+02 -1.110223e-15
      vertex   -4.011303e+01 1.264500e+02 -1.110223e-15
      vertex   -4.025067e+01 1.264944e+02 -1.110223e-15
    endloop
  endfacet
  facet normal 0.000000e+00 0.000000e+00 -1.000000e+00
    outer loop
      vertex   -3.520088e+01 1.312154e+02 -1.110223e-15
      vertex   -4.025067e+01 1.264944e+02 -1.110223e-15
      vertex   -4.039365e+01 1.265163e+02 -1.110223e-15
    endloop
  endfacet
  facet normal -0.000000e+00 0.000000e+00 -1.000000e+00
    outer loop
      vertex   -4.039365e+01 1.265163e+02 -1.110223e-15
      vertex   -4.053829e+01 1.265150e+02 -1.110223e-15
      vertex   -3.520088e+01 1.312154e+02 -1.110223e-15
    endloop
  endfacet
  facet normal -0.000000e+00 0.000000e+00 -1.000000e+00
    outer loop
      vertex   -3.520088e+01 1.312154e+02 -1.110223e-15
      vertex   -4.053829e+01 1.265150e+02 -1.110223e-15
      vertex   -3.500442e+01 1.315852e+02 -1.110223e-15
    endloop
  endfacet
  facet normal 0.000000e+00 0.000000e+00 -1.000000e+00
    outer loop
      vertex   -3.500442e+01 1.315852e+02 -1.110223e-15
      vertex   -4.053829e+01 1.265150e+02 -1.110223e-15
      vertex   -4.068085e+01 1.264905e+02 -1.110223e-15
    endloop
  endfacet
  facet normal 0.000000e+00 0.000000e+00 -1.000000e+00
    outer loop
      vertex   -3.500442e+01 1.315852e+02 -1.110223e-15
      vertex   -4.068085e+01 1.264905e+02 -1.110223e-15
      vertex   -4.081765e+01 1.264435e+02 -1.110223e-15
    endloop
  endfacet
  facet normal -1.540986e-16 2.876077e-16 -1.000000e+00
    outer loop
      vertex   -4.094515e+01 1.263752e+02 -1.110223e-15
      vertex   -4.885000e+01 1.260000e+02 0.000000e+00
      vertex   -4.081765e+01 1.264435e+02 -1.110223e-15
    endloop
  endfacet
  facet normal -1.472048e-16 1.627496e-16 -1.000000e+00
    outer loop
      vertex   -4.081765e+01 1.264435e+02 -1.110223e-15
      vertex   -4.885000e+01 1.260000e+02 0.000000e+00
      vertex   -3.475839e+01 1.319240e+02 -1.110223e-15
    endloop
  endfacet
  facet normal 0.000000e+00 0.000000e+00 -1.000000e+00
    outer loop
      vertex   -4.081765e+01 1.264435e+02 -1.110223e-15
      vertex   -3.475839e+01 1.319240e+02 -1.110223e-15
      vertex   -3.500442e+01 1.315852e+02 -1.110223e-15
    endloop
  endfacet
  facet normal -1.497438e-16 1.958522e-16 -1.000000e+00
    outer loop
      vertex   -4.094515e+01 1.263752e+02 -1.110223e-15
      vertex   -4.106006e+01 1.262873e+02 -1.110223e-15
      vertex   -4.885000e+01 1.260000e+02 0.000000e+00
    endloop
  endfacet
  facet normal -1.486053e-16 1.649857e-16 -1.000000e+00
    outer loop
      vertex   -4.885000e+01 1.260000e+02 0.000000e+00
      vertex   -4.106006e+01 1.262873e+02 -1.110223e-15
      vertex   -4.285778e+01 1.246681e+02 -1.110223e-15
    endloop
  endfacet
  facet normal -1.525444e-16 1.472638e-16 -1.000000e+00
    outer loop
      vertex   -4.885000e+01 1.260000e+02 0.000000e+00
      vertex   -4.285778e+01 1.246681e+02 -1.110223e-15
      vertex   -4.314841e+01 1.243670e+02 -1.110223e-15
    endloop
  endfacet
  facet normal -1.611895e-16 1.170791e-16 -1.000000e+00
    outer loop
      vertex   -4.314841e+01 1.243670e+02 -1.110223e-15
      vertex   -4.339433e+01 1.240285e+02 -1.110223e-15
      vertex   -4.885000e+01 1.260000e+02 0.000000e+00
    endloop
  endfacet
  facet normal -1.707063e-16 9.074410e-17 -1.000000e+00
    outer loop
      vertex   -4.885000e+01 1.260000e+02 0.000000e+00
      vertex   -4.339433e+01 1.240285e+02 -1.110223e-15
      vertex   -4.359074e+01 1.236590e+02 -1.110223e-15
    endloop
  endfacet
  facet normal -1.816722e-16 6.610849e-17 -1.000000e+00
    outer loop
      vertex   -4.885000e+01 1.260000e+02 0.000000e+00
      vertex   -4.359074e+01 1.236590e+02 -1.110223e-15
      vertex   -4.373383e+01 1.232657e+02 -1.110223e-15
    endloop
  endfacet
  facet normal -1.948707e-16 4.141227e-17 -1.000000e+00
    outer loop
      vertex   -4.373383e+01 1.232657e+02 -1.110223e-15
      vertex   -4.382082e+01 1.228564e+02 -1.110223e-15
      vertex   -4.885000e+01 1.260000e+02 0.000000e+00
    endloop
  endfacet
  facet normal -1.832105e-16 -1.002164e-16 -1.000000e+00
    outer loop
      vertex   -2.974986e+01 1.098287e+02 -1.110223e-15
      vertex   -2.953831e+01 1.094419e+02 -1.110223e-15
      vertex   -3.388956e+01 1.063184e+02 0.000000e+00
    endloop
  endfacet
  facet normal -1.359607e-16 -1.868484e-16 -1.000000e+00
    outer loop
      vertex   -2.895779e+01 1.087816e+02 -1.110223e-15
      vertex   -2.860135e+01 1.085222e+02 -1.110223e-15
      vertex   -2.728736e+01 1.016242e+02 0.000000e+00
    endloop
  endfacet
  facet normal -9.351471e-17 -1.787629e-16 -1.000000e+00
    outer loop
      vertex   -2.728736e+01 1.016242e+02 0.000000e+00
      vertex   -2.860135e+01 1.085222e+02 -1.110223e-15
      vertex   -2.821075e+01 1.083179e+02 -1.110223e-15
    endloop
  endfacet
  facet normal -6.063288e-17 -1.742268e-16 -1.000000e+00
    outer loop
      vertex   -2.728736e+01 1.016242e+02 0.000000e+00
      vertex   -2.821075e+01 1.083179e+02 -1.110223e-15
      vertex   -2.779443e+01 1.081730e+02 -1.110223e-15
    endloop
  endfacet
  facet normal -0.000000e+00 0.000000e+00 -1.000000e+00
    outer loop
      vertex   -1.909038e+01 1.058091e+02 0.000000e+00
      vertex   -2.069772e+01 8.609274e+01 0.000000e+00
      vertex   -1.958583e+01 1.059773e+02 0.000000e+00
    endloop
  endfacet
  facet normal 0.000000e+00 0.000000e+00 -1.000000e+00
    outer loop
      vertex   -1.958583e+01 1.059773e+02 0.000000e+00
      vertex   -2.069772e+01 8.609274e+01 0.000000e+00
      vertex   -2.090726e+01 8.630228e+01 0.000000e+00
    endloop
  endfacet
  facet normal 0.000000e+00 0.000000e+00 -1.000000e+00
    outer loop
      vertex   -1.958583e+01 1.059773e+02 0.000000e+00
      vertex   -2.090726e+01 8.630228e+01 0.000000e+00
      vertex   -2.115000e+01 8.647224e+01 0.000000e+00
    endloop
  endfacet
  facet normal 0.000000e+00 0.000000e+00 -1.000000e+00
    outer loop
      vertex   -2.069772e+01 8.609274e+01 0.000000e+00
      vertex   -1.909038e+01 1.058091e+02 0.000000e+00
      vertex   -2.052776e+01 8.585000e+01 0.000000e+00
    endloop
  endfacet
  facet normal 0.000000e+00 0.000000e+00 -1.000000e+00
    outer loop
      vertex   -2.052776e+01 8.585000e+01 0.000000e+00
      vertex   -1.909038e+01 1.058091e+02 0.000000e+00
      vertex   -1.857720e+01 1.057070e+02 0.000000e+00
    endloop
  endfacet
  facet normal 0.000000e+00 0.000000e+00 -1.000000e+00
    outer loop
      vertex   -2.052776e+01 8.585000e+01 0.000000e+00
      vertex   -1.857720e+01 1.057070e+02 0.000000e+00
      vertex   -2.040252e+01 8.558143e+01 0.000000e+00
    endloop
  endfacet
  facet normal 0.000000e+00 0.000000e+00 -1.000000e+00
    outer loop
      vertex   -2.040252e+01 8.558143e+01 0.000000e+00
      vertex   -1.857720e+01 1.057070e+02 0.000000e+00
      vertex   -1.805510e+01 1.056728e+02 0.000000e+00
    endloop
  endfacet
  facet normal 0.000000e+00 0.000000e+00 -1.000000e+00
    outer loop
      vertex   -2.040252e+01 8.558143e+01 0.000000e+00
      vertex   -1.805510e+01 1.056728e+02 0.000000e+00
      vertex   -2.032583e+01 8.529520e+01 0.000000e+00
    endloop
  endfacet
  facet normal 0.000000e+00 0.000000e+00 -1.000000e+00
    outer loop
      vertex   -2.032583e+01 8.529520e+01 0.000000e+00
      vertex   -1.805510e+01 1.056728e+02 0.000000e+00
      vertex   -1.753299e+01 1.057070e+02 0.000000e+00
    endloop
  endfacet
  facet normal 0.000000e+00 0.000000e+00 -1.000000e+00
    outer loop
      vertex   -2.032583e+01 8.529520e+01 0.000000e+00
      vertex   -1.753299e+01 1.057070e+02 0.000000e+00
      vertex   -1.701982e+01 1.058091e+02 0.000000e+00
    endloop
  endfacet
  facet normal 0.000000e+00 -0.000000e+00 -1.000000e+00
    outer loop
      vertex   -1.701982e+01 1.058091e+02 0.000000e+00
      vertex   -1.652437e+01 1.059773e+02 0.000000e+00
      vertex   -2.032583e+01 8.529520e+01 0.000000e+00
    endloop
  endfacet
  facet normal 0.000000e+00 0.000000e+00 -1.000000e+00
    outer loop
      vertex   -2.032583e+01 8.529520e+01 0.000000e+00
      vertex   -1.652437e+01 1.059773e+02 0.000000e+00
      vertex   -1.167417e+01 9.570480e+01 0.000000e+00
    endloop
  endfacet
  facet normal 0.000000e+00 0.000000e+00 -1.000000e+00
    outer loop
      vertex   -2.032583e+01 8.529520e+01 0.000000e+00
      vertex   -1.167417e+01 9.570480e+01 0.000000e+00
      vertex   -2.030000e+01 8.500000e+01 0.000000e+00
    endloop
  endfacet
  facet normal 0.000000e+00 0.000000e+00 -1.000000e+00
    outer loop
      vertex   -2.030000e+01 8.500000e+01 0.000000e+00
      vertex   -1.167417e+01 9.570480e+01 0.000000e+00
      vertex   -1.167417e+01 7.429520e+01 0.000000e+00
    endloop
  endfacet
  facet normal 0.000000e+00 -0.000000e+00 -1.000000e+00
    outer loop
      vertex   -2.030000e+01 8.500000e+01 0.000000e+00
      vertex   -1.167417e+01 7.429520e+01 0.000000e+00
      vertex   -2.032583e+01 8.470480e+01 0.000000e+00
    endloop
  endfacet
  facet normal 0.000000e+00 0.000000e+00 -1.000000e+00
    outer loop
      vertex   -2.032583e+01 8.470480e+01 0.000000e+00
      vertex   -1.167417e+01 7.429520e+01 0.000000e+00
      vertex   -1.652822e+01 6.402429e+01 0.000000e+00
    endloop
  endfacet
  facet normal 0.000000e+00 0.000000e+00 -1.000000e+00
    outer loop
      vertex   -2.032583e+01 8.470480e+01 0.000000e+00
      vertex   -1.652822e+01 6.402429e+01 0.000000e+00
      vertex   -1.702520e+01 6.419232e+01 0.000000e+00
    endloop
  endfacet
  facet normal 0.000000e+00 0.000000e+00 -1.000000e+00
    outer loop
      vertex   -1.167417e+01 9.570480e+01 0.000000e+00
      vertex   -1.652437e+01 1.059773e+02 0.000000e+00
      vertex   -1.170000e+01 9.600000e+01 0.000000e+00
    endloop
  endfacet
  facet normal 0.000000e+00 0.000000e+00 -1.000000e+00
    outer loop
      vertex   -1.170000e+01 9.600000e+01 0.000000e+00
      vertex   -1.652437e+01 1.059773e+02 0.000000e+00
      vertex   -1.605510e+01 1.062087e+02 0.000000e+00
    endloop
  endfacet
  facet normal 0.000000e+00 0.000000e+00 -1.000000e+00
    outer loop
      vertex   -1.170000e+01 9.600000e+01 0.000000e+00
      vertex   -1.605510e+01 1.062087e+02 0.000000e+00
      vertex   -1.562005e+01 1.064994e+02 0.000000e+00
    endloop
  endfacet
  facet normal 0.000000e+00 0.000000e+00 -1.000000e+00
    outer loop
      vertex   -1.562005e+01 1.064994e+02 0.000000e+00
      vertex   -1.522667e+01 1.068444e+02 0.000000e+00
      vertex   -1.170000e+01 9.600000e+01 0.000000e+00
    endloop
  endfacet
  facet normal 0.000000e+00 0.000000e+00 -1.000000e+00
    outer loop
      vertex   -1.170000e+01 9.600000e+01 0.000000e+00
      vertex   -1.522667e+01 1.068444e+02 0.000000e+00
      vertex   -1.500000e+01 1.070711e+02 0.000000e+00
    endloop
  endfacet
  facet normal 0.000000e+00 0.000000e+00 -1.000000e+00
    outer loop
      vertex   -1.170000e+01 9.600000e+01 0.000000e+00
      vertex   -1.500000e+01 1.070711e+02 0.000000e+00
      vertex   -1.167417e+01 9.629520e+01 0.000000e+00
    endloop
  endfacet
  facet normal 0.000000e+00 0.000000e+00 -1.000000e+00
    outer loop
      vertex   -1.167417e+01 9.629520e+01 0.000000e+00
      vertex   -1.500000e+01 1.070711e+02 0.000000e+00
      vertex   -1.159748e+01 9.658143e+01 0.000000e+00
    endloop
  endfacet
  facet normal 0.000000e+00 0.000000e+00 -1.000000e+00
    outer loop
      vertex   -1.159748e+01 9.658143e+01 0.000000e+00
      vertex   -1.500000e+01 1.070711e+02 0.000000e+00
      vertex   -1.147224e+01 9.685000e+01 0.000000e+00
    endloop
  endfacet
  facet normal 0.000000e+00 0.000000e+00 -1.000000e+00
    outer loop
      vertex   -1.147224e+01 9.685000e+01 0.000000e+00
      vertex   -1.500000e+01 1.070711e+02 0.000000e+00
      vertex   -1.130228e+01 9.709274e+01 0.000000e+00
    endloop
  endfacet
  facet normal 0.000000e+00 0.000000e+00 -1.000000e+00
    outer loop
      vertex   -1.130228e+01 9.709274e+01 0.000000e+00
      vertex   -1.500000e+01 1.070711e+02 0.000000e+00
      vertex   -1.109274e+01 9.730228e+01 0.000000e+00
    endloop
  endfacet
  facet normal 0.000000e+00 0.000000e+00 -1.000000e+00
    outer loop
      vertex   -1.109274e+01 9.730228e+01 0.000000e+00
      vertex   -1.500000e+01 1.070711e+02 0.000000e+00
      vertex   -1.085000e+01 9.747224e+01 0.000000e+00
    endloop
  endfacet
  facet normal 0.000000e+00 0.000000e+00 -1.000000e+00
    outer loop
      vertex   -1.085000e+01 9.747224e+01 0.000000e+00
      vertex   -1.500000e+01 1.070711e+02 0.000000e+00
      vertex   -1.058143e+01 9.759748e+01 0.000000e+00
    endloop
  endfacet
  facet normal 0.000000e+00 0.000000e+00 -1.000000e+00
    outer loop
      vertex   -1.058143e+01 9.759748e+01 0.000000e+00
      vertex   -1.500000e+01 1.070711e+02 0.000000e+00
      vertex   -6.700000e+00 1.100000e+02 0.000000e+00
    endloop
  endfacet
  facet normal 0.000000e+00 0.000000e+00 -1.000000e+00
    outer loop
      vertex   -1.058143e+01 9.759748e+01 0.000000e+00
      vertex   -6.700000e+00 1.100000e+02 0.000000e+00
      vertex   -1.029520e+01 9.767417e+01 0.000000e+00
    endloop
  endfacet
  facet normal 0.000000e+00 0.000000e+00 -1.000000e+00
    outer loop
      vertex   -1.029520e+01 9.767417e+01 0.000000e+00
      vertex   -6.700000e+00 1.100000e+02 0.000000e+00
      vertex   -1.000000e+01 9.770000e+01 0.000000e+00
    endloop
  endfacet
  facet normal 0.000000e+00 0.000000e+00 -1.000000e+00
    outer loop
      vertex   -1.000000e+01 9.770000e+01 0.000000e+00
      vertex   -6.700000e+00 1.100000e+02 0.000000e+00
      vertex   -9.704798e+00 9.767417e+01 0.000000e+00
    endloop
  endfacet
  facet normal 0.000000e+00 0.000000e+00 -1.000000e+00
    outer loop
      vertex   -9.704798e+00 9.767417e+01 0.000000e+00
      vertex   -6.700000e+00 1.100000e+02 0.000000e+00
      vertex   -9.418566e+00 9.759748e+01 0.000000e+00
    endloop
  endfacet
  facet normal 0.000000e+00 0.000000e+00 -1.000000e+00
    outer loop
      vertex   -9.418566e+00 9.759748e+01 0.000000e+00
      vertex   -6.700000e+00 1.100000e+02 0.000000e+00
      vertex   -6.674173e+00 1.097048e+02 0.000000e+00
    endloop
  endfacet
  facet normal 0.000000e+00 0.000000e+00 -1.000000e+00
    outer loop
      vertex   -9.418566e+00 9.759748e+01 0.000000e+00
      vertex   -6.674173e+00 1.097048e+02 0.000000e+00
      vertex   -9.150000e+00 9.747224e+01 0.000000e+00
    endloop
  endfacet
  facet normal 0.000000e+00 0.000000e+00 -1.000000e+00
    outer loop
      vertex   -9.150000e+00 9.747224e+01 0.000000e+00
      vertex   -6.674173e+00 1.097048e+02 0.000000e+00
      vertex   -8.907261e+00 9.730228e+01 0.000000e+00
    endloop
  endfacet
  facet normal 0.000000e+00 0.000000e+00 -1.000000e+00
    outer loop
      vertex   -8.907261e+00 9.730228e+01 0.000000e+00
      vertex   -6.674173e+00 1.097048e+02 0.000000e+00
      vertex   -6.597477e+00 1.094186e+02 0.000000e+00
    endloop
  endfacet
  facet normal 0.000000e+00 0.000000e+00 -1.000000e+00
    outer loop
      vertex   -8.907261e+00 9.730228e+01 0.000000e+00
      vertex   -6.597477e+00 1.094186e+02 0.000000e+00
      vertex   -8.697724e+00 9.709274e+01 0.000000e+00
    endloop
  endfacet
  facet normal 0.000000e+00 0.000000e+00 -1.000000e+00
    outer loop
      vertex   -8.697724e+00 9.709274e+01 0.000000e+00
      vertex   -6.597477e+00 1.094186e+02 0.000000e+00
      vertex   -8.527757e+00 9.685000e+01 0.000000e+00
    endloop
  endfacet
  facet normal 0.000000e+00 0.000000e+00 -1.000000e+00
    outer loop
      vertex   -8.527757e+00 9.685000e+01 0.000000e+00
      vertex   -6.597477e+00 1.094186e+02 0.000000e+00
      vertex   -6.472243e+00 1.091500e+02 0.000000e+00
    endloop
  endfacet
  facet normal 0.000000e+00 0.000000e+00 -1.000000e+00
    outer loop
      vertex   -8.527757e+00 9.685000e+01 0.000000e+00
      vertex   -6.472243e+00 1.091500e+02 0.000000e+00
      vertex   -8.402523e+00 9.658143e+01 0.000000e+00
    endloop
  endfacet
  facet normal 0.000000e+00 0.000000e+00 -1.000000e+00
    outer loop
      vertex   -8.402523e+00 9.658143e+01 0.000000e+00
      vertex   -6.472243e+00 1.091500e+02 0.000000e+00
      vertex   -6.302276e+00 1.089073e+02 0.000000e+00
    endloop
  endfacet
  facet normal 0.000000e+00 0.000000e+00 -1.000000e+00
    outer loop
      vertex   -8.402523e+00 9.658143e+01 0.000000e+00
      vertex   -6.302276e+00 1.089073e+02 0.000000e+00
      vertex   -6.092739e+00 1.086977e+02 0.000000e+00
    endloop
  endfacet
  facet normal 0.000000e+00 -0.000000e+00 -1.000000e+00
    outer loop
      vertex   -1.500000e+01 1.380000e+02 0.000000e+00
      vertex   -6.700000e+00 1.260000e+02 0.000000e+00
      vertex   -1.500000e+01 1.070711e+02 0.000000e+00
    endloop
  endfacet
  facet normal 0.000000e+00 0.000000e+00 -1.000000e+00
    outer loop
      vertex   -1.500000e+01 1.070711e+02 0.000000e+00
      vertex   -6.700000e+00 1.260000e+02 0.000000e+00
      vertex   -6.674173e+00 1.257048e+02 0.000000e+00
    endloop
  endfacet
  facet normal 0.000000e+00 0.000000e+00 -1.000000e+00
    outer loop
      vertex   -1.500000e+01 1.070711e+02 0.000000e+00
      vertex   -6.674173e+00 1.257048e+02 0.000000e+00
      vertex   -6.674173e+00 1.102952e+02 0.000000e+00
    endloop
  endfacet
  facet normal 0.000000e+00 0.000000e+00 -1.000000e+00
    outer loop
      vertex   -6.674173e+00 1.102952e+02 0.000000e+00
      vertex   -6.674173e+00 1.257048e+02 0.000000e+00
      vertex   -6.597477e+00 1.105814e+02 0.000000e+00
    endloop
  endfacet
  facet normal 0.000000e+00 0.000000e+00 -1.000000e+00
    outer loop
      vertex   -6.597477e+00 1.105814e+02 0.000000e+00
      vertex   -6.674173e+00 1.257048e+02 0.000000e+00
      vertex   -6.597477e+00 1.254186e+02 0.000000e+00
    endloop
  endfacet
  facet normal 0.000000e+00 0.000000e+00 -1.000000e+00
    outer loop
      vertex   -6.597477e+00 1.105814e+02 0.000000e+00
      vertex   -6.597477e+00 1.254186e+02 0.000000e+00
      vertex   -6.472243e+00 1.108500e+02 0.000000e+00
    endloop
  endfacet
  facet normal 0.000000e+00 0.000000e+00 -1.000000e+00
    outer loop
      vertex   -6.472243e+00 1.108500e+02 0.000000e+00
      vertex   -6.597477e+00 1.254186e+02 0.000000e+00
      vertex   -6.472243e+00 1.251500e+02 0.000000e+00
    endloop
  endfacet
  facet normal 0.000000e+00 0.000000e+00 -1.000000e+00
    outer loop
      vertex   -6.472243e+00 1.108500e+02 0.000000e+00
      vertex   -6.472243e+00 1.251500e+02 0.000000e+00
      vertex   -6.302276e+00 1.110927e+02 0.000000e+00
    endloop
  endfacet
  facet normal 0.000000e+00 0.000000e+00 -1.000000e+00
    outer loop
      vertex   -6.302276e+00 1.110927e+02 0.000000e+00
      vertex   -6.472243e+00 1.251500e+02 0.000000e+00
      vertex   -6.302276e+00 1.249073e+02 0.000000e+00
    endloop
  endfacet
  facet normal 0.000000e+00 0.000000e+00 -1.000000e+00
    outer loop
      vertex   -6.302276e+00 1.110927e+02 0.000000e+00
      vertex   -6.302276e+00 1.249073e+02 0.000000e+00
      vertex   -6.092739e+00 1.113023e+02 0.000000e+00
    endloop
  endfacet
  facet normal 0.000000e+00 0.000000e+00 -1.000000e+00
    outer loop
      vertex   -6.092739e+00 1.113023e+02 0.000000e+00
      vertex   -6.302276e+00 1.249073e+02 0.000000e+00
      vertex   -6.092739e+00 1.246977e+02 0.000000e+00
    endloop
  endfacet
  facet normal 0.000000e+00 0.000000e+00 -1.000000e+00
    outer loop
      vertex   -6.092739e+00 1.113023e+02 0.000000e+00
      vertex   -6.092739e+00 1.246977e+02 0.000000e+00
      vertex   -5.850000e+00 1.114722e+02 0.000000e+00
    endloop
  endfacet
  facet normal 0.000000e+00 0.000000e+00 -1.000000e+00
    outer loop
      vertex   -5.850000e+00 1.114722e+02 0.000000e+00
      vertex   -6.092739e+00 1.246977e+02 0.000000e+00
      vertex   -5.850000e+00 1.245278e+02 0.000000e+00
    endloop
  endfacet
  facet normal 0.000000e+00 0.000000e+00 -1.000000e+00
    outer loop
      vertex   -5.850000e+00 1.114722e+02 0.000000e+00
      vertex   -5.850000e+00 1.245278e+02 0.000000e+00
      vertex   -5.581434e+00 1.244025e+02 0.000000e+00
    endloop
  endfacet
  facet normal 0.000000e+00 0.000000e+00 -1.000000e+00
    outer loop
      vertex   -6.700000e+00 1.260000e+02 0.000000e+00
      vertex   -1.500000e+01 1.380000e+02 0.000000e+00
      vertex   -6.674173e+00 1.262952e+02 0.000000e+00
    endloop
  endfacet
  facet normal -1.387779e-16 -9.871512e-17 -1.000000e+00
    outer loop
      vertex   -6.674173e+00 1.262952e+02 0.000000e+00
      vertex   -1.500000e+01 1.380000e+02 0.000000e+00
      vertex   -7.000000e+00 1.380000e+02 -1.110223e-15
    endloop
  endfacet
  facet normal 3.206774e-16 -8.592525e-17 -1.000000e+00
    outer loop
      vertex   -6.674173e+00 1.262952e+02 0.000000e+00
      vertex   -7.000000e+00 1.380000e+02 -1.110223e-15
      vertex   -6.597477e+00 1.265814e+02 0.000000e+00
    endloop
  endfacet
  facet normal 1.938547e-16 -9.039595e-17 -1.000000e+00
    outer loop
      vertex   -6.597477e+00 1.265814e+02 0.000000e+00
      vertex   -7.000000e+00 1.380000e+02 -1.110223e-15
      vertex   -6.472243e+00 1.268500e+02 0.000000e+00
    endloop
  endfacet
  facet normal 1.331990e-16 -9.326694e-17 -1.000000e+00
    outer loop
      vertex   -6.472243e+00 1.268500e+02 0.000000e+00
      vertex   -7.000000e+00 1.380000e+02 -1.110223e-15
      vertex   -6.302276e+00 1.270927e+02 0.000000e+00
    endloop
  endfacet
  facet normal 8.855693e-18 -1.012210e-16 -1.000000e+00
    outer loop
      vertex   -6.302276e+00 1.270927e+02 0.000000e+00
      vertex   -7.000000e+00 1.380000e+02 -1.110223e-15
      vertex   -6.652704e+00 1.380304e+02 -1.110223e-15
    endloop
  endfacet
  facet normal 9.835363e-17 -9.835363e-17 -1.000000e+00
    outer loop
      vertex   -6.302276e+00 1.270927e+02 0.000000e+00
      vertex   -6.652704e+00 1.380304e+02 -1.110223e-15
      vertex   -6.092739e+00 1.273023e+02 0.000000e+00
    endloop
  endfacet
  facet normal 2.734687e-17 -1.020599e-16 -1.000000e+00
    outer loop
      vertex   -6.092739e+00 1.273023e+02 0.000000e+00
      vertex   -6.652704e+00 1.380304e+02 -1.110223e-15
      vertex   -6.315960e+00 1.381206e+02 -1.110223e-15
    endloop
  endfacet
  facet normal 7.083481e-17 -1.011626e-16 -1.000000e+00
    outer loop
      vertex   -6.092739e+00 1.273023e+02 0.000000e+00
      vertex   -6.315960e+00 1.381206e+02 -1.110223e-15
      vertex   -5.850000e+00 1.274722e+02 0.000000e+00
    endloop
  endfacet
  facet normal 4.764606e-17 -1.021773e-16 -1.000000e+00
    outer loop
      vertex   -5.850000e+00 1.274722e+02 0.000000e+00
      vertex   -6.315960e+00 1.381206e+02 -1.110223e-15
      vertex   -6.000000e+00 1.382679e+02 -1.110223e-15
    endloop
  endfacet
  facet normal 4.764606e-17 -1.021773e-16 -1.000000e+00
    outer loop
      vertex   -5.850000e+00 1.274722e+02 0.000000e+00
      vertex   -6.000000e+00 1.382679e+02 -1.110223e-15
      vertex   -5.581434e+00 1.275975e+02 0.000000e+00
    endloop
  endfacet
  facet normal 2.758914e-17 -1.029641e-16 -1.000000e+00
    outer loop
      vertex   -5.581434e+00 1.275975e+02 0.000000e+00
      vertex   -6.000000e+00 1.382679e+02 -1.110223e-15
      vertex   -5.295202e+00 1.276742e+02 0.000000e+00
    endloop
  endfacet
  facet normal 7.011516e-17 -1.001348e-16 -1.000000e+00
    outer loop
      vertex   -5.295202e+00 1.276742e+02 0.000000e+00
      vertex   -6.000000e+00 1.382679e+02 -1.110223e-15
      vertex   -5.714425e+00 1.384679e+02 -1.110223e-15
    endloop
  endfacet
  facet normal 8.968440e-18 -1.025097e-16 -1.000000e+00
    outer loop
      vertex   -5.295202e+00 1.276742e+02 0.000000e+00
      vertex   -5.714425e+00 1.384679e+02 -1.110223e-15
      vertex   -5.000000e+00 1.277000e+02 0.000000e+00
    endloop
  endfacet
  facet normal 9.668965e-17 -9.668965e-17 -1.000000e+00
    outer loop
      vertex   -5.000000e+00 1.277000e+02 0.000000e+00
      vertex   -5.714425e+00 1.384679e+02 -1.110223e-15
      vertex   -5.467911e+00 1.387144e+02 -1.110223e-15
    endloop
  endfacet
  facet normal -8.851509e-18 -1.011732e-16 -1.000000e+00
    outer loop
      vertex   -5.000000e+00 1.277000e+02 0.000000e+00
      vertex   -5.467911e+00 1.387144e+02 -1.110223e-15
      vertex   -4.704798e+00 1.276742e+02 0.000000e+00
    endloop
  endfacet
  facet normal 1.307132e-16 -9.152636e-17 -1.000000e+00
    outer loop
      vertex   -4.704798e+00 1.276742e+02 0.000000e+00
      vertex   -5.467911e+00 1.387144e+02 -1.110223e-15
      vertex   -5.267949e+00 1.390000e+02 -1.110223e-15
    endloop
  endfacet
  facet normal -2.662060e-17 -9.934943e-17 -1.000000e+00
    outer loop
      vertex   -4.704798e+00 1.276742e+02 0.000000e+00
      vertex   -5.267949e+00 1.390000e+02 -1.110223e-15
      vertex   -4.418566e+00 1.275975e+02 0.000000e+00
    endloop
  endfacet
  facet normal 1.800420e-16 -8.395496e-17 -1.000000e+00
    outer loop
      vertex   -4.418566e+00 1.275975e+02 0.000000e+00
      vertex   -5.267949e+00 1.390000e+02 -1.110223e-15
      vertex   -5.120615e+00 1.393160e+02 -1.110223e-15
    endloop
  endfacet
  facet normal -4.544820e-17 -9.746398e-17 -1.000000e+00
    outer loop
      vertex   -4.418566e+00 1.275975e+02 0.000000e+00
      vertex   -5.120615e+00 1.393160e+02 -1.110223e-15
      vertex   -4.150000e+00 1.274722e+02 0.000000e+00
    endloop
  endfacet
  facet normal -6.963280e-17 -9.944595e-17 -1.000000e+00
    outer loop
      vertex   -4.150000e+00 1.274722e+02 0.000000e+00
      vertex   -5.120615e+00 1.393160e+02 -1.110223e-15
      vertex   -3.907261e+00 1.273023e+02 0.000000e+00
    endloop
  endfacet
  facet normal 2.504784e-16 -6.711548e-17 -1.000000e+00
    outer loop
      vertex   -3.907261e+00 1.273023e+02 0.000000e+00
      vertex   -5.120615e+00 1.393160e+02 -1.110223e-15
      vertex   -5.030384e+00 1.396527e+02 -1.110223e-15
    endloop
  endfacet
  facet normal -9.888598e-17 -9.888598e-17 -1.000000e+00
    outer loop
      vertex   -3.907261e+00 1.273023e+02 0.000000e+00
      vertex   -5.030384e+00 1.396527e+02 -1.110223e-15
      vertex   -3.697724e+00 1.270927e+02 0.000000e+00
    endloop
  endfacet
  facet normal -1.487851e-16 -1.041805e-16 -1.000000e+00
    outer loop
      vertex   -3.697724e+00 1.270927e+02 0.000000e+00
      vertex   -5.030384e+00 1.396527e+02 -1.110223e-15
      vertex   -3.527757e+00 1.268500e+02 0.000000e+00
    endloop
  endfacet
  facet normal 4.233099e-16 -3.703482e-17 -1.000000e+00
    outer loop
      vertex   -3.527757e+00 1.268500e+02 0.000000e+00
      vertex   -5.030384e+00 1.396527e+02 -1.110223e-15
      vertex   -5.000000e+00 1.400000e+02 -1.110223e-15
    endloop
  endfacet
  facet normal -2.382605e-16 -1.111027e-16 -1.000000e+00
    outer loop
      vertex   -3.527757e+00 1.268500e+02 0.000000e+00
      vertex   -5.000000e+00 1.400000e+02 -1.110223e-15
      vertex   -3.402523e+00 1.265814e+02 0.000000e+00
    endloop
  endfacet
  facet normal -5.556626e-16 -1.488893e-16 -1.000000e+00
    outer loop
      vertex   -3.402523e+00 1.265814e+02 0.000000e+00
      vertex   -5.000000e+00 1.400000e+02 -1.110223e-15
      vertex   -3.325827e+00 1.262952e+02 0.000000e+00
    endloop
  endfacet
  facet normal 4.086097e-16 -3.109419e-17 -1.000000e+00
    outer loop
      vertex   -3.325827e+00 1.262952e+02 0.000000e+00
      vertex   -5.000000e+00 1.400000e+02 -1.110223e-15
      vertex   0.000000e+00 1.700000e+02 0.000000e+00
    endloop
  endfacet
  facet normal 0.000000e+00 0.000000e+00 -1.000000e+00
    outer loop
      vertex   -3.325827e+00 1.262952e+02 0.000000e+00
      vertex   0.000000e+00 1.700000e+02 0.000000e+00
      vertex   -3.300000e+00 1.260000e+02 0.000000e+00
    endloop
  endfacet
  facet normal 0.000000e+00 -0.000000e+00 -1.000000e+00
    outer loop
      vertex   -3.300000e+00 1.260000e+02 0.000000e+00
      vertex   0.000000e+00 1.700000e+02 0.000000e+00
      vertex   -3.300000e+00 1.100000e+02 0.000000e+00
    endloop
  endfacet
  facet normal 0.000000e+00 0.000000e+00 -1.000000e+00
    outer loop
      vertex   -3.300000e+00 1.260000e+02 0.000000e+00
      vertex   -3.300000e+00 1.100000e+02 0.000000e+00
      vertex   -3.325827e+00 1.257048e+02 0.000000e+00
    endloop
  endfacet
  facet normal 0.000000e+00 -0.000000e+00 -1.000000e+00
    outer loop
      vertex   -3.325827e+00 1.257048e+02 0.000000e+00
      vertex   -3.300000e+00 1.100000e+02 0.000000e+00
      vertex   -3.325827e+00 1.102952e+02 0.000000e+00
    endloop
  endfacet
  facet normal 0.000000e+00 0.000000e+00 -1.000000e+00
    outer loop
      vertex   -3.325827e+00 1.257048e+02 0.000000e+00
      vertex   -3.325827e+00 1.102952e+02 0.000000e+00
      vertex   -3.402523e+00 1.254186e+02 0.000000e+00
    endloop
  endfacet
  facet normal 0.000000e+00 -0.000000e+00 -1.000000e+00
    outer loop
      vertex   -3.402523e+00 1.254186e+02 0.000000e+00
      vertex   -3.325827e+00 1.102952e+02 0.000000e+00
      vertex   -3.402523e+00 1.105814e+02 0.000000e+00
    endloop
  endfacet
  facet normal 0.000000e+00 0.000000e+00 -1.000000e+00
    outer loop
      vertex   -3.402523e+00 1.254186e+02 0.000000e+00
      vertex   -3.402523e+00 1.105814e+02 0.000000e+00
      vertex   -3.527757e+00 1.251500e+02 0.000000e+00
    endloop
  endfacet
  facet normal 0.000000e+00 -0.000000e+00 -1.000000e+00
    outer loop
      vertex   -3.527757e+00 1.251500e+02 0.000000e+00
      vertex   -3.402523e+00 1.105814e+02 0.000000e+00
      vertex   -3.527757e+00 1.108500e+02 0.000000e+00
    endloop
  endfacet
  facet normal 0.000000e+00 0.000000e+00 -1.000000e+00
    outer loop
      vertex   -3.527757e+00 1.251500e+02 0.000000e+00
      vertex   -3.527757e+00 1.108500e+02 0.000000e+00
      vertex   -3.697724e+00 1.249073e+02 0.000000e+00
    endloop
  endfacet
  facet normal 0.000000e+00 -0.000000e+00 -1.000000e+00
    outer loop
      vertex   -3.697724e+00 1.249073e+02 0.000000e+00
      vertex   -3.527757e+00 1.108500e+02 0.000000e+00
      vertex   -3.697724e+00 1.110927e+02 0.000000e+00
    endloop
  endfacet
  facet normal 0.000000e+00 0.000000e+00 -1.000000e+00
    outer loop
      vertex   -3.697724e+00 1.249073e+02 0.000000e+00
      vertex   -3.697724e+00 1.110927e+02 0.000000e+00
      vertex   -3.907261e+00 1.246977e+02 0.000000e+00
    endloop
  endfacet
  facet normal 0.000000e+00 -0.000000e+00 -1.000000e+00
    outer loop
      vertex   -3.907261e+00 1.246977e+02 0.000000e+00
      vertex   -3.697724e+00 1.110927e+02 0.000000e+00
      vertex   -3.907261e+00 1.113023e+02 0.000000e+00
    endloop
  endfacet
  facet normal 0.000000e+00 0.000000e+00 -1.000000e+00
    outer loop
      vertex   -3.907261e+00 1.246977e+02 0.000000e+00
      vertex   -3.907261e+00 1.113023e+02 0.000000e+00
      vertex   -4.150000e+00 1.245278e+02 0.000000e+00
    endloop
  endfacet
  facet normal 0.000000e+00 -0.000000e+00 -1.000000e+00
    outer loop
      vertex   -4.150000e+00 1.245278e+02 0.000000e+00
      vertex   -3.907261e+00 1.113023e+02 0.000000e+00
      vertex   -4.150000e+00 1.114722e+02 0.000000e+00
    endloop
  endfacet
  facet normal 0.000000e+00 0.000000e+00 -1.000000e+00
    outer loop
      vertex   -4.150000e+00 1.245278e+02 0.000000e+00
      vertex   -4.150000e+00 1.114722e+02 0.000000e+00
      vertex   -4.418566e+00 1.244025e+02 0.000000e+00
    endloop
  endfacet
  facet normal 0.000000e+00 -0.000000e+00 -1.000000e+00
    outer loop
      vertex   -4.418566e+00 1.244025e+02 0.000000e+00
      vertex   -4.150000e+00 1.114722e+02 0.000000e+00
      vertex   -4.418566e+00 1.115975e+02 0.000000e+00
    endloop
  endfacet
  facet normal 0.000000e+00 0.000000e+00 -1.000000e+00
    outer loop
      vertex   -4.418566e+00 1.244025e+02 0.000000e+00
      vertex   -4.418566e+00 1.115975e+02 0.000000e+00
      vertex   -4.704798e+00 1.243258e+02 0.000000e+00
    endloop
  endfacet
  facet normal 0.000000e+00 -0.000000e+00 -1.000000e+00
    outer loop
      vertex   -4.704798e+00 1.243258e+02 0.000000e+00
      vertex   -4.418566e+00 1.115975e+02 0.000000e+00
      vertex   -4.704798e+00 1.116742e+02 0.000000e+00
    endloop
  endfacet
  facet normal 0.000000e+00 0.000000e+00 -1.000000e+00
    outer loop
      vertex   -4.704798e+00 1.243258e+02 0.000000e+00
      vertex   -4.704798e+00 1.116742e+02 0.000000e+00
      vertex   -5.000000e+00 1.243000e+02 0.000000e+00
    endloop
  endfacet
  facet normal 0.000000e+00 0.000000e+00 -1.000000e+00
    outer loop
      vertex   -5.000000e+00 1.243000e+02 0.000000e+00
      vertex   -4.704798e+00 1.116742e+02 0.000000e+00
      vertex   -5.000000e+00 1.117000e+02 0.000000e+00
    endloop
  endfacet
  facet normal 0.000000e+00 -0.000000e+00 -1.000000e+00
    outer loop
      vertex   -5.000000e+00 1.243000e+02 0.000000e+00
      vertex   -5.000000e+00 1.117000e+02 0.000000e+00
      vertex   -5.295202e+00 1.116742e+02 0.000000e+00
    endloop
  endfacet
  facet normal -3.169305e-16 8.982919e-17 -1.000000e+00
    outer loop
      vertex   -5.000000e+00 1.400000e+02 -1.110223e-15
      vertex   -5.000000e+00 1.523593e+02 0.000000e+00
      vertex   0.000000e+00 1.700000e+02 0.000000e+00
    endloop
  endfacet
  facet normal 0.000000e+00 0.000000e+00 -1.000000e+00
    outer loop
      vertex   0.000000e+00 1.700000e+02 0.000000e+00
      vertex   -5.000000e+00 1.523593e+02 0.000000e+00
      vertex   -5.013701e+00 1.525242e+02 0.000000e+00
    endloop
  endfacet
  facet normal 0.000000e+00 0.000000e+00 -1.000000e+00
    outer loop
      vertex   0.000000e+00 1.700000e+02 0.000000e+00
      vertex   -5.013701e+00 1.525242e+02 0.000000e+00
      vertex   -5.054429e+00 1.526847e+02 0.000000e+00
    endloop
  endfacet
  facet normal 0.000000e+00 0.000000e+00 -1.000000e+00
    outer loop
      vertex   -5.054429e+00 1.526847e+02 0.000000e+00
      vertex   -5.121069e+00 1.528362e+02 0.000000e+00
      vertex   0.000000e+00 1.700000e+02 0.000000e+00
    endloop
  endfacet
  facet normal 0.000000e+00 0.000000e+00 -1.000000e+00
    outer loop
      vertex   0.000000e+00 1.700000e+02 0.000000e+00
      vertex   -5.121069e+00 1.528362e+02 0.000000e+00
      vertex   -5.211793e+00 1.529747e+02 0.000000e+00
    endloop
  endfacet
  facet normal 0.000000e+00 0.000000e+00 -1.000000e+00
    outer loop
      vertex   0.000000e+00 1.700000e+02 0.000000e+00
      vertex   -5.211793e+00 1.529747e+02 0.000000e+00
      vertex   -5.324116e+00 1.530963e+02 0.000000e+00
    endloop
  endfacet
  facet normal 0.000000e+00 0.000000e+00 -1.000000e+00
    outer loop
      vertex   -5.324116e+00 1.530963e+02 0.000000e+00
      vertex   -5.454959e+00 1.531977e+02 0.000000e+00
      vertex   0.000000e+00 1.700000e+02 0.000000e+00
    endloop
  endfacet
  facet normal 0.000000e+00 0.000000e+00 -1.000000e+00
    outer loop
      vertex   0.000000e+00 1.700000e+02 0.000000e+00
      vertex   -5.454959e+00 1.531977e+02 0.000000e+00
      vertex   -5.600739e+00 1.532761e+02 0.000000e+00
    endloop
  endfacet
  facet normal 0.000000e+00 0.000000e+00 -1.000000e+00
    outer loop
      vertex   0.000000e+00 1.700000e+02 0.000000e+00
      vertex   -5.600739e+00 1.532761e+02 0.000000e+00
      vertex   -5.757459e+00 1.533294e+02 0.000000e+00
    endloop
  endfacet
  facet normal 0.000000e+00 0.000000e+00 -1.000000e+00
    outer loop
      vertex   -5.757459e+00 1.533294e+02 0.000000e+00
      vertex   -5.920825e+00 1.533561e+02 0.000000e+00
      vertex   0.000000e+00 1.700000e+02 0.000000e+00
    endloop
  endfacet
  facet normal 0.000000e+00 0.000000e+00 -1.000000e+00
    outer loop
      vertex   0.000000e+00 1.700000e+02 0.000000e+00
      vertex   -5.920825e+00 1.533561e+02 0.000000e+00
      vertex   -6.086361e+00 1.533555e+02 0.000000e+00
    endloop
  endfacet
  facet normal 0.000000e+00 0.000000e+00 -1.000000e+00
    outer loop
      vertex   0.000000e+00 1.700000e+02 0.000000e+00
      vertex   -6.086361e+00 1.533555e+02 0.000000e+00
      vertex   -6.249530e+00 1.533276e+02 0.000000e+00
    endloop
  endfacet
  facet normal -0.000000e+00 0.000000e+00 -1.000000e+00
    outer loop
      vertex   -6.249530e+00 1.533276e+02 0.000000e+00
      vertex   -6.405862e+00 1.532732e+02 0.000000e+00
      vertex   0.000000e+00 1.700000e+02 0.000000e+00
    endloop
  endfacet
  facet normal 0.000000e+00 0.000000e+00 -1.000000e+00
    outer loop
      vertex   0.000000e+00 1.700000e+02 0.000000e+00
      vertex   -6.405862e+00 1.532732e+02 0.000000e+00
      vertex   -6.551072e+00 1.531937e+02 0.000000e+00
    endloop
  endfacet
  facet normal 0.000000e+00 0.000000e+00 -1.000000e+00
    outer loop
      vertex   0.000000e+00 1.700000e+02 0.000000e+00
      vertex   -6.551072e+00 1.531937e+02 0.000000e+00
      vertex   -6.681181e+00 1.530914e+02 0.000000e+00
    endloop
  endfacet
  facet normal -0.000000e+00 0.000000e+00 -1.000000e+00
    outer loop
      vertex   -6.681181e+00 1.530914e+02 0.000000e+00
      vertex   -6.792624e+00 1.529690e+02 0.000000e+00
      vertex   0.000000e+00 1.700000e+02 0.000000e+00
    endloop
  endfacet
  facet normal 0.000000e+00 0.000000e+00 -1.000000e+00
    outer loop
      vertex   0.000000e+00 1.700000e+02 0.000000e+00
      vertex   -6.792624e+00 1.529690e+02 0.000000e+00
      vertex   -1.685639e+01 1.480867e+02 0.000000e+00
    endloop
  endfacet
  facet normal 0.000000e+00 -0.000000e+00 -1.000000e+00
    outer loop
      vertex   0.000000e+00 1.700000e+02 0.000000e+00
      vertex   0.000000e+00 0.000000e+00 0.000000e+00
      vertex   -3.300000e+00 1.100000e+02 0.000000e+00
    endloop
  endfacet
  facet normal 0.000000e+00 0.000000e+00 -1.000000e+00
    outer loop
      vertex   -3.300000e+00 1.100000e+02 0.000000e+00
      vertex   0.000000e+00 0.000000e+00 0.000000e+00
      vertex   -3.300000e+00 6.000000e+01 0.000000e+00
    endloop
  endfacet
  facet normal 0.000000e+00 -0.000000e+00 -1.000000e+00
    outer loop
      vertex   -3.300000e+00 1.100000e+02 0.000000e+00
      vertex   -3.300000e+00 6.000000e+01 0.000000e+00
      vertex   -3.325827e+00 1.097048e+02 0.000000e+00
    endloop
  endfacet
  facet normal 0.000000e+00 0.000000e+00 -1.000000e+00
    outer loop
      vertex   -3.325827e+00 1.097048e+02 0.000000e+00
      vertex   -3.300000e+00 6.000000e+01 0.000000e+00
      vertex   -3.325827e+00 6.029520e+01 0.000000e+00
    endloop
  endfacet
  facet normal 0.000000e+00 -0.000000e+00 -1.000000e+00
    outer loop
      vertex   -3.325827e+00 1.097048e+02 0.000000e+00
      vertex   -3.325827e+00 6.029520e+01 0.000000e+00
      vertex   -3.402523e+00 1.094186e+02 0.000000e+00
    endloop
  endfacet
  facet normal 0.000000e+00 0.000000e+00 -1.000000e+00
    outer loop
      vertex   -3.402523e+00 1.094186e+02 0.000000e+00
      vertex   -3.325827e+00 6.029520e+01 0.000000e+00
      vertex   -3.402523e+00 6.058143e+01 0.000000e+00
    endloop
  endfacet
  facet normal 0.000000e+00 -0.000000e+00 -1.000000e+00
    outer loop
      vertex   -3.402523e+00 1.094186e+02 0.000000e+00
      vertex   -3.402523e+00 6.058143e+01 0.000000e+00
      vertex   -3.527757e+00 1.091500e+02 0.000000e+00
    endloop
  endfacet
  facet normal 0.000000e+00 0.000000e+00 -1.000000e+00
    outer loop
      vertex   -3.527757e+00 1.091500e+02 0.000000e+00
      vertex   -3.402523e+00 6.058143e+01 0.000000e+00
      vertex   -3.527757e+00 6.085000e+01 0.000000e+00
    endloop
  endfacet
  facet normal 0.000000e+00 -0.000000e+00 -1.000000e+00
    outer loop
      vertex   -3.527757e+00 1.091500e+02 0.000000e+00
      vertex   -3.527757e+00 6.085000e+01 0.000000e+00
      vertex   -3.697724e+00 1.089073e+02 0.000000e+00
    endloop
  endfacet
  facet normal 0.000000e+00 0.000000e+00 -1.000000e+00
    outer loop
      vertex   -3.697724e+00 1.089073e+02 0.000000e+00
      vertex   -3.527757e+00 6.085000e+01 0.000000e+00
      vertex   -3.697724e+00 6.109274e+01 0.000000e+00
    endloop
  endfacet
  facet normal 0.000000e+00 -0.000000e+00 -1.000000e+00
    outer loop
      vertex   -3.697724e+00 1.089073e+02 0.000000e+00
      vertex   -3.697724e+00 6.109274e+01 0.000000e+00
      vertex   -3.907261e+00 1.086977e+02 0.000000e+00
    endloop
  endfacet
  facet normal 0.000000e+00 0.000000e+00 -1.000000e+00
    outer loop
      vertex   -3.907261e+00 1.086977e+02 0.000000e+00
      vertex   -3.697724e+00 6.109274e+01 0.000000e+00
      vertex   -3.907261e+00 6.130228e+01 0.000000e+00
    endloop
  endfacet
  facet normal 0.000000e+00 -0.000000e+00 -1.000000e+00
    outer loop
      vertex   -3.907261e+00 1.086977e+02 0.000000e+00
      vertex   -3.907261e+00 6.130228e+01 0.000000e+00
      vertex   -8.325827e+00 9.570480e+01 0.000000e+00
    endloop
  endfacet
  facet normal 0.000000e+00 0.000000e+00 -1.000000e+00
    outer loop
      vertex   -8.325827e+00 9.570480e+01 0.000000e+00
      vertex   -3.907261e+00 6.130228e+01 0.000000e+00
      vertex   -8.325827e+00 7.429520e+01 0.000000e+00
    endloop
  endfacet
  facet normal 0.000000e+00 -0.000000e+00 -1.000000e+00
    outer loop
      vertex   -8.325827e+00 9.570480e+01 0.000000e+00
      vertex   -8.325827e+00 7.429520e+01 0.000000e+00
      vertex   -8.402523e+00 7.458143e+01 0.000000e+00
    endloop
  endfacet
  facet normal 0.000000e+00 0.000000e+00 -1.000000e+00
    outer loop
      vertex   -4.885000e+01 4.400000e+01 0.000000e+00
      vertex   -1.685639e+01 2.191331e+01 0.000000e+00
      vertex   0.000000e+00 0.000000e+00 0.000000e+00
    endloop
  endfacet
  facet normal 0.000000e+00 0.000000e+00 -1.000000e+00
    outer loop
      vertex   0.000000e+00 0.000000e+00 0.000000e+00
      vertex   -1.685639e+01 2.191331e+01 0.000000e+00
      vertex   -6.792624e+00 1.703102e+01 0.000000e+00
    endloop
  endfacet
  facet normal 0.000000e+00 0.000000e+00 -1.000000e+00
    outer loop
      vertex   0.000000e+00 0.000000e+00 0.000000e+00
      vertex   -6.792624e+00 1.703102e+01 0.000000e+00
      vertex   -6.681181e+00 1.690862e+01 0.000000e+00
    endloop
  endfacet
  facet normal 0.000000e+00 0.000000e+00 -1.000000e+00
    outer loop
      vertex   0.000000e+00 1.700000e+02 0.000000e+00
      vertex   -1.685945e+01 1.480852e+02 0.000000e+00
      vertex   -4.885000e+01 1.260000e+02 0.000000e+00
    endloop
  endfacet
  facet normal -2.069352e-16 2.997468e-16 -1.000000e+00
    outer loop
      vertex   -4.885000e+01 1.260000e+02 0.000000e+00
      vertex   -1.685945e+01 1.480852e+02 0.000000e+00
      vertex   -3.446758e+01 1.322253e+02 -1.110223e-15
    endloop
  endfacet
  facet normal -1.325925e-16 1.279908e-16 -1.000000e+00
    outer loop
      vertex   -4.885000e+01 1.260000e+02 0.000000e+00
      vertex   -3.446758e+01 1.322253e+02 -1.110223e-15
      vertex   -3.475839e+01 1.319240e+02 -1.110223e-15
    endloop
  endfacet
  facet normal 0.000000e+00 0.000000e+00 -1.000000e+00
    outer loop
      vertex   -6.681181e+00 1.690862e+01 0.000000e+00
      vertex   -6.551072e+00 1.680627e+01 0.000000e+00
      vertex   0.000000e+00 0.000000e+00 0.000000e+00
    endloop
  endfacet
  facet normal 0.000000e+00 0.000000e+00 -1.000000e+00
    outer loop
      vertex   0.000000e+00 0.000000e+00 0.000000e+00
      vertex   -6.551072e+00 1.680627e+01 0.000000e+00
      vertex   -6.405862e+00 1.672680e+01 0.000000e+00
    endloop
  endfacet
  facet normal 0.000000e+00 0.000000e+00 -1.000000e+00
    outer loop
      vertex   0.000000e+00 0.000000e+00 0.000000e+00
      vertex   -6.405862e+00 1.672680e+01 0.000000e+00
      vertex   -6.249530e+00 1.667236e+01 0.000000e+00
    endloop
  endfacet
  facet normal 0.000000e+00 0.000000e+00 -1.000000e+00
    outer loop
      vertex   -6.249530e+00 1.667236e+01 0.000000e+00
      vertex   -6.086361e+00 1.664447e+01 0.000000e+00
      vertex   0.000000e+00 0.000000e+00 0.000000e+00
    endloop
  endfacet
  facet normal 0.000000e+00 0.000000e+00 -1.000000e+00
    outer loop
      vertex   0.000000e+00 0.000000e+00 0.000000e+00
      vertex   -6.086361e+00 1.664447e+01 0.000000e+00
      vertex   -5.920825e+00 1.664387e+01 0.000000e+00
    endloop
  endfacet
  facet normal 0.000000e+00 0.000000e+00 -1.000000e+00
    outer loop
      vertex   0.000000e+00 0.000000e+00 0.000000e+00
      vertex   -5.920825e+00 1.664387e+01 0.000000e+00
      vertex   -5.757459e+00 1.667059e+01 0.000000e+00
    endloop
  endfacet
  facet normal 0.000000e+00 0.000000e+00 -1.000000e+00
    outer loop
      vertex   -5.757459e+00 1.667059e+01 0.000000e+00
      vertex   -5.600739e+00 1.672389e+01 0.000000e+00
      vertex   0.000000e+00 0.000000e+00 0.000000e+00
    endloop
  endfacet
  facet normal 0.000000e+00 0.000000e+00 -1.000000e+00
    outer loop
      vertex   0.000000e+00 0.000000e+00 0.000000e+00
      vertex   -5.600739e+00 1.672389e+01 0.000000e+00
      vertex   -5.454959e+00 1.680232e+01 0.000000e+00
    endloop
  endfacet
  facet normal 0.000000e+00 0.000000e+00 -1.000000e+00
    outer loop
      vertex   0.000000e+00 0.000000e+00 0.000000e+00
      vertex   -5.454959e+00 1.680232e+01 0.000000e+00
      vertex   -5.324116e+00 1.690372e+01 0.000000e+00
    endloop
  endfacet
  facet normal 0.000000e+00 0.000000e+00 -1.000000e+00
    outer loop
      vertex   -5.324116e+00 1.690372e+01 0.000000e+00
      vertex   -5.211793e+00 1.702532e+01 0.000000e+00
      vertex   0.000000e+00 0.000000e+00 0.000000e+00
    endloop
  endfacet
  facet normal 0.000000e+00 0.000000e+00 -1.000000e+00
    outer loop
      vertex   0.000000e+00 0.000000e+00 0.000000e+00
      vertex   -5.211793e+00 1.702532e+01 0.000000e+00
      vertex   -5.121069e+00 1.716378e+01 0.000000e+00
    endloop
  endfacet
  facet normal 0.000000e+00 0.000000e+00 -1.000000e+00
    outer loop
      vertex   0.000000e+00 0.000000e+00 0.000000e+00
      vertex   -5.121069e+00 1.716378e+01 0.000000e+00
      vertex   -5.054429e+00 1.731531e+01 0.000000e+00
    endloop
  endfacet
  facet normal 0.000000e+00 0.000000e+00 -1.000000e+00
    outer loop
      vertex   -5.054429e+00 1.731531e+01 0.000000e+00
      vertex   -5.013701e+00 1.747576e+01 0.000000e+00
      vertex   0.000000e+00 0.000000e+00 0.000000e+00
    endloop
  endfacet
  facet normal 0.000000e+00 0.000000e+00 -1.000000e+00
    outer loop
      vertex   0.000000e+00 0.000000e+00 0.000000e+00
      vertex   -5.013701e+00 1.747576e+01 0.000000e+00
      vertex   -5.000000e+00 1.764073e+01 0.000000e+00
    endloop
  endfacet
  facet normal -3.169305e-16 -8.982919e-17 -1.000000e+00
    outer loop
      vertex   0.000000e+00 0.000000e+00 0.000000e+00
      vertex   -5.000000e+00 1.764073e+01 0.000000e+00
      vertex   -5.000000e+00 3.000000e+01 -1.110223e-15
    endloop
  endfacet
  facet normal 4.233099e-16 3.703482e-17 -1.000000e+00
    outer loop
      vertex   -5.030384e+00 3.034730e+01 -1.110223e-15
      vertex   -3.527757e+00 4.315000e+01 0.000000e+00
      vertex   -5.000000e+00 3.000000e+01 -1.110223e-15
    endloop
  endfacet
  facet normal -2.382605e-16 1.111027e-16 -1.000000e+00
    outer loop
      vertex   -5.000000e+00 3.000000e+01 -1.110223e-15
      vertex   -3.527757e+00 4.315000e+01 0.000000e+00
      vertex   -3.402523e+00 4.341857e+01 0.000000e+00
    endloop
  endfacet
  facet normal -5.556626e-16 1.488893e-16 -1.000000e+00
    outer loop
      vertex   -5.000000e+00 3.000000e+01 -1.110223e-15
      vertex   -3.402523e+00 4.341857e+01 0.000000e+00
      vertex   -3.325827e+00 4.370480e+01 0.000000e+00
    endloop
  endfacet
  facet normal 2.504784e-16 6.711548e-17 -1.000000e+00
    outer loop
      vertex   -5.120615e+00 3.068404e+01 -1.110223e-15
      vertex   -3.907261e+00 4.269772e+01 0.000000e+00
      vertex   -5.030384e+00 3.034730e+01 -1.110223e-15
    endloop
  endfacet
  facet normal -9.888598e-17 9.888598e-17 -1.000000e+00
    outer loop
      vertex   -5.030384e+00 3.034730e+01 -1.110223e-15
      vertex   -3.907261e+00 4.269772e+01 0.000000e+00
      vertex   -3.697724e+00 4.290726e+01 0.000000e+00
    endloop
  endfacet
  facet normal -1.487851e-16 1.041805e-16 -1.000000e+00
    outer loop
      vertex   -5.030384e+00 3.034730e+01 -1.110223e-15
      vertex   -3.697724e+00 4.290726e+01 0.000000e+00
      vertex   -3.527757e+00 4.315000e+01 0.000000e+00
    endloop
  endfacet
  facet normal 1.800420e-16 8.395496e-17 -1.000000e+00
    outer loop
      vertex   -5.267949e+00 3.100000e+01 -1.110223e-15
      vertex   -4.418566e+00 4.240252e+01 0.000000e+00
      vertex   -5.120615e+00 3.068404e+01 -1.110223e-15
    endloop
  endfacet
  facet normal -4.544820e-17 9.746398e-17 -1.000000e+00
    outer loop
      vertex   -5.120615e+00 3.068404e+01 -1.110223e-15
      vertex   -4.418566e+00 4.240252e+01 0.000000e+00
      vertex   -4.150000e+00 4.252776e+01 0.000000e+00
    endloop
  endfacet
  facet normal -6.963280e-17 9.944595e-17 -1.000000e+00
    outer loop
      vertex   -5.120615e+00 3.068404e+01 -1.110223e-15
      vertex   -4.150000e+00 4.252776e+01 0.000000e+00
      vertex   -3.907261e+00 4.269772e+01 0.000000e+00
    endloop
  endfacet
  facet normal -2.662060e-17 9.934943e-17 -1.000000e+00
    outer loop
      vertex   -4.418566e+00 4.240252e+01 0.000000e+00
      vertex   -5.267949e+00 3.100000e+01 -1.110223e-15
      vertex   -4.704798e+00 4.232583e+01 0.000000e+00
    endloop
  endfacet
  facet normal 1.307132e-16 9.152636e-17 -1.000000e+00
    outer loop
      vertex   -4.704798e+00 4.232583e+01 0.000000e+00
      vertex   -5.267949e+00 3.100000e+01 -1.110223e-15
      vertex   -5.467911e+00 3.128558e+01 -1.110223e-15
    endloop
  endfacet
  facet normal -8.851509e-18 1.011732e-16 -1.000000e+00
    outer loop
      vertex   -4.704798e+00 4.232583e+01 0.000000e+00
      vertex   -5.467911e+00 3.128558e+01 -1.110223e-15
      vertex   -5.000000e+00 4.230000e+01 0.000000e+00
    endloop
  endfacet
  facet normal 9.668965e-17 9.668965e-17 -1.000000e+00
    outer loop
      vertex   -5.000000e+00 4.230000e+01 0.000000e+00
      vertex   -5.467911e+00 3.128558e+01 -1.110223e-15
      vertex   -5.714425e+00 3.153209e+01 -1.110223e-15
    endloop
  endfacet
  facet normal 8.968440e-18 1.025097e-16 -1.000000e+00
    outer loop
      vertex   -5.000000e+00 4.230000e+01 0.000000e+00
      vertex   -5.714425e+00 3.153209e+01 -1.110223e-15
      vertex   -5.295202e+00 4.232583e+01 0.000000e+00
    endloop
  endfacet
  facet normal 7.011516e-17 1.001348e-16 -1.000000e+00
    outer loop
      vertex   -5.295202e+00 4.232583e+01 0.000000e+00
      vertex   -5.714425e+00 3.153209e+01 -1.110223e-15
      vertex   -6.000000e+00 3.173205e+01 -1.110223e-15
    endloop
  endfacet
  facet normal 2.758914e-17 1.029641e-16 -1.000000e+00
    outer loop
      vertex   -5.295202e+00 4.232583e+01 0.000000e+00
      vertex   -6.000000e+00 3.173205e+01 -1.110223e-15
      vertex   -5.581434e+00 4.240252e+01 0.000000e+00
    endloop
  endfacet
  facet normal 4.764606e-17 1.021773e-16 -1.000000e+00
    outer loop
      vertex   -5.581434e+00 4.240252e+01 0.000000e+00
      vertex   -6.000000e+00 3.173205e+01 -1.110223e-15
      vertex   -5.850000e+00 4.252776e+01 0.000000e+00
    endloop
  endfacet
  facet normal 4.764606e-17 1.021773e-16 -1.000000e+00
    outer loop
      vertex   -5.850000e+00 4.252776e+01 0.000000e+00
      vertex   -6.000000e+00 3.173205e+01 -1.110223e-15
      vertex   -6.315960e+00 3.187939e+01 -1.110223e-15
    endloop
  endfacet
  facet normal 7.083481e-17 1.011626e-16 -1.000000e+00
    outer loop
      vertex   -5.850000e+00 4.252776e+01 0.000000e+00
      vertex   -6.315960e+00 3.187939e+01 -1.110223e-15
      vertex   -6.092739e+00 4.269772e+01 0.000000e+00
    endloop
  endfacet
  facet normal 2.734687e-17 1.020599e-16 -1.000000e+00
    outer loop
      vertex   -6.092739e+00 4.269772e+01 0.000000e+00
      vertex   -6.315960e+00 3.187939e+01 -1.110223e-15
      vertex   -6.652704e+00 3.196962e+01 -1.110223e-15
    endloop
  endfacet
  facet normal 9.835363e-17 9.835363e-17 -1.000000e+00
    outer loop
      vertex   -6.092739e+00 4.269772e+01 0.000000e+00
      vertex   -6.652704e+00 3.196962e+01 -1.110223e-15
      vertex   -6.302276e+00 4.290726e+01 0.000000e+00
    endloop
  endfacet
  facet normal 8.855693e-18 1.012210e-16 -1.000000e+00
    outer loop
      vertex   -6.302276e+00 4.290726e+01 0.000000e+00
      vertex   -6.652704e+00 3.196962e+01 -1.110223e-15
      vertex   -7.000000e+00 3.200000e+01 -1.110223e-15
    endloop
  endfacet
  facet normal 1.331990e-16 9.326694e-17 -1.000000e+00
    outer loop
      vertex   -6.302276e+00 4.290726e+01 0.000000e+00
      vertex   -7.000000e+00 3.200000e+01 -1.110223e-15
      vertex   -6.472243e+00 4.315000e+01 0.000000e+00
    endloop
  endfacet
  facet normal 1.938547e-16 9.039595e-17 -1.000000e+00
    outer loop
      vertex   -6.472243e+00 4.315000e+01 0.000000e+00
      vertex   -7.000000e+00 3.200000e+01 -1.110223e-15
      vertex   -6.597477e+00 4.341857e+01 0.000000e+00
    endloop
  endfacet
  facet normal 3.206774e-16 8.592525e-17 -1.000000e+00
    outer loop
      vertex   -6.597477e+00 4.341857e+01 0.000000e+00
      vertex   -7.000000e+00 3.200000e+01 -1.110223e-15
      vertex   -6.674173e+00 4.370480e+01 0.000000e+00
    endloop
  endfacet
  facet normal -1.387779e-16 9.871512e-17 -1.000000e+00
    outer loop
      vertex   -6.674173e+00 4.370480e+01 0.000000e+00
      vertex   -7.000000e+00 3.200000e+01 -1.110223e-15
      vertex   -1.500000e+01 3.200000e+01 0.000000e+00
    endloop
  endfacet
  facet normal -0.000000e+00 0.000000e+00 -1.000000e+00
    outer loop
      vertex   -6.674173e+00 4.370480e+01 0.000000e+00
      vertex   -1.500000e+01 3.200000e+01 0.000000e+00
      vertex   -6.700000e+00 4.400000e+01 0.000000e+00
    endloop
  endfacet
  facet normal -0.000000e+00 0.000000e+00 -1.000000e+00
    outer loop
      vertex   -6.700000e+00 4.400000e+01 0.000000e+00
      vertex   -1.500000e+01 3.200000e+01 0.000000e+00
      vertex   -1.500000e+01 6.292893e+01 0.000000e+00
    endloop
  endfacet
  facet normal 0.000000e+00 0.000000e+00 -1.000000e+00
    outer loop
      vertex   -6.700000e+00 4.400000e+01 0.000000e+00
      vertex   -1.500000e+01 6.292893e+01 0.000000e+00
      vertex   -6.674173e+00 4.429520e+01 0.000000e+00
    endloop
  endfacet
  facet normal 0.000000e+00 0.000000e+00 -1.000000e+00
    outer loop
      vertex   -6.674173e+00 4.429520e+01 0.000000e+00
      vertex   -1.500000e+01 6.292893e+01 0.000000e+00
      vertex   -6.674173e+00 5.970480e+01 0.000000e+00
    endloop
  endfacet
  facet normal 0.000000e+00 0.000000e+00 -1.000000e+00
    outer loop
      vertex   -6.674173e+00 4.429520e+01 0.000000e+00
      vertex   -6.674173e+00 5.970480e+01 0.000000e+00
      vertex   -6.597477e+00 4.458143e+01 0.000000e+00
    endloop
  endfacet
  facet normal 0.000000e+00 0.000000e+00 -1.000000e+00
    outer loop
      vertex   -6.597477e+00 4.458143e+01 0.000000e+00
      vertex   -6.674173e+00 5.970480e+01 0.000000e+00
      vertex   -6.597477e+00 5.941857e+01 0.000000e+00
    endloop
  endfacet
  facet normal 0.000000e+00 0.000000e+00 -1.000000e+00
    outer loop
      vertex   -6.597477e+00 4.458143e+01 0.000000e+00
      vertex   -6.597477e+00 5.941857e+01 0.000000e+00
      vertex   -6.472243e+00 4.485000e+01 0.000000e+00
    endloop
  endfacet
  facet normal 0.000000e+00 0.000000e+00 -1.000000e+00
    outer loop
      vertex   -6.472243e+00 4.485000e+01 0.000000e+00
      vertex   -6.597477e+00 5.941857e+01 0.000000e+00
      vertex   -6.472243e+00 5.915000e+01 0.000000e+00
    endloop
  endfacet
  facet normal 0.000000e+00 0.000000e+00 -1.000000e+00
    outer loop
      vertex   -6.472243e+00 4.485000e+01 0.000000e+00
      vertex   -6.472243e+00 5.915000e+01 0.000000e+00
      vertex   -6.302276e+00 5.890726e+01 0.000000e+00
    endloop
  endfacet
  facet normal 0.000000e+00 0.000000e+00 -1.000000e+00
    outer loop
      vertex   -1.522667e+01 6.315560e+01 0.000000e+00
      vertex   -1.170000e+01 7.400000e+01 0.000000e+00
      vertex   -1.500000e+01 6.292893e+01 0.000000e+00
    endloop
  endfacet
  facet normal 0.000000e+00 0.000000e+00 -1.000000e+00
    outer loop
      vertex   -1.500000e+01 6.292893e+01 0.000000e+00
      vertex   -1.170000e+01 7.400000e+01 0.000000e+00
      vertex   -1.167417e+01 7.370480e+01 0.000000e+00
    endloop
  endfacet
  facet normal 0.000000e+00 0.000000e+00 -1.000000e+00
    outer loop
      vertex   -1.500000e+01 6.292893e+01 0.000000e+00
      vertex   -1.167417e+01 7.370480e+01 0.000000e+00
      vertex   -1.159748e+01 7.341857e+01 0.000000e+00
    endloop
  endfacet
  facet normal 0.000000e+00 0.000000e+00 -1.000000e+00
    outer loop
      vertex   -1.522667e+01 6.315560e+01 0.000000e+00
      vertex   -1.562116e+01 6.350144e+01 0.000000e+00
      vertex   -1.170000e+01 7.400000e+01 0.000000e+00
    endloop
  endfacet
  facet normal 0.000000e+00 0.000000e+00 -1.000000e+00
    outer loop
      vertex   -1.170000e+01 7.400000e+01 0.000000e+00
      vertex   -1.562116e+01 6.350144e+01 0.000000e+00
      vertex   -1.605751e+01 6.379267e+01 0.000000e+00
    endloop
  endfacet
  facet normal 0.000000e+00 0.000000e+00 -1.000000e+00
    outer loop
      vertex   -1.170000e+01 7.400000e+01 0.000000e+00
      vertex   -1.605751e+01 6.379267e+01 0.000000e+00
      vertex   -1.652822e+01 6.402429e+01 0.000000e+00
    endloop
  endfacet
  facet normal 0.000000e+00 0.000000e+00 -1.000000e+00
    outer loop
      vertex   -1.702520e+01 6.419232e+01 0.000000e+00
      vertex   -1.753989e+01 6.429386e+01 0.000000e+00
      vertex   -2.032583e+01 8.470480e+01 0.000000e+00
    endloop
  endfacet
  facet normal 0.000000e+00 0.000000e+00 -1.000000e+00
    outer loop
      vertex   -2.032583e+01 8.470480e+01 0.000000e+00
      vertex   -1.753989e+01 6.429386e+01 0.000000e+00
      vertex   -1.806345e+01 6.432717e+01 0.000000e+00
    endloop
  endfacet
  facet normal 0.000000e+00 -0.000000e+00 -1.000000e+00
    outer loop
      vertex   -2.032583e+01 8.470480e+01 0.000000e+00
      vertex   -1.806345e+01 6.432717e+01 0.000000e+00
      vertex   -2.040252e+01 8.441857e+01 0.000000e+00
    endloop
  endfacet
  facet normal 0.000000e+00 0.000000e+00 -1.000000e+00
    outer loop
      vertex   -2.040252e+01 8.441857e+01 0.000000e+00
      vertex   -1.806345e+01 6.432717e+01 0.000000e+00
      vertex   -1.858686e+01 6.429167e+01 0.000000e+00
    endloop
  endfacet
  facet normal 0.000000e+00 -0.000000e+00 -1.000000e+00
    outer loop
      vertex   -2.040252e+01 8.441857e+01 0.000000e+00
      vertex   -1.858686e+01 6.429167e+01 0.000000e+00
      vertex   -2.052776e+01 8.415000e+01 0.000000e+00
    endloop
  endfacet
  facet normal 0.000000e+00 0.000000e+00 -1.000000e+00
    outer loop
      vertex   -2.052776e+01 8.415000e+01 0.000000e+00
      vertex   -1.858686e+01 6.429167e+01 0.000000e+00
      vertex   -1.910112e+01 6.418798e+01 0.000000e+00
    endloop
  endfacet
  facet normal 0.000000e+00 -0.000000e+00 -1.000000e+00
    outer loop
      vertex   -2.052776e+01 8.415000e+01 0.000000e+00
      vertex   -1.910112e+01 6.418798e+01 0.000000e+00
      vertex   -2.069772e+01 8.390726e+01 0.000000e+00
    endloop
  endfacet
  facet normal 0.000000e+00 -0.000000e+00 -1.000000e+00
    outer loop
      vertex   -2.069772e+01 8.390726e+01 0.000000e+00
      vertex   -1.910112e+01 6.418798e+01 0.000000e+00
      vertex   -2.090726e+01 8.369772e+01 0.000000e+00
    endloop
  endfacet
  facet normal 0.000000e+00 -0.000000e+00 -1.000000e+00
    outer loop
      vertex   -2.090726e+01 8.369772e+01 0.000000e+00
      vertex   -1.910112e+01 6.418798e+01 0.000000e+00
      vertex   -2.115000e+01 8.352776e+01 0.000000e+00
    endloop
  endfacet
  facet normal 0.000000e+00 -0.000000e+00 -1.000000e+00
    outer loop
      vertex   -2.115000e+01 8.352776e+01 0.000000e+00
      vertex   -1.910112e+01 6.418798e+01 0.000000e+00
      vertex   -2.141857e+01 8.340252e+01 0.000000e+00
    endloop
  endfacet
  facet normal 0.000000e+00 -0.000000e+00 -1.000000e+00
    outer loop
      vertex   -2.141857e+01 8.340252e+01 0.000000e+00
      vertex   -1.910112e+01 6.418798e+01 0.000000e+00
      vertex   -2.170480e+01 8.332583e+01 0.000000e+00
    endloop
  endfacet
  facet normal 0.000000e+00 -0.000000e+00 -1.000000e+00
    outer loop
      vertex   -2.170480e+01 8.332583e+01 0.000000e+00
      vertex   -1.910112e+01 6.418798e+01 0.000000e+00
      vertex   -2.200000e+01 8.330000e+01 0.000000e+00
    endloop
  endfacet
  facet normal -0.000000e+00 -0.000000e+00 -1.000000e+00
    outer loop
      vertex   -2.200000e+01 8.330000e+01 0.000000e+00
      vertex   -1.910112e+01 6.418798e+01 0.000000e+00
      vertex   -2.229520e+01 8.332583e+01 0.000000e+00
    endloop
  endfacet
  facet normal 0.000000e+00 -0.000000e+00 -1.000000e+00
    outer loop
      vertex   -2.229520e+01 8.332583e+01 0.000000e+00
      vertex   -1.910112e+01 6.418798e+01 0.000000e+00
      vertex   -2.600000e+01 7.024450e+01 0.000000e+00
    endloop
  endfacet
  facet normal -0.000000e+00 0.000000e+00 -1.000000e+00
    outer loop
      vertex   -2.229520e+01 8.332583e+01 0.000000e+00
      vertex   -2.600000e+01 7.024450e+01 0.000000e+00
      vertex   -2.258143e+01 8.340252e+01 0.000000e+00
    endloop
  endfacet
  facet normal -0.000000e+00 0.000000e+00 -1.000000e+00
    outer loop
      vertex   -2.258143e+01 8.340252e+01 0.000000e+00
      vertex   -2.600000e+01 7.024450e+01 0.000000e+00
      vertex   -2.285000e+01 8.352776e+01 0.000000e+00
    endloop
  endfacet
  facet normal -0.000000e+00 0.000000e+00 -1.000000e+00
    outer loop
      vertex   -2.285000e+01 8.352776e+01 0.000000e+00
      vertex   -2.600000e+01 7.024450e+01 0.000000e+00
      vertex   -2.309274e+01 8.369772e+01 0.000000e+00
    endloop
  endfacet
  facet normal -0.000000e+00 0.000000e+00 -1.000000e+00
    outer loop
      vertex   -2.309274e+01 8.369772e+01 0.000000e+00
      vertex   -2.600000e+01 7.024450e+01 0.000000e+00
      vertex   -2.330228e+01 8.390726e+01 0.000000e+00
    endloop
  endfacet
  facet normal -0.000000e+00 0.000000e+00 -1.000000e+00
    outer loop
      vertex   -2.330228e+01 8.390726e+01 0.000000e+00
      vertex   -2.600000e+01 7.024450e+01 0.000000e+00
      vertex   -2.347224e+01 8.415000e+01 0.000000e+00
    endloop
  endfacet
  facet normal -0.000000e+00 0.000000e+00 -1.000000e+00
    outer loop
      vertex   -2.347224e+01 8.415000e+01 0.000000e+00
      vertex   -2.600000e+01 7.024450e+01 0.000000e+00
      vertex   -2.359748e+01 8.441857e+01 0.000000e+00
    endloop
  endfacet
  facet normal -2.031606e-16 -2.942877e-16 -1.000000e+00
    outer loop
      vertex   -3.479350e+01 3.806872e+01 -1.110223e-15
      vertex   -1.685639e+01 2.191331e+01 0.000000e+00
      vertex   -4.885000e+01 4.400000e+01 0.000000e+00
    endloop
  endfacet
  facet normal 0.000000e+00 0.000000e+00 -1.000000e+00
    outer loop
      vertex   -1.167417e+01 7.429520e+01 0.000000e+00
      vertex   -1.167417e+01 9.570480e+01 0.000000e+00
      vertex   -1.159748e+01 7.458143e+01 0.000000e+00
    endloop
  endfacet
  facet normal 0.000000e+00 0.000000e+00 -1.000000e+00
    outer loop
      vertex   -1.159748e+01 7.458143e+01 0.000000e+00
      vertex   -1.167417e+01 9.570480e+01 0.000000e+00
      vertex   -1.159748e+01 9.541857e+01 0.000000e+00
    endloop
  endfacet
  facet normal 0.000000e+00 0.000000e+00 -1.000000e+00
    outer loop
      vertex   -1.159748e+01 7.458143e+01 0.000000e+00
      vertex   -1.159748e+01 9.541857e+01 0.000000e+00
      vertex   -1.147224e+01 7.485000e+01 0.000000e+00
    endloop
  endfacet
  facet normal 0.000000e+00 0.000000e+00 -1.000000e+00
    outer loop
      vertex   -1.147224e+01 7.485000e+01 0.000000e+00
      vertex   -1.159748e+01 9.541857e+01 0.000000e+00
      vertex   -1.147224e+01 9.515000e+01 0.000000e+00
    endloop
  endfacet
  facet normal 0.000000e+00 0.000000e+00 -1.000000e+00
    outer loop
      vertex   -1.147224e+01 7.485000e+01 0.000000e+00
      vertex   -1.147224e+01 9.515000e+01 0.000000e+00
      vertex   -1.130228e+01 7.509274e+01 0.000000e+00
    endloop
  endfacet
  facet normal 0.000000e+00 0.000000e+00 -1.000000e+00
    outer loop
      vertex   -1.130228e+01 7.509274e+01 0.000000e+00
      vertex   -1.147224e+01 9.515000e+01 0.000000e+00
      vertex   -1.130228e+01 9.490726e+01 0.000000e+00
    endloop
  endfacet
  facet normal 0.000000e+00 0.000000e+00 -1.000000e+00
    outer loop
      vertex   -1.130228e+01 7.509274e+01 0.000000e+00
      vertex   -1.130228e+01 9.490726e+01 0.000000e+00
      vertex   -1.109274e+01 7.530228e+01 0.000000e+00
    endloop
  endfacet
  facet normal 0.000000e+00 0.000000e+00 -1.000000e+00
    outer loop
      vertex   -1.109274e+01 7.530228e+01 0.000000e+00
      vertex   -1.130228e+01 9.490726e+01 0.000000e+00
      vertex   -1.109274e+01 9.469772e+01 0.000000e+00
    endloop
  endfacet
  facet normal 0.000000e+00 0.000000e+00 -1.000000e+00
    outer loop
      vertex   -1.109274e+01 7.530228e+01 0.000000e+00
      vertex   -1.109274e+01 9.469772e+01 0.000000e+00
      vertex   -1.085000e+01 7.547224e+01 0.000000e+00
    endloop
  endfacet
  facet normal 0.000000e+00 0.000000e+00 -1.000000e+00
    outer loop
      vertex   -1.085000e+01 7.547224e+01 0.000000e+00
      vertex   -1.109274e+01 9.469772e+01 0.000000e+00
      vertex   -1.085000e+01 9.452776e+01 0.000000e+00
    endloop
  endfacet
  facet normal 0.000000e+00 0.000000e+00 -1.000000e+00
    outer loop
      vertex   -1.085000e+01 7.547224e+01 0.000000e+00
      vertex   -1.085000e+01 9.452776e+01 0.000000e+00
      vertex   -1.058143e+01 7.559748e+01 0.000000e+00
    endloop
  endfacet
  facet normal 0.000000e+00 0.000000e+00 -1.000000e+00
    outer loop
      vertex   -1.058143e+01 7.559748e+01 0.000000e+00
      vertex   -1.085000e+01 9.452776e+01 0.000000e+00
      vertex   -1.058143e+01 9.440252e+01 0.000000e+00
    endloop
  endfacet
  facet normal 0.000000e+00 0.000000e+00 -1.000000e+00
    outer loop
      vertex   -1.058143e+01 7.559748e+01 0.000000e+00
      vertex   -1.058143e+01 9.440252e+01 0.000000e+00
      vertex   -1.029520e+01 7.567417e+01 0.000000e+00
    endloop
  endfacet
  facet normal 0.000000e+00 0.000000e+00 -1.000000e+00
    outer loop
      vertex   -1.029520e+01 7.567417e+01 0.000000e+00
      vertex   -1.058143e+01 9.440252e+01 0.000000e+00
      vertex   -1.029520e+01 9.432583e+01 0.000000e+00
    endloop
  endfacet
  facet normal 0.000000e+00 0.000000e+00 -1.000000e+00
    outer loop
      vertex   -1.029520e+01 7.567417e+01 0.000000e+00
      vertex   -1.029520e+01 9.432583e+01 0.000000e+00
      vertex   -1.000000e+01 7.570000e+01 0.000000e+00
    endloop
  endfacet
  facet normal 0.000000e+00 0.000000e+00 -1.000000e+00
    outer loop
      vertex   -1.000000e+01 7.570000e+01 0.000000e+00
      vertex   -1.029520e+01 9.432583e+01 0.000000e+00
      vertex   -1.000000e+01 9.430000e+01 0.000000e+00
    endloop
  endfacet
  facet normal 0.000000e+00 0.000000e+00 -1.000000e+00
    outer loop
      vertex   -1.000000e+01 7.570000e+01 0.000000e+00
      vertex   -1.000000e+01 9.430000e+01 0.000000e+00
      vertex   -9.704798e+00 7.567417e+01 0.000000e+00
    endloop
  endfacet
  facet normal 0.000000e+00 0.000000e+00 -1.000000e+00
    outer loop
      vertex   -9.704798e+00 7.567417e+01 0.000000e+00
      vertex   -1.000000e+01 9.430000e+01 0.000000e+00
      vertex   -9.704798e+00 9.432583e+01 0.000000e+00
    endloop
  endfacet
  facet normal 0.000000e+00 0.000000e+00 -1.000000e+00
    outer loop
      vertex   -9.704798e+00 7.567417e+01 0.000000e+00
      vertex   -9.704798e+00 9.432583e+01 0.000000e+00
      vertex   -9.418566e+00 7.559748e+01 0.000000e+00
    endloop
  endfacet
  facet normal 0.000000e+00 0.000000e+00 -1.000000e+00
    outer loop
      vertex   -9.418566e+00 7.559748e+01 0.000000e+00
      vertex   -9.704798e+00 9.432583e+01 0.000000e+00
      vertex   -9.418566e+00 9.440252e+01 0.000000e+00
    endloop
  endfacet
  facet normal 0.000000e+00 0.000000e+00 -1.000000e+00
    outer loop
      vertex   -9.418566e+00 7.559748e+01 0.000000e+00
      vertex   -9.418566e+00 9.440252e+01 0.000000e+00
      vertex   -9.150000e+00 7.547224e+01 0.000000e+00
    endloop
  endfacet
  facet normal 0.000000e+00 0.000000e+00 -1.000000e+00
    outer loop
      vertex   -9.150000e+00 7.547224e+01 0.000000e+00
      vertex   -9.418566e+00 9.440252e+01 0.000000e+00
      vertex   -9.150000e+00 9.452776e+01 0.000000e+00
    endloop
  endfacet
  facet normal 0.000000e+00 0.000000e+00 -1.000000e+00
    outer loop
      vertex   -9.150000e+00 7.547224e+01 0.000000e+00
      vertex   -9.150000e+00 9.452776e+01 0.000000e+00
      vertex   -8.907261e+00 7.530228e+01 0.000000e+00
    endloop
  endfacet
  facet normal 0.000000e+00 0.000000e+00 -1.000000e+00
    outer loop
      vertex   -8.907261e+00 7.530228e+01 0.000000e+00
      vertex   -9.150000e+00 9.452776e+01 0.000000e+00
      vertex   -8.907261e+00 9.469772e+01 0.000000e+00
    endloop
  endfacet
  facet normal 0.000000e+00 0.000000e+00 -1.000000e+00
    outer loop
      vertex   -8.907261e+00 7.530228e+01 0.000000e+00
      vertex   -8.907261e+00 9.469772e+01 0.000000e+00
      vertex   -8.697724e+00 7.509274e+01 0.000000e+00
    endloop
  endfacet
  facet normal 0.000000e+00 0.000000e+00 -1.000000e+00
    outer loop
      vertex   -8.697724e+00 7.509274e+01 0.000000e+00
      vertex   -8.907261e+00 9.469772e+01 0.000000e+00
      vertex   -8.697724e+00 9.490726e+01 0.000000e+00
    endloop
  endfacet
  facet normal 0.000000e+00 0.000000e+00 -1.000000e+00
    outer loop
      vertex   -8.697724e+00 7.509274e+01 0.000000e+00
      vertex   -8.697724e+00 9.490726e+01 0.000000e+00
      vertex   -8.527757e+00 7.485000e+01 0.000000e+00
    endloop
  endfacet
  facet normal 0.000000e+00 0.000000e+00 -1.000000e+00
    outer loop
      vertex   -8.527757e+00 7.485000e+01 0.000000e+00
      vertex   -8.697724e+00 9.490726e+01 0.000000e+00
      vertex   -8.527757e+00 9.515000e+01 0.000000e+00
    endloop
  endfacet
  facet normal 0.000000e+00 0.000000e+00 -1.000000e+00
    outer loop
      vertex   -8.527757e+00 7.485000e+01 0.000000e+00
      vertex   -8.527757e+00 9.515000e+01 0.000000e+00
      vertex   -8.402523e+00 7.458143e+01 0.000000e+00
    endloop
  endfacet
  facet normal 0.000000e+00 0.000000e+00 -1.000000e+00
    outer loop
      vertex   -8.402523e+00 7.458143e+01 0.000000e+00
      vertex   -8.527757e+00 9.515000e+01 0.000000e+00
      vertex   -8.402523e+00 9.541857e+01 0.000000e+00
    endloop
  endfacet
  facet normal 0.000000e+00 0.000000e+00 -1.000000e+00
    outer loop
      vertex   -8.402523e+00 7.458143e+01 0.000000e+00
      vertex   -8.402523e+00 9.541857e+01 0.000000e+00
      vertex   -8.325827e+00 9.570480e+01 0.000000e+00
    endloop
  endfacet
  facet normal 0.000000e+00 0.000000e+00 -1.000000e+00
    outer loop
      vertex   -3.907261e+00 1.086977e+02 0.000000e+00
      vertex   -8.325827e+00 9.570480e+01 0.000000e+00
      vertex   -4.150000e+00 1.085278e+02 0.000000e+00
    endloop
  endfacet
  facet normal 0.000000e+00 0.000000e+00 -1.000000e+00
    outer loop
      vertex   -4.150000e+00 1.085278e+02 0.000000e+00
      vertex   -8.325827e+00 9.570480e+01 0.000000e+00
      vertex   -8.300000e+00 9.600000e+01 0.000000e+00
    endloop
  endfacet
  facet normal 0.000000e+00 0.000000e+00 -1.000000e+00
    outer loop
      vertex   -4.150000e+00 1.085278e+02 0.000000e+00
      vertex   -8.300000e+00 9.600000e+01 0.000000e+00
      vertex   -4.418566e+00 1.084025e+02 0.000000e+00
    endloop
  endfacet
  facet normal 0.000000e+00 0.000000e+00 -1.000000e+00
    outer loop
      vertex   -4.418566e+00 1.084025e+02 0.000000e+00
      vertex   -8.300000e+00 9.600000e+01 0.000000e+00
      vertex   -4.704798e+00 1.083258e+02 0.000000e+00
    endloop
  endfacet
  facet normal 0.000000e+00 0.000000e+00 -1.000000e+00
    outer loop
      vertex   -4.704798e+00 1.083258e+02 0.000000e+00
      vertex   -8.300000e+00 9.600000e+01 0.000000e+00
      vertex   -5.000000e+00 1.083000e+02 0.000000e+00
    endloop
  endfacet
  facet normal -0.000000e+00 0.000000e+00 -1.000000e+00
    outer loop
      vertex   -5.000000e+00 1.083000e+02 0.000000e+00
      vertex   -8.300000e+00 9.600000e+01 0.000000e+00
      vertex   -5.295202e+00 1.083258e+02 0.000000e+00
    endloop
  endfacet
  facet normal -0.000000e+00 0.000000e+00 -1.000000e+00
    outer loop
      vertex   -5.295202e+00 1.083258e+02 0.000000e+00
      vertex   -8.300000e+00 9.600000e+01 0.000000e+00
      vertex   -5.581434e+00 1.084025e+02 0.000000e+00
    endloop
  endfacet
  facet normal 0.000000e+00 0.000000e+00 -1.000000e+00
    outer loop
      vertex   -5.581434e+00 1.084025e+02 0.000000e+00
      vertex   -8.300000e+00 9.600000e+01 0.000000e+00
      vertex   -8.325827e+00 9.629520e+01 0.000000e+00
    endloop
  endfacet
  facet normal -0.000000e+00 0.000000e+00 -1.000000e+00
    outer loop
      vertex   -5.581434e+00 1.084025e+02 0.000000e+00
      vertex   -8.325827e+00 9.629520e+01 0.000000e+00
      vertex   -5.850000e+00 1.085278e+02 0.000000e+00
    endloop
  endfacet
  facet normal -0.000000e+00 0.000000e+00 -1.000000e+00
    outer loop
      vertex   -5.850000e+00 1.085278e+02 0.000000e+00
      vertex   -8.325827e+00 9.629520e+01 0.000000e+00
      vertex   -6.092739e+00 1.086977e+02 0.000000e+00
    endloop
  endfacet
  facet normal 0.000000e+00 0.000000e+00 -1.000000e+00
    outer loop
      vertex   -6.092739e+00 1.086977e+02 0.000000e+00
      vertex   -8.325827e+00 9.629520e+01 0.000000e+00
      vertex   -8.402523e+00 9.658143e+01 0.000000e+00
    endloop
  endfacet
  facet normal 0.000000e+00 -0.000000e+00 -1.000000e+00
    outer loop
      vertex   -1.159748e+01 7.341857e+01 0.000000e+00
      vertex   -1.147224e+01 7.315000e+01 0.000000e+00
      vertex   -1.500000e+01 6.292893e+01 0.000000e+00
    endloop
  endfacet
  facet normal 0.000000e+00 0.000000e+00 -1.000000e+00
    outer loop
      vertex   -1.500000e+01 6.292893e+01 0.000000e+00
      vertex   -1.147224e+01 7.315000e+01 0.000000e+00
      vertex   -1.130228e+01 7.290726e+01 0.000000e+00
    endloop
  endfacet
  facet normal 0.000000e+00 0.000000e+00 -1.000000e+00
    outer loop
      vertex   -1.500000e+01 6.292893e+01 0.000000e+00
      vertex   -1.130228e+01 7.290726e+01 0.000000e+00
      vertex   -1.109274e+01 7.269772e+01 0.000000e+00
    endloop
  endfacet
  facet normal 0.000000e+00 -0.000000e+00 -1.000000e+00
    outer loop
      vertex   -1.109274e+01 7.269772e+01 0.000000e+00
      vertex   -1.085000e+01 7.252776e+01 0.000000e+00
      vertex   -1.500000e+01 6.292893e+01 0.000000e+00
    endloop
  endfacet
  facet normal 0.000000e+00 0.000000e+00 -1.000000e+00
    outer loop
      vertex   -1.500000e+01 6.292893e+01 0.000000e+00
      vertex   -1.085000e+01 7.252776e+01 0.000000e+00
      vertex   -1.058143e+01 7.240252e+01 0.000000e+00
    endloop
  endfacet
  facet normal 0.000000e+00 0.000000e+00 -1.000000e+00
    outer loop
      vertex   -1.500000e+01 6.292893e+01 0.000000e+00
      vertex   -1.058143e+01 7.240252e+01 0.000000e+00
      vertex   -6.700000e+00 6.000000e+01 0.000000e+00
    endloop
  endfacet
  facet normal 0.000000e+00 0.000000e+00 -1.000000e+00
    outer loop
      vertex   -6.700000e+00 6.000000e+01 0.000000e+00
      vertex   -1.058143e+01 7.240252e+01 0.000000e+00
      vertex   -1.029520e+01 7.232583e+01 0.000000e+00
    endloop
  endfacet
  facet normal 0.000000e+00 0.000000e+00 -1.000000e+00
    outer loop
      vertex   -6.700000e+00 6.000000e+01 0.000000e+00
      vertex   -1.029520e+01 7.232583e+01 0.000000e+00
      vertex   -1.000000e+01 7.230000e+01 0.000000e+00
    endloop
  endfacet
  facet normal 0.000000e+00 0.000000e+00 -1.000000e+00
    outer loop
      vertex   -1.000000e+01 7.230000e+01 0.000000e+00
      vertex   -9.704798e+00 7.232583e+01 0.000000e+00
      vertex   -6.700000e+00 6.000000e+01 0.000000e+00
    endloop
  endfacet
  facet normal 0.000000e+00 0.000000e+00 -1.000000e+00
    outer loop
      vertex   -6.700000e+00 6.000000e+01 0.000000e+00
      vertex   -9.704798e+00 7.232583e+01 0.000000e+00
      vertex   -9.418566e+00 7.240252e+01 0.000000e+00
    endloop
  endfacet
  facet normal 0.000000e+00 0.000000e+00 -1.000000e+00
    outer loop
      vertex   -6.700000e+00 6.000000e+01 0.000000e+00
      vertex   -9.418566e+00 7.240252e+01 0.000000e+00
      vertex   -6.674173e+00 6.029520e+01 0.000000e+00
    endloop
  endfacet
  facet normal 0.000000e+00 0.000000e+00 -1.000000e+00
    outer loop
      vertex   -6.674173e+00 6.029520e+01 0.000000e+00
      vertex   -9.418566e+00 7.240252e+01 0.000000e+00
      vertex   -9.150000e+00 7.252776e+01 0.000000e+00
    endloop
  endfacet
  facet normal 0.000000e+00 0.000000e+00 -1.000000e+00
    outer loop
      vertex   -6.674173e+00 6.029520e+01 0.000000e+00
      vertex   -9.150000e+00 7.252776e+01 0.000000e+00
      vertex   -8.907261e+00 7.269772e+01 0.000000e+00
    endloop
  endfacet
  facet normal 0.000000e+00 0.000000e+00 -1.000000e+00
    outer loop
      vertex   -6.674173e+00 6.029520e+01 0.000000e+00
      vertex   -8.907261e+00 7.269772e+01 0.000000e+00
      vertex   -6.597477e+00 6.058143e+01 0.000000e+00
    endloop
  endfacet
  facet normal 0.000000e+00 0.000000e+00 -1.000000e+00
    outer loop
      vertex   -6.597477e+00 6.058143e+01 0.000000e+00
      vertex   -8.907261e+00 7.269772e+01 0.000000e+00
      vertex   -8.697724e+00 7.290726e+01 0.000000e+00
    endloop
  endfacet
  facet normal 0.000000e+00 0.000000e+00 -1.000000e+00
    outer loop
      vertex   -6.597477e+00 6.058143e+01 0.000000e+00
      vertex   -8.697724e+00 7.290726e+01 0.000000e+00
      vertex   -8.527757e+00 7.315000e+01 0.000000e+00
    endloop
  endfacet
  facet normal 0.000000e+00 0.000000e+00 -1.000000e+00
    outer loop
      vertex   -6.597477e+00 6.058143e+01 0.000000e+00
      vertex   -8.527757e+00 7.315000e+01 0.000000e+00
      vertex   -6.472243e+00 6.085000e+01 0.000000e+00
    endloop
  endfacet
  facet normal 0.000000e+00 0.000000e+00 -1.000000e+00
    outer loop
      vertex   -6.472243e+00 6.085000e+01 0.000000e+00
      vertex   -8.527757e+00 7.315000e+01 0.000000e+00
      vertex   -8.402523e+00 7.341857e+01 0.000000e+00
    endloop
  endfacet
  facet normal 0.000000e+00 0.000000e+00 -1.000000e+00
    outer loop
      vertex   -6.472243e+00 6.085000e+01 0.000000e+00
      vertex   -8.402523e+00 7.341857e+01 0.000000e+00
      vertex   -6.302276e+00 6.109274e+01 0.000000e+00
    endloop
  endfacet
  facet normal 0.000000e+00 0.000000e+00 -1.000000e+00
    outer loop
      vertex   -6.302276e+00 6.109274e+01 0.000000e+00
      vertex   -8.402523e+00 7.341857e+01 0.000000e+00
      vertex   -6.092739e+00 6.130228e+01 0.000000e+00
    endloop
  endfacet
  facet normal 0.000000e+00 0.000000e+00 -1.000000e+00
    outer loop
      vertex   -6.092739e+00 6.130228e+01 0.000000e+00
      vertex   -8.402523e+00 7.341857e+01 0.000000e+00
      vertex   -8.325827e+00 7.370480e+01 0.000000e+00
    endloop
  endfacet
  facet normal 0.000000e+00 0.000000e+00 -1.000000e+00
    outer loop
      vertex   -6.092739e+00 6.130228e+01 0.000000e+00
      vertex   -8.325827e+00 7.370480e+01 0.000000e+00
      vertex   -5.850000e+00 6.147224e+01 0.000000e+00
    endloop
  endfacet
  facet normal 0.000000e+00 0.000000e+00 -1.000000e+00
    outer loop
      vertex   -5.850000e+00 6.147224e+01 0.000000e+00
      vertex   -8.325827e+00 7.370480e+01 0.000000e+00
      vertex   -5.581434e+00 6.159748e+01 0.000000e+00
    endloop
  endfacet
  facet normal 0.000000e+00 0.000000e+00 -1.000000e+00
    outer loop
      vertex   -5.581434e+00 6.159748e+01 0.000000e+00
      vertex   -8.325827e+00 7.370480e+01 0.000000e+00
      vertex   -8.300000e+00 7.400000e+01 0.000000e+00
    endloop
  endfacet
  facet normal 0.000000e+00 0.000000e+00 -1.000000e+00
    outer loop
      vertex   -5.581434e+00 6.159748e+01 0.000000e+00
      vertex   -8.300000e+00 7.400000e+01 0.000000e+00
      vertex   -5.295202e+00 6.167417e+01 0.000000e+00
    endloop
  endfacet
  facet normal 0.000000e+00 0.000000e+00 -1.000000e+00
    outer loop
      vertex   -5.295202e+00 6.167417e+01 0.000000e+00
      vertex   -8.300000e+00 7.400000e+01 0.000000e+00
      vertex   -5.000000e+00 6.170000e+01 0.000000e+00
    endloop
  endfacet
  facet normal 0.000000e+00 0.000000e+00 -1.000000e+00
    outer loop
      vertex   -5.000000e+00 6.170000e+01 0.000000e+00
      vertex   -8.300000e+00 7.400000e+01 0.000000e+00
      vertex   -4.704798e+00 6.167417e+01 0.000000e+00
    endloop
  endfacet
  facet normal 0.000000e+00 0.000000e+00 -1.000000e+00
    outer loop
      vertex   -4.704798e+00 6.167417e+01 0.000000e+00
      vertex   -8.300000e+00 7.400000e+01 0.000000e+00
      vertex   -4.418566e+00 6.159748e+01 0.000000e+00
    endloop
  endfacet
  facet normal 0.000000e+00 0.000000e+00 -1.000000e+00
    outer loop
      vertex   -4.418566e+00 6.159748e+01 0.000000e+00
      vertex   -8.300000e+00 7.400000e+01 0.000000e+00
      vertex   -4.150000e+00 6.147224e+01 0.000000e+00
    endloop
  endfacet
  facet normal 0.000000e+00 0.000000e+00 -1.000000e+00
    outer loop
      vertex   -4.150000e+00 6.147224e+01 0.000000e+00
      vertex   -8.300000e+00 7.400000e+01 0.000000e+00
      vertex   -8.325827e+00 7.429520e+01 0.000000e+00
    endloop
  endfacet
  facet normal 0.000000e+00 0.000000e+00 -1.000000e+00
    outer loop
      vertex   -4.150000e+00 6.147224e+01 0.000000e+00
      vertex   -8.325827e+00 7.429520e+01 0.000000e+00
      vertex   -3.907261e+00 6.130228e+01 0.000000e+00
    endloop
  endfacet
  facet normal 0.000000e+00 0.000000e+00 -1.000000e+00
    outer loop
      vertex   -1.167417e+01 7.429520e+01 0.000000e+00
      vertex   -1.170000e+01 7.400000e+01 0.000000e+00
      vertex   -1.652822e+01 6.402429e+01 0.000000e+00
    endloop
  endfacet
  facet normal 4.086097e-16 3.109419e-17 -1.000000e+00
    outer loop
      vertex   -5.000000e+00 3.000000e+01 -1.110223e-15
      vertex   -3.325827e+00 4.370480e+01 0.000000e+00
      vertex   0.000000e+00 0.000000e+00 0.000000e+00
    endloop
  endfacet
  facet normal 0.000000e+00 0.000000e+00 -1.000000e+00
    outer loop
      vertex   0.000000e+00 0.000000e+00 0.000000e+00
      vertex   -3.325827e+00 4.370480e+01 0.000000e+00
      vertex   -3.300000e+00 4.400000e+01 0.000000e+00
    endloop
  endfacet
  facet normal 0.000000e+00 0.000000e+00 -1.000000e+00
    outer loop
      vertex   0.000000e+00 0.000000e+00 0.000000e+00
      vertex   -3.300000e+00 4.400000e+01 0.000000e+00
      vertex   -3.300000e+00 6.000000e+01 0.000000e+00
    endloop
  endfacet
  facet normal 0.000000e+00 -0.000000e+00 -1.000000e+00
    outer loop
      vertex   -3.300000e+00 6.000000e+01 0.000000e+00
      vertex   -3.300000e+00 4.400000e+01 0.000000e+00
      vertex   -3.325827e+00 5.970480e+01 0.000000e+00
    endloop
  endfacet
  facet normal 0.000000e+00 -0.000000e+00 -1.000000e+00
    outer loop
      vertex   -3.325827e+00 5.970480e+01 0.000000e+00
      vertex   -3.300000e+00 4.400000e+01 0.000000e+00
      vertex   -3.325827e+00 4.429520e+01 0.000000e+00
    endloop
  endfacet
  facet normal 0.000000e+00 0.000000e+00 -1.000000e+00
    outer loop
      vertex   -3.325827e+00 5.970480e+01 0.000000e+00
      vertex   -3.325827e+00 4.429520e+01 0.000000e+00
      vertex   -3.402523e+00 5.941857e+01 0.000000e+00
    endloop
  endfacet
  facet normal 0.000000e+00 0.000000e+00 -1.000000e+00
    outer loop
      vertex   -3.402523e+00 5.941857e+01 0.000000e+00
      vertex   -3.325827e+00 4.429520e+01 0.000000e+00
      vertex   -3.402523e+00 4.458143e+01 0.000000e+00
    endloop
  endfacet
  facet normal 0.000000e+00 -0.000000e+00 -1.000000e+00
    outer loop
      vertex   -3.402523e+00 5.941857e+01 0.000000e+00
      vertex   -3.402523e+00 4.458143e+01 0.000000e+00
      vertex   -3.527757e+00 5.915000e+01 0.000000e+00
    endloop
  endfacet
  facet normal 0.000000e+00 0.000000e+00 -1.000000e+00
    outer loop
      vertex   -3.527757e+00 5.915000e+01 0.000000e+00
      vertex   -3.402523e+00 4.458143e+01 0.000000e+00
      vertex   -3.527757e+00 4.485000e+01 0.000000e+00
    endloop
  endfacet
  facet normal 0.000000e+00 -0.000000e+00 -1.000000e+00
    outer loop
      vertex   -3.527757e+00 5.915000e+01 0.000000e+00
      vertex   -3.527757e+00 4.485000e+01 0.000000e+00
      vertex   -3.697724e+00 5.890726e+01 0.000000e+00
    endloop
  endfacet
  facet normal 0.000000e+00 0.000000e+00 -1.000000e+00
    outer loop
      vertex   -3.697724e+00 5.890726e+01 0.000000e+00
      vertex   -3.527757e+00 4.485000e+01 0.000000e+00
      vertex   -3.697724e+00 4.509274e+01 0.000000e+00
    endloop
  endfacet
  facet normal 0.000000e+00 -0.000000e+00 -1.000000e+00
    outer loop
      vertex   -3.697724e+00 5.890726e+01 0.000000e+00
      vertex   -3.697724e+00 4.509274e+01 0.000000e+00
      vertex   -3.907261e+00 5.869772e+01 0.000000e+00
    endloop
  endfacet
  facet normal 0.000000e+00 0.000000e+00 -1.000000e+00
    outer loop
      vertex   -3.907261e+00 5.869772e+01 0.000000e+00
      vertex   -3.697724e+00 4.509274e+01 0.000000e+00
      vertex   -3.907261e+00 4.530228e+01 0.000000e+00
    endloop
  endfacet
  facet normal 0.000000e+00 -0.000000e+00 -1.000000e+00
    outer loop
      vertex   -3.907261e+00 5.869772e+01 0.000000e+00
      vertex   -3.907261e+00 4.530228e+01 0.000000e+00
      vertex   -4.150000e+00 5.852776e+01 0.000000e+00
    endloop
  endfacet
  facet normal 0.000000e+00 0.000000e+00 -1.000000e+00
    outer loop
      vertex   -4.150000e+00 5.852776e+01 0.000000e+00
      vertex   -3.907261e+00 4.530228e+01 0.000000e+00
      vertex   -4.150000e+00 4.547224e+01 0.000000e+00
    endloop
  endfacet
  facet normal 0.000000e+00 -0.000000e+00 -1.000000e+00
    outer loop
      vertex   -4.150000e+00 5.852776e+01 0.000000e+00
      vertex   -4.150000e+00 4.547224e+01 0.000000e+00
      vertex   -4.418566e+00 5.840252e+01 0.000000e+00
    endloop
  endfacet
  facet normal 0.000000e+00 -0.000000e+00 -1.000000e+00
    outer loop
      vertex   -4.418566e+00 5.840252e+01 0.000000e+00
      vertex   -4.150000e+00 4.547224e+01 0.000000e+00
      vertex   -4.418566e+00 4.559748e+01 0.000000e+00
    endloop
  endfacet
  facet normal 0.000000e+00 0.000000e+00 -1.000000e+00
    outer loop
      vertex   -4.418566e+00 5.840252e+01 0.000000e+00
      vertex   -4.418566e+00 4.559748e+01 0.000000e+00
      vertex   -4.704798e+00 5.832583e+01 0.000000e+00
    endloop
  endfacet
  facet normal 0.000000e+00 0.000000e+00 -1.000000e+00
    outer loop
      vertex   -4.704798e+00 5.832583e+01 0.000000e+00
      vertex   -4.418566e+00 4.559748e+01 0.000000e+00
      vertex   -4.704798e+00 4.567417e+01 0.000000e+00
    endloop
  endfacet
  facet normal 0.000000e+00 -0.000000e+00 -1.000000e+00
    outer loop
      vertex   -4.704798e+00 5.832583e+01 0.000000e+00
      vertex   -4.704798e+00 4.567417e+01 0.000000e+00
      vertex   -5.000000e+00 5.830000e+01 0.000000e+00
    endloop
  endfacet
  facet normal 0.000000e+00 0.000000e+00 -1.000000e+00
    outer loop
      vertex   -5.000000e+00 5.830000e+01 0.000000e+00
      vertex   -4.704798e+00 4.567417e+01 0.000000e+00
      vertex   -5.000000e+00 4.570000e+01 0.000000e+00
    endloop
  endfacet
  facet normal 0.000000e+00 -0.000000e+00 -1.000000e+00
    outer loop
      vertex   -5.000000e+00 5.830000e+01 0.000000e+00
      vertex   -5.000000e+00 4.570000e+01 0.000000e+00
      vertex   -5.295202e+00 4.567417e+01 0.000000e+00
    endloop
  endfacet
  facet normal -0.000000e+00 0.000000e+00 -1.000000e+00
    outer loop
      vertex   -5.000000e+00 5.830000e+01 0.000000e+00
      vertex   -5.295202e+00 4.567417e+01 0.000000e+00
      vertex   -5.295202e+00 5.832583e+01 0.000000e+00
    endloop
  endfacet
  facet normal 0.000000e+00 -0.000000e+00 -1.000000e+00
    outer loop
      vertex   -5.295202e+00 5.832583e+01 0.000000e+00
      vertex   -5.295202e+00 4.567417e+01 0.000000e+00
      vertex   -5.581434e+00 4.559748e+01 0.000000e+00
    endloop
  endfacet
  facet normal -0.000000e+00 0.000000e+00 -1.000000e+00
    outer loop
      vertex   -5.295202e+00 5.832583e+01 0.000000e+00
      vertex   -5.581434e+00 4.559748e+01 0.000000e+00
      vertex   -5.581434e+00 5.840252e+01 0.000000e+00
    endloop
  endfacet
  facet normal 0.000000e+00 0.000000e+00 -1.000000e+00
    outer loop
      vertex   -5.581434e+00 5.840252e+01 0.000000e+00
      vertex   -5.581434e+00 4.559748e+01 0.000000e+00
      vertex   -5.850000e+00 4.547224e+01 0.000000e+00
    endloop
  endfacet
  facet normal -0.000000e+00 0.000000e+00 -1.000000e+00
    outer loop
      vertex   -5.581434e+00 5.840252e+01 0.000000e+00
      vertex   -5.850000e+00 4.547224e+01 0.000000e+00
      vertex   -5.850000e+00 5.852776e+01 0.000000e+00
    endloop
  endfacet
  facet normal 0.000000e+00 -0.000000e+00 -1.000000e+00
    outer loop
      vertex   -5.850000e+00 5.852776e+01 0.000000e+00
      vertex   -5.850000e+00 4.547224e+01 0.000000e+00
      vertex   -6.092739e+00 4.530228e+01 0.000000e+00
    endloop
  endfacet
  facet normal -0.000000e+00 0.000000e+00 -1.000000e+00
    outer loop
      vertex   -5.850000e+00 5.852776e+01 0.000000e+00
      vertex   -6.092739e+00 4.530228e+01 0.000000e+00
      vertex   -6.092739e+00 5.869772e+01 0.000000e+00
    endloop
  endfacet
  facet normal 0.000000e+00 -0.000000e+00 -1.000000e+00
    outer loop
      vertex   -6.092739e+00 5.869772e+01 0.000000e+00
      vertex   -6.092739e+00 4.530228e+01 0.000000e+00
      vertex   -6.302276e+00 4.509274e+01 0.000000e+00
    endloop
  endfacet
  facet normal -0.000000e+00 0.000000e+00 -1.000000e+00
    outer loop
      vertex   -6.092739e+00 5.869772e+01 0.000000e+00
      vertex   -6.302276e+00 4.509274e+01 0.000000e+00
      vertex   -6.302276e+00 5.890726e+01 0.000000e+00
    endloop
  endfacet
  facet normal 0.000000e+00 -0.000000e+00 -1.000000e+00
    outer loop
      vertex   -6.302276e+00 5.890726e+01 0.000000e+00
      vertex   -6.302276e+00 4.509274e+01 0.000000e+00
      vertex   -6.472243e+00 4.485000e+01 0.000000e+00
    endloop
  endfacet
  facet normal -0.000000e+00 0.000000e+00 -1.000000e+00
    outer loop
      vertex   -5.000000e+00 1.243000e+02 0.000000e+00
      vertex   -5.295202e+00 1.116742e+02 0.000000e+00
      vertex   -5.295202e+00 1.243258e+02 0.000000e+00
    endloop
  endfacet
  facet normal 0.000000e+00 -0.000000e+00 -1.000000e+00
    outer loop
      vertex   -5.295202e+00 1.243258e+02 0.000000e+00
      vertex   -5.295202e+00 1.116742e+02 0.000000e+00
      vertex   -5.581434e+00 1.115975e+02 0.000000e+00
    endloop
  endfacet
  facet normal -0.000000e+00 0.000000e+00 -1.000000e+00
    outer loop
      vertex   -5.295202e+00 1.243258e+02 0.000000e+00
      vertex   -5.581434e+00 1.115975e+02 0.000000e+00
      vertex   -5.581434e+00 1.244025e+02 0.000000e+00
    endloop
  endfacet
  facet normal 0.000000e+00 -0.000000e+00 -1.000000e+00
    outer loop
      vertex   -5.581434e+00 1.244025e+02 0.000000e+00
      vertex   -5.581434e+00 1.115975e+02 0.000000e+00
      vertex   -5.850000e+00 1.114722e+02 0.000000e+00
    endloop
  endfacet
  facet normal 0.000000e+00 0.000000e+00 -1.000000e+00
    outer loop
      vertex   -6.674173e+00 1.102952e+02 0.000000e+00
      vertex   -6.700000e+00 1.100000e+02 0.000000e+00
      vertex   -1.500000e+01 1.070711e+02 0.000000e+00
    endloop
  endfacet
  facet normal -0.000000e+00 -0.000000e+00 -1.000000e+00
    outer loop
      vertex   -6.700000e+00 6.000000e+01 0.000000e+00
      vertex   -6.674173e+00 5.970480e+01 0.000000e+00
      vertex   -1.500000e+01 6.292893e+01 0.000000e+00
    endloop
  endfacet
  facet normal 0.000000e+00 0.000000e+00 -1.000000e+00
    outer loop
      vertex   -2.115000e+01 8.647224e+01 0.000000e+00
      vertex   -2.141857e+01 8.659748e+01 0.000000e+00
      vertex   -1.958583e+01 1.059773e+02 0.000000e+00
    endloop
  endfacet
  facet normal 0.000000e+00 0.000000e+00 -1.000000e+00
    outer loop
      vertex   -1.958583e+01 1.059773e+02 0.000000e+00
      vertex   -2.141857e+01 8.659748e+01 0.000000e+00
      vertex   -2.170480e+01 8.667417e+01 0.000000e+00
    endloop
  endfacet
  facet normal 0.000000e+00 0.000000e+00 -1.000000e+00
    outer loop
      vertex   -1.958583e+01 1.059773e+02 0.000000e+00
      vertex   -2.170480e+01 8.667417e+01 0.000000e+00
      vertex   -2.200000e+01 8.670000e+01 0.000000e+00
    endloop
  endfacet
  facet normal -0.000000e+00 0.000000e+00 -1.000000e+00
    outer loop
      vertex   -2.200000e+01 8.670000e+01 0.000000e+00
      vertex   -2.229520e+01 8.667417e+01 0.000000e+00
      vertex   -1.958583e+01 1.059773e+02 0.000000e+00
    endloop
  endfacet
  facet normal -0.000000e+00 0.000000e+00 -1.000000e+00
    outer loop
      vertex   -2.258143e+01 8.659748e+01 0.000000e+00
      vertex   -2.285000e+01 8.647224e+01 0.000000e+00
      vertex   -2.600000e+01 9.975550e+01 0.000000e+00
    endloop
  endfacet
  facet normal 0.000000e+00 0.000000e+00 -1.000000e+00
    outer loop
      vertex   -2.600000e+01 9.975550e+01 0.000000e+00
      vertex   -2.285000e+01 8.647224e+01 0.000000e+00
      vertex   -2.309274e+01 8.630228e+01 0.000000e+00
    endloop
  endfacet
  facet normal 0.000000e+00 0.000000e+00 -1.000000e+00
    outer loop
      vertex   -2.600000e+01 9.975550e+01 0.000000e+00
      vertex   -2.309274e+01 8.630228e+01 0.000000e+00
      vertex   -2.330228e+01 8.609274e+01 0.000000e+00
    endloop
  endfacet
  facet normal -0.000000e+00 0.000000e+00 -1.000000e+00
    outer loop
      vertex   -2.330228e+01 8.609274e+01 0.000000e+00
      vertex   -2.347224e+01 8.585000e+01 0.000000e+00
      vertex   -2.600000e+01 9.975550e+01 0.000000e+00
    endloop
  endfacet
  facet normal 0.000000e+00 0.000000e+00 -1.000000e+00
    outer loop
      vertex   -2.600000e+01 9.975550e+01 0.000000e+00
      vertex   -2.347224e+01 8.585000e+01 0.000000e+00
      vertex   -2.359748e+01 8.558143e+01 0.000000e+00
    endloop
  endfacet
  facet normal 0.000000e+00 0.000000e+00 -1.000000e+00
    outer loop
      vertex   -2.600000e+01 9.975550e+01 0.000000e+00
      vertex   -2.359748e+01 8.558143e+01 0.000000e+00
      vertex   -2.367417e+01 8.529520e+01 0.000000e+00
    endloop
  endfacet
  facet normal -0.000000e+00 0.000000e+00 -1.000000e+00
    outer loop
      vertex   -2.367417e+01 8.529520e+01 0.000000e+00
      vertex   -2.370000e+01 8.500000e+01 0.000000e+00
      vertex   -2.600000e+01 9.975550e+01 0.000000e+00
    endloop
  endfacet
  facet normal 2.584008e-01 9.660378e-01 0.000000e+00
    outer loop
      vertex   -1.958583e+01 1.059773e+02 6.901879e+00
      vertex   -1.958583e+01 1.059773e+02 0.000000e+00
      vertex   -2.779443e+01 1.081730e+02 5.812984e+00
    endloop
  endfacet
  facet normal 2.584008e-01 9.660378e-01 1.506780e-16
    outer loop
      vertex   -2.779443e+01 1.081730e+02 5.812984e+00
      vertex   -1.958583e+01 1.059773e+02 0.000000e+00
      vertex   -2.779443e+01 1.081730e+02 -1.110223e-15
    endloop
  endfacet
  facet normal 3.214395e-01 9.469301e-01 -0.000000e+00
    outer loop
      vertex   -1.958583e+01 1.059773e+02 0.000000e+00
      vertex   -1.958583e+01 1.059773e+02 6.901879e+00
      vertex   -1.909038e+01 1.058091e+02 0.000000e+00
    endloop
  endfacet
  facet normal 3.214395e-01 9.469301e-01 1.771164e-11
    outer loop
      vertex   -1.909038e+01 1.058091e+02 0.000000e+00
      vertex   -1.958583e+01 1.059773e+02 6.901879e+00
      vertex   -1.909038e+01 1.058091e+02 6.967603e+00
    endloop
  endfacet
  facet normal 1.950903e-01 9.807853e-01 1.664232e-11
    outer loop
      vertex   -1.909038e+01 1.058091e+02 0.000000e+00
      vertex   -1.909038e+01 1.058091e+02 6.967603e+00
      vertex   -1.857720e+01 1.057070e+02 0.000000e+00
    endloop
  endfacet
  facet normal 1.950903e-01 9.807853e-01 9.730676e-12
    outer loop
      vertex   -1.857720e+01 1.057070e+02 0.000000e+00
      vertex   -1.909038e+01 1.058091e+02 6.967603e+00
      vertex   -1.857720e+01 1.057070e+02 7.035677e+00
    endloop
  endfacet
  facet normal 6.540313e-02 9.978589e-01 7.875762e-12
    outer loop
      vertex   -1.857720e+01 1.057070e+02 0.000000e+00
      vertex   -1.857720e+01 1.057070e+02 7.035677e+00
      vertex   -1.805510e+01 1.056728e+02 0.000000e+00
    endloop
  endfacet
  facet normal 6.540313e-02 9.978589e-01 1.167101e-12
    outer loop
      vertex   -1.805510e+01 1.056728e+02 0.000000e+00
      vertex   -1.857720e+01 1.057070e+02 7.035677e+00
      vertex   -1.805510e+01 1.056728e+02 7.104936e+00
    endloop
  endfacet
  facet normal -6.540313e-02 9.978589e-01 -1.167101e-12
    outer loop
      vertex   -1.805510e+01 1.056728e+02 0.000000e+00
      vertex   -1.805510e+01 1.056728e+02 7.104936e+00
      vertex   -1.753299e+01 1.057070e+02 0.000000e+00
    endloop
  endfacet
  facet normal -6.540313e-02 9.978589e-01 -7.378481e-12
    outer loop
      vertex   -1.753299e+01 1.057070e+02 0.000000e+00
      vertex   -1.805510e+01 1.056728e+02 7.104936e+00
      vertex   -1.753299e+01 1.057070e+02 7.174195e+00
    endloop
  endfacet
  facet normal -1.950903e-01 9.807853e-01 -9.884803e-12
    outer loop
      vertex   -1.753299e+01 1.057070e+02 0.000000e+00
      vertex   -1.753299e+01 1.057070e+02 7.174195e+00
      vertex   -1.701982e+01 1.058091e+02 0.000000e+00
    endloop
  endfacet
  facet normal -1.950903e-01 9.807853e-01 -1.533012e-11
    outer loop
      vertex   -1.701982e+01 1.058091e+02 0.000000e+00
      vertex   -1.753299e+01 1.057070e+02 7.174195e+00
      vertex   -1.701982e+01 1.058091e+02 7.242269e+00
    endloop
  endfacet
  facet normal -3.214395e-01 9.469301e-01 -1.772034e-11
    outer loop
      vertex   -1.701982e+01 1.058091e+02 0.000000e+00
      vertex   -1.701982e+01 1.058091e+02 7.242269e+00
      vertex   -1.652437e+01 1.059773e+02 0.000000e+00
    endloop
  endfacet
  facet normal -3.214395e-01 9.469301e-01 -2.214724e-11
    outer loop
      vertex   -1.652437e+01 1.059773e+02 0.000000e+00
      vertex   -1.701982e+01 1.058091e+02 7.242269e+00
      vertex   -1.652437e+01 1.059773e+02 7.307993e+00
    endloop
  endfacet
  facet normal -4.422887e-01 8.968727e-01 -2.417099e-11
    outer loop
      vertex   -1.652437e+01 1.059773e+02 0.000000e+00
      vertex   -1.652437e+01 1.059773e+02 7.307993e+00
      vertex   -1.605510e+01 1.062087e+02 0.000000e+00
    endloop
  endfacet
  facet normal -4.422887e-01 8.968727e-01 -2.739321e-11
    outer loop
      vertex   -1.605510e+01 1.062087e+02 0.000000e+00
      vertex   -1.652437e+01 1.059773e+02 7.307993e+00
      vertex   -1.605510e+01 1.062087e+02 7.370242e+00
    endloop
  endfacet
  facet normal -5.555702e-01 8.314696e-01 -2.885280e-11
    outer loop
      vertex   -1.605510e+01 1.062087e+02 0.000000e+00
      vertex   -1.605510e+01 1.062087e+02 7.370242e+00
      vertex   -1.562005e+01 1.064994e+02 0.000000e+00
    endloop
  endfacet
  facet normal -5.555702e-01 8.314696e-01 -3.074131e-11
    outer loop
      vertex   -1.562005e+01 1.064994e+02 0.000000e+00
      vertex   -1.605510e+01 1.062087e+02 7.370242e+00
      vertex   -1.562005e+01 1.064994e+02 7.427952e+00
    endloop
  endfacet
  facet normal -6.593458e-01 7.518398e-01 -3.150283e-11
    outer loop
      vertex   -1.562005e+01 1.064994e+02 0.000000e+00
      vertex   -1.562005e+01 1.064994e+02 7.427952e+00
      vertex   -1.522667e+01 1.068444e+02 0.000000e+00
    endloop
  endfacet
  facet normal -6.593458e-01 7.518398e-01 0.000000e+00
    outer loop
      vertex   -1.522667e+01 1.068444e+02 0.000000e+00
      vertex   -1.562005e+01 1.064994e+02 7.427952e+00
      vertex   -1.522667e+01 1.068444e+02 7.480136e+00
    endloop
  endfacet
  facet normal -1.000000e+00 -5.321843e-09 -0.000000e+00
    outer loop
      vertex   -1.500000e+01 3.200000e+01 7.510204e+00
      vertex   -1.500000e+01 6.292893e+01 7.510204e+00
      vertex   -1.500000e+01 3.200000e+01 0.000000e+00
    endloop
  endfacet
  facet normal -1.000000e+00 -5.321843e-09 0.000000e+00
    outer loop
      vertex   -1.500000e+01 3.200000e+01 0.000000e+00
      vertex   -1.500000e+01 6.292893e+01 7.510204e+00
      vertex   -1.500000e+01 6.292893e+01 0.000000e+00
    endloop
  endfacet
  facet normal -7.071068e-01 -7.071068e-01 -0.000000e+00
    outer loop
      vertex   -1.500000e+01 6.292893e+01 7.510204e+00
      vertex   -1.522667e+01 6.315560e+01 7.480136e+00
      vertex   -1.500000e+01 6.292893e+01 0.000000e+00
    endloop
  endfacet
  facet normal -7.071068e-01 -7.071068e-01 0.000000e+00
    outer loop
      vertex   -1.500000e+01 6.292893e+01 0.000000e+00
      vertex   -1.522667e+01 6.315560e+01 7.480136e+00
      vertex   -1.522667e+01 6.315560e+01 0.000000e+00
    endloop
  endfacet
  facet normal -6.592150e-01 -7.519545e-01 -0.000000e+00
    outer loop
      vertex   -1.522667e+01 6.315560e+01 7.480136e+00
      vertex   -1.562116e+01 6.350144e+01 7.427806e+00
      vertex   -1.522667e+01 6.315560e+01 0.000000e+00
    endloop
  endfacet
  facet normal -6.592150e-01 -7.519545e-01 1.438804e-15
    outer loop
      vertex   -1.522667e+01 6.315560e+01 0.000000e+00
      vertex   -1.562116e+01 6.350144e+01 7.427806e+00
      vertex   -1.562116e+01 6.350144e+01 0.000000e+00
    endloop
  endfacet
  facet normal -5.551363e-01 -8.317594e-01 1.591319e-15
    outer loop
      vertex   -1.562116e+01 6.350144e+01 0.000000e+00
      vertex   -1.562116e+01 6.350144e+01 7.427806e+00
      vertex   -1.605751e+01 6.379267e+01 7.369922e+00
    endloop
  endfacet
  facet normal -5.551363e-01 -8.317594e-01 -2.656131e-16
    outer loop
      vertex   -1.562116e+01 6.350144e+01 0.000000e+00
      vertex   -1.605751e+01 6.379267e+01 7.369922e+00
      vertex   -1.605751e+01 6.379267e+01 0.000000e+00
    endloop
  endfacet
  facet normal -4.415085e-01 -8.972571e-01 -2.128317e-16
    outer loop
      vertex   -1.605751e+01 6.379267e+01 0.000000e+00
      vertex   -1.605751e+01 6.379267e+01 7.369922e+00
      vertex   -1.652822e+01 6.402429e+01 7.307481e+00
    endloop
  endfacet
  facet normal -4.415085e-01 -8.972571e-01 0.000000e+00
    outer loop
      vertex   -1.605751e+01 6.379267e+01 0.000000e+00
      vertex   -1.652822e+01 6.402429e+01 7.307481e+00
      vertex   -1.652822e+01 6.402429e+01 0.000000e+00
    endloop
  endfacet
  facet normal -3.202863e-01 -9.473208e-01 0.000000e+00
    outer loop
      vertex   -1.652822e+01 6.402429e+01 0.000000e+00
      vertex   -1.652822e+01 6.402429e+01 7.307481e+00
      vertex   -1.702520e+01 6.419232e+01 7.241555e+00
    endloop
  endfacet
  facet normal -3.202863e-01 -9.473208e-01 0.000000e+00
    outer loop
      vertex   -1.652822e+01 6.402429e+01 0.000000e+00
      vertex   -1.702520e+01 6.419232e+01 7.241555e+00
      vertex   -1.702520e+01 6.419232e+01 0.000000e+00
    endloop
  endfacet
  facet normal -1.935547e-01 -9.810895e-01 0.000000e+00
    outer loop
      vertex   -1.702520e+01 6.419232e+01 0.000000e+00
      vertex   -1.702520e+01 6.419232e+01 7.241555e+00
      vertex   -1.753989e+01 6.429386e+01 7.173280e+00
    endloop
  endfacet
  facet normal -1.935547e-01 -9.810895e-01 -1.917637e-16
    outer loop
      vertex   -1.702520e+01 6.419232e+01 0.000000e+00
      vertex   -1.753989e+01 6.429386e+01 7.173280e+00
      vertex   -1.753989e+01 6.429386e+01 0.000000e+00
    endloop
  endfacet
  facet normal -6.349380e-02 -9.979822e-01 -6.289321e-17
    outer loop
      vertex   -1.753989e+01 6.429386e+01 0.000000e+00
      vertex   -1.753989e+01 6.429386e+01 7.173280e+00
      vertex   -1.806345e+01 6.432717e+01 7.103829e+00
    endloop
  endfacet
  facet normal -6.349380e-02 -9.979822e-01 -6.330488e-17
    outer loop
      vertex   -1.753989e+01 6.429386e+01 0.000000e+00
      vertex   -1.806345e+01 6.432717e+01 7.103829e+00
      vertex   -1.806345e+01 6.432717e+01 0.000000e+00
    endloop
  endfacet
  facet normal 6.765930e-02 -9.977085e-01 6.767452e-17
    outer loop
      vertex   -1.806345e+01 6.432717e+01 0.000000e+00
      vertex   -1.806345e+01 6.432717e+01 7.103829e+00
      vertex   -1.858686e+01 6.429167e+01 7.034396e+00
    endloop
  endfacet
  facet normal 6.765930e-02 -9.977085e-01 6.769030e-17
    outer loop
      vertex   -1.806345e+01 6.432717e+01 0.000000e+00
      vertex   -1.858686e+01 6.429167e+01 7.034396e+00
      vertex   -1.858686e+01 6.429167e+01 0.000000e+00
    endloop
  endfacet
  facet normal 1.976486e-01 -9.802729e-01 1.996444e-16
    outer loop
      vertex   -1.858686e+01 6.429167e+01 0.000000e+00
      vertex   -1.858686e+01 6.429167e+01 7.034396e+00
      vertex   -1.910112e+01 6.418798e+01 6.966178e+00
    endloop
  endfacet
  facet normal 1.976486e-01 -9.802729e-01 3.037919e-16
    outer loop
      vertex   -1.858686e+01 6.429167e+01 0.000000e+00
      vertex   -1.910112e+01 6.418798e+01 6.966178e+00
      vertex   -1.910112e+01 6.418798e+01 0.000000e+00
    endloop
  endfacet
  facet normal -9.962891e-01 -8.606969e-02 -0.000000e+00
    outer loop
      vertex   -2.600000e+01 9.975550e+01 6.051020e+00
      vertex   -2.602963e+01 1.000985e+02 6.047090e+00
      vertex   -2.600000e+01 9.975550e+01 0.000000e+00
    endloop
  endfacet
  facet normal -9.962891e-01 -8.606969e-02 0.000000e+00
    outer loop
      vertex   -2.600000e+01 9.975550e+01 0.000000e+00
      vertex   -2.602963e+01 1.000985e+02 6.047090e+00
      vertex   -2.602963e+01 1.000985e+02 0.000000e+00
    endloop
  endfacet
  facet normal -9.667671e-01 -2.556587e-01 0.000000e+00
    outer loop
      vertex   -2.602963e+01 1.000985e+02 0.000000e+00
      vertex   -2.602963e+01 1.000985e+02 6.047090e+00
      vertex   -2.611765e+01 1.004313e+02 6.035414e+00
    endloop
  endfacet
  facet normal -9.667671e-01 -2.556587e-01 0.000000e+00
    outer loop
      vertex   -2.602963e+01 1.000985e+02 0.000000e+00
      vertex   -2.611765e+01 1.004313e+02 6.035414e+00
      vertex   -2.611765e+01 1.004313e+02 0.000000e+00
    endloop
  endfacet
  facet normal -9.085979e-01 -4.176720e-01 0.000000e+00
    outer loop
      vertex   -2.611765e+01 1.004313e+02 0.000000e+00
      vertex   -2.611765e+01 1.004313e+02 6.035414e+00
      vertex   -2.626145e+01 1.007442e+02 6.016339e+00
    endloop
  endfacet
  facet normal -9.085979e-01 -4.176720e-01 -4.522530e-16
    outer loop
      vertex   -2.611765e+01 1.004313e+02 0.000000e+00
      vertex   -2.626145e+01 1.007442e+02 6.016339e+00
      vertex   -2.626145e+01 1.007442e+02 0.000000e+00
    endloop
  endfacet
  facet normal -8.235051e-01 -5.673088e-01 -8.537194e-16
    outer loop
      vertex   -2.626145e+01 1.007442e+02 0.000000e+00
      vertex   -2.626145e+01 1.007442e+02 6.016339e+00
      vertex   -2.645676e+01 1.010277e+02 5.990430e+00
    endloop
  endfacet
  facet normal -8.235051e-01 -5.673088e-01 -9.757083e-16
    outer loop
      vertex   -2.626145e+01 1.007442e+02 0.000000e+00
      vertex   -2.645676e+01 1.010277e+02 5.990430e+00
      vertex   -2.645676e+01 1.010277e+02 0.000000e+00
    endloop
  endfacet
  facet normal -7.140103e-01 -7.001352e-01 -8.469088e-16
    outer loop
      vertex   -2.645676e+01 1.010277e+02 0.000000e+00
      vertex   -2.645676e+01 1.010277e+02 5.990430e+00
      vertex   -2.669780e+01 1.012735e+02 5.958455e+00
    endloop
  endfacet
  facet normal -7.140103e-01 -7.001352e-01 -4.191000e-15
    outer loop
      vertex   -2.645676e+01 1.010277e+02 0.000000e+00
      vertex   -2.669780e+01 1.012735e+02 5.958455e+00
      vertex   -2.669780e+01 1.012735e+02 0.000000e+00
    endloop
  endfacet
  facet normal -5.833579e-01 -8.122152e-01 -4.569901e-15
    outer loop
      vertex   -2.669780e+01 1.012735e+02 0.000000e+00
      vertex   -2.669780e+01 1.012735e+02 5.958455e+00
      vertex   -2.697743e+01 1.014743e+02 5.921362e+00
    endloop
  endfacet
  facet normal -5.833579e-01 -8.122152e-01 -3.505869e-16
    outer loop
      vertex   -2.669780e+01 1.012735e+02 0.000000e+00
      vertex   -2.697743e+01 1.014743e+02 5.921362e+00
      vertex   -2.697743e+01 1.014743e+02 0.000000e+00
    endloop
  endfacet
  facet normal -4.354195e-01 -9.002277e-01 -2.612441e-16
    outer loop
      vertex   -2.697743e+01 1.014743e+02 0.000000e+00
      vertex   -2.697743e+01 1.014743e+02 5.921362e+00
      vertex   -2.728736e+01 1.016242e+02 5.880249e+00
    endloop
  endfacet
  facet normal -4.354195e-01 -9.002277e-01 -2.639217e-16
    outer loop
      vertex   -2.697743e+01 1.014743e+02 0.000000e+00
      vertex   -2.728736e+01 1.016242e+02 5.880249e+00
      vertex   -2.728736e+01 1.016242e+02 0.000000e+00
    endloop
  endfacet
  facet normal 9.978587e-01 6.540615e-02 -0.000000e+00
    outer loop
      vertex   -2.600000e+01 8.500000e+01 4.500000e+00
      vertex   -2.600000e+01 8.500000e+01 6.051020e+00
      vertex   -2.596578e+01 8.447790e+01 4.500000e+00
    endloop
  endfacet
  facet normal 9.978587e-01 6.540615e-02 -0.000000e+00
    outer loop
      vertex   -2.596578e+01 8.447790e+01 4.500000e+00
      vertex   -2.600000e+01 8.500000e+01 6.051020e+00
      vertex   -2.596578e+01 8.447790e+01 6.055560e+00
    endloop
  endfacet
  facet normal 9.807853e-01 1.950903e-01 -0.000000e+00
    outer loop
      vertex   -2.596578e+01 8.447790e+01 4.500000e+00
      vertex   -2.596578e+01 8.447790e+01 6.055560e+00
      vertex   -2.586370e+01 8.396472e+01 4.500000e+00
    endloop
  endfacet
  facet normal 9.807853e-01 1.950903e-01 -0.000000e+00
    outer loop
      vertex   -2.586370e+01 8.396472e+01 4.500000e+00
      vertex   -2.596578e+01 8.447790e+01 6.055560e+00
      vertex   -2.586370e+01 8.396472e+01 6.069101e+00
    endloop
  endfacet
  facet normal 9.469302e-01 3.214394e-01 -0.000000e+00
    outer loop
      vertex   -2.586370e+01 8.396472e+01 4.500000e+00
      vertex   -2.586370e+01 8.396472e+01 6.069101e+00
      vertex   -2.569552e+01 8.346927e+01 4.500000e+00
    endloop
  endfacet
  facet normal 9.469302e-01 3.214394e-01 -0.000000e+00
    outer loop
      vertex   -2.569552e+01 8.346927e+01 4.500000e+00
      vertex   -2.586370e+01 8.396472e+01 6.069101e+00
      vertex   -2.569552e+01 8.346927e+01 6.091411e+00
    endloop
  endfacet
  facet normal 8.968728e-01 4.422886e-01 -0.000000e+00
    outer loop
      vertex   -2.569552e+01 8.346927e+01 4.500000e+00
      vertex   -2.569552e+01 8.346927e+01 6.091411e+00
      vertex   -2.546410e+01 8.300000e+01 4.500000e+00
    endloop
  endfacet
  facet normal 8.968728e-01 4.422886e-01 -1.910455e-15
    outer loop
      vertex   -2.546410e+01 8.300000e+01 4.500000e+00
      vertex   -2.569552e+01 8.346927e+01 6.091411e+00
      vertex   -2.546410e+01 8.300000e+01 6.122109e+00
    endloop
  endfacet
  facet normal 8.314697e-01 5.555701e-01 -3.046128e-15
    outer loop
      vertex   -2.546410e+01 8.300000e+01 4.500000e+00
      vertex   -2.546410e+01 8.300000e+01 6.122109e+00
      vertex   -2.517341e+01 8.256496e+01 4.500000e+00
    endloop
  endfacet
  facet normal 8.314697e-01 5.555701e-01 -0.000000e+00
    outer loop
      vertex   -2.517341e+01 8.256496e+01 4.500000e+00
      vertex   -2.546410e+01 8.300000e+01 6.122109e+00
      vertex   -2.517341e+01 8.256496e+01 6.160670e+00
    endloop
  endfacet
  facet normal 7.518399e-01 6.593457e-01 -0.000000e+00
    outer loop
      vertex   -2.517341e+01 8.256496e+01 4.500000e+00
      vertex   -2.517341e+01 8.256496e+01 6.160670e+00
      vertex   -2.482843e+01 8.217157e+01 4.500000e+00
    endloop
  endfacet
  facet normal 7.518399e-01 6.593457e-01 -3.925611e-15
    outer loop
      vertex   -2.482843e+01 8.217157e+01 4.500000e+00
      vertex   -2.517341e+01 8.256496e+01 6.160670e+00
      vertex   -2.482843e+01 8.217157e+01 6.206433e+00
    endloop
  endfacet
  facet normal 6.593460e-01 7.518397e-01 -4.888452e-15
    outer loop
      vertex   -2.482843e+01 8.217157e+01 4.500000e+00
      vertex   -2.482843e+01 8.217157e+01 6.206433e+00
      vertex   -2.443505e+01 8.182659e+01 4.500000e+00
    endloop
  endfacet
  facet normal 6.593460e-01 7.518397e-01 -0.000000e+00
    outer loop
      vertex   -2.443505e+01 8.182659e+01 4.500000e+00
      vertex   -2.482843e+01 8.217157e+01 6.206433e+00
      vertex   -2.443505e+01 8.182659e+01 6.258617e+00
    endloop
  endfacet
  facet normal 5.555704e-01 8.314695e-01 -0.000000e+00
    outer loop
      vertex   -2.443505e+01 8.182659e+01 4.500000e+00
      vertex   -2.443505e+01 8.182659e+01 6.258617e+00
      vertex   -2.400000e+01 8.153590e+01 4.500000e+00
    endloop
  endfacet
  facet normal 5.555704e-01 8.314695e-01 -0.000000e+00
    outer loop
      vertex   -2.400000e+01 8.153590e+01 4.500000e+00
      vertex   -2.443505e+01 8.182659e+01 6.258617e+00
      vertex   -2.400000e+01 8.153590e+01 6.316327e+00
    endloop
  endfacet
  facet normal 7.925905e-01 -6.097543e-01 0.000000e+00
    outer loop
      vertex   0.000000e+00 1.700000e+02 9.500000e+00
      vertex   -1.685945e+01 1.480852e+02 7.263543e+00
      vertex   0.000000e+00 1.700000e+02 0.000000e+00
    endloop
  endfacet
  facet normal 7.925905e-01 -6.097543e-01 -1.132148e-15
    outer loop
      vertex   0.000000e+00 1.700000e+02 0.000000e+00
      vertex   -1.685945e+01 1.480852e+02 7.263543e+00
      vertex   -1.685945e+01 1.480852e+02 0.000000e+00
    endloop
  endfacet
  facet normal 1.000000e+00 0.000000e+00 0.000000e+00
    outer loop
      vertex   -2.400000e+01 9.100000e+01 6.316327e+00
      vertex   -2.400000e+01 8.846410e+01 6.316327e+00
      vertex   -2.400000e+01 9.100000e+01 4.500000e+00
    endloop
  endfacet
  facet normal 1.000000e+00 0.000000e+00 0.000000e+00
    outer loop
      vertex   -2.400000e+01 9.100000e+01 4.500000e+00
      vertex   -2.400000e+01 8.846410e+01 6.316327e+00
      vertex   -2.400000e+01 8.846410e+01 4.500000e+00
    endloop
  endfacet
  facet normal 5.555704e-01 -8.314695e-01 0.000000e+00
    outer loop
      vertex   -2.400000e+01 8.846410e+01 6.316327e+00
      vertex   -2.443505e+01 8.817341e+01 6.258617e+00
      vertex   -2.400000e+01 8.846410e+01 4.500000e+00
    endloop
  endfacet
  facet normal 5.555704e-01 -8.314695e-01 2.232146e-15
    outer loop
      vertex   -2.400000e+01 8.846410e+01 4.500000e+00
      vertex   -2.443505e+01 8.817341e+01 6.258617e+00
      vertex   -2.443505e+01 8.817341e+01 4.500000e+00
    endloop
  endfacet
  facet normal 6.593460e-01 -7.518397e-01 2.663989e-15
    outer loop
      vertex   -2.443505e+01 8.817341e+01 4.500000e+00
      vertex   -2.443505e+01 8.817341e+01 6.258617e+00
      vertex   -2.482843e+01 8.782843e+01 6.206433e+00
    endloop
  endfacet
  facet normal 6.593460e-01 -7.518397e-01 -4.880590e-15
    outer loop
      vertex   -2.443505e+01 8.817341e+01 4.500000e+00
      vertex   -2.482843e+01 8.782843e+01 6.206433e+00
      vertex   -2.482843e+01 8.782843e+01 4.500000e+00
    endloop
  endfacet
  facet normal 7.518399e-01 -6.593457e-01 -3.925611e-15
    outer loop
      vertex   -2.482843e+01 8.782843e+01 4.500000e+00
      vertex   -2.482843e+01 8.782843e+01 6.206433e+00
      vertex   -2.517341e+01 8.743504e+01 6.160670e+00
    endloop
  endfacet
  facet normal 7.518399e-01 -6.593457e-01 0.000000e+00
    outer loop
      vertex   -2.482843e+01 8.782843e+01 4.500000e+00
      vertex   -2.517341e+01 8.743504e+01 6.160670e+00
      vertex   -2.517341e+01 8.743504e+01 4.500000e+00
    endloop
  endfacet
  facet normal 8.314697e-01 -5.555701e-01 0.000000e+00
    outer loop
      vertex   -2.517341e+01 8.743504e+01 4.500000e+00
      vertex   -2.517341e+01 8.743504e+01 6.160670e+00
      vertex   -2.546410e+01 8.700000e+01 6.122109e+00
    endloop
  endfacet
  facet normal 8.314697e-01 -5.555701e-01 1.798641e-15
    outer loop
      vertex   -2.517341e+01 8.743504e+01 4.500000e+00
      vertex   -2.546410e+01 8.700000e+01 6.122109e+00
      vertex   -2.546410e+01 8.700000e+01 4.500000e+00
    endloop
  endfacet
  facet normal 8.968728e-01 -4.422886e-01 1.964314e-15
    outer loop
      vertex   -2.546410e+01 8.700000e+01 4.500000e+00
      vertex   -2.546410e+01 8.700000e+01 6.122109e+00
      vertex   -2.569552e+01 8.653073e+01 6.091411e+00
    endloop
  endfacet
  facet normal 8.968728e-01 -4.422886e-01 0.000000e+00
    outer loop
      vertex   -2.546410e+01 8.700000e+01 4.500000e+00
      vertex   -2.569552e+01 8.653073e+01 6.091411e+00
      vertex   -2.569552e+01 8.653073e+01 4.500000e+00
    endloop
  endfacet
  facet normal 9.469302e-01 -3.214394e-01 0.000000e+00
    outer loop
      vertex   -2.569552e+01 8.653073e+01 4.500000e+00
      vertex   -2.569552e+01 8.653073e+01 6.091411e+00
      vertex   -2.586370e+01 8.603528e+01 6.069101e+00
    endloop
  endfacet
  facet normal 9.469302e-01 -3.214394e-01 0.000000e+00
    outer loop
      vertex   -2.569552e+01 8.653073e+01 4.500000e+00
      vertex   -2.586370e+01 8.603528e+01 6.069101e+00
      vertex   -2.586370e+01 8.603528e+01 4.500000e+00
    endloop
  endfacet
  facet normal 9.807853e-01 -1.950903e-01 0.000000e+00
    outer loop
      vertex   -2.586370e+01 8.603528e+01 4.500000e+00
      vertex   -2.586370e+01 8.603528e+01 6.069101e+00
      vertex   -2.596578e+01 8.552210e+01 6.055560e+00
    endloop
  endfacet
  facet normal 9.807853e-01 -1.950903e-01 0.000000e+00
    outer loop
      vertex   -2.586370e+01 8.603528e+01 4.500000e+00
      vertex   -2.596578e+01 8.552210e+01 6.055560e+00
      vertex   -2.596578e+01 8.552210e+01 4.500000e+00
    endloop
  endfacet
  facet normal 9.978587e-01 -6.540615e-02 0.000000e+00
    outer loop
      vertex   -2.596578e+01 8.552210e+01 4.500000e+00
      vertex   -2.596578e+01 8.552210e+01 6.055560e+00
      vertex   -2.600000e+01 8.500000e+01 6.051020e+00
    endloop
  endfacet
  facet normal 9.978587e-01 -6.540615e-02 0.000000e+00
    outer loop
      vertex   -2.596578e+01 8.552210e+01 4.500000e+00
      vertex   -2.600000e+01 8.500000e+01 6.051020e+00
      vertex   -2.600000e+01 8.500000e+01 4.500000e+00
    endloop
  endfacet
  facet normal 0.000000e+00 0.000000e+00 1.000000e+00
    outer loop
      vertex   -2.367417e+01 8.529520e+01 4.500000e+00
      vertex   -2.443505e+01 8.817341e+01 4.500000e+00
      vertex   -2.370000e+01 8.500000e+01 4.500000e+00
    endloop
  endfacet
  facet normal 0.000000e+00 0.000000e+00 1.000000e+00
    outer loop
      vertex   -2.370000e+01 8.500000e+01 4.500000e+00
      vertex   -2.443505e+01 8.817341e+01 4.500000e+00
      vertex   -2.482843e+01 8.782843e+01 4.500000e+00
    endloop
  endfacet
  facet normal 0.000000e+00 0.000000e+00 1.000000e+00
    outer loop
      vertex   -2.370000e+01 8.500000e+01 4.500000e+00
      vertex   -2.482843e+01 8.782843e+01 4.500000e+00
      vertex   -2.482843e+01 8.217157e+01 4.500000e+00
    endloop
  endfacet
  facet normal 0.000000e+00 -0.000000e+00 1.000000e+00
    outer loop
      vertex   -2.482843e+01 8.217157e+01 4.500000e+00
      vertex   -2.482843e+01 8.782843e+01 4.500000e+00
      vertex   -2.517341e+01 8.256496e+01 4.500000e+00
    endloop
  endfacet
  facet normal 0.000000e+00 0.000000e+00 1.000000e+00
    outer loop
      vertex   -2.517341e+01 8.256496e+01 4.500000e+00
      vertex   -2.482843e+01 8.782843e+01 4.500000e+00
      vertex   -2.517341e+01 8.743504e+01 4.500000e+00
    endloop
  endfacet
  facet normal 0.000000e+00 -0.000000e+00 1.000000e+00
    outer loop
      vertex   -2.517341e+01 8.256496e+01 4.500000e+00
      vertex   -2.517341e+01 8.743504e+01 4.500000e+00
      vertex   -2.546410e+01 8.300000e+01 4.500000e+00
    endloop
  endfacet
  facet normal 0.000000e+00 0.000000e+00 1.000000e+00
    outer loop
      vertex   -2.546410e+01 8.300000e+01 4.500000e+00
      vertex   -2.517341e+01 8.743504e+01 4.500000e+00
      vertex   -2.546410e+01 8.700000e+01 4.500000e+00
    endloop
  endfacet
  facet normal 0.000000e+00 -0.000000e+00 1.000000e+00
    outer loop
      vertex   -2.546410e+01 8.300000e+01 4.500000e+00
      vertex   -2.546410e+01 8.700000e+01 4.500000e+00
      vertex   -2.569552e+01 8.346927e+01 4.500000e+00
    endloop
  endfacet
  facet normal 0.000000e+00 0.000000e+00 1.000000e+00
    outer loop
      vertex   -2.569552e+01 8.346927e+01 4.500000e+00
      vertex   -2.546410e+01 8.700000e+01 4.500000e+00
      vertex   -2.569552e+01 8.653073e+01 4.500000e+00
    endloop
  endfacet
  facet normal 0.000000e+00 -0.000000e+00 1.000000e+00
    outer loop
      vertex   -2.569552e+01 8.346927e+01 4.500000e+00
      vertex   -2.569552e+01 8.653073e+01 4.500000e+00
      vertex   -2.586370e+01 8.396472e+01 4.500000e+00
    endloop
  endfacet
  facet normal 0.000000e+00 0.000000e+00 1.000000e+00
    outer loop
      vertex   -2.586370e+01 8.396472e+01 4.500000e+00
      vertex   -2.569552e+01 8.653073e+01 4.500000e+00
      vertex   -2.586370e+01 8.603528e+01 4.500000e+00
    endloop
  endfacet
  facet normal 0.000000e+00 -0.000000e+00 1.000000e+00
    outer loop
      vertex   -2.586370e+01 8.396472e+01 4.500000e+00
      vertex   -2.586370e+01 8.603528e+01 4.500000e+00
      vertex   -2.596578e+01 8.447790e+01 4.500000e+00
    endloop
  endfacet
  facet normal 0.000000e+00 0.000000e+00 1.000000e+00
    outer loop
      vertex   -2.596578e+01 8.447790e+01 4.500000e+00
      vertex   -2.586370e+01 8.603528e+01 4.500000e+00
      vertex   -2.596578e+01 8.552210e+01 4.500000e+00
    endloop
  endfacet
  facet normal 0.000000e+00 -0.000000e+00 1.000000e+00
    outer loop
      vertex   -2.596578e+01 8.447790e+01 4.500000e+00
      vertex   -2.596578e+01 8.552210e+01 4.500000e+00
      vertex   -2.600000e+01 8.500000e+01 4.500000e+00
    endloop
  endfacet
  facet normal -0.000000e+00 0.000000e+00 1.000000e+00
    outer loop
      vertex   -2.443505e+01 8.817341e+01 4.500000e+00
      vertex   -2.367417e+01 8.529520e+01 4.500000e+00
      vertex   -2.400000e+01 8.846410e+01 4.500000e+00
    endloop
  endfacet
  facet normal 0.000000e+00 0.000000e+00 1.000000e+00
    outer loop
      vertex   -2.400000e+01 8.846410e+01 4.500000e+00
      vertex   -2.367417e+01 8.529520e+01 4.500000e+00
      vertex   -2.359748e+01 8.558143e+01 4.500000e+00
    endloop
  endfacet
  facet normal 0.000000e+00 0.000000e+00 1.000000e+00
    outer loop
      vertex   -2.400000e+01 8.846410e+01 4.500000e+00
      vertex   -2.359748e+01 8.558143e+01 4.500000e+00
      vertex   -2.347224e+01 8.585000e+01 4.500000e+00
    endloop
  endfacet
  facet normal 0.000000e+00 -0.000000e+00 1.000000e+00
    outer loop
      vertex   -2.347224e+01 8.585000e+01 4.500000e+00
      vertex   -2.330228e+01 8.609274e+01 4.500000e+00
      vertex   -2.400000e+01 8.846410e+01 4.500000e+00
    endloop
  endfacet
  facet normal 0.000000e+00 0.000000e+00 1.000000e+00
    outer loop
      vertex   -2.400000e+01 8.846410e+01 4.500000e+00
      vertex   -2.330228e+01 8.609274e+01 4.500000e+00
      vertex   -2.309274e+01 8.630228e+01 4.500000e+00
    endloop
  endfacet
  facet normal -0.000000e+00 0.000000e+00 1.000000e+00
    outer loop
      vertex   -2.400000e+01 8.846410e+01 4.500000e+00
      vertex   -2.309274e+01 8.630228e+01 4.500000e+00
      vertex   -2.400000e+01 9.100000e+01 4.500000e+00
    endloop
  endfacet
  facet normal 0.000000e+00 0.000000e+00 1.000000e+00
    outer loop
      vertex   -2.400000e+01 9.100000e+01 4.500000e+00
      vertex   -2.309274e+01 8.630228e+01 4.500000e+00
      vertex   -2.285000e+01 8.647224e+01 4.500000e+00
    endloop
  endfacet
  facet normal 0.000000e+00 0.000000e+00 1.000000e+00
    outer loop
      vertex   -2.400000e+01 9.100000e+01 4.500000e+00
      vertex   -2.285000e+01 8.647224e+01 4.500000e+00
      vertex   -2.258143e+01 8.659748e+01 4.500000e+00
    endloop
  endfacet
  facet normal 0.000000e+00 -0.000000e+00 1.000000e+00
    outer loop
      vertex   -2.258143e+01 8.659748e+01 4.500000e+00
      vertex   -2.229520e+01 8.667417e+01 4.500000e+00
      vertex   -2.400000e+01 9.100000e+01 4.500000e+00
    endloop
  endfacet
  facet normal 0.000000e+00 0.000000e+00 1.000000e+00
    outer loop
      vertex   -2.400000e+01 9.100000e+01 4.500000e+00
      vertex   -2.229520e+01 8.667417e+01 4.500000e+00
      vertex   -2.200000e+01 8.670000e+01 4.500000e+00
    endloop
  endfacet
  facet normal 0.000000e+00 0.000000e+00 1.000000e+00
    outer loop
      vertex   -2.400000e+01 9.100000e+01 4.500000e+00
      vertex   -2.200000e+01 8.670000e+01 4.500000e+00
      vertex   -2.170480e+01 8.667417e+01 4.500000e+00
    endloop
  endfacet
  facet normal -0.000000e+00 -0.000000e+00 1.000000e+00
    outer loop
      vertex   -2.170480e+01 8.667417e+01 4.500000e+00
      vertex   -2.141857e+01 8.659748e+01 4.500000e+00
      vertex   -2.400000e+01 9.100000e+01 4.500000e+00
    endloop
  endfacet
  facet normal 0.000000e+00 0.000000e+00 1.000000e+00
    outer loop
      vertex   -2.400000e+01 9.100000e+01 4.500000e+00
      vertex   -2.141857e+01 8.659748e+01 4.500000e+00
      vertex   -2.115000e+01 8.647224e+01 4.500000e+00
    endloop
  endfacet
  facet normal 0.000000e+00 0.000000e+00 1.000000e+00
    outer loop
      vertex   -2.400000e+01 9.100000e+01 4.500000e+00
      vertex   -2.115000e+01 8.647224e+01 4.500000e+00
      vertex   -2.090726e+01 8.630228e+01 4.500000e+00
    endloop
  endfacet
  facet normal -0.000000e+00 0.000000e+00 1.000000e+00
    outer loop
      vertex   -2.400000e+01 9.100000e+01 4.500000e+00
      vertex   -2.090726e+01 8.630228e+01 4.500000e+00
      vertex   -1.167417e+01 9.629520e+01 4.500000e+00
    endloop
  endfacet
  facet normal 0.000000e+00 0.000000e+00 1.000000e+00
    outer loop
      vertex   -1.167417e+01 9.629520e+01 4.500000e+00
      vertex   -2.090726e+01 8.630228e+01 4.500000e+00
      vertex   -2.069772e+01 8.609274e+01 4.500000e+00
    endloop
  endfacet
  facet normal 0.000000e+00 0.000000e+00 1.000000e+00
    outer loop
      vertex   -1.167417e+01 9.629520e+01 4.500000e+00
      vertex   -2.069772e+01 8.609274e+01 4.500000e+00
      vertex   -2.052776e+01 8.585000e+01 4.500000e+00
    endloop
  endfacet
  facet normal -0.000000e+00 0.000000e+00 1.000000e+00
    outer loop
      vertex   -2.052776e+01 8.585000e+01 4.500000e+00
      vertex   -2.040252e+01 8.558143e+01 4.500000e+00
      vertex   -1.167417e+01 9.629520e+01 4.500000e+00
    endloop
  endfacet
  facet normal 0.000000e+00 0.000000e+00 1.000000e+00
    outer loop
      vertex   -1.167417e+01 9.629520e+01 4.500000e+00
      vertex   -2.040252e+01 8.558143e+01 4.500000e+00
      vertex   -1.170000e+01 9.600000e+01 4.500000e+00
    endloop
  endfacet
  facet normal 0.000000e+00 0.000000e+00 1.000000e+00
    outer loop
      vertex   -1.170000e+01 9.600000e+01 4.500000e+00
      vertex   -2.040252e+01 8.558143e+01 4.500000e+00
      vertex   -2.032583e+01 8.529520e+01 4.500000e+00
    endloop
  endfacet
  facet normal 0.000000e+00 0.000000e+00 1.000000e+00
    outer loop
      vertex   -1.170000e+01 9.600000e+01 4.500000e+00
      vertex   -2.032583e+01 8.529520e+01 4.500000e+00
      vertex   -1.167417e+01 9.570480e+01 4.500000e+00
    endloop
  endfacet
  facet normal 0.000000e+00 0.000000e+00 1.000000e+00
    outer loop
      vertex   -1.167417e+01 9.570480e+01 4.500000e+00
      vertex   -2.032583e+01 8.529520e+01 4.500000e+00
      vertex   -2.030000e+01 8.500000e+01 4.500000e+00
    endloop
  endfacet
  facet normal 0.000000e+00 0.000000e+00 1.000000e+00
    outer loop
      vertex   -1.167417e+01 9.570480e+01 4.500000e+00
      vertex   -2.030000e+01 8.500000e+01 4.500000e+00
      vertex   -1.167417e+01 7.429520e+01 4.500000e+00
    endloop
  endfacet
  facet normal 0.000000e+00 0.000000e+00 1.000000e+00
    outer loop
      vertex   -1.167417e+01 7.429520e+01 4.500000e+00
      vertex   -2.030000e+01 8.500000e+01 4.500000e+00
      vertex   -2.032583e+01 8.470480e+01 4.500000e+00
    endloop
  endfacet
  facet normal 0.000000e+00 0.000000e+00 1.000000e+00
    outer loop
      vertex   -1.167417e+01 7.429520e+01 4.500000e+00
      vertex   -2.032583e+01 8.470480e+01 4.500000e+00
      vertex   -1.170000e+01 7.400000e+01 4.500000e+00
    endloop
  endfacet
  facet normal 0.000000e+00 0.000000e+00 1.000000e+00
    outer loop
      vertex   -1.170000e+01 7.400000e+01 4.500000e+00
      vertex   -2.032583e+01 8.470480e+01 4.500000e+00
      vertex   -2.040252e+01 8.441857e+01 4.500000e+00
    endloop
  endfacet
  facet normal 0.000000e+00 0.000000e+00 1.000000e+00
    outer loop
      vertex   -1.170000e+01 7.400000e+01 4.500000e+00
      vertex   -2.040252e+01 8.441857e+01 4.500000e+00
      vertex   -1.167417e+01 7.370480e+01 4.500000e+00
    endloop
  endfacet
  facet normal 0.000000e+00 0.000000e+00 1.000000e+00
    outer loop
      vertex   -1.167417e+01 7.370480e+01 4.500000e+00
      vertex   -2.040252e+01 8.441857e+01 4.500000e+00
      vertex   -2.052776e+01 8.415000e+01 4.500000e+00
    endloop
  endfacet
  facet normal 0.000000e+00 0.000000e+00 1.000000e+00
    outer loop
      vertex   -1.167417e+01 7.370480e+01 4.500000e+00
      vertex   -2.052776e+01 8.415000e+01 4.500000e+00
      vertex   -2.069772e+01 8.390726e+01 4.500000e+00
    endloop
  endfacet
  facet normal 0.000000e+00 0.000000e+00 1.000000e+00
    outer loop
      vertex   -2.069772e+01 8.390726e+01 4.500000e+00
      vertex   -2.090726e+01 8.369772e+01 4.500000e+00
      vertex   -1.167417e+01 7.370480e+01 4.500000e+00
    endloop
  endfacet
  facet normal 0.000000e+00 0.000000e+00 1.000000e+00
    outer loop
      vertex   -1.167417e+01 7.370480e+01 4.500000e+00
      vertex   -2.090726e+01 8.369772e+01 4.500000e+00
      vertex   -2.400000e+01 7.900000e+01 4.500000e+00
    endloop
  endfacet
  facet normal 0.000000e+00 0.000000e+00 1.000000e+00
    outer loop
      vertex   -1.167417e+01 7.370480e+01 4.500000e+00
      vertex   -2.400000e+01 7.900000e+01 4.500000e+00
      vertex   -1.000000e+01 6.500000e+01 4.500000e+00
    endloop
  endfacet
  facet normal 0.000000e+00 0.000000e+00 1.000000e+00
    outer loop
      vertex   -2.090726e+01 8.369772e+01 4.500000e+00
      vertex   -2.115000e+01 8.352776e+01 4.500000e+00
      vertex   -2.400000e+01 7.900000e+01 4.500000e+00
    endloop
  endfacet
  facet normal 0.000000e+00 0.000000e+00 1.000000e+00
    outer loop
      vertex   -2.400000e+01 7.900000e+01 4.500000e+00
      vertex   -2.115000e+01 8.352776e+01 4.500000e+00
      vertex   -2.141857e+01 8.340252e+01 4.500000e+00
    endloop
  endfacet
  facet normal 0.000000e+00 0.000000e+00 1.000000e+00
    outer loop
      vertex   -2.400000e+01 7.900000e+01 4.500000e+00
      vertex   -2.141857e+01 8.340252e+01 4.500000e+00
      vertex   -2.170480e+01 8.332583e+01 4.500000e+00
    endloop
  endfacet
  facet normal 0.000000e+00 0.000000e+00 1.000000e+00
    outer loop
      vertex   -2.170480e+01 8.332583e+01 4.500000e+00
      vertex   -2.200000e+01 8.330000e+01 4.500000e+00
      vertex   -2.400000e+01 7.900000e+01 4.500000e+00
    endloop
  endfacet
  facet normal 0.000000e+00 0.000000e+00 1.000000e+00
    outer loop
      vertex   -2.400000e+01 7.900000e+01 4.500000e+00
      vertex   -2.200000e+01 8.330000e+01 4.500000e+00
      vertex   -2.229520e+01 8.332583e+01 4.500000e+00
    endloop
  endfacet
  facet normal 0.000000e+00 0.000000e+00 1.000000e+00
    outer loop
      vertex   -2.400000e+01 7.900000e+01 4.500000e+00
      vertex   -2.229520e+01 8.332583e+01 4.500000e+00
      vertex   -2.258143e+01 8.340252e+01 4.500000e+00
    endloop
  endfacet
  facet normal 0.000000e+00 0.000000e+00 1.000000e+00
    outer loop
      vertex   -2.258143e+01 8.340252e+01 4.500000e+00
      vertex   -2.285000e+01 8.352776e+01 4.500000e+00
      vertex   -2.400000e+01 7.900000e+01 4.500000e+00
    endloop
  endfacet
  facet normal 0.000000e+00 0.000000e+00 1.000000e+00
    outer loop
      vertex   -2.400000e+01 7.900000e+01 4.500000e+00
      vertex   -2.285000e+01 8.352776e+01 4.500000e+00
      vertex   -2.309274e+01 8.369772e+01 4.500000e+00
    endloop
  endfacet
  facet normal 0.000000e+00 0.000000e+00 1.000000e+00
    outer loop
      vertex   -2.400000e+01 7.900000e+01 4.500000e+00
      vertex   -2.309274e+01 8.369772e+01 4.500000e+00
      vertex   -2.400000e+01 8.153590e+01 4.500000e+00
    endloop
  endfacet
  facet normal 0.000000e+00 0.000000e+00 1.000000e+00
    outer loop
      vertex   -2.400000e+01 8.153590e+01 4.500000e+00
      vertex   -2.309274e+01 8.369772e+01 4.500000e+00
      vertex   -2.330228e+01 8.390726e+01 4.500000e+00
    endloop
  endfacet
  facet normal 0.000000e+00 0.000000e+00 1.000000e+00
    outer loop
      vertex   -2.400000e+01 8.153590e+01 4.500000e+00
      vertex   -2.330228e+01 8.390726e+01 4.500000e+00
      vertex   -2.347224e+01 8.415000e+01 4.500000e+00
    endloop
  endfacet
  facet normal 0.000000e+00 0.000000e+00 1.000000e+00
    outer loop
      vertex   -2.347224e+01 8.415000e+01 4.500000e+00
      vertex   -2.359748e+01 8.441857e+01 4.500000e+00
      vertex   -2.400000e+01 8.153590e+01 4.500000e+00
    endloop
  endfacet
  facet normal 0.000000e+00 0.000000e+00 1.000000e+00
    outer loop
      vertex   -2.400000e+01 8.153590e+01 4.500000e+00
      vertex   -2.359748e+01 8.441857e+01 4.500000e+00
      vertex   -2.367417e+01 8.470480e+01 4.500000e+00
    endloop
  endfacet
  facet normal 0.000000e+00 -0.000000e+00 1.000000e+00
    outer loop
      vertex   -2.400000e+01 8.153590e+01 4.500000e+00
      vertex   -2.367417e+01 8.470480e+01 4.500000e+00
      vertex   -2.443505e+01 8.182659e+01 4.500000e+00
    endloop
  endfacet
  facet normal 0.000000e+00 0.000000e+00 1.000000e+00
    outer loop
      vertex   -2.443505e+01 8.182659e+01 4.500000e+00
      vertex   -2.367417e+01 8.470480e+01 4.500000e+00
      vertex   -2.370000e+01 8.500000e+01 4.500000e+00
    endloop
  endfacet
  facet normal 0.000000e+00 -0.000000e+00 1.000000e+00
    outer loop
      vertex   -2.443505e+01 8.182659e+01 4.500000e+00
      vertex   -2.370000e+01 8.500000e+01 4.500000e+00
      vertex   -2.482843e+01 8.217157e+01 4.500000e+00
    endloop
  endfacet
  facet normal 0.000000e+00 -0.000000e+00 1.000000e+00
    outer loop
      vertex   -1.000000e+01 3.700000e+01 4.500000e+00
      vertex   -6.674173e+00 4.429520e+01 4.500000e+00
      vertex   -1.000000e+01 6.500000e+01 4.500000e+00
    endloop
  endfacet
  facet normal 0.000000e+00 0.000000e+00 1.000000e+00
    outer loop
      vertex   -1.000000e+01 6.500000e+01 4.500000e+00
      vertex   -6.674173e+00 4.429520e+01 4.500000e+00
      vertex   -6.674173e+00 5.970480e+01 4.500000e+00
    endloop
  endfacet
  facet normal 0.000000e+00 0.000000e+00 1.000000e+00
    outer loop
      vertex   -1.000000e+01 6.500000e+01 4.500000e+00
      vertex   -6.674173e+00 5.970480e+01 4.500000e+00
      vertex   -6.700000e+00 6.000000e+01 4.500000e+00
    endloop
  endfacet
  facet normal 0.000000e+00 0.000000e+00 1.000000e+00
    outer loop
      vertex   0.000000e+00 3.700000e+01 4.500000e+00
      vertex   -5.000000e+00 4.230000e+01 4.500000e+00
      vertex   -1.000000e+01 3.700000e+01 4.500000e+00
    endloop
  endfacet
  facet normal 0.000000e+00 0.000000e+00 1.000000e+00
    outer loop
      vertex   -1.000000e+01 3.700000e+01 4.500000e+00
      vertex   -5.000000e+00 4.230000e+01 4.500000e+00
      vertex   -5.295202e+00 4.232583e+01 4.500000e+00
    endloop
  endfacet
  facet normal 0.000000e+00 0.000000e+00 1.000000e+00
    outer loop
      vertex   -1.000000e+01 3.700000e+01 4.500000e+00
      vertex   -5.295202e+00 4.232583e+01 4.500000e+00
      vertex   -5.581434e+00 4.240252e+01 4.500000e+00
    endloop
  endfacet
  facet normal 0.000000e+00 0.000000e+00 1.000000e+00
    outer loop
      vertex   0.000000e+00 1.330000e+02 4.500000e+00
      vertex   -3.325827e+00 1.097048e+02 4.500000e+00
      vertex   0.000000e+00 3.700000e+01 4.500000e+00
    endloop
  endfacet
  facet normal 0.000000e+00 0.000000e+00 1.000000e+00
    outer loop
      vertex   0.000000e+00 3.700000e+01 4.500000e+00
      vertex   -3.325827e+00 1.097048e+02 4.500000e+00
      vertex   -3.325827e+00 6.029520e+01 4.500000e+00
    endloop
  endfacet
  facet normal 0.000000e+00 0.000000e+00 1.000000e+00
    outer loop
      vertex   0.000000e+00 3.700000e+01 4.500000e+00
      vertex   -3.325827e+00 6.029520e+01 4.500000e+00
      vertex   -3.300000e+00 6.000000e+01 4.500000e+00
    endloop
  endfacet
  facet normal -0.000000e+00 0.000000e+00 1.000000e+00
    outer loop
      vertex   -1.000000e+01 1.330000e+02 4.500000e+00
      vertex   -5.000000e+00 1.277000e+02 4.500000e+00
      vertex   0.000000e+00 1.330000e+02 4.500000e+00
    endloop
  endfacet
  facet normal 0.000000e+00 0.000000e+00 1.000000e+00
    outer loop
      vertex   0.000000e+00 1.330000e+02 4.500000e+00
      vertex   -5.000000e+00 1.277000e+02 4.500000e+00
      vertex   -4.704798e+00 1.276742e+02 4.500000e+00
    endloop
  endfacet
  facet normal 0.000000e+00 0.000000e+00 1.000000e+00
    outer loop
      vertex   0.000000e+00 1.330000e+02 4.500000e+00
      vertex   -4.704798e+00 1.276742e+02 4.500000e+00
      vertex   -4.418566e+00 1.275975e+02 4.500000e+00
    endloop
  endfacet
  facet normal 0.000000e+00 0.000000e+00 1.000000e+00
    outer loop
      vertex   -1.000000e+01 1.050000e+02 4.500000e+00
      vertex   -6.674173e+00 1.257048e+02 4.500000e+00
      vertex   -1.000000e+01 1.330000e+02 4.500000e+00
    endloop
  endfacet
  facet normal 0.000000e+00 0.000000e+00 1.000000e+00
    outer loop
      vertex   -1.000000e+01 1.330000e+02 4.500000e+00
      vertex   -6.674173e+00 1.257048e+02 4.500000e+00
      vertex   -6.700000e+00 1.260000e+02 4.500000e+00
    endloop
  endfacet
  facet normal 0.000000e+00 0.000000e+00 1.000000e+00
    outer loop
      vertex   -1.000000e+01 1.330000e+02 4.500000e+00
      vertex   -6.700000e+00 1.260000e+02 4.500000e+00
      vertex   -6.674173e+00 1.262952e+02 4.500000e+00
    endloop
  endfacet
  facet normal 0.000000e+00 0.000000e+00 1.000000e+00
    outer loop
      vertex   -2.400000e+01 9.100000e+01 4.500000e+00
      vertex   -1.167417e+01 9.629520e+01 4.500000e+00
      vertex   -1.000000e+01 1.050000e+02 4.500000e+00
    endloop
  endfacet
  facet normal 0.000000e+00 0.000000e+00 1.000000e+00
    outer loop
      vertex   -1.000000e+01 1.050000e+02 4.500000e+00
      vertex   -1.167417e+01 9.629520e+01 4.500000e+00
      vertex   -1.159748e+01 9.658143e+01 4.500000e+00
    endloop
  endfacet
  facet normal 0.000000e+00 0.000000e+00 1.000000e+00
    outer loop
      vertex   -1.000000e+01 1.050000e+02 4.500000e+00
      vertex   -1.159748e+01 9.658143e+01 4.500000e+00
      vertex   -1.147224e+01 9.685000e+01 4.500000e+00
    endloop
  endfacet
  facet normal 0.000000e+00 -0.000000e+00 1.000000e+00
    outer loop
      vertex   -6.700000e+00 6.000000e+01 4.500000e+00
      vertex   -6.674173e+00 6.029520e+01 4.500000e+00
      vertex   -1.000000e+01 6.500000e+01 4.500000e+00
    endloop
  endfacet
  facet normal 0.000000e+00 0.000000e+00 1.000000e+00
    outer loop
      vertex   -1.000000e+01 6.500000e+01 4.500000e+00
      vertex   -6.674173e+00 6.029520e+01 4.500000e+00
      vertex   -6.597477e+00 6.058143e+01 4.500000e+00
    endloop
  endfacet
  facet normal -0.000000e+00 0.000000e+00 1.000000e+00
    outer loop
      vertex   -1.000000e+01 6.500000e+01 4.500000e+00
      vertex   -6.597477e+00 6.058143e+01 4.500000e+00
      vertex   -8.697724e+00 7.290726e+01 4.500000e+00
    endloop
  endfacet
  facet normal -0.000000e+00 0.000000e+00 1.000000e+00
    outer loop
      vertex   -8.697724e+00 7.290726e+01 4.500000e+00
      vertex   -6.597477e+00 6.058143e+01 4.500000e+00
      vertex   -8.527757e+00 7.315000e+01 4.500000e+00
    endloop
  endfacet
  facet normal 0.000000e+00 0.000000e+00 1.000000e+00
    outer loop
      vertex   -8.527757e+00 7.315000e+01 4.500000e+00
      vertex   -6.597477e+00 6.058143e+01 4.500000e+00
      vertex   -6.472243e+00 6.085000e+01 4.500000e+00
    endloop
  endfacet
  facet normal -0.000000e+00 0.000000e+00 1.000000e+00
    outer loop
      vertex   -8.527757e+00 7.315000e+01 4.500000e+00
      vertex   -6.472243e+00 6.085000e+01 4.500000e+00
      vertex   -8.402523e+00 7.341857e+01 4.500000e+00
    endloop
  endfacet
  facet normal 0.000000e+00 0.000000e+00 1.000000e+00
    outer loop
      vertex   -8.402523e+00 7.341857e+01 4.500000e+00
      vertex   -6.472243e+00 6.085000e+01 4.500000e+00
      vertex   -6.302276e+00 6.109274e+01 4.500000e+00
    endloop
  endfacet
  facet normal -0.000000e+00 0.000000e+00 1.000000e+00
    outer loop
      vertex   -8.402523e+00 7.341857e+01 4.500000e+00
      vertex   -6.302276e+00 6.109274e+01 4.500000e+00
      vertex   -8.325827e+00 7.370480e+01 4.500000e+00
    endloop
  endfacet
  facet normal 0.000000e+00 0.000000e+00 1.000000e+00
    outer loop
      vertex   -8.325827e+00 7.370480e+01 4.500000e+00
      vertex   -6.302276e+00 6.109274e+01 4.500000e+00
      vertex   -6.092739e+00 6.130228e+01 4.500000e+00
    endloop
  endfacet
  facet normal 0.000000e+00 0.000000e+00 1.000000e+00
    outer loop
      vertex   -8.325827e+00 7.370480e+01 4.500000e+00
      vertex   -6.092739e+00 6.130228e+01 4.500000e+00
      vertex   -5.850000e+00 6.147224e+01 4.500000e+00
    endloop
  endfacet
  facet normal 0.000000e+00 -0.000000e+00 1.000000e+00
    outer loop
      vertex   -5.850000e+00 6.147224e+01 4.500000e+00
      vertex   -5.581434e+00 6.159748e+01 4.500000e+00
      vertex   -8.325827e+00 7.370480e+01 4.500000e+00
    endloop
  endfacet
  facet normal -0.000000e+00 0.000000e+00 1.000000e+00
    outer loop
      vertex   -8.325827e+00 7.370480e+01 4.500000e+00
      vertex   -5.581434e+00 6.159748e+01 4.500000e+00
      vertex   -8.300000e+00 7.400000e+01 4.500000e+00
    endloop
  endfacet
  facet normal 0.000000e+00 0.000000e+00 1.000000e+00
    outer loop
      vertex   -8.300000e+00 7.400000e+01 4.500000e+00
      vertex   -5.581434e+00 6.159748e+01 4.500000e+00
      vertex   -5.295202e+00 6.167417e+01 4.500000e+00
    endloop
  endfacet
  facet normal 0.000000e+00 0.000000e+00 1.000000e+00
    outer loop
      vertex   -8.300000e+00 7.400000e+01 4.500000e+00
      vertex   -5.295202e+00 6.167417e+01 4.500000e+00
      vertex   -5.000000e+00 6.170000e+01 4.500000e+00
    endloop
  endfacet
  facet normal -0.000000e+00 -0.000000e+00 1.000000e+00
    outer loop
      vertex   -5.000000e+00 6.170000e+01 4.500000e+00
      vertex   -4.704798e+00 6.167417e+01 4.500000e+00
      vertex   -8.300000e+00 7.400000e+01 4.500000e+00
    endloop
  endfacet
  facet normal 0.000000e+00 0.000000e+00 1.000000e+00
    outer loop
      vertex   -8.300000e+00 7.400000e+01 4.500000e+00
      vertex   -4.704798e+00 6.167417e+01 4.500000e+00
      vertex   -4.418566e+00 6.159748e+01 4.500000e+00
    endloop
  endfacet
  facet normal 0.000000e+00 0.000000e+00 1.000000e+00
    outer loop
      vertex   -8.300000e+00 7.400000e+01 4.500000e+00
      vertex   -4.418566e+00 6.159748e+01 4.500000e+00
      vertex   -4.150000e+00 6.147224e+01 4.500000e+00
    endloop
  endfacet
  facet normal -0.000000e+00 -0.000000e+00 1.000000e+00
    outer loop
      vertex   -8.300000e+00 7.400000e+01 4.500000e+00
      vertex   -4.150000e+00 6.147224e+01 4.500000e+00
      vertex   -8.325827e+00 7.429520e+01 4.500000e+00
    endloop
  endfacet
  facet normal 0.000000e+00 0.000000e+00 1.000000e+00
    outer loop
      vertex   -8.325827e+00 7.429520e+01 4.500000e+00
      vertex   -4.150000e+00 6.147224e+01 4.500000e+00
      vertex   -3.907261e+00 6.130228e+01 4.500000e+00
    endloop
  endfacet
  facet normal -0.000000e+00 -0.000000e+00 1.000000e+00
    outer loop
      vertex   -8.325827e+00 7.429520e+01 4.500000e+00
      vertex   -3.907261e+00 6.130228e+01 4.500000e+00
      vertex   -8.325827e+00 9.570480e+01 4.500000e+00
    endloop
  endfacet
  facet normal -0.000000e+00 0.000000e+00 1.000000e+00
    outer loop
      vertex   -8.325827e+00 9.570480e+01 4.500000e+00
      vertex   -3.907261e+00 6.130228e+01 4.500000e+00
      vertex   -3.907261e+00 1.086977e+02 4.500000e+00
    endloop
  endfacet
  facet normal 0.000000e+00 0.000000e+00 1.000000e+00
    outer loop
      vertex   -8.325827e+00 9.570480e+01 4.500000e+00
      vertex   -3.907261e+00 1.086977e+02 4.500000e+00
      vertex   -4.150000e+00 1.085278e+02 4.500000e+00
    endloop
  endfacet
  facet normal -0.000000e+00 -0.000000e+00 1.000000e+00
    outer loop
      vertex   -3.907261e+00 6.130228e+01 4.500000e+00
      vertex   -3.697724e+00 6.109274e+01 4.500000e+00
      vertex   -3.907261e+00 1.086977e+02 4.500000e+00
    endloop
  endfacet
  facet normal -0.000000e+00 0.000000e+00 1.000000e+00
    outer loop
      vertex   -3.907261e+00 1.086977e+02 4.500000e+00
      vertex   -3.697724e+00 6.109274e+01 4.500000e+00
      vertex   -3.697724e+00 1.089073e+02 4.500000e+00
    endloop
  endfacet
  facet normal 0.000000e+00 0.000000e+00 1.000000e+00
    outer loop
      vertex   -3.697724e+00 1.089073e+02 4.500000e+00
      vertex   -3.697724e+00 6.109274e+01 4.500000e+00
      vertex   -3.527757e+00 6.085000e+01 4.500000e+00
    endloop
  endfacet
  facet normal -0.000000e+00 0.000000e+00 1.000000e+00
    outer loop
      vertex   -3.697724e+00 1.089073e+02 4.500000e+00
      vertex   -3.527757e+00 6.085000e+01 4.500000e+00
      vertex   -3.527757e+00 1.091500e+02 4.500000e+00
    endloop
  endfacet
  facet normal 0.000000e+00 0.000000e+00 1.000000e+00
    outer loop
      vertex   -3.527757e+00 1.091500e+02 4.500000e+00
      vertex   -3.527757e+00 6.085000e+01 4.500000e+00
      vertex   -3.402523e+00 6.058143e+01 4.500000e+00
    endloop
  endfacet
  facet normal -0.000000e+00 0.000000e+00 1.000000e+00
    outer loop
      vertex   -3.527757e+00 1.091500e+02 4.500000e+00
      vertex   -3.402523e+00 6.058143e+01 4.500000e+00
      vertex   -3.402523e+00 1.094186e+02 4.500000e+00
    endloop
  endfacet
  facet normal 0.000000e+00 0.000000e+00 1.000000e+00
    outer loop
      vertex   -3.402523e+00 1.094186e+02 4.500000e+00
      vertex   -3.402523e+00 6.058143e+01 4.500000e+00
      vertex   -3.325827e+00 6.029520e+01 4.500000e+00
    endloop
  endfacet
  facet normal -0.000000e+00 0.000000e+00 1.000000e+00
    outer loop
      vertex   -3.402523e+00 1.094186e+02 4.500000e+00
      vertex   -3.325827e+00 6.029520e+01 4.500000e+00
      vertex   -3.325827e+00 1.097048e+02 4.500000e+00
    endloop
  endfacet
  facet normal 0.000000e+00 0.000000e+00 1.000000e+00
    outer loop
      vertex   -3.300000e+00 6.000000e+01 4.500000e+00
      vertex   -3.325827e+00 5.970480e+01 4.500000e+00
      vertex   0.000000e+00 3.700000e+01 4.500000e+00
    endloop
  endfacet
  facet normal 0.000000e+00 0.000000e+00 1.000000e+00
    outer loop
      vertex   0.000000e+00 3.700000e+01 4.500000e+00
      vertex   -3.325827e+00 5.970480e+01 4.500000e+00
      vertex   -3.325827e+00 4.429520e+01 4.500000e+00
    endloop
  endfacet
  facet normal 0.000000e+00 0.000000e+00 1.000000e+00
    outer loop
      vertex   0.000000e+00 3.700000e+01 4.500000e+00
      vertex   -3.325827e+00 4.429520e+01 4.500000e+00
      vertex   -3.300000e+00 4.400000e+01 4.500000e+00
    endloop
  endfacet
  facet normal 0.000000e+00 -0.000000e+00 1.000000e+00
    outer loop
      vertex   -3.325827e+00 4.429520e+01 4.500000e+00
      vertex   -3.325827e+00 5.970480e+01 4.500000e+00
      vertex   -3.402523e+00 4.458143e+01 4.500000e+00
    endloop
  endfacet
  facet normal 0.000000e+00 0.000000e+00 1.000000e+00
    outer loop
      vertex   -3.402523e+00 4.458143e+01 4.500000e+00
      vertex   -3.325827e+00 5.970480e+01 4.500000e+00
      vertex   -3.402523e+00 5.941857e+01 4.500000e+00
    endloop
  endfacet
  facet normal 0.000000e+00 -0.000000e+00 1.000000e+00
    outer loop
      vertex   -3.402523e+00 4.458143e+01 4.500000e+00
      vertex   -3.402523e+00 5.941857e+01 4.500000e+00
      vertex   -3.527757e+00 5.915000e+01 4.500000e+00
    endloop
  endfacet
  facet normal 0.000000e+00 0.000000e+00 1.000000e+00
    outer loop
      vertex   -3.402523e+00 4.458143e+01 4.500000e+00
      vertex   -3.527757e+00 5.915000e+01 4.500000e+00
      vertex   -3.527757e+00 4.485000e+01 4.500000e+00
    endloop
  endfacet
  facet normal 0.000000e+00 -0.000000e+00 1.000000e+00
    outer loop
      vertex   -3.527757e+00 4.485000e+01 4.500000e+00
      vertex   -3.527757e+00 5.915000e+01 4.500000e+00
      vertex   -3.697724e+00 5.890726e+01 4.500000e+00
    endloop
  endfacet
  facet normal 0.000000e+00 0.000000e+00 1.000000e+00
    outer loop
      vertex   -3.527757e+00 4.485000e+01 4.500000e+00
      vertex   -3.697724e+00 5.890726e+01 4.500000e+00
      vertex   -3.697724e+00 4.509274e+01 4.500000e+00
    endloop
  endfacet
  facet normal 0.000000e+00 -0.000000e+00 1.000000e+00
    outer loop
      vertex   -3.697724e+00 4.509274e+01 4.500000e+00
      vertex   -3.697724e+00 5.890726e+01 4.500000e+00
      vertex   -3.907261e+00 5.869772e+01 4.500000e+00
    endloop
  endfacet
  facet normal 0.000000e+00 0.000000e+00 1.000000e+00
    outer loop
      vertex   -3.697724e+00 4.509274e+01 4.500000e+00
      vertex   -3.907261e+00 5.869772e+01 4.500000e+00
      vertex   -3.907261e+00 4.530228e+01 4.500000e+00
    endloop
  endfacet
  facet normal 0.000000e+00 -0.000000e+00 1.000000e+00
    outer loop
      vertex   -3.907261e+00 4.530228e+01 4.500000e+00
      vertex   -3.907261e+00 5.869772e+01 4.500000e+00
      vertex   -4.150000e+00 5.852776e+01 4.500000e+00
    endloop
  endfacet
  facet normal 0.000000e+00 0.000000e+00 1.000000e+00
    outer loop
      vertex   -3.907261e+00 4.530228e+01 4.500000e+00
      vertex   -4.150000e+00 5.852776e+01 4.500000e+00
      vertex   -4.150000e+00 4.547224e+01 4.500000e+00
    endloop
  endfacet
  facet normal 0.000000e+00 -0.000000e+00 1.000000e+00
    outer loop
      vertex   -4.150000e+00 4.547224e+01 4.500000e+00
      vertex   -4.150000e+00 5.852776e+01 4.500000e+00
      vertex   -4.418566e+00 5.840252e+01 4.500000e+00
    endloop
  endfacet
  facet normal 0.000000e+00 0.000000e+00 1.000000e+00
    outer loop
      vertex   -4.150000e+00 4.547224e+01 4.500000e+00
      vertex   -4.418566e+00 5.840252e+01 4.500000e+00
      vertex   -4.418566e+00 4.559748e+01 4.500000e+00
    endloop
  endfacet
  facet normal 0.000000e+00 -0.000000e+00 1.000000e+00
    outer loop
      vertex   -4.418566e+00 4.559748e+01 4.500000e+00
      vertex   -4.418566e+00 5.840252e+01 4.500000e+00
      vertex   -4.704798e+00 5.832583e+01 4.500000e+00
    endloop
  endfacet
  facet normal 0.000000e+00 0.000000e+00 1.000000e+00
    outer loop
      vertex   -4.418566e+00 4.559748e+01 4.500000e+00
      vertex   -4.704798e+00 5.832583e+01 4.500000e+00
      vertex   -4.704798e+00 4.567417e+01 4.500000e+00
    endloop
  endfacet
  facet normal 0.000000e+00 -0.000000e+00 1.000000e+00
    outer loop
      vertex   -4.704798e+00 4.567417e+01 4.500000e+00
      vertex   -4.704798e+00 5.832583e+01 4.500000e+00
      vertex   -5.000000e+00 5.830000e+01 4.500000e+00
    endloop
  endfacet
  facet normal 0.000000e+00 0.000000e+00 1.000000e+00
    outer loop
      vertex   -4.704798e+00 4.567417e+01 4.500000e+00
      vertex   -5.000000e+00 5.830000e+01 4.500000e+00
      vertex   -5.000000e+00 4.570000e+01 4.500000e+00
    endloop
  endfacet
  facet normal 0.000000e+00 -0.000000e+00 1.000000e+00
    outer loop
      vertex   -5.000000e+00 4.570000e+01 4.500000e+00
      vertex   -5.000000e+00 5.830000e+01 4.500000e+00
      vertex   -5.295202e+00 4.567417e+01 4.500000e+00
    endloop
  endfacet
  facet normal 0.000000e+00 0.000000e+00 1.000000e+00
    outer loop
      vertex   -5.295202e+00 4.567417e+01 4.500000e+00
      vertex   -5.000000e+00 5.830000e+01 4.500000e+00
      vertex   -5.295202e+00 5.832583e+01 4.500000e+00
    endloop
  endfacet
  facet normal 0.000000e+00 -0.000000e+00 1.000000e+00
    outer loop
      vertex   -5.295202e+00 4.567417e+01 4.500000e+00
      vertex   -5.295202e+00 5.832583e+01 4.500000e+00
      vertex   -5.581434e+00 4.559748e+01 4.500000e+00
    endloop
  endfacet
  facet normal 0.000000e+00 0.000000e+00 1.000000e+00
    outer loop
      vertex   -5.581434e+00 4.559748e+01 4.500000e+00
      vertex   -5.295202e+00 5.832583e+01 4.500000e+00
      vertex   -5.581434e+00 5.840252e+01 4.500000e+00
    endloop
  endfacet
  facet normal 0.000000e+00 -0.000000e+00 1.000000e+00
    outer loop
      vertex   -5.581434e+00 4.559748e+01 4.500000e+00
      vertex   -5.581434e+00 5.840252e+01 4.500000e+00
      vertex   -5.850000e+00 4.547224e+01 4.500000e+00
    endloop
  endfacet
  facet normal 0.000000e+00 0.000000e+00 1.000000e+00
    outer loop
      vertex   -5.850000e+00 4.547224e+01 4.500000e+00
      vertex   -5.581434e+00 5.840252e+01 4.500000e+00
      vertex   -5.850000e+00 5.852776e+01 4.500000e+00
    endloop
  endfacet
  facet normal 0.000000e+00 -0.000000e+00 1.000000e+00
    outer loop
      vertex   -5.850000e+00 4.547224e+01 4.500000e+00
      vertex   -5.850000e+00 5.852776e+01 4.500000e+00
      vertex   -6.092739e+00 4.530228e+01 4.500000e+00
    endloop
  endfacet
  facet normal 0.000000e+00 0.000000e+00 1.000000e+00
    outer loop
      vertex   -6.092739e+00 4.530228e+01 4.500000e+00
      vertex   -5.850000e+00 5.852776e+01 4.500000e+00
      vertex   -6.092739e+00 5.869772e+01 4.500000e+00
    endloop
  endfacet
  facet normal 0.000000e+00 -0.000000e+00 1.000000e+00
    outer loop
      vertex   -6.092739e+00 4.530228e+01 4.500000e+00
      vertex   -6.092739e+00 5.869772e+01 4.500000e+00
      vertex   -6.302276e+00 4.509274e+01 4.500000e+00
    endloop
  endfacet
  facet normal 0.000000e+00 0.000000e+00 1.000000e+00
    outer loop
      vertex   -6.302276e+00 4.509274e+01 4.500000e+00
      vertex   -6.092739e+00 5.869772e+01 4.500000e+00
      vertex   -6.302276e+00 5.890726e+01 4.500000e+00
    endloop
  endfacet
  facet normal 0.000000e+00 -0.000000e+00 1.000000e+00
    outer loop
      vertex   -6.302276e+00 4.509274e+01 4.500000e+00
      vertex   -6.302276e+00 5.890726e+01 4.500000e+00
      vertex   -6.472243e+00 4.485000e+01 4.500000e+00
    endloop
  endfacet
  facet normal 0.000000e+00 0.000000e+00 1.000000e+00
    outer loop
      vertex   -6.472243e+00 4.485000e+01 4.500000e+00
      vertex   -6.302276e+00 5.890726e+01 4.500000e+00
      vertex   -6.472243e+00 5.915000e+01 4.500000e+00
    endloop
  endfacet
  facet normal 0.000000e+00 -0.000000e+00 1.000000e+00
    outer loop
      vertex   -6.472243e+00 4.485000e+01 4.500000e+00
      vertex   -6.472243e+00 5.915000e+01 4.500000e+00
      vertex   -6.597477e+00 4.458143e+01 4.500000e+00
    endloop
  endfacet
  facet normal 0.000000e+00 0.000000e+00 1.000000e+00
    outer loop
      vertex   -6.597477e+00 4.458143e+01 4.500000e+00
      vertex   -6.472243e+00 5.915000e+01 4.500000e+00
      vertex   -6.597477e+00 5.941857e+01 4.500000e+00
    endloop
  endfacet
  facet normal 0.000000e+00 -0.000000e+00 1.000000e+00
    outer loop
      vertex   -6.597477e+00 4.458143e+01 4.500000e+00
      vertex   -6.597477e+00 5.941857e+01 4.500000e+00
      vertex   -6.674173e+00 5.970480e+01 4.500000e+00
    endloop
  endfacet
  facet normal 0.000000e+00 -0.000000e+00 1.000000e+00
    outer loop
      vertex   -6.674173e+00 1.262952e+02 4.500000e+00
      vertex   -6.597477e+00 1.265814e+02 4.500000e+00
      vertex   -1.000000e+01 1.330000e+02 4.500000e+00
    endloop
  endfacet
  facet normal 0.000000e+00 0.000000e+00 1.000000e+00
    outer loop
      vertex   -1.000000e+01 1.330000e+02 4.500000e+00
      vertex   -6.597477e+00 1.265814e+02 4.500000e+00
      vertex   -6.472243e+00 1.268500e+02 4.500000e+00
    endloop
  endfacet
  facet normal 0.000000e+00 0.000000e+00 1.000000e+00
    outer loop
      vertex   -1.000000e+01 1.330000e+02 4.500000e+00
      vertex   -6.472243e+00 1.268500e+02 4.500000e+00
      vertex   -6.302276e+00 1.270927e+02 4.500000e+00
    endloop
  endfacet
  facet normal 0.000000e+00 -0.000000e+00 1.000000e+00
    outer loop
      vertex   -6.302276e+00 1.270927e+02 4.500000e+00
      vertex   -6.092739e+00 1.273023e+02 4.500000e+00
      vertex   -1.000000e+01 1.330000e+02 4.500000e+00
    endloop
  endfacet
  facet normal 0.000000e+00 0.000000e+00 1.000000e+00
    outer loop
      vertex   -1.000000e+01 1.330000e+02 4.500000e+00
      vertex   -6.092739e+00 1.273023e+02 4.500000e+00
      vertex   -5.850000e+00 1.274722e+02 4.500000e+00
    endloop
  endfacet
  facet normal 0.000000e+00 0.000000e+00 1.000000e+00
    outer loop
      vertex   -1.000000e+01 1.330000e+02 4.500000e+00
      vertex   -5.850000e+00 1.274722e+02 4.500000e+00
      vertex   -5.581434e+00 1.275975e+02 4.500000e+00
    endloop
  endfacet
  facet normal 0.000000e+00 -0.000000e+00 1.000000e+00
    outer loop
      vertex   -5.581434e+00 1.275975e+02 4.500000e+00
      vertex   -5.295202e+00 1.276742e+02 4.500000e+00
      vertex   -1.000000e+01 1.330000e+02 4.500000e+00
    endloop
  endfacet
  facet normal 0.000000e+00 0.000000e+00 1.000000e+00
    outer loop
      vertex   -1.000000e+01 1.330000e+02 4.500000e+00
      vertex   -5.295202e+00 1.276742e+02 4.500000e+00
      vertex   -5.000000e+00 1.277000e+02 4.500000e+00
    endloop
  endfacet
  facet normal -0.000000e+00 0.000000e+00 1.000000e+00
    outer loop
      vertex   -4.418566e+00 1.275975e+02 4.500000e+00
      vertex   -4.150000e+00 1.274722e+02 4.500000e+00
      vertex   0.000000e+00 1.330000e+02 4.500000e+00
    endloop
  endfacet
  facet normal 0.000000e+00 0.000000e+00 1.000000e+00
    outer loop
      vertex   0.000000e+00 1.330000e+02 4.500000e+00
      vertex   -4.150000e+00 1.274722e+02 4.500000e+00
      vertex   -3.907261e+00 1.273023e+02 4.500000e+00
    endloop
  endfacet
  facet normal 0.000000e+00 0.000000e+00 1.000000e+00
    outer loop
      vertex   0.000000e+00 1.330000e+02 4.500000e+00
      vertex   -3.907261e+00 1.273023e+02 4.500000e+00
      vertex   -3.697724e+00 1.270927e+02 4.500000e+00
    endloop
  endfacet
  facet normal -0.000000e+00 0.000000e+00 1.000000e+00
    outer loop
      vertex   -3.697724e+00 1.270927e+02 4.500000e+00
      vertex   -3.527757e+00 1.268500e+02 4.500000e+00
      vertex   0.000000e+00 1.330000e+02 4.500000e+00
    endloop
  endfacet
  facet normal 0.000000e+00 0.000000e+00 1.000000e+00
    outer loop
      vertex   0.000000e+00 1.330000e+02 4.500000e+00
      vertex   -3.527757e+00 1.268500e+02 4.500000e+00
      vertex   -3.402523e+00 1.265814e+02 4.500000e+00
    endloop
  endfacet
  facet normal 0.000000e+00 0.000000e+00 1.000000e+00
    outer loop
      vertex   0.000000e+00 1.330000e+02 4.500000e+00
      vertex   -3.402523e+00 1.265814e+02 4.500000e+00
      vertex   -3.325827e+00 1.262952e+02 4.500000e+00
    endloop
  endfacet
  facet normal -0.000000e+00 0.000000e+00 1.000000e+00
    outer loop
      vertex   -3.325827e+00 1.262952e+02 4.500000e+00
      vertex   -3.300000e+00 1.260000e+02 4.500000e+00
      vertex   0.000000e+00 1.330000e+02 4.500000e+00
    endloop
  endfacet
  facet normal 0.000000e+00 0.000000e+00 1.000000e+00
    outer loop
      vertex   0.000000e+00 1.330000e+02 4.500000e+00
      vertex   -3.300000e+00 1.260000e+02 4.500000e+00
      vertex   -3.325827e+00 1.257048e+02 4.500000e+00
    endloop
  endfacet
  facet normal 0.000000e+00 0.000000e+00 1.000000e+00
    outer loop
      vertex   0.000000e+00 1.330000e+02 4.500000e+00
      vertex   -3.325827e+00 1.257048e+02 4.500000e+00
      vertex   -3.325827e+00 1.102952e+02 4.500000e+00
    endloop
  endfacet
  facet normal 0.000000e+00 -0.000000e+00 1.000000e+00
    outer loop
      vertex   -3.325827e+00 1.102952e+02 4.500000e+00
      vertex   -3.325827e+00 1.257048e+02 4.500000e+00
      vertex   -3.402523e+00 1.254186e+02 4.500000e+00
    endloop
  endfacet
  facet normal 0.000000e+00 0.000000e+00 1.000000e+00
    outer loop
      vertex   -3.325827e+00 1.102952e+02 4.500000e+00
      vertex   -3.402523e+00 1.254186e+02 4.500000e+00
      vertex   -3.402523e+00 1.105814e+02 4.500000e+00
    endloop
  endfacet
  facet normal 0.000000e+00 -0.000000e+00 1.000000e+00
    outer loop
      vertex   -3.402523e+00 1.105814e+02 4.500000e+00
      vertex   -3.402523e+00 1.254186e+02 4.500000e+00
      vertex   -3.527757e+00 1.251500e+02 4.500000e+00
    endloop
  endfacet
  facet normal 0.000000e+00 0.000000e+00 1.000000e+00
    outer loop
      vertex   -3.402523e+00 1.105814e+02 4.500000e+00
      vertex   -3.527757e+00 1.251500e+02 4.500000e+00
      vertex   -3.527757e+00 1.108500e+02 4.500000e+00
    endloop
  endfacet
  facet normal 0.000000e+00 -0.000000e+00 1.000000e+00
    outer loop
      vertex   -3.527757e+00 1.108500e+02 4.500000e+00
      vertex   -3.527757e+00 1.251500e+02 4.500000e+00
      vertex   -3.697724e+00 1.249073e+02 4.500000e+00
    endloop
  endfacet
  facet normal 0.000000e+00 0.000000e+00 1.000000e+00
    outer loop
      vertex   -3.527757e+00 1.108500e+02 4.500000e+00
      vertex   -3.697724e+00 1.249073e+02 4.500000e+00
      vertex   -3.697724e+00 1.110927e+02 4.500000e+00
    endloop
  endfacet
  facet normal 0.000000e+00 -0.000000e+00 1.000000e+00
    outer loop
      vertex   -3.697724e+00 1.110927e+02 4.500000e+00
      vertex   -3.697724e+00 1.249073e+02 4.500000e+00
      vertex   -3.907261e+00 1.246977e+02 4.500000e+00
    endloop
  endfacet
  facet normal 0.000000e+00 0.000000e+00 1.000000e+00
    outer loop
      vertex   -3.697724e+00 1.110927e+02 4.500000e+00
      vertex   -3.907261e+00 1.246977e+02 4.500000e+00
      vertex   -3.907261e+00 1.113023e+02 4.500000e+00
    endloop
  endfacet
  facet normal 0.000000e+00 -0.000000e+00 1.000000e+00
    outer loop
      vertex   -3.907261e+00 1.113023e+02 4.500000e+00
      vertex   -3.907261e+00 1.246977e+02 4.500000e+00
      vertex   -4.150000e+00 1.245278e+02 4.500000e+00
    endloop
  endfacet
  facet normal 0.000000e+00 0.000000e+00 1.000000e+00
    outer loop
      vertex   -3.907261e+00 1.113023e+02 4.500000e+00
      vertex   -4.150000e+00 1.245278e+02 4.500000e+00
      vertex   -4.150000e+00 1.114722e+02 4.500000e+00
    endloop
  endfacet
  facet normal 0.000000e+00 -0.000000e+00 1.000000e+00
    outer loop
      vertex   -4.150000e+00 1.114722e+02 4.500000e+00
      vertex   -4.150000e+00 1.245278e+02 4.500000e+00
      vertex   -4.418566e+00 1.244025e+02 4.500000e+00
    endloop
  endfacet
  facet normal 0.000000e+00 0.000000e+00 1.000000e+00
    outer loop
      vertex   -4.150000e+00 1.114722e+02 4.500000e+00
      vertex   -4.418566e+00 1.244025e+02 4.500000e+00
      vertex   -4.418566e+00 1.115975e+02 4.500000e+00
    endloop
  endfacet
  facet normal 0.000000e+00 -0.000000e+00 1.000000e+00
    outer loop
      vertex   -4.418566e+00 1.115975e+02 4.500000e+00
      vertex   -4.418566e+00 1.244025e+02 4.500000e+00
      vertex   -4.704798e+00 1.243258e+02 4.500000e+00
    endloop
  endfacet
  facet normal 0.000000e+00 0.000000e+00 1.000000e+00
    outer loop
      vertex   -4.418566e+00 1.115975e+02 4.500000e+00
      vertex   -4.704798e+00 1.243258e+02 4.500000e+00
      vertex   -4.704798e+00 1.116742e+02 4.500000e+00
    endloop
  endfacet
  facet normal 0.000000e+00 -0.000000e+00 1.000000e+00
    outer loop
      vertex   -4.704798e+00 1.116742e+02 4.500000e+00
      vertex   -4.704798e+00 1.243258e+02 4.500000e+00
      vertex   -5.000000e+00 1.243000e+02 4.500000e+00
    endloop
  endfacet
  facet normal 0.000000e+00 0.000000e+00 1.000000e+00
    outer loop
      vertex   -4.704798e+00 1.116742e+02 4.500000e+00
      vertex   -5.000000e+00 1.243000e+02 4.500000e+00
      vertex   -5.000000e+00 1.117000e+02 4.500000e+00
    endloop
  endfacet
  facet normal 0.000000e+00 -0.000000e+00 1.000000e+00
    outer loop
      vertex   -5.000000e+00 1.117000e+02 4.500000e+00
      vertex   -5.000000e+00 1.243000e+02 4.500000e+00
      vertex   -5.295202e+00 1.116742e+02 4.500000e+00
    endloop
  endfacet
  facet normal 0.000000e+00 -0.000000e+00 1.000000e+00
    outer loop
      vertex   -5.295202e+00 1.116742e+02 4.500000e+00
      vertex   -5.000000e+00 1.243000e+02 4.500000e+00
      vertex   -5.295202e+00 1.243258e+02 4.500000e+00
    endloop
  endfacet
  facet normal 0.000000e+00 0.000000e+00 1.000000e+00
    outer loop
      vertex   -5.295202e+00 1.116742e+02 4.500000e+00
      vertex   -5.295202e+00 1.243258e+02 4.500000e+00
      vertex   -5.581434e+00 1.115975e+02 4.500000e+00
    endloop
  endfacet
  facet normal 0.000000e+00 -0.000000e+00 1.000000e+00
    outer loop
      vertex   -5.581434e+00 1.115975e+02 4.500000e+00
      vertex   -5.295202e+00 1.243258e+02 4.500000e+00
      vertex   -5.581434e+00 1.244025e+02 4.500000e+00
    endloop
  endfacet
  facet normal 0.000000e+00 0.000000e+00 1.000000e+00
    outer loop
      vertex   -5.581434e+00 1.115975e+02 4.500000e+00
      vertex   -5.581434e+00 1.244025e+02 4.500000e+00
      vertex   -5.850000e+00 1.114722e+02 4.500000e+00
    endloop
  endfacet
  facet normal 0.000000e+00 -0.000000e+00 1.000000e+00
    outer loop
      vertex   -5.850000e+00 1.114722e+02 4.500000e+00
      vertex   -5.581434e+00 1.244025e+02 4.500000e+00
      vertex   -5.850000e+00 1.245278e+02 4.500000e+00
    endloop
  endfacet
  facet normal 0.000000e+00 0.000000e+00 1.000000e+00
    outer loop
      vertex   -5.850000e+00 1.114722e+02 4.500000e+00
      vertex   -5.850000e+00 1.245278e+02 4.500000e+00
      vertex   -6.092739e+00 1.113023e+02 4.500000e+00
    endloop
  endfacet
  facet normal 0.000000e+00 -0.000000e+00 1.000000e+00
    outer loop
      vertex   -6.092739e+00 1.113023e+02 4.500000e+00
      vertex   -5.850000e+00 1.245278e+02 4.500000e+00
      vertex   -6.092739e+00 1.246977e+02 4.500000e+00
    endloop
  endfacet
  facet normal 0.000000e+00 0.000000e+00 1.000000e+00
    outer loop
      vertex   -6.092739e+00 1.113023e+02 4.500000e+00
      vertex   -6.092739e+00 1.246977e+02 4.500000e+00
      vertex   -6.302276e+00 1.110927e+02 4.500000e+00
    endloop
  endfacet
  facet normal 0.000000e+00 -0.000000e+00 1.000000e+00
    outer loop
      vertex   -6.302276e+00 1.110927e+02 4.500000e+00
      vertex   -6.092739e+00 1.246977e+02 4.500000e+00
      vertex   -6.302276e+00 1.249073e+02 4.500000e+00
    endloop
  endfacet
  facet normal 0.000000e+00 0.000000e+00 1.000000e+00
    outer loop
      vertex   -6.302276e+00 1.110927e+02 4.500000e+00
      vertex   -6.302276e+00 1.249073e+02 4.500000e+00
      vertex   -6.472243e+00 1.108500e+02 4.500000e+00
    endloop
  endfacet
  facet normal 0.000000e+00 -0.000000e+00 1.000000e+00
    outer loop
      vertex   -6.472243e+00 1.108500e+02 4.500000e+00
      vertex   -6.302276e+00 1.249073e+02 4.500000e+00
      vertex   -6.472243e+00 1.251500e+02 4.500000e+00
    endloop
  endfacet
  facet normal 0.000000e+00 0.000000e+00 1.000000e+00
    outer loop
      vertex   -6.472243e+00 1.108500e+02 4.500000e+00
      vertex   -6.472243e+00 1.251500e+02 4.500000e+00
      vertex   -6.597477e+00 1.254186e+02 4.500000e+00
    endloop
  endfacet
  facet normal 0.000000e+00 0.000000e+00 1.000000e+00
    outer loop
      vertex   -6.472243e+00 1.108500e+02 4.500000e+00
      vertex   -6.597477e+00 1.254186e+02 4.500000e+00
      vertex   -6.597477e+00 1.105814e+02 4.500000e+00
    endloop
  endfacet
  facet normal 0.000000e+00 0.000000e+00 1.000000e+00
    outer loop
      vertex   -6.597477e+00 1.105814e+02 4.500000e+00
      vertex   -6.597477e+00 1.254186e+02 4.500000e+00
      vertex   -6.674173e+00 1.257048e+02 4.500000e+00
    endloop
  endfacet
  facet normal 0.000000e+00 0.000000e+00 1.000000e+00
    outer loop
      vertex   -6.597477e+00 1.105814e+02 4.500000e+00
      vertex   -6.674173e+00 1.257048e+02 4.500000e+00
      vertex   -6.674173e+00 1.102952e+02 4.500000e+00
    endloop
  endfacet
  facet normal 0.000000e+00 0.000000e+00 1.000000e+00
    outer loop
      vertex   -6.674173e+00 1.102952e+02 4.500000e+00
      vertex   -6.674173e+00 1.257048e+02 4.500000e+00
      vertex   -1.000000e+01 1.050000e+02 4.500000e+00
    endloop
  endfacet
  facet normal 0.000000e+00 0.000000e+00 1.000000e+00
    outer loop
      vertex   -6.674173e+00 1.102952e+02 4.500000e+00
      vertex   -1.000000e+01 1.050000e+02 4.500000e+00
      vertex   -6.700000e+00 1.100000e+02 4.500000e+00
    endloop
  endfacet
  facet normal 0.000000e+00 0.000000e+00 1.000000e+00
    outer loop
      vertex   -6.700000e+00 1.100000e+02 4.500000e+00
      vertex   -1.000000e+01 1.050000e+02 4.500000e+00
      vertex   -6.674173e+00 1.097048e+02 4.500000e+00
    endloop
  endfacet
  facet normal 0.000000e+00 0.000000e+00 1.000000e+00
    outer loop
      vertex   -6.674173e+00 1.097048e+02 4.500000e+00
      vertex   -1.000000e+01 1.050000e+02 4.500000e+00
      vertex   -6.597477e+00 1.094186e+02 4.500000e+00
    endloop
  endfacet
  facet normal 0.000000e+00 0.000000e+00 1.000000e+00
    outer loop
      vertex   -6.597477e+00 1.094186e+02 4.500000e+00
      vertex   -1.000000e+01 1.050000e+02 4.500000e+00
      vertex   -8.697724e+00 9.709274e+01 4.500000e+00
    endloop
  endfacet
  facet normal 0.000000e+00 0.000000e+00 1.000000e+00
    outer loop
      vertex   -6.597477e+00 1.094186e+02 4.500000e+00
      vertex   -8.697724e+00 9.709274e+01 4.500000e+00
      vertex   -8.527757e+00 9.685000e+01 4.500000e+00
    endloop
  endfacet
  facet normal -0.000000e+00 0.000000e+00 1.000000e+00
    outer loop
      vertex   -3.325827e+00 1.102952e+02 4.500000e+00
      vertex   -3.300000e+00 1.100000e+02 4.500000e+00
      vertex   0.000000e+00 1.330000e+02 4.500000e+00
    endloop
  endfacet
  facet normal 0.000000e+00 0.000000e+00 1.000000e+00
    outer loop
      vertex   0.000000e+00 1.330000e+02 4.500000e+00
      vertex   -3.300000e+00 1.100000e+02 4.500000e+00
      vertex   -3.325827e+00 1.097048e+02 4.500000e+00
    endloop
  endfacet
  facet normal 0.000000e+00 0.000000e+00 1.000000e+00
    outer loop
      vertex   -8.325827e+00 9.570480e+01 4.500000e+00
      vertex   -4.150000e+00 1.085278e+02 4.500000e+00
      vertex   -8.300000e+00 9.600000e+01 4.500000e+00
    endloop
  endfacet
  facet normal 0.000000e+00 0.000000e+00 1.000000e+00
    outer loop
      vertex   -8.300000e+00 9.600000e+01 4.500000e+00
      vertex   -4.150000e+00 1.085278e+02 4.500000e+00
      vertex   -4.418566e+00 1.084025e+02 4.500000e+00
    endloop
  endfacet
  facet normal 0.000000e+00 0.000000e+00 1.000000e+00
    outer loop
      vertex   -8.300000e+00 9.600000e+01 4.500000e+00
      vertex   -4.418566e+00 1.084025e+02 4.500000e+00
      vertex   -4.704798e+00 1.083258e+02 4.500000e+00
    endloop
  endfacet
  facet normal 0.000000e+00 0.000000e+00 1.000000e+00
    outer loop
      vertex   -4.704798e+00 1.083258e+02 4.500000e+00
      vertex   -5.000000e+00 1.083000e+02 4.500000e+00
      vertex   -8.300000e+00 9.600000e+01 4.500000e+00
    endloop
  endfacet
  facet normal 0.000000e+00 0.000000e+00 1.000000e+00
    outer loop
      vertex   -8.300000e+00 9.600000e+01 4.500000e+00
      vertex   -5.000000e+00 1.083000e+02 4.500000e+00
      vertex   -5.295202e+00 1.083258e+02 4.500000e+00
    endloop
  endfacet
  facet normal 0.000000e+00 0.000000e+00 1.000000e+00
    outer loop
      vertex   -8.300000e+00 9.600000e+01 4.500000e+00
      vertex   -5.295202e+00 1.083258e+02 4.500000e+00
      vertex   -5.581434e+00 1.084025e+02 4.500000e+00
    endloop
  endfacet
  facet normal 0.000000e+00 -0.000000e+00 1.000000e+00
    outer loop
      vertex   -8.300000e+00 9.600000e+01 4.500000e+00
      vertex   -5.581434e+00 1.084025e+02 4.500000e+00
      vertex   -8.325827e+00 9.629520e+01 4.500000e+00
    endloop
  endfacet
  facet normal 0.000000e+00 0.000000e+00 1.000000e+00
    outer loop
      vertex   -8.325827e+00 9.629520e+01 4.500000e+00
      vertex   -5.581434e+00 1.084025e+02 4.500000e+00
      vertex   -5.850000e+00 1.085278e+02 4.500000e+00
    endloop
  endfacet
  facet normal 0.000000e+00 0.000000e+00 1.000000e+00
    outer loop
      vertex   -8.325827e+00 9.629520e+01 4.500000e+00
      vertex   -5.850000e+00 1.085278e+02 4.500000e+00
      vertex   -6.092739e+00 1.086977e+02 4.500000e+00
    endloop
  endfacet
  facet normal 0.000000e+00 0.000000e+00 1.000000e+00
    outer loop
      vertex   -6.092739e+00 1.086977e+02 4.500000e+00
      vertex   -6.302276e+00 1.089073e+02 4.500000e+00
      vertex   -8.325827e+00 9.629520e+01 4.500000e+00
    endloop
  endfacet
  facet normal 0.000000e+00 -0.000000e+00 1.000000e+00
    outer loop
      vertex   -8.325827e+00 9.629520e+01 4.500000e+00
      vertex   -6.302276e+00 1.089073e+02 4.500000e+00
      vertex   -8.402523e+00 9.658143e+01 4.500000e+00
    endloop
  endfacet
  facet normal 0.000000e+00 0.000000e+00 1.000000e+00
    outer loop
      vertex   -8.402523e+00 9.658143e+01 4.500000e+00
      vertex   -6.302276e+00 1.089073e+02 4.500000e+00
      vertex   -6.472243e+00 1.091500e+02 4.500000e+00
    endloop
  endfacet
  facet normal 0.000000e+00 -0.000000e+00 1.000000e+00
    outer loop
      vertex   -8.402523e+00 9.658143e+01 4.500000e+00
      vertex   -6.472243e+00 1.091500e+02 4.500000e+00
      vertex   -8.527757e+00 9.685000e+01 4.500000e+00
    endloop
  endfacet
  facet normal 0.000000e+00 0.000000e+00 1.000000e+00
    outer loop
      vertex   -8.527757e+00 9.685000e+01 4.500000e+00
      vertex   -6.472243e+00 1.091500e+02 4.500000e+00
      vertex   -6.597477e+00 1.094186e+02 4.500000e+00
    endloop
  endfacet
  facet normal 0.000000e+00 0.000000e+00 1.000000e+00
    outer loop
      vertex   -6.674173e+00 4.370480e+01 4.500000e+00
      vertex   -6.700000e+00 4.400000e+01 4.500000e+00
      vertex   -1.000000e+01 3.700000e+01 4.500000e+00
    endloop
  endfacet
  facet normal 0.000000e+00 0.000000e+00 1.000000e+00
    outer loop
      vertex   -1.000000e+01 3.700000e+01 4.500000e+00
      vertex   -6.700000e+00 4.400000e+01 4.500000e+00
      vertex   -6.674173e+00 4.429520e+01 4.500000e+00
    endloop
  endfacet
  facet normal 0.000000e+00 0.000000e+00 1.000000e+00
    outer loop
      vertex   -6.674173e+00 4.429520e+01 4.500000e+00
      vertex   -6.597477e+00 4.458143e+01 4.500000e+00
      vertex   -6.674173e+00 5.970480e+01 4.500000e+00
    endloop
  endfacet
  facet normal 0.000000e+00 0.000000e+00 1.000000e+00
    outer loop
      vertex   -3.300000e+00 4.400000e+01 4.500000e+00
      vertex   -3.325827e+00 4.370480e+01 4.500000e+00
      vertex   0.000000e+00 3.700000e+01 4.500000e+00
    endloop
  endfacet
  facet normal 0.000000e+00 0.000000e+00 1.000000e+00
    outer loop
      vertex   0.000000e+00 3.700000e+01 4.500000e+00
      vertex   -3.325827e+00 4.370480e+01 4.500000e+00
      vertex   -3.402523e+00 4.341857e+01 4.500000e+00
    endloop
  endfacet
  facet normal 0.000000e+00 0.000000e+00 1.000000e+00
    outer loop
      vertex   0.000000e+00 3.700000e+01 4.500000e+00
      vertex   -3.402523e+00 4.341857e+01 4.500000e+00
      vertex   -3.527757e+00 4.315000e+01 4.500000e+00
    endloop
  endfacet
  facet normal 0.000000e+00 0.000000e+00 1.000000e+00
    outer loop
      vertex   -3.527757e+00 4.315000e+01 4.500000e+00
      vertex   -3.697724e+00 4.290726e+01 4.500000e+00
      vertex   0.000000e+00 3.700000e+01 4.500000e+00
    endloop
  endfacet
  facet normal 0.000000e+00 0.000000e+00 1.000000e+00
    outer loop
      vertex   0.000000e+00 3.700000e+01 4.500000e+00
      vertex   -3.697724e+00 4.290726e+01 4.500000e+00
      vertex   -3.907261e+00 4.269772e+01 4.500000e+00
    endloop
  endfacet
  facet normal 0.000000e+00 0.000000e+00 1.000000e+00
    outer loop
      vertex   0.000000e+00 3.700000e+01 4.500000e+00
      vertex   -3.907261e+00 4.269772e+01 4.500000e+00
      vertex   -4.150000e+00 4.252776e+01 4.500000e+00
    endloop
  endfacet
  facet normal 0.000000e+00 0.000000e+00 1.000000e+00
    outer loop
      vertex   -4.150000e+00 4.252776e+01 4.500000e+00
      vertex   -4.418566e+00 4.240252e+01 4.500000e+00
      vertex   0.000000e+00 3.700000e+01 4.500000e+00
    endloop
  endfacet
  facet normal 0.000000e+00 0.000000e+00 1.000000e+00
    outer loop
      vertex   0.000000e+00 3.700000e+01 4.500000e+00
      vertex   -4.418566e+00 4.240252e+01 4.500000e+00
      vertex   -4.704798e+00 4.232583e+01 4.500000e+00
    endloop
  endfacet
  facet normal 0.000000e+00 0.000000e+00 1.000000e+00
    outer loop
      vertex   0.000000e+00 3.700000e+01 4.500000e+00
      vertex   -4.704798e+00 4.232583e+01 4.500000e+00
      vertex   -5.000000e+00 4.230000e+01 4.500000e+00
    endloop
  endfacet
  facet normal 0.000000e+00 0.000000e+00 1.000000e+00
    outer loop
      vertex   -5.581434e+00 4.240252e+01 4.500000e+00
      vertex   -5.850000e+00 4.252776e+01 4.500000e+00
      vertex   -1.000000e+01 3.700000e+01 4.500000e+00
    endloop
  endfacet
  facet normal 0.000000e+00 0.000000e+00 1.000000e+00
    outer loop
      vertex   -1.000000e+01 3.700000e+01 4.500000e+00
      vertex   -5.850000e+00 4.252776e+01 4.500000e+00
      vertex   -6.092739e+00 4.269772e+01 4.500000e+00
    endloop
  endfacet
  facet normal 0.000000e+00 0.000000e+00 1.000000e+00
    outer loop
      vertex   -1.000000e+01 3.700000e+01 4.500000e+00
      vertex   -6.092739e+00 4.269772e+01 4.500000e+00
      vertex   -6.302276e+00 4.290726e+01 4.500000e+00
    endloop
  endfacet
  facet normal 0.000000e+00 0.000000e+00 1.000000e+00
    outer loop
      vertex   -6.302276e+00 4.290726e+01 4.500000e+00
      vertex   -6.472243e+00 4.315000e+01 4.500000e+00
      vertex   -1.000000e+01 3.700000e+01 4.500000e+00
    endloop
  endfacet
  facet normal 0.000000e+00 0.000000e+00 1.000000e+00
    outer loop
      vertex   -1.000000e+01 3.700000e+01 4.500000e+00
      vertex   -6.472243e+00 4.315000e+01 4.500000e+00
      vertex   -6.597477e+00 4.341857e+01 4.500000e+00
    endloop
  endfacet
  facet normal 0.000000e+00 0.000000e+00 1.000000e+00
    outer loop
      vertex   -1.000000e+01 3.700000e+01 4.500000e+00
      vertex   -6.597477e+00 4.341857e+01 4.500000e+00
      vertex   -6.674173e+00 4.370480e+01 4.500000e+00
    endloop
  endfacet
  facet normal 0.000000e+00 0.000000e+00 1.000000e+00
    outer loop
      vertex   -1.167417e+01 9.570480e+01 4.500000e+00
      vertex   -1.167417e+01 7.429520e+01 4.500000e+00
      vertex   -1.159748e+01 9.541857e+01 4.500000e+00
    endloop
  endfacet
  facet normal 0.000000e+00 0.000000e+00 1.000000e+00
    outer loop
      vertex   -1.159748e+01 9.541857e+01 4.500000e+00
      vertex   -1.167417e+01 7.429520e+01 4.500000e+00
      vertex   -1.159748e+01 7.458143e+01 4.500000e+00
    endloop
  endfacet
  facet normal 0.000000e+00 0.000000e+00 1.000000e+00
    outer loop
      vertex   -1.159748e+01 9.541857e+01 4.500000e+00
      vertex   -1.159748e+01 7.458143e+01 4.500000e+00
      vertex   -1.147224e+01 9.515000e+01 4.500000e+00
    endloop
  endfacet
  facet normal 0.000000e+00 0.000000e+00 1.000000e+00
    outer loop
      vertex   -1.147224e+01 9.515000e+01 4.500000e+00
      vertex   -1.159748e+01 7.458143e+01 4.500000e+00
      vertex   -1.147224e+01 7.485000e+01 4.500000e+00
    endloop
  endfacet
  facet normal 0.000000e+00 0.000000e+00 1.000000e+00
    outer loop
      vertex   -1.147224e+01 9.515000e+01 4.500000e+00
      vertex   -1.147224e+01 7.485000e+01 4.500000e+00
      vertex   -1.130228e+01 9.490726e+01 4.500000e+00
    endloop
  endfacet
  facet normal 0.000000e+00 0.000000e+00 1.000000e+00
    outer loop
      vertex   -1.130228e+01 9.490726e+01 4.500000e+00
      vertex   -1.147224e+01 7.485000e+01 4.500000e+00
      vertex   -1.130228e+01 7.509274e+01 4.500000e+00
    endloop
  endfacet
  facet normal 0.000000e+00 0.000000e+00 1.000000e+00
    outer loop
      vertex   -1.130228e+01 9.490726e+01 4.500000e+00
      vertex   -1.130228e+01 7.509274e+01 4.500000e+00
      vertex   -1.109274e+01 9.469772e+01 4.500000e+00
    endloop
  endfacet
  facet normal 0.000000e+00 0.000000e+00 1.000000e+00
    outer loop
      vertex   -1.109274e+01 9.469772e+01 4.500000e+00
      vertex   -1.130228e+01 7.509274e+01 4.500000e+00
      vertex   -1.109274e+01 7.530228e+01 4.500000e+00
    endloop
  endfacet
  facet normal 0.000000e+00 0.000000e+00 1.000000e+00
    outer loop
      vertex   -1.109274e+01 9.469772e+01 4.500000e+00
      vertex   -1.109274e+01 7.530228e+01 4.500000e+00
      vertex   -1.085000e+01 9.452776e+01 4.500000e+00
    endloop
  endfacet
  facet normal 0.000000e+00 0.000000e+00 1.000000e+00
    outer loop
      vertex   -1.085000e+01 9.452776e+01 4.500000e+00
      vertex   -1.109274e+01 7.530228e+01 4.500000e+00
      vertex   -1.085000e+01 7.547224e+01 4.500000e+00
    endloop
  endfacet
  facet normal 0.000000e+00 0.000000e+00 1.000000e+00
    outer loop
      vertex   -1.085000e+01 9.452776e+01 4.500000e+00
      vertex   -1.085000e+01 7.547224e+01 4.500000e+00
      vertex   -1.058143e+01 9.440252e+01 4.500000e+00
    endloop
  endfacet
  facet normal 0.000000e+00 0.000000e+00 1.000000e+00
    outer loop
      vertex   -1.058143e+01 9.440252e+01 4.500000e+00
      vertex   -1.085000e+01 7.547224e+01 4.500000e+00
      vertex   -1.058143e+01 7.559748e+01 4.500000e+00
    endloop
  endfacet
  facet normal 0.000000e+00 0.000000e+00 1.000000e+00
    outer loop
      vertex   -1.058143e+01 9.440252e+01 4.500000e+00
      vertex   -1.058143e+01 7.559748e+01 4.500000e+00
      vertex   -1.029520e+01 9.432583e+01 4.500000e+00
    endloop
  endfacet
  facet normal 0.000000e+00 0.000000e+00 1.000000e+00
    outer loop
      vertex   -1.029520e+01 9.432583e+01 4.500000e+00
      vertex   -1.058143e+01 7.559748e+01 4.500000e+00
      vertex   -1.029520e+01 7.567417e+01 4.500000e+00
    endloop
  endfacet
  facet normal 0.000000e+00 0.000000e+00 1.000000e+00
    outer loop
      vertex   -1.029520e+01 9.432583e+01 4.500000e+00
      vertex   -1.029520e+01 7.567417e+01 4.500000e+00
      vertex   -1.000000e+01 9.430000e+01 4.500000e+00
    endloop
  endfacet
  facet normal 0.000000e+00 0.000000e+00 1.000000e+00
    outer loop
      vertex   -1.000000e+01 9.430000e+01 4.500000e+00
      vertex   -1.029520e+01 7.567417e+01 4.500000e+00
      vertex   -1.000000e+01 7.570000e+01 4.500000e+00
    endloop
  endfacet
  facet normal 0.000000e+00 0.000000e+00 1.000000e+00
    outer loop
      vertex   -1.000000e+01 9.430000e+01 4.500000e+00
      vertex   -1.000000e+01 7.570000e+01 4.500000e+00
      vertex   -9.704798e+00 7.567417e+01 4.500000e+00
    endloop
  endfacet
  facet normal -0.000000e+00 0.000000e+00 1.000000e+00
    outer loop
      vertex   -1.000000e+01 9.430000e+01 4.500000e+00
      vertex   -9.704798e+00 7.567417e+01 4.500000e+00
      vertex   -9.704798e+00 9.432583e+01 4.500000e+00
    endloop
  endfacet
  facet normal 0.000000e+00 0.000000e+00 1.000000e+00
    outer loop
      vertex   -9.704798e+00 9.432583e+01 4.500000e+00
      vertex   -9.704798e+00 7.567417e+01 4.500000e+00
      vertex   -9.418566e+00 7.559748e+01 4.500000e+00
    endloop
  endfacet
  facet normal -0.000000e+00 0.000000e+00 1.000000e+00
    outer loop
      vertex   -9.704798e+00 9.432583e+01 4.500000e+00
      vertex   -9.418566e+00 7.559748e+01 4.500000e+00
      vertex   -9.418566e+00 9.440252e+01 4.500000e+00
    endloop
  endfacet
  facet normal 0.000000e+00 0.000000e+00 1.000000e+00
    outer loop
      vertex   -9.418566e+00 9.440252e+01 4.500000e+00
      vertex   -9.418566e+00 7.559748e+01 4.500000e+00
      vertex   -9.150000e+00 7.547224e+01 4.500000e+00
    endloop
  endfacet
  facet normal -0.000000e+00 0.000000e+00 1.000000e+00
    outer loop
      vertex   -9.418566e+00 9.440252e+01 4.500000e+00
      vertex   -9.150000e+00 7.547224e+01 4.500000e+00
      vertex   -9.150000e+00 9.452776e+01 4.500000e+00
    endloop
  endfacet
  facet normal 0.000000e+00 0.000000e+00 1.000000e+00
    outer loop
      vertex   -9.150000e+00 9.452776e+01 4.500000e+00
      vertex   -9.150000e+00 7.547224e+01 4.500000e+00
      vertex   -8.907261e+00 7.530228e+01 4.500000e+00
    endloop
  endfacet
  facet normal -0.000000e+00 0.000000e+00 1.000000e+00
    outer loop
      vertex   -9.150000e+00 9.452776e+01 4.500000e+00
      vertex   -8.907261e+00 7.530228e+01 4.500000e+00
      vertex   -8.907261e+00 9.469772e+01 4.500000e+00
    endloop
  endfacet
  facet normal 0.000000e+00 0.000000e+00 1.000000e+00
    outer loop
      vertex   -8.907261e+00 9.469772e+01 4.500000e+00
      vertex   -8.907261e+00 7.530228e+01 4.500000e+00
      vertex   -8.697724e+00 7.509274e+01 4.500000e+00
    endloop
  endfacet
  facet normal -0.000000e+00 0.000000e+00 1.000000e+00
    outer loop
      vertex   -8.907261e+00 9.469772e+01 4.500000e+00
      vertex   -8.697724e+00 7.509274e+01 4.500000e+00
      vertex   -8.697724e+00 9.490726e+01 4.500000e+00
    endloop
  endfacet
  facet normal 0.000000e+00 0.000000e+00 1.000000e+00
    outer loop
      vertex   -8.697724e+00 9.490726e+01 4.500000e+00
      vertex   -8.697724e+00 7.509274e+01 4.500000e+00
      vertex   -8.527757e+00 7.485000e+01 4.500000e+00
    endloop
  endfacet
  facet normal -0.000000e+00 0.000000e+00 1.000000e+00
    outer loop
      vertex   -8.697724e+00 9.490726e+01 4.500000e+00
      vertex   -8.527757e+00 7.485000e+01 4.500000e+00
      vertex   -8.527757e+00 9.515000e+01 4.500000e+00
    endloop
  endfacet
  facet normal 0.000000e+00 0.000000e+00 1.000000e+00
    outer loop
      vertex   -8.527757e+00 9.515000e+01 4.500000e+00
      vertex   -8.527757e+00 7.485000e+01 4.500000e+00
      vertex   -8.402523e+00 7.458143e+01 4.500000e+00
    endloop
  endfacet
  facet normal -0.000000e+00 0.000000e+00 1.000000e+00
    outer loop
      vertex   -8.527757e+00 9.515000e+01 4.500000e+00
      vertex   -8.402523e+00 7.458143e+01 4.500000e+00
      vertex   -8.402523e+00 9.541857e+01 4.500000e+00
    endloop
  endfacet
  facet normal -0.000000e+00 0.000000e+00 1.000000e+00
    outer loop
      vertex   -8.402523e+00 9.541857e+01 4.500000e+00
      vertex   -8.402523e+00 7.458143e+01 4.500000e+00
      vertex   -8.325827e+00 9.570480e+01 4.500000e+00
    endloop
  endfacet
  facet normal 0.000000e+00 0.000000e+00 1.000000e+00
    outer loop
      vertex   -8.325827e+00 9.570480e+01 4.500000e+00
      vertex   -8.402523e+00 7.458143e+01 4.500000e+00
      vertex   -8.325827e+00 7.429520e+01 4.500000e+00
    endloop
  endfacet
  facet normal 0.000000e+00 0.000000e+00 1.000000e+00
    outer loop
      vertex   -8.697724e+00 7.290726e+01 4.500000e+00
      vertex   -8.907261e+00 7.269772e+01 4.500000e+00
      vertex   -1.000000e+01 6.500000e+01 4.500000e+00
    endloop
  endfacet
  facet normal 0.000000e+00 0.000000e+00 1.000000e+00
    outer loop
      vertex   -1.000000e+01 6.500000e+01 4.500000e+00
      vertex   -8.907261e+00 7.269772e+01 4.500000e+00
      vertex   -9.150000e+00 7.252776e+01 4.500000e+00
    endloop
  endfacet
  facet normal 0.000000e+00 0.000000e+00 1.000000e+00
    outer loop
      vertex   -1.000000e+01 6.500000e+01 4.500000e+00
      vertex   -9.150000e+00 7.252776e+01 4.500000e+00
      vertex   -9.418566e+00 7.240252e+01 4.500000e+00
    endloop
  endfacet
  facet normal 0.000000e+00 0.000000e+00 1.000000e+00
    outer loop
      vertex   -9.418566e+00 7.240252e+01 4.500000e+00
      vertex   -9.704798e+00 7.232583e+01 4.500000e+00
      vertex   -1.000000e+01 6.500000e+01 4.500000e+00
    endloop
  endfacet
  facet normal 0.000000e+00 0.000000e+00 1.000000e+00
    outer loop
      vertex   -1.000000e+01 6.500000e+01 4.500000e+00
      vertex   -9.704798e+00 7.232583e+01 4.500000e+00
      vertex   -1.000000e+01 7.230000e+01 4.500000e+00
    endloop
  endfacet
  facet normal 0.000000e+00 -0.000000e+00 1.000000e+00
    outer loop
      vertex   -1.000000e+01 6.500000e+01 4.500000e+00
      vertex   -1.000000e+01 7.230000e+01 4.500000e+00
      vertex   -1.029520e+01 7.232583e+01 4.500000e+00
    endloop
  endfacet
  facet normal 0.000000e+00 0.000000e+00 1.000000e+00
    outer loop
      vertex   -1.029520e+01 7.232583e+01 4.500000e+00
      vertex   -1.058143e+01 7.240252e+01 4.500000e+00
      vertex   -1.000000e+01 6.500000e+01 4.500000e+00
    endloop
  endfacet
  facet normal 0.000000e+00 0.000000e+00 1.000000e+00
    outer loop
      vertex   -1.000000e+01 6.500000e+01 4.500000e+00
      vertex   -1.058143e+01 7.240252e+01 4.500000e+00
      vertex   -1.085000e+01 7.252776e+01 4.500000e+00
    endloop
  endfacet
  facet normal 0.000000e+00 0.000000e+00 1.000000e+00
    outer loop
      vertex   -1.000000e+01 6.500000e+01 4.500000e+00
      vertex   -1.085000e+01 7.252776e+01 4.500000e+00
      vertex   -1.109274e+01 7.269772e+01 4.500000e+00
    endloop
  endfacet
  facet normal 0.000000e+00 0.000000e+00 1.000000e+00
    outer loop
      vertex   -1.109274e+01 7.269772e+01 4.500000e+00
      vertex   -1.130228e+01 7.290726e+01 4.500000e+00
      vertex   -1.000000e+01 6.500000e+01 4.500000e+00
    endloop
  endfacet
  facet normal 0.000000e+00 0.000000e+00 1.000000e+00
    outer loop
      vertex   -1.000000e+01 6.500000e+01 4.500000e+00
      vertex   -1.130228e+01 7.290726e+01 4.500000e+00
      vertex   -1.147224e+01 7.315000e+01 4.500000e+00
    endloop
  endfacet
  facet normal 0.000000e+00 0.000000e+00 1.000000e+00
    outer loop
      vertex   -1.000000e+01 6.500000e+01 4.500000e+00
      vertex   -1.147224e+01 7.315000e+01 4.500000e+00
      vertex   -1.159748e+01 7.341857e+01 4.500000e+00
    endloop
  endfacet
  facet normal 0.000000e+00 0.000000e+00 1.000000e+00
    outer loop
      vertex   -1.159748e+01 7.341857e+01 4.500000e+00
      vertex   -1.167417e+01 7.370480e+01 4.500000e+00
      vertex   -1.000000e+01 6.500000e+01 4.500000e+00
    endloop
  endfacet
  facet normal 0.000000e+00 0.000000e+00 1.000000e+00
    outer loop
      vertex   -1.147224e+01 9.685000e+01 4.500000e+00
      vertex   -1.130228e+01 9.709274e+01 4.500000e+00
      vertex   -1.000000e+01 1.050000e+02 4.500000e+00
    endloop
  endfacet
  facet normal 0.000000e+00 0.000000e+00 1.000000e+00
    outer loop
      vertex   -1.000000e+01 1.050000e+02 4.500000e+00
      vertex   -1.130228e+01 9.709274e+01 4.500000e+00
      vertex   -1.109274e+01 9.730228e+01 4.500000e+00
    endloop
  endfacet
  facet normal 0.000000e+00 0.000000e+00 1.000000e+00
    outer loop
      vertex   -1.000000e+01 1.050000e+02 4.500000e+00
      vertex   -1.109274e+01 9.730228e+01 4.500000e+00
      vertex   -1.085000e+01 9.747224e+01 4.500000e+00
    endloop
  endfacet
  facet normal 0.000000e+00 0.000000e+00 1.000000e+00
    outer loop
      vertex   -1.085000e+01 9.747224e+01 4.500000e+00
      vertex   -1.058143e+01 9.759748e+01 4.500000e+00
      vertex   -1.000000e+01 1.050000e+02 4.500000e+00
    endloop
  endfacet
  facet normal 0.000000e+00 0.000000e+00 1.000000e+00
    outer loop
      vertex   -1.000000e+01 1.050000e+02 4.500000e+00
      vertex   -1.058143e+01 9.759748e+01 4.500000e+00
      vertex   -1.029520e+01 9.767417e+01 4.500000e+00
    endloop
  endfacet
  facet normal 0.000000e+00 0.000000e+00 1.000000e+00
    outer loop
      vertex   -1.000000e+01 1.050000e+02 4.500000e+00
      vertex   -1.029520e+01 9.767417e+01 4.500000e+00
      vertex   -1.000000e+01 9.770000e+01 4.500000e+00
    endloop
  endfacet
  facet normal -0.000000e+00 -0.000000e+00 1.000000e+00
    outer loop
      vertex   -1.000000e+01 9.770000e+01 4.500000e+00
      vertex   -9.704798e+00 9.767417e+01 4.500000e+00
      vertex   -1.000000e+01 1.050000e+02 4.500000e+00
    endloop
  endfacet
  facet normal 0.000000e+00 0.000000e+00 1.000000e+00
    outer loop
      vertex   -1.000000e+01 1.050000e+02 4.500000e+00
      vertex   -9.704798e+00 9.767417e+01 4.500000e+00
      vertex   -9.418566e+00 9.759748e+01 4.500000e+00
    endloop
  endfacet
  facet normal 0.000000e+00 0.000000e+00 1.000000e+00
    outer loop
      vertex   -1.000000e+01 1.050000e+02 4.500000e+00
      vertex   -9.418566e+00 9.759748e+01 4.500000e+00
      vertex   -9.150000e+00 9.747224e+01 4.500000e+00
    endloop
  endfacet
  facet normal -0.000000e+00 -0.000000e+00 1.000000e+00
    outer loop
      vertex   -9.150000e+00 9.747224e+01 4.500000e+00
      vertex   -8.907261e+00 9.730228e+01 4.500000e+00
      vertex   -1.000000e+01 1.050000e+02 4.500000e+00
    endloop
  endfacet
  facet normal 0.000000e+00 0.000000e+00 1.000000e+00
    outer loop
      vertex   -1.000000e+01 1.050000e+02 4.500000e+00
      vertex   -8.907261e+00 9.730228e+01 4.500000e+00
      vertex   -8.697724e+00 9.709274e+01 4.500000e+00
    endloop
  endfacet
  facet normal 1.000000e+00 0.000000e+00 0.000000e+00
    outer loop
      vertex   -2.400000e+01 8.153590e+01 6.316327e+00
      vertex   -2.400000e+01 7.900000e+01 6.316327e+00
      vertex   -2.400000e+01 8.153590e+01 4.500000e+00
    endloop
  endfacet
  facet normal 1.000000e+00 0.000000e+00 0.000000e+00
    outer loop
      vertex   -2.400000e+01 8.153590e+01 4.500000e+00
      vertex   -2.400000e+01 7.900000e+01 6.316327e+00
      vertex   -2.400000e+01 7.900000e+01 4.500000e+00
    endloop
  endfacet
  facet normal -6.692588e-01 -7.430294e-01 -0.000000e+00
    outer loop
      vertex   0.000000e+00 0.000000e+00 9.500000e+00
      vertex   -4.885000e+01 4.400000e+01 3.019898e+00
      vertex   0.000000e+00 0.000000e+00 0.000000e+00
    endloop
  endfacet
  facet normal -6.692588e-01 -7.430294e-01 0.000000e+00
    outer loop
      vertex   0.000000e+00 0.000000e+00 0.000000e+00
      vertex   -4.885000e+01 4.400000e+01 3.019898e+00
      vertex   -4.885000e+01 4.400000e+01 0.000000e+00
    endloop
  endfacet
  facet normal 7.071068e-01 -7.071068e-01 0.000000e+00
    outer loop
      vertex   -1.000000e+01 1.050000e+02 8.173470e+00
      vertex   -2.400000e+01 9.100000e+01 6.316327e+00
      vertex   -1.000000e+01 1.050000e+02 4.500000e+00
    endloop
  endfacet
  facet normal 7.071068e-01 -7.071068e-01 0.000000e+00
    outer loop
      vertex   -1.000000e+01 1.050000e+02 4.500000e+00
      vertex   -2.400000e+01 9.100000e+01 6.316327e+00
      vertex   -2.400000e+01 9.100000e+01 4.500000e+00
    endloop
  endfacet
  facet normal 0.000000e+00 -1.000000e+00 -0.000000e+00
    outer loop
      vertex   0.000000e+00 1.330000e+02 9.500000e+00
      vertex   -1.000000e+01 1.330000e+02 8.173470e+00
      vertex   0.000000e+00 1.330000e+02 4.500000e+00
    endloop
  endfacet
  facet normal 0.000000e+00 -1.000000e+00 0.000000e+00
    outer loop
      vertex   0.000000e+00 1.330000e+02 4.500000e+00
      vertex   -1.000000e+01 1.330000e+02 8.173470e+00
      vertex   -1.000000e+01 1.330000e+02 4.500000e+00
    endloop
  endfacet
  facet normal 1.000000e+00 -5.321844e-09 0.000000e+00
    outer loop
      vertex   -1.000000e+01 1.330000e+02 8.173470e+00
      vertex   -1.000000e+01 1.050000e+02 8.173470e+00
      vertex   -1.000000e+01 1.330000e+02 4.500000e+00
    endloop
  endfacet
  facet normal 1.000000e+00 -5.321844e-09 0.000000e+00
    outer loop
      vertex   -1.000000e+01 1.330000e+02 4.500000e+00
      vertex   -1.000000e+01 1.050000e+02 8.173470e+00
      vertex   -1.000000e+01 1.050000e+02 4.500000e+00
    endloop
  endfacet
  facet normal -1.000000e+00 7.223163e-16 0.000000e+00
    outer loop
      vertex   -2.600000e+01 8.500000e+01 6.051020e+00
      vertex   -2.600000e+01 9.975550e+01 6.051020e+00
      vertex   -2.600000e+01 8.500000e+01 4.500000e+00
    endloop
  endfacet
  facet normal -1.000000e+00 7.223163e-16 0.000000e+00
    outer loop
      vertex   -2.600000e+01 8.500000e+01 4.500000e+00
      vertex   -2.600000e+01 9.975550e+01 6.051020e+00
      vertex   -2.600000e+01 9.975550e+01 0.000000e+00
    endloop
  endfacet
  facet normal -1.000000e+00 6.019303e-16 -3.947459e-16
    outer loop
      vertex   -2.600000e+01 8.500000e+01 4.500000e+00
      vertex   -2.600000e+01 9.975550e+01 0.000000e+00
      vertex   -2.600000e+01 7.024450e+01 0.000000e+00
    endloop
  endfacet
  facet normal -1.000000e+00 4.815442e-16 0.000000e+00
    outer loop
      vertex   -2.600000e+01 7.024450e+01 0.000000e+00
      vertex   -2.600000e+01 7.024450e+01 6.051020e+00
      vertex   -2.600000e+01 8.500000e+01 4.500000e+00
    endloop
  endfacet
  facet normal -1.000000e+00 4.815442e-16 0.000000e+00
    outer loop
      vertex   -2.600000e+01 8.500000e+01 4.500000e+00
      vertex   -2.600000e+01 7.024450e+01 6.051020e+00
      vertex   -2.600000e+01 8.500000e+01 6.051020e+00
    endloop
  endfacet
  facet normal -9.961947e-01 8.715574e-02 0.000000e+00
    outer loop
      vertex   -2.032583e+01 8.470480e+01 0.000000e+00
      vertex   -2.032583e+01 8.470480e+01 4.500000e+00
      vertex   -2.030000e+01 8.500000e+01 0.000000e+00
    endloop
  endfacet
  facet normal -9.961947e-01 8.715574e-02 0.000000e+00
    outer loop
      vertex   -2.030000e+01 8.500000e+01 0.000000e+00
      vertex   -2.032583e+01 8.470480e+01 4.500000e+00
      vertex   -2.030000e+01 8.500000e+01 4.500000e+00
    endloop
  endfacet
  facet normal -9.961947e-01 -8.715574e-02 0.000000e+00
    outer loop
      vertex   -2.030000e+01 8.500000e+01 0.000000e+00
      vertex   -2.030000e+01 8.500000e+01 4.500000e+00
      vertex   -2.032583e+01 8.529520e+01 0.000000e+00
    endloop
  endfacet
  facet normal -9.961947e-01 -8.715574e-02 0.000000e+00
    outer loop
      vertex   -2.032583e+01 8.529520e+01 0.000000e+00
      vertex   -2.030000e+01 8.500000e+01 4.500000e+00
      vertex   -2.032583e+01 8.529520e+01 4.500000e+00
    endloop
  endfacet
  facet normal -9.659258e-01 -2.588190e-01 0.000000e+00
    outer loop
      vertex   -2.032583e+01 8.529520e+01 0.000000e+00
      vertex   -2.032583e+01 8.529520e+01 4.500000e+00
      vertex   -2.040252e+01 8.558143e+01 0.000000e+00
    endloop
  endfacet
  facet normal -9.659258e-01 -2.588190e-01 0.000000e+00
    outer loop
      vertex   -2.040252e+01 8.558143e+01 0.000000e+00
      vertex   -2.032583e+01 8.529520e+01 4.500000e+00
      vertex   -2.040252e+01 8.558143e+01 4.500000e+00
    endloop
  endfacet
  facet normal -9.063078e-01 -4.226183e-01 0.000000e+00
    outer loop
      vertex   -2.040252e+01 8.558143e+01 0.000000e+00
      vertex   -2.040252e+01 8.558143e+01 4.500000e+00
      vertex   -2.052776e+01 8.585000e+01 0.000000e+00
    endloop
  endfacet
  facet normal -9.063078e-01 -4.226183e-01 0.000000e+00
    outer loop
      vertex   -2.052776e+01 8.585000e+01 0.000000e+00
      vertex   -2.040252e+01 8.558143e+01 4.500000e+00
      vertex   -2.052776e+01 8.585000e+01 4.500000e+00
    endloop
  endfacet
  facet normal -8.191520e-01 -5.735764e-01 0.000000e+00
    outer loop
      vertex   -2.052776e+01 8.585000e+01 0.000000e+00
      vertex   -2.052776e+01 8.585000e+01 4.500000e+00
      vertex   -2.069772e+01 8.609274e+01 0.000000e+00
    endloop
  endfacet
  facet normal -8.191520e-01 -5.735764e-01 0.000000e+00
    outer loop
      vertex   -2.069772e+01 8.609274e+01 0.000000e+00
      vertex   -2.052776e+01 8.585000e+01 4.500000e+00
      vertex   -2.069772e+01 8.609274e+01 4.500000e+00
    endloop
  endfacet
  facet normal -7.071068e-01 -7.071068e-01 0.000000e+00
    outer loop
      vertex   -2.069772e+01 8.609274e+01 0.000000e+00
      vertex   -2.069772e+01 8.609274e+01 4.500000e+00
      vertex   -2.090726e+01 8.630228e+01 0.000000e+00
    endloop
  endfacet
  facet normal -7.071068e-01 -7.071068e-01 0.000000e+00
    outer loop
      vertex   -2.090726e+01 8.630228e+01 0.000000e+00
      vertex   -2.069772e+01 8.609274e+01 4.500000e+00
      vertex   -2.090726e+01 8.630228e+01 4.500000e+00
    endloop
  endfacet
  facet normal -5.735764e-01 -8.191520e-01 0.000000e+00
    outer loop
      vertex   -2.090726e+01 8.630228e+01 0.000000e+00
      vertex   -2.090726e+01 8.630228e+01 4.500000e+00
      vertex   -2.115000e+01 8.647224e+01 0.000000e+00
    endloop
  endfacet
  facet normal -5.735764e-01 -8.191520e-01 -4.528340e-16
    outer loop
      vertex   -2.115000e+01 8.647224e+01 0.000000e+00
      vertex   -2.090726e+01 8.630228e+01 4.500000e+00
      vertex   -2.115000e+01 8.647224e+01 4.500000e+00
    endloop
  endfacet
  facet normal -4.226183e-01 -9.063078e-01 -3.336537e-16
    outer loop
      vertex   -2.115000e+01 8.647224e+01 0.000000e+00
      vertex   -2.115000e+01 8.647224e+01 4.500000e+00
      vertex   -2.141857e+01 8.659748e+01 0.000000e+00
    endloop
  endfacet
  facet normal -4.226183e-01 -9.063078e-01 6.673074e-16
    outer loop
      vertex   -2.141857e+01 8.659748e+01 0.000000e+00
      vertex   -2.115000e+01 8.647224e+01 4.500000e+00
      vertex   -2.141857e+01 8.659748e+01 4.500000e+00
    endloop
  endfacet
  facet normal -2.588190e-01 -9.659258e-01 4.086711e-16
    outer loop
      vertex   -2.141857e+01 8.659748e+01 0.000000e+00
      vertex   -2.141857e+01 8.659748e+01 4.500000e+00
      vertex   -2.170480e+01 8.667417e+01 0.000000e+00
    endloop
  endfacet
  facet normal -2.588190e-01 -9.659258e-01 0.000000e+00
    outer loop
      vertex   -2.170480e+01 8.667417e+01 0.000000e+00
      vertex   -2.141857e+01 8.659748e+01 4.500000e+00
      vertex   -2.170480e+01 8.667417e+01 4.500000e+00
    endloop
  endfacet
  facet normal -8.715574e-02 -9.961947e-01 0.000000e+00
    outer loop
      vertex   -2.170480e+01 8.667417e+01 0.000000e+00
      vertex   -2.170480e+01 8.667417e+01 4.500000e+00
      vertex   -2.200000e+01 8.670000e+01 0.000000e+00
    endloop
  endfacet
  facet normal -8.715574e-02 -9.961947e-01 0.000000e+00
    outer loop
      vertex   -2.200000e+01 8.670000e+01 0.000000e+00
      vertex   -2.170480e+01 8.667417e+01 4.500000e+00
      vertex   -2.200000e+01 8.670000e+01 4.500000e+00
    endloop
  endfacet
  facet normal 8.715574e-02 -9.961947e-01 0.000000e+00
    outer loop
      vertex   -2.200000e+01 8.670000e+01 0.000000e+00
      vertex   -2.200000e+01 8.670000e+01 4.500000e+00
      vertex   -2.229520e+01 8.667417e+01 0.000000e+00
    endloop
  endfacet
  facet normal 8.715574e-02 -9.961947e-01 0.000000e+00
    outer loop
      vertex   -2.229520e+01 8.667417e+01 0.000000e+00
      vertex   -2.200000e+01 8.670000e+01 4.500000e+00
      vertex   -2.229520e+01 8.667417e+01 4.500000e+00
    endloop
  endfacet
  facet normal 2.588190e-01 -9.659258e-01 0.000000e+00
    outer loop
      vertex   -2.229520e+01 8.667417e+01 0.000000e+00
      vertex   -2.229520e+01 8.667417e+01 4.500000e+00
      vertex   -2.258143e+01 8.659748e+01 0.000000e+00
    endloop
  endfacet
  facet normal 2.588190e-01 -9.659258e-01 0.000000e+00
    outer loop
      vertex   -2.258143e+01 8.659748e+01 0.000000e+00
      vertex   -2.229520e+01 8.667417e+01 4.500000e+00
      vertex   -2.258143e+01 8.659748e+01 4.500000e+00
    endloop
  endfacet
  facet normal 4.226183e-01 -9.063078e-01 0.000000e+00
    outer loop
      vertex   -2.258143e+01 8.659748e+01 0.000000e+00
      vertex   -2.258143e+01 8.659748e+01 4.500000e+00
      vertex   -2.285000e+01 8.647224e+01 0.000000e+00
    endloop
  endfacet
  facet normal 4.226183e-01 -9.063078e-01 0.000000e+00
    outer loop
      vertex   -2.285000e+01 8.647224e+01 0.000000e+00
      vertex   -2.258143e+01 8.659748e+01 4.500000e+00
      vertex   -2.285000e+01 8.647224e+01 4.500000e+00
    endloop
  endfacet
  facet normal 5.735764e-01 -8.191520e-01 0.000000e+00
    outer loop
      vertex   -2.285000e+01 8.647224e+01 0.000000e+00
      vertex   -2.285000e+01 8.647224e+01 4.500000e+00
      vertex   -2.309274e+01 8.630228e+01 0.000000e+00
    endloop
  endfacet
  facet normal 5.735764e-01 -8.191520e-01 0.000000e+00
    outer loop
      vertex   -2.309274e+01 8.630228e+01 0.000000e+00
      vertex   -2.285000e+01 8.647224e+01 4.500000e+00
      vertex   -2.309274e+01 8.630228e+01 4.500000e+00
    endloop
  endfacet
  facet normal 7.071068e-01 -7.071068e-01 0.000000e+00
    outer loop
      vertex   -2.309274e+01 8.630228e+01 0.000000e+00
      vertex   -2.309274e+01 8.630228e+01 4.500000e+00
      vertex   -2.330228e+01 8.609274e+01 0.000000e+00
    endloop
  endfacet
  facet normal 7.071068e-01 -7.071068e-01 0.000000e+00
    outer loop
      vertex   -2.330228e+01 8.609274e+01 0.000000e+00
      vertex   -2.309274e+01 8.630228e+01 4.500000e+00
      vertex   -2.330228e+01 8.609274e+01 4.500000e+00
    endloop
  endfacet
  facet normal 8.191520e-01 -5.735764e-01 0.000000e+00
    outer loop
      vertex   -2.330228e+01 8.609274e+01 0.000000e+00
      vertex   -2.330228e+01 8.609274e+01 4.500000e+00
      vertex   -2.347224e+01 8.585000e+01 0.000000e+00
    endloop
  endfacet
  facet normal 8.191520e-01 -5.735764e-01 0.000000e+00
    outer loop
      vertex   -2.347224e+01 8.585000e+01 0.000000e+00
      vertex   -2.330228e+01 8.609274e+01 4.500000e+00
      vertex   -2.347224e+01 8.585000e+01 4.500000e+00
    endloop
  endfacet
  facet normal 9.063078e-01 -4.226183e-01 0.000000e+00
    outer loop
      vertex   -2.347224e+01 8.585000e+01 0.000000e+00
      vertex   -2.347224e+01 8.585000e+01 4.500000e+00
      vertex   -2.359748e+01 8.558143e+01 0.000000e+00
    endloop
  endfacet
  facet normal 9.063078e-01 -4.226183e-01 0.000000e+00
    outer loop
      vertex   -2.359748e+01 8.558143e+01 0.000000e+00
      vertex   -2.347224e+01 8.585000e+01 4.500000e+00
      vertex   -2.359748e+01 8.558143e+01 4.500000e+00
    endloop
  endfacet
  facet normal 9.659258e-01 -2.588190e-01 0.000000e+00
    outer loop
      vertex   -2.359748e+01 8.558143e+01 0.000000e+00
      vertex   -2.359748e+01 8.558143e+01 4.500000e+00
      vertex   -2.367417e+01 8.529520e+01 0.000000e+00
    endloop
  endfacet
  facet normal 9.659258e-01 -2.588190e-01 0.000000e+00
    outer loop
      vertex   -2.367417e+01 8.529520e+01 0.000000e+00
      vertex   -2.359748e+01 8.558143e+01 4.500000e+00
      vertex   -2.367417e+01 8.529520e+01 4.500000e+00
    endloop
  endfacet
  facet normal 9.961947e-01 -8.715574e-02 0.000000e+00
    outer loop
      vertex   -2.367417e+01 8.529520e+01 0.000000e+00
      vertex   -2.367417e+01 8.529520e+01 4.500000e+00
      vertex   -2.370000e+01 8.500000e+01 0.000000e+00
    endloop
  endfacet
  facet normal 9.961947e-01 -8.715574e-02 0.000000e+00
    outer loop
      vertex   -2.370000e+01 8.500000e+01 0.000000e+00
      vertex   -2.367417e+01 8.529520e+01 4.500000e+00
      vertex   -2.370000e+01 8.500000e+01 4.500000e+00
    endloop
  endfacet
  facet normal 9.961947e-01 8.715574e-02 -0.000000e+00
    outer loop
      vertex   -2.370000e+01 8.500000e+01 0.000000e+00
      vertex   -2.370000e+01 8.500000e+01 4.500000e+00
      vertex   -2.367417e+01 8.470480e+01 0.000000e+00
    endloop
  endfacet
  facet normal 9.961947e-01 8.715574e-02 -0.000000e+00
    outer loop
      vertex   -2.367417e+01 8.470480e+01 0.000000e+00
      vertex   -2.370000e+01 8.500000e+01 4.500000e+00
      vertex   -2.367417e+01 8.470480e+01 4.500000e+00
    endloop
  endfacet
  facet normal 9.659258e-01 2.588190e-01 -0.000000e+00
    outer loop
      vertex   -2.367417e+01 8.470480e+01 0.000000e+00
      vertex   -2.367417e+01 8.470480e+01 4.500000e+00
      vertex   -2.359748e+01 8.441857e+01 0.000000e+00
    endloop
  endfacet
  facet normal 9.659258e-01 2.588190e-01 -0.000000e+00
    outer loop
      vertex   -2.359748e+01 8.441857e+01 0.000000e+00
      vertex   -2.367417e+01 8.470480e+01 4.500000e+00
      vertex   -2.359748e+01 8.441857e+01 4.500000e+00
    endloop
  endfacet
  facet normal 9.063078e-01 4.226183e-01 -0.000000e+00
    outer loop
      vertex   -2.359748e+01 8.441857e+01 0.000000e+00
      vertex   -2.359748e+01 8.441857e+01 4.500000e+00
      vertex   -2.347224e+01 8.415000e+01 0.000000e+00
    endloop
  endfacet
  facet normal 9.063078e-01 4.226183e-01 -0.000000e+00
    outer loop
      vertex   -2.347224e+01 8.415000e+01 0.000000e+00
      vertex   -2.359748e+01 8.441857e+01 4.500000e+00
      vertex   -2.347224e+01 8.415000e+01 4.500000e+00
    endloop
  endfacet
  facet normal 8.191520e-01 5.735764e-01 -0.000000e+00
    outer loop
      vertex   -2.347224e+01 8.415000e+01 0.000000e+00
      vertex   -2.347224e+01 8.415000e+01 4.500000e+00
      vertex   -2.330228e+01 8.390726e+01 0.000000e+00
    endloop
  endfacet
  facet normal 8.191520e-01 5.735764e-01 -0.000000e+00
    outer loop
      vertex   -2.330228e+01 8.390726e+01 0.000000e+00
      vertex   -2.347224e+01 8.415000e+01 4.500000e+00
      vertex   -2.330228e+01 8.390726e+01 4.500000e+00
    endloop
  endfacet
  facet normal 7.071068e-01 7.071068e-01 -0.000000e+00
    outer loop
      vertex   -2.330228e+01 8.390726e+01 0.000000e+00
      vertex   -2.330228e+01 8.390726e+01 4.500000e+00
      vertex   -2.309274e+01 8.369772e+01 0.000000e+00
    endloop
  endfacet
  facet normal 7.071068e-01 7.071068e-01 -0.000000e+00
    outer loop
      vertex   -2.309274e+01 8.369772e+01 0.000000e+00
      vertex   -2.330228e+01 8.390726e+01 4.500000e+00
      vertex   -2.309274e+01 8.369772e+01 4.500000e+00
    endloop
  endfacet
  facet normal 5.735764e-01 8.191520e-01 -0.000000e+00
    outer loop
      vertex   -2.309274e+01 8.369772e+01 0.000000e+00
      vertex   -2.309274e+01 8.369772e+01 4.500000e+00
      vertex   -2.285000e+01 8.352776e+01 0.000000e+00
    endloop
  endfacet
  facet normal 5.735764e-01 8.191520e-01 4.528340e-16
    outer loop
      vertex   -2.285000e+01 8.352776e+01 0.000000e+00
      vertex   -2.309274e+01 8.369772e+01 4.500000e+00
      vertex   -2.285000e+01 8.352776e+01 4.500000e+00
    endloop
  endfacet
  facet normal 4.226183e-01 9.063078e-01 3.336537e-16
    outer loop
      vertex   -2.285000e+01 8.352776e+01 0.000000e+00
      vertex   -2.285000e+01 8.352776e+01 4.500000e+00
      vertex   -2.258143e+01 8.340252e+01 0.000000e+00
    endloop
  endfacet
  facet normal 4.226183e-01 9.063078e-01 -3.336537e-16
    outer loop
      vertex   -2.258143e+01 8.340252e+01 0.000000e+00
      vertex   -2.285000e+01 8.352776e+01 4.500000e+00
      vertex   -2.258143e+01 8.340252e+01 4.500000e+00
    endloop
  endfacet
  facet normal 2.588190e-01 9.659258e-01 -2.043355e-16
    outer loop
      vertex   -2.258143e+01 8.340252e+01 0.000000e+00
      vertex   -2.258143e+01 8.340252e+01 4.500000e+00
      vertex   -2.229520e+01 8.332583e+01 0.000000e+00
    endloop
  endfacet
  facet normal 2.588190e-01 9.659258e-01 -0.000000e+00
    outer loop
      vertex   -2.229520e+01 8.332583e+01 0.000000e+00
      vertex   -2.258143e+01 8.340252e+01 4.500000e+00
      vertex   -2.229520e+01 8.332583e+01 4.500000e+00
    endloop
  endfacet
  facet normal 8.715574e-02 9.961947e-01 -0.000000e+00
    outer loop
      vertex   -2.229520e+01 8.332583e+01 0.000000e+00
      vertex   -2.229520e+01 8.332583e+01 4.500000e+00
      vertex   -2.200000e+01 8.330000e+01 0.000000e+00
    endloop
  endfacet
  facet normal 8.715574e-02 9.961947e-01 -0.000000e+00
    outer loop
      vertex   -2.200000e+01 8.330000e+01 0.000000e+00
      vertex   -2.229520e+01 8.332583e+01 4.500000e+00
      vertex   -2.200000e+01 8.330000e+01 4.500000e+00
    endloop
  endfacet
  facet normal -8.715574e-02 9.961947e-01 0.000000e+00
    outer loop
      vertex   -2.200000e+01 8.330000e+01 0.000000e+00
      vertex   -2.200000e+01 8.330000e+01 4.500000e+00
      vertex   -2.170480e+01 8.332583e+01 0.000000e+00
    endloop
  endfacet
  facet normal -8.715574e-02 9.961947e-01 0.000000e+00
    outer loop
      vertex   -2.170480e+01 8.332583e+01 0.000000e+00
      vertex   -2.200000e+01 8.330000e+01 4.500000e+00
      vertex   -2.170480e+01 8.332583e+01 4.500000e+00
    endloop
  endfacet
  facet normal -2.588190e-01 9.659258e-01 0.000000e+00
    outer loop
      vertex   -2.170480e+01 8.332583e+01 0.000000e+00
      vertex   -2.170480e+01 8.332583e+01 4.500000e+00
      vertex   -2.141857e+01 8.340252e+01 0.000000e+00
    endloop
  endfacet
  facet normal -2.588190e-01 9.659258e-01 0.000000e+00
    outer loop
      vertex   -2.141857e+01 8.340252e+01 0.000000e+00
      vertex   -2.170480e+01 8.332583e+01 4.500000e+00
      vertex   -2.141857e+01 8.340252e+01 4.500000e+00
    endloop
  endfacet
  facet normal -4.226183e-01 9.063078e-01 0.000000e+00
    outer loop
      vertex   -2.141857e+01 8.340252e+01 0.000000e+00
      vertex   -2.141857e+01 8.340252e+01 4.500000e+00
      vertex   -2.115000e+01 8.352776e+01 0.000000e+00
    endloop
  endfacet
  facet normal -4.226183e-01 9.063078e-01 0.000000e+00
    outer loop
      vertex   -2.115000e+01 8.352776e+01 0.000000e+00
      vertex   -2.141857e+01 8.340252e+01 4.500000e+00
      vertex   -2.115000e+01 8.352776e+01 4.500000e+00
    endloop
  endfacet
  facet normal -5.735764e-01 8.191520e-01 0.000000e+00
    outer loop
      vertex   -2.115000e+01 8.352776e+01 0.000000e+00
      vertex   -2.115000e+01 8.352776e+01 4.500000e+00
      vertex   -2.090726e+01 8.369772e+01 0.000000e+00
    endloop
  endfacet
  facet normal -5.735764e-01 8.191520e-01 0.000000e+00
    outer loop
      vertex   -2.090726e+01 8.369772e+01 0.000000e+00
      vertex   -2.115000e+01 8.352776e+01 4.500000e+00
      vertex   -2.090726e+01 8.369772e+01 4.500000e+00
    endloop
  endfacet
  facet normal -7.071068e-01 7.071068e-01 0.000000e+00
    outer loop
      vertex   -2.090726e+01 8.369772e+01 0.000000e+00
      vertex   -2.090726e+01 8.369772e+01 4.500000e+00
      vertex   -2.069772e+01 8.390726e+01 0.000000e+00
    endloop
  endfacet
  facet normal -7.071068e-01 7.071068e-01 0.000000e+00
    outer loop
      vertex   -2.069772e+01 8.390726e+01 0.000000e+00
      vertex   -2.090726e+01 8.369772e+01 4.500000e+00
      vertex   -2.069772e+01 8.390726e+01 4.500000e+00
    endloop
  endfacet
  facet normal -8.191520e-01 5.735764e-01 0.000000e+00
    outer loop
      vertex   -2.069772e+01 8.390726e+01 0.000000e+00
      vertex   -2.069772e+01 8.390726e+01 4.500000e+00
      vertex   -2.052776e+01 8.415000e+01 0.000000e+00
    endloop
  endfacet
  facet normal -8.191520e-01 5.735764e-01 0.000000e+00
    outer loop
      vertex   -2.052776e+01 8.415000e+01 0.000000e+00
      vertex   -2.069772e+01 8.390726e+01 4.500000e+00
      vertex   -2.052776e+01 8.415000e+01 4.500000e+00
    endloop
  endfacet
  facet normal -9.063078e-01 4.226183e-01 0.000000e+00
    outer loop
      vertex   -2.052776e+01 8.415000e+01 0.000000e+00
      vertex   -2.052776e+01 8.415000e+01 4.500000e+00
      vertex   -2.040252e+01 8.441857e+01 0.000000e+00
    endloop
  endfacet
  facet normal -9.063078e-01 4.226183e-01 0.000000e+00
    outer loop
      vertex   -2.040252e+01 8.441857e+01 0.000000e+00
      vertex   -2.052776e+01 8.415000e+01 4.500000e+00
      vertex   -2.040252e+01 8.441857e+01 4.500000e+00
    endloop
  endfacet
  facet normal -9.659258e-01 2.588190e-01 0.000000e+00
    outer loop
      vertex   -2.040252e+01 8.441857e+01 0.000000e+00
      vertex   -2.040252e+01 8.441857e+01 4.500000e+00
      vertex   -2.032583e+01 8.470480e+01 0.000000e+00
    endloop
  endfacet
  facet normal -9.659258e-01 2.588190e-01 0.000000e+00
    outer loop
      vertex   -2.032583e+01 8.470480e+01 0.000000e+00
      vertex   -2.040252e+01 8.441857e+01 4.500000e+00
      vertex   -2.032583e+01 8.470480e+01 4.500000e+00
    endloop
  endfacet
  facet normal 9.961947e-01 8.715574e-02 0.000000e+00
    outer loop
      vertex   -1.167417e+01 9.570480e+01 4.500000e+00
      vertex   -1.167417e+01 9.570480e+01 0.000000e+00
      vertex   -1.170000e+01 9.600000e+01 4.500000e+00
    endloop
  endfacet
  facet normal 9.961947e-01 8.715574e-02 0.000000e+00
    outer loop
      vertex   -1.170000e+01 9.600000e+01 4.500000e+00
      vertex   -1.167417e+01 9.570480e+01 0.000000e+00
      vertex   -1.170000e+01 9.600000e+01 0.000000e+00
    endloop
  endfacet
  facet normal 9.961947e-01 -8.715574e-02 0.000000e+00
    outer loop
      vertex   -1.170000e+01 9.600000e+01 4.500000e+00
      vertex   -1.170000e+01 9.600000e+01 0.000000e+00
      vertex   -1.167417e+01 9.629520e+01 4.500000e+00
    endloop
  endfacet
  facet normal 9.961947e-01 -8.715574e-02 0.000000e+00
    outer loop
      vertex   -1.167417e+01 9.629520e+01 4.500000e+00
      vertex   -1.170000e+01 9.600000e+01 0.000000e+00
      vertex   -1.167417e+01 9.629520e+01 0.000000e+00
    endloop
  endfacet
  facet normal 9.659258e-01 -2.588190e-01 0.000000e+00
    outer loop
      vertex   -1.167417e+01 9.629520e+01 4.500000e+00
      vertex   -1.167417e+01 9.629520e+01 0.000000e+00
      vertex   -1.159748e+01 9.658143e+01 4.500000e+00
    endloop
  endfacet
  facet normal 9.659258e-01 -2.588190e-01 0.000000e+00
    outer loop
      vertex   -1.159748e+01 9.658143e+01 4.500000e+00
      vertex   -1.167417e+01 9.629520e+01 0.000000e+00
      vertex   -1.159748e+01 9.658143e+01 0.000000e+00
    endloop
  endfacet
  facet normal 9.063078e-01 -4.226183e-01 0.000000e+00
    outer loop
      vertex   -1.159748e+01 9.658143e+01 4.500000e+00
      vertex   -1.159748e+01 9.658143e+01 0.000000e+00
      vertex   -1.147224e+01 9.685000e+01 4.500000e+00
    endloop
  endfacet
  facet normal 9.063078e-01 -4.226183e-01 0.000000e+00
    outer loop
      vertex   -1.147224e+01 9.685000e+01 4.500000e+00
      vertex   -1.159748e+01 9.658143e+01 0.000000e+00
      vertex   -1.147224e+01 9.685000e+01 0.000000e+00
    endloop
  endfacet
  facet normal 8.191520e-01 -5.735764e-01 0.000000e+00
    outer loop
      vertex   -1.147224e+01 9.685000e+01 4.500000e+00
      vertex   -1.147224e+01 9.685000e+01 0.000000e+00
      vertex   -1.130228e+01 9.709274e+01 4.500000e+00
    endloop
  endfacet
  facet normal 8.191520e-01 -5.735764e-01 0.000000e+00
    outer loop
      vertex   -1.130228e+01 9.709274e+01 4.500000e+00
      vertex   -1.147224e+01 9.685000e+01 0.000000e+00
      vertex   -1.130228e+01 9.709274e+01 0.000000e+00
    endloop
  endfacet
  facet normal 7.071068e-01 -7.071068e-01 0.000000e+00
    outer loop
      vertex   -1.130228e+01 9.709274e+01 4.500000e+00
      vertex   -1.130228e+01 9.709274e+01 0.000000e+00
      vertex   -1.109274e+01 9.730228e+01 4.500000e+00
    endloop
  endfacet
  facet normal 7.071068e-01 -7.071068e-01 0.000000e+00
    outer loop
      vertex   -1.109274e+01 9.730228e+01 4.500000e+00
      vertex   -1.130228e+01 9.709274e+01 0.000000e+00
      vertex   -1.109274e+01 9.730228e+01 0.000000e+00
    endloop
  endfacet
  facet normal 5.735764e-01 -8.191520e-01 0.000000e+00
    outer loop
      vertex   -1.109274e+01 9.730228e+01 4.500000e+00
      vertex   -1.109274e+01 9.730228e+01 0.000000e+00
      vertex   -1.085000e+01 9.747224e+01 4.500000e+00
    endloop
  endfacet
  facet normal 5.735764e-01 -8.191520e-01 0.000000e+00
    outer loop
      vertex   -1.085000e+01 9.747224e+01 4.500000e+00
      vertex   -1.109274e+01 9.730228e+01 0.000000e+00
      vertex   -1.085000e+01 9.747224e+01 0.000000e+00
    endloop
  endfacet
  facet normal 4.226183e-01 -9.063078e-01 0.000000e+00
    outer loop
      vertex   -1.085000e+01 9.747224e+01 4.500000e+00
      vertex   -1.085000e+01 9.747224e+01 0.000000e+00
      vertex   -1.058143e+01 9.759748e+01 4.500000e+00
    endloop
  endfacet
  facet normal 4.226183e-01 -9.063078e-01 0.000000e+00
    outer loop
      vertex   -1.058143e+01 9.759748e+01 4.500000e+00
      vertex   -1.085000e+01 9.747224e+01 0.000000e+00
      vertex   -1.058143e+01 9.759748e+01 0.000000e+00
    endloop
  endfacet
  facet normal 2.588190e-01 -9.659258e-01 0.000000e+00
    outer loop
      vertex   -1.058143e+01 9.759748e+01 4.500000e+00
      vertex   -1.058143e+01 9.759748e+01 0.000000e+00
      vertex   -1.029520e+01 9.767417e+01 4.500000e+00
    endloop
  endfacet
  facet normal 2.588190e-01 -9.659258e-01 0.000000e+00
    outer loop
      vertex   -1.029520e+01 9.767417e+01 4.500000e+00
      vertex   -1.058143e+01 9.759748e+01 0.000000e+00
      vertex   -1.029520e+01 9.767417e+01 0.000000e+00
    endloop
  endfacet
  facet normal 8.715574e-02 -9.961947e-01 0.000000e+00
    outer loop
      vertex   -1.029520e+01 9.767417e+01 4.500000e+00
      vertex   -1.029520e+01 9.767417e+01 0.000000e+00
      vertex   -1.000000e+01 9.770000e+01 4.500000e+00
    endloop
  endfacet
  facet normal 8.715574e-02 -9.961947e-01 0.000000e+00
    outer loop
      vertex   -1.000000e+01 9.770000e+01 4.500000e+00
      vertex   -1.029520e+01 9.767417e+01 0.000000e+00
      vertex   -1.000000e+01 9.770000e+01 0.000000e+00
    endloop
  endfacet
  facet normal -8.715574e-02 -9.961947e-01 -0.000000e+00
    outer loop
      vertex   -1.000000e+01 9.770000e+01 4.500000e+00
      vertex   -1.000000e+01 9.770000e+01 0.000000e+00
      vertex   -9.704798e+00 9.767417e+01 4.500000e+00
    endloop
  endfacet
  facet normal -8.715574e-02 -9.961947e-01 -0.000000e+00
    outer loop
      vertex   -9.704798e+00 9.767417e+01 4.500000e+00
      vertex   -1.000000e+01 9.770000e+01 0.000000e+00
      vertex   -9.704798e+00 9.767417e+01 0.000000e+00
    endloop
  endfacet
  facet normal -2.588190e-01 -9.659258e-01 -0.000000e+00
    outer loop
      vertex   -9.704798e+00 9.767417e+01 4.500000e+00
      vertex   -9.704798e+00 9.767417e+01 0.000000e+00
      vertex   -9.418566e+00 9.759748e+01 4.500000e+00
    endloop
  endfacet
  facet normal -2.588190e-01 -9.659258e-01 -0.000000e+00
    outer loop
      vertex   -9.418566e+00 9.759748e+01 4.500000e+00
      vertex   -9.704798e+00 9.767417e+01 0.000000e+00
      vertex   -9.418566e+00 9.759748e+01 0.000000e+00
    endloop
  endfacet
  facet normal -4.226183e-01 -9.063078e-01 -0.000000e+00
    outer loop
      vertex   -9.418566e+00 9.759748e+01 4.500000e+00
      vertex   -9.418566e+00 9.759748e+01 0.000000e+00
      vertex   -9.150000e+00 9.747224e+01 4.500000e+00
    endloop
  endfacet
  facet normal -4.226183e-01 -9.063078e-01 -0.000000e+00
    outer loop
      vertex   -9.150000e+00 9.747224e+01 4.500000e+00
      vertex   -9.418566e+00 9.759748e+01 0.000000e+00
      vertex   -9.150000e+00 9.747224e+01 0.000000e+00
    endloop
  endfacet
  facet normal -5.735764e-01 -8.191520e-01 -0.000000e+00
    outer loop
      vertex   -9.150000e+00 9.747224e+01 4.500000e+00
      vertex   -9.150000e+00 9.747224e+01 0.000000e+00
      vertex   -8.907261e+00 9.730228e+01 4.500000e+00
    endloop
  endfacet
  facet normal -5.735764e-01 -8.191520e-01 -0.000000e+00
    outer loop
      vertex   -8.907261e+00 9.730228e+01 4.500000e+00
      vertex   -9.150000e+00 9.747224e+01 0.000000e+00
      vertex   -8.907261e+00 9.730228e+01 0.000000e+00
    endloop
  endfacet
  facet normal -7.071068e-01 -7.071068e-01 -0.000000e+00
    outer loop
      vertex   -8.907261e+00 9.730228e+01 4.500000e+00
      vertex   -8.907261e+00 9.730228e+01 0.000000e+00
      vertex   -8.697724e+00 9.709274e+01 4.500000e+00
    endloop
  endfacet
  facet normal -7.071068e-01 -7.071068e-01 -0.000000e+00
    outer loop
      vertex   -8.697724e+00 9.709274e+01 4.500000e+00
      vertex   -8.907261e+00 9.730228e+01 0.000000e+00
      vertex   -8.697724e+00 9.709274e+01 0.000000e+00
    endloop
  endfacet
  facet normal -8.191520e-01 -5.735764e-01 -0.000000e+00
    outer loop
      vertex   -8.697724e+00 9.709274e+01 4.500000e+00
      vertex   -8.697724e+00 9.709274e+01 0.000000e+00
      vertex   -8.527757e+00 9.685000e+01 4.500000e+00
    endloop
  endfacet
  facet normal -8.191520e-01 -5.735764e-01 -0.000000e+00
    outer loop
      vertex   -8.527757e+00 9.685000e+01 4.500000e+00
      vertex   -8.697724e+00 9.709274e+01 0.000000e+00
      vertex   -8.527757e+00 9.685000e+01 0.000000e+00
    endloop
  endfacet
  facet normal -9.063078e-01 -4.226183e-01 -0.000000e+00
    outer loop
      vertex   -8.527757e+00 9.685000e+01 4.500000e+00
      vertex   -8.527757e+00 9.685000e+01 0.000000e+00
      vertex   -8.402523e+00 9.658143e+01 4.500000e+00
    endloop
  endfacet
  facet normal -9.063078e-01 -4.226183e-01 -0.000000e+00
    outer loop
      vertex   -8.402523e+00 9.658143e+01 4.500000e+00
      vertex   -8.527757e+00 9.685000e+01 0.000000e+00
      vertex   -8.402523e+00 9.658143e+01 0.000000e+00
    endloop
  endfacet
  facet normal -9.659258e-01 -2.588190e-01 -0.000000e+00
    outer loop
      vertex   -8.402523e+00 9.658143e+01 4.500000e+00
      vertex   -8.402523e+00 9.658143e+01 0.000000e+00
      vertex   -8.325827e+00 9.629520e+01 4.500000e+00
    endloop
  endfacet
  facet normal -9.659258e-01 -2.588190e-01 -0.000000e+00
    outer loop
      vertex   -8.325827e+00 9.629520e+01 4.500000e+00
      vertex   -8.402523e+00 9.658143e+01 0.000000e+00
      vertex   -8.325827e+00 9.629520e+01 0.000000e+00
    endloop
  endfacet
  facet normal -9.961947e-01 -8.715574e-02 -0.000000e+00
    outer loop
      vertex   -8.325827e+00 9.629520e+01 4.500000e+00
      vertex   -8.325827e+00 9.629520e+01 0.000000e+00
      vertex   -8.300000e+00 9.600000e+01 4.500000e+00
    endloop
  endfacet
  facet normal -9.961947e-01 -8.715574e-02 -0.000000e+00
    outer loop
      vertex   -8.300000e+00 9.600000e+01 4.500000e+00
      vertex   -8.325827e+00 9.629520e+01 0.000000e+00
      vertex   -8.300000e+00 9.600000e+01 0.000000e+00
    endloop
  endfacet
  facet normal -9.961947e-01 8.715574e-02 0.000000e+00
    outer loop
      vertex   -8.300000e+00 9.600000e+01 4.500000e+00
      vertex   -8.300000e+00 9.600000e+01 0.000000e+00
      vertex   -8.325827e+00 9.570480e+01 4.500000e+00
    endloop
  endfacet
  facet normal -9.961947e-01 8.715574e-02 0.000000e+00
    outer loop
      vertex   -8.325827e+00 9.570480e+01 4.500000e+00
      vertex   -8.300000e+00 9.600000e+01 0.000000e+00
      vertex   -8.325827e+00 9.570480e+01 0.000000e+00
    endloop
  endfacet
  facet normal -9.659258e-01 2.588190e-01 0.000000e+00
    outer loop
      vertex   -8.325827e+00 9.570480e+01 4.500000e+00
      vertex   -8.325827e+00 9.570480e+01 0.000000e+00
      vertex   -8.402523e+00 9.541857e+01 4.500000e+00
    endloop
  endfacet
  facet normal -9.659258e-01 2.588190e-01 0.000000e+00
    outer loop
      vertex   -8.402523e+00 9.541857e+01 4.500000e+00
      vertex   -8.325827e+00 9.570480e+01 0.000000e+00
      vertex   -8.402523e+00 9.541857e+01 0.000000e+00
    endloop
  endfacet
  facet normal -9.063078e-01 4.226183e-01 0.000000e+00
    outer loop
      vertex   -8.402523e+00 9.541857e+01 4.500000e+00
      vertex   -8.402523e+00 9.541857e+01 0.000000e+00
      vertex   -8.527757e+00 9.515000e+01 4.500000e+00
    endloop
  endfacet
  facet normal -9.063078e-01 4.226183e-01 0.000000e+00
    outer loop
      vertex   -8.527757e+00 9.515000e+01 4.500000e+00
      vertex   -8.402523e+00 9.541857e+01 0.000000e+00
      vertex   -8.527757e+00 9.515000e+01 0.000000e+00
    endloop
  endfacet
  facet normal -8.191520e-01 5.735764e-01 0.000000e+00
    outer loop
      vertex   -8.527757e+00 9.515000e+01 4.500000e+00
      vertex   -8.527757e+00 9.515000e+01 0.000000e+00
      vertex   -8.697724e+00 9.490726e+01 4.500000e+00
    endloop
  endfacet
  facet normal -8.191520e-01 5.735764e-01 0.000000e+00
    outer loop
      vertex   -8.697724e+00 9.490726e+01 4.500000e+00
      vertex   -8.527757e+00 9.515000e+01 0.000000e+00
      vertex   -8.697724e+00 9.490726e+01 0.000000e+00
    endloop
  endfacet
  facet normal -7.071068e-01 7.071068e-01 0.000000e+00
    outer loop
      vertex   -8.697724e+00 9.490726e+01 4.500000e+00
      vertex   -8.697724e+00 9.490726e+01 0.000000e+00
      vertex   -8.907261e+00 9.469772e+01 4.500000e+00
    endloop
  endfacet
  facet normal -7.071068e-01 7.071068e-01 0.000000e+00
    outer loop
      vertex   -8.907261e+00 9.469772e+01 4.500000e+00
      vertex   -8.697724e+00 9.490726e+01 0.000000e+00
      vertex   -8.907261e+00 9.469772e+01 0.000000e+00
    endloop
  endfacet
  facet normal -5.735764e-01 8.191520e-01 0.000000e+00
    outer loop
      vertex   -8.907261e+00 9.469772e+01 4.500000e+00
      vertex   -8.907261e+00 9.469772e+01 0.000000e+00
      vertex   -9.150000e+00 9.452776e+01 4.500000e+00
    endloop
  endfacet
  facet normal -5.735764e-01 8.191520e-01 0.000000e+00
    outer loop
      vertex   -9.150000e+00 9.452776e+01 4.500000e+00
      vertex   -8.907261e+00 9.469772e+01 0.000000e+00
      vertex   -9.150000e+00 9.452776e+01 0.000000e+00
    endloop
  endfacet
  facet normal -4.226183e-01 9.063078e-01 0.000000e+00
    outer loop
      vertex   -9.150000e+00 9.452776e+01 4.500000e+00
      vertex   -9.150000e+00 9.452776e+01 0.000000e+00
      vertex   -9.418566e+00 9.440252e+01 4.500000e+00
    endloop
  endfacet
  facet normal -4.226183e-01 9.063078e-01 0.000000e+00
    outer loop
      vertex   -9.418566e+00 9.440252e+01 4.500000e+00
      vertex   -9.150000e+00 9.452776e+01 0.000000e+00
      vertex   -9.418566e+00 9.440252e+01 0.000000e+00
    endloop
  endfacet
  facet normal -2.588190e-01 9.659258e-01 0.000000e+00
    outer loop
      vertex   -9.418566e+00 9.440252e+01 4.500000e+00
      vertex   -9.418566e+00 9.440252e+01 0.000000e+00
      vertex   -9.704798e+00 9.432583e+01 4.500000e+00
    endloop
  endfacet
  facet normal -2.588190e-01 9.659258e-01 0.000000e+00
    outer loop
      vertex   -9.704798e+00 9.432583e+01 4.500000e+00
      vertex   -9.418566e+00 9.440252e+01 0.000000e+00
      vertex   -9.704798e+00 9.432583e+01 0.000000e+00
    endloop
  endfacet
  facet normal -8.715574e-02 9.961947e-01 0.000000e+00
    outer loop
      vertex   -9.704798e+00 9.432583e+01 4.500000e+00
      vertex   -9.704798e+00 9.432583e+01 0.000000e+00
      vertex   -1.000000e+01 9.430000e+01 4.500000e+00
    endloop
  endfacet
  facet normal -8.715574e-02 9.961947e-01 0.000000e+00
    outer loop
      vertex   -1.000000e+01 9.430000e+01 4.500000e+00
      vertex   -9.704798e+00 9.432583e+01 0.000000e+00
      vertex   -1.000000e+01 9.430000e+01 0.000000e+00
    endloop
  endfacet
  facet normal 8.715574e-02 9.961947e-01 0.000000e+00
    outer loop
      vertex   -1.000000e+01 9.430000e+01 4.500000e+00
      vertex   -1.000000e+01 9.430000e+01 0.000000e+00
      vertex   -1.029520e+01 9.432583e+01 4.500000e+00
    endloop
  endfacet
  facet normal 8.715574e-02 9.961947e-01 0.000000e+00
    outer loop
      vertex   -1.029520e+01 9.432583e+01 4.500000e+00
      vertex   -1.000000e+01 9.430000e+01 0.000000e+00
      vertex   -1.029520e+01 9.432583e+01 0.000000e+00
    endloop
  endfacet
  facet normal 2.588190e-01 9.659258e-01 0.000000e+00
    outer loop
      vertex   -1.029520e+01 9.432583e+01 4.500000e+00
      vertex   -1.029520e+01 9.432583e+01 0.000000e+00
      vertex   -1.058143e+01 9.440252e+01 4.500000e+00
    endloop
  endfacet
  facet normal 2.588190e-01 9.659258e-01 0.000000e+00
    outer loop
      vertex   -1.058143e+01 9.440252e+01 4.500000e+00
      vertex   -1.029520e+01 9.432583e+01 0.000000e+00
      vertex   -1.058143e+01 9.440252e+01 0.000000e+00
    endloop
  endfacet
  facet normal 4.226183e-01 9.063078e-01 0.000000e+00
    outer loop
      vertex   -1.058143e+01 9.440252e+01 4.500000e+00
      vertex   -1.058143e+01 9.440252e+01 0.000000e+00
      vertex   -1.085000e+01 9.452776e+01 4.500000e+00
    endloop
  endfacet
  facet normal 4.226183e-01 9.063078e-01 0.000000e+00
    outer loop
      vertex   -1.085000e+01 9.452776e+01 4.500000e+00
      vertex   -1.058143e+01 9.440252e+01 0.000000e+00
      vertex   -1.085000e+01 9.452776e+01 0.000000e+00
    endloop
  endfacet
  facet normal 5.735764e-01 8.191520e-01 0.000000e+00
    outer loop
      vertex   -1.085000e+01 9.452776e+01 4.500000e+00
      vertex   -1.085000e+01 9.452776e+01 0.000000e+00
      vertex   -1.109274e+01 9.469772e+01 4.500000e+00
    endloop
  endfacet
  facet normal 5.735764e-01 8.191520e-01 0.000000e+00
    outer loop
      vertex   -1.109274e+01 9.469772e+01 4.500000e+00
      vertex   -1.085000e+01 9.452776e+01 0.000000e+00
      vertex   -1.109274e+01 9.469772e+01 0.000000e+00
    endloop
  endfacet
  facet normal 7.071068e-01 7.071068e-01 0.000000e+00
    outer loop
      vertex   -1.109274e+01 9.469772e+01 4.500000e+00
      vertex   -1.109274e+01 9.469772e+01 0.000000e+00
      vertex   -1.130228e+01 9.490726e+01 4.500000e+00
    endloop
  endfacet
  facet normal 7.071068e-01 7.071068e-01 0.000000e+00
    outer loop
      vertex   -1.130228e+01 9.490726e+01 4.500000e+00
      vertex   -1.109274e+01 9.469772e+01 0.000000e+00
      vertex   -1.130228e+01 9.490726e+01 0.000000e+00
    endloop
  endfacet
  facet normal 8.191520e-01 5.735764e-01 0.000000e+00
    outer loop
      vertex   -1.130228e+01 9.490726e+01 4.500000e+00
      vertex   -1.130228e+01 9.490726e+01 0.000000e+00
      vertex   -1.147224e+01 9.515000e+01 4.500000e+00
    endloop
  endfacet
  facet normal 8.191520e-01 5.735764e-01 0.000000e+00
    outer loop
      vertex   -1.147224e+01 9.515000e+01 4.500000e+00
      vertex   -1.130228e+01 9.490726e+01 0.000000e+00
      vertex   -1.147224e+01 9.515000e+01 0.000000e+00
    endloop
  endfacet
  facet normal 9.063078e-01 4.226183e-01 0.000000e+00
    outer loop
      vertex   -1.147224e+01 9.515000e+01 4.500000e+00
      vertex   -1.147224e+01 9.515000e+01 0.000000e+00
      vertex   -1.159748e+01 9.541857e+01 4.500000e+00
    endloop
  endfacet
  facet normal 9.063078e-01 4.226183e-01 0.000000e+00
    outer loop
      vertex   -1.159748e+01 9.541857e+01 4.500000e+00
      vertex   -1.147224e+01 9.515000e+01 0.000000e+00
      vertex   -1.159748e+01 9.541857e+01 0.000000e+00
    endloop
  endfacet
  facet normal 9.659258e-01 2.588190e-01 0.000000e+00
    outer loop
      vertex   -1.159748e+01 9.541857e+01 4.500000e+00
      vertex   -1.159748e+01 9.541857e+01 0.000000e+00
      vertex   -1.167417e+01 9.570480e+01 4.500000e+00
    endloop
  endfacet
  facet normal 9.659258e-01 2.588190e-01 0.000000e+00
    outer loop
      vertex   -1.167417e+01 9.570480e+01 4.500000e+00
      vertex   -1.159748e+01 9.541857e+01 0.000000e+00
      vertex   -1.167417e+01 9.570480e+01 0.000000e+00
    endloop
  endfacet
  facet normal 9.961947e-01 8.715574e-02 0.000000e+00
    outer loop
      vertex   -1.167417e+01 7.370480e+01 4.500000e+00
      vertex   -1.167417e+01 7.370480e+01 0.000000e+00
      vertex   -1.170000e+01 7.400000e+01 4.500000e+00
    endloop
  endfacet
  facet normal 9.961947e-01 8.715574e-02 0.000000e+00
    outer loop
      vertex   -1.170000e+01 7.400000e+01 4.500000e+00
      vertex   -1.167417e+01 7.370480e+01 0.000000e+00
      vertex   -1.170000e+01 7.400000e+01 0.000000e+00
    endloop
  endfacet
  facet normal 9.961947e-01 -8.715574e-02 0.000000e+00
    outer loop
      vertex   -1.170000e+01 7.400000e+01 4.500000e+00
      vertex   -1.170000e+01 7.400000e+01 0.000000e+00
      vertex   -1.167417e+01 7.429520e+01 4.500000e+00
    endloop
  endfacet
  facet normal 9.961947e-01 -8.715574e-02 0.000000e+00
    outer loop
      vertex   -1.167417e+01 7.429520e+01 4.500000e+00
      vertex   -1.170000e+01 7.400000e+01 0.000000e+00
      vertex   -1.167417e+01 7.429520e+01 0.000000e+00
    endloop
  endfacet
  facet normal 9.659258e-01 -2.588190e-01 0.000000e+00
    outer loop
      vertex   -1.167417e+01 7.429520e+01 4.500000e+00
      vertex   -1.167417e+01 7.429520e+01 0.000000e+00
      vertex   -1.159748e+01 7.458143e+01 4.500000e+00
    endloop
  endfacet
  facet normal 9.659258e-01 -2.588190e-01 0.000000e+00
    outer loop
      vertex   -1.159748e+01 7.458143e+01 4.500000e+00
      vertex   -1.167417e+01 7.429520e+01 0.000000e+00
      vertex   -1.159748e+01 7.458143e+01 0.000000e+00
    endloop
  endfacet
  facet normal 9.063078e-01 -4.226183e-01 0.000000e+00
    outer loop
      vertex   -1.159748e+01 7.458143e+01 4.500000e+00
      vertex   -1.159748e+01 7.458143e+01 0.000000e+00
      vertex   -1.147224e+01 7.485000e+01 4.500000e+00
    endloop
  endfacet
  facet normal 9.063078e-01 -4.226183e-01 0.000000e+00
    outer loop
      vertex   -1.147224e+01 7.485000e+01 4.500000e+00
      vertex   -1.159748e+01 7.458143e+01 0.000000e+00
      vertex   -1.147224e+01 7.485000e+01 0.000000e+00
    endloop
  endfacet
  facet normal 8.191520e-01 -5.735764e-01 0.000000e+00
    outer loop
      vertex   -1.147224e+01 7.485000e+01 4.500000e+00
      vertex   -1.147224e+01 7.485000e+01 0.000000e+00
      vertex   -1.130228e+01 7.509274e+01 4.500000e+00
    endloop
  endfacet
  facet normal 8.191520e-01 -5.735764e-01 0.000000e+00
    outer loop
      vertex   -1.130228e+01 7.509274e+01 4.500000e+00
      vertex   -1.147224e+01 7.485000e+01 0.000000e+00
      vertex   -1.130228e+01 7.509274e+01 0.000000e+00
    endloop
  endfacet
  facet normal 7.071068e-01 -7.071068e-01 0.000000e+00
    outer loop
      vertex   -1.130228e+01 7.509274e+01 4.500000e+00
      vertex   -1.130228e+01 7.509274e+01 0.000000e+00
      vertex   -1.109274e+01 7.530228e+01 4.500000e+00
    endloop
  endfacet
  facet normal 7.071068e-01 -7.071068e-01 0.000000e+00
    outer loop
      vertex   -1.109274e+01 7.530228e+01 4.500000e+00
      vertex   -1.130228e+01 7.509274e+01 0.000000e+00
      vertex   -1.109274e+01 7.530228e+01 0.000000e+00
    endloop
  endfacet
  facet normal 5.735764e-01 -8.191520e-01 0.000000e+00
    outer loop
      vertex   -1.109274e+01 7.530228e+01 4.500000e+00
      vertex   -1.109274e+01 7.530228e+01 0.000000e+00
      vertex   -1.085000e+01 7.547224e+01 4.500000e+00
    endloop
  endfacet
  facet normal 5.735764e-01 -8.191520e-01 0.000000e+00
    outer loop
      vertex   -1.085000e+01 7.547224e+01 4.500000e+00
      vertex   -1.109274e+01 7.530228e+01 0.000000e+00
      vertex   -1.085000e+01 7.547224e+01 0.000000e+00
    endloop
  endfacet
  facet normal 4.226183e-01 -9.063078e-01 0.000000e+00
    outer loop
      vertex   -1.085000e+01 7.547224e+01 4.500000e+00
      vertex   -1.085000e+01 7.547224e+01 0.000000e+00
      vertex   -1.058143e+01 7.559748e+01 4.500000e+00
    endloop
  endfacet
  facet normal 4.226183e-01 -9.063078e-01 0.000000e+00
    outer loop
      vertex   -1.058143e+01 7.559748e+01 4.500000e+00
      vertex   -1.085000e+01 7.547224e+01 0.000000e+00
      vertex   -1.058143e+01 7.559748e+01 0.000000e+00
    endloop
  endfacet
  facet normal 2.588190e-01 -9.659258e-01 0.000000e+00
    outer loop
      vertex   -1.058143e+01 7.559748e+01 4.500000e+00
      vertex   -1.058143e+01 7.559748e+01 0.000000e+00
      vertex   -1.029520e+01 7.567417e+01 4.500000e+00
    endloop
  endfacet
  facet normal 2.588190e-01 -9.659258e-01 0.000000e+00
    outer loop
      vertex   -1.029520e+01 7.567417e+01 4.500000e+00
      vertex   -1.058143e+01 7.559748e+01 0.000000e+00
      vertex   -1.029520e+01 7.567417e+01 0.000000e+00
    endloop
  endfacet
  facet normal 8.715574e-02 -9.961947e-01 0.000000e+00
    outer loop
      vertex   -1.029520e+01 7.567417e+01 4.500000e+00
      vertex   -1.029520e+01 7.567417e+01 0.000000e+00
      vertex   -1.000000e+01 7.570000e+01 4.500000e+00
    endloop
  endfacet
  facet normal 8.715574e-02 -9.961947e-01 0.000000e+00
    outer loop
      vertex   -1.000000e+01 7.570000e+01 4.500000e+00
      vertex   -1.029520e+01 7.567417e+01 0.000000e+00
      vertex   -1.000000e+01 7.570000e+01 0.000000e+00
    endloop
  endfacet
  facet normal -8.715574e-02 -9.961947e-01 -0.000000e+00
    outer loop
      vertex   -1.000000e+01 7.570000e+01 4.500000e+00
      vertex   -1.000000e+01 7.570000e+01 0.000000e+00
      vertex   -9.704798e+00 7.567417e+01 4.500000e+00
    endloop
  endfacet
  facet normal -8.715574e-02 -9.961947e-01 -0.000000e+00
    outer loop
      vertex   -9.704798e+00 7.567417e+01 4.500000e+00
      vertex   -1.000000e+01 7.570000e+01 0.000000e+00
      vertex   -9.704798e+00 7.567417e+01 0.000000e+00
    endloop
  endfacet
  facet normal -2.588190e-01 -9.659258e-01 -0.000000e+00
    outer loop
      vertex   -9.704798e+00 7.567417e+01 4.500000e+00
      vertex   -9.704798e+00 7.567417e+01 0.000000e+00
      vertex   -9.418566e+00 7.559748e+01 4.500000e+00
    endloop
  endfacet
  facet normal -2.588190e-01 -9.659258e-01 -0.000000e+00
    outer loop
      vertex   -9.418566e+00 7.559748e+01 4.500000e+00
      vertex   -9.704798e+00 7.567417e+01 0.000000e+00
      vertex   -9.418566e+00 7.559748e+01 0.000000e+00
    endloop
  endfacet
  facet normal -4.226183e-01 -9.063078e-01 -0.000000e+00
    outer loop
      vertex   -9.418566e+00 7.559748e+01 4.500000e+00
      vertex   -9.418566e+00 7.559748e+01 0.000000e+00
      vertex   -9.150000e+00 7.547224e+01 4.500000e+00
    endloop
  endfacet
  facet normal -4.226183e-01 -9.063078e-01 -0.000000e+00
    outer loop
      vertex   -9.150000e+00 7.547224e+01 4.500000e+00
      vertex   -9.418566e+00 7.559748e+01 0.000000e+00
      vertex   -9.150000e+00 7.547224e+01 0.000000e+00
    endloop
  endfacet
  facet normal -5.735764e-01 -8.191520e-01 -0.000000e+00
    outer loop
      vertex   -9.150000e+00 7.547224e+01 4.500000e+00
      vertex   -9.150000e+00 7.547224e+01 0.000000e+00
      vertex   -8.907261e+00 7.530228e+01 4.500000e+00
    endloop
  endfacet
  facet normal -5.735764e-01 -8.191520e-01 -0.000000e+00
    outer loop
      vertex   -8.907261e+00 7.530228e+01 4.500000e+00
      vertex   -9.150000e+00 7.547224e+01 0.000000e+00
      vertex   -8.907261e+00 7.530228e+01 0.000000e+00
    endloop
  endfacet
  facet normal -7.071068e-01 -7.071068e-01 -0.000000e+00
    outer loop
      vertex   -8.907261e+00 7.530228e+01 4.500000e+00
      vertex   -8.907261e+00 7.530228e+01 0.000000e+00
      vertex   -8.697724e+00 7.509274e+01 4.500000e+00
    endloop
  endfacet
  facet normal -7.071068e-01 -7.071068e-01 -0.000000e+00
    outer loop
      vertex   -8.697724e+00 7.509274e+01 4.500000e+00
      vertex   -8.907261e+00 7.530228e+01 0.000000e+00
      vertex   -8.697724e+00 7.509274e+01 0.000000e+00
    endloop
  endfacet
  facet normal -8.191520e-01 -5.735764e-01 -0.000000e+00
    outer loop
      vertex   -8.697724e+00 7.509274e+01 4.500000e+00
      vertex   -8.697724e+00 7.509274e+01 0.000000e+00
      vertex   -8.527757e+00 7.485000e+01 4.500000e+00
    endloop
  endfacet
  facet normal -8.191520e-01 -5.735764e-01 -0.000000e+00
    outer loop
      vertex   -8.527757e+00 7.485000e+01 4.500000e+00
      vertex   -8.697724e+00 7.509274e+01 0.000000e+00
      vertex   -8.527757e+00 7.485000e+01 0.000000e+00
    endloop
  endfacet
  facet normal -9.063078e-01 -4.226183e-01 -0.000000e+00
    outer loop
      vertex   -8.527757e+00 7.485000e+01 4.500000e+00
      vertex   -8.527757e+00 7.485000e+01 0.000000e+00
      vertex   -8.402523e+00 7.458143e+01 4.500000e+00
    endloop
  endfacet
  facet normal -9.063078e-01 -4.226183e-01 -0.000000e+00
    outer loop
      vertex   -8.402523e+00 7.458143e+01 4.500000e+00
      vertex   -8.527757e+00 7.485000e+01 0.000000e+00
      vertex   -8.402523e+00 7.458143e+01 0.000000e+00
    endloop
  endfacet
  facet normal -9.659258e-01 -2.588190e-01 -0.000000e+00
    outer loop
      vertex   -8.402523e+00 7.458143e+01 4.500000e+00
      vertex   -8.402523e+00 7.458143e+01 0.000000e+00
      vertex   -8.325827e+00 7.429520e+01 4.500000e+00
    endloop
  endfacet
  facet normal -9.659258e-01 -2.588190e-01 -0.000000e+00
    outer loop
      vertex   -8.325827e+00 7.429520e+01 4.500000e+00
      vertex   -8.402523e+00 7.458143e+01 0.000000e+00
      vertex   -8.325827e+00 7.429520e+01 0.000000e+00
    endloop
  endfacet
  facet normal -9.961947e-01 -8.715574e-02 -0.000000e+00
    outer loop
      vertex   -8.325827e+00 7.429520e+01 4.500000e+00
      vertex   -8.325827e+00 7.429520e+01 0.000000e+00
      vertex   -8.300000e+00 7.400000e+01 4.500000e+00
    endloop
  endfacet
  facet normal -9.961947e-01 -8.715574e-02 -0.000000e+00
    outer loop
      vertex   -8.300000e+00 7.400000e+01 4.500000e+00
      vertex   -8.325827e+00 7.429520e+01 0.000000e+00
      vertex   -8.300000e+00 7.400000e+01 0.000000e+00
    endloop
  endfacet
  facet normal -9.961947e-01 8.715574e-02 0.000000e+00
    outer loop
      vertex   -8.300000e+00 7.400000e+01 4.500000e+00
      vertex   -8.300000e+00 7.400000e+01 0.000000e+00
      vertex   -8.325827e+00 7.370480e+01 4.500000e+00
    endloop
  endfacet
  facet normal -9.961947e-01 8.715574e-02 0.000000e+00
    outer loop
      vertex   -8.325827e+00 7.370480e+01 4.500000e+00
      vertex   -8.300000e+00 7.400000e+01 0.000000e+00
      vertex   -8.325827e+00 7.370480e+01 0.000000e+00
    endloop
  endfacet
  facet normal -9.659258e-01 2.588190e-01 0.000000e+00
    outer loop
      vertex   -8.325827e+00 7.370480e+01 4.500000e+00
      vertex   -8.325827e+00 7.370480e+01 0.000000e+00
      vertex   -8.402523e+00 7.341857e+01 4.500000e+00
    endloop
  endfacet
  facet normal -9.659258e-01 2.588190e-01 0.000000e+00
    outer loop
      vertex   -8.402523e+00 7.341857e+01 4.500000e+00
      vertex   -8.325827e+00 7.370480e+01 0.000000e+00
      vertex   -8.402523e+00 7.341857e+01 0.000000e+00
    endloop
  endfacet
  facet normal -9.063078e-01 4.226183e-01 0.000000e+00
    outer loop
      vertex   -8.402523e+00 7.341857e+01 4.500000e+00
      vertex   -8.402523e+00 7.341857e+01 0.000000e+00
      vertex   -8.527757e+00 7.315000e+01 4.500000e+00
    endloop
  endfacet
  facet normal -9.063078e-01 4.226183e-01 0.000000e+00
    outer loop
      vertex   -8.527757e+00 7.315000e+01 4.500000e+00
      vertex   -8.402523e+00 7.341857e+01 0.000000e+00
      vertex   -8.527757e+00 7.315000e+01 0.000000e+00
    endloop
  endfacet
  facet normal -8.191520e-01 5.735764e-01 0.000000e+00
    outer loop
      vertex   -8.527757e+00 7.315000e+01 4.500000e+00
      vertex   -8.527757e+00 7.315000e+01 0.000000e+00
      vertex   -8.697724e+00 7.290726e+01 4.500000e+00
    endloop
  endfacet
  facet normal -8.191520e-01 5.735764e-01 0.000000e+00
    outer loop
      vertex   -8.697724e+00 7.290726e+01 4.500000e+00
      vertex   -8.527757e+00 7.315000e+01 0.000000e+00
      vertex   -8.697724e+00 7.290726e+01 0.000000e+00
    endloop
  endfacet
  facet normal -7.071068e-01 7.071068e-01 0.000000e+00
    outer loop
      vertex   -8.697724e+00 7.290726e+01 4.500000e+00
      vertex   -8.697724e+00 7.290726e+01 0.000000e+00
      vertex   -8.907261e+00 7.269772e+01 4.500000e+00
    endloop
  endfacet
  facet normal -7.071068e-01 7.071068e-01 0.000000e+00
    outer loop
      vertex   -8.907261e+00 7.269772e+01 4.500000e+00
      vertex   -8.697724e+00 7.290726e+01 0.000000e+00
      vertex   -8.907261e+00 7.269772e+01 0.000000e+00
    endloop
  endfacet
  facet normal -5.735764e-01 8.191520e-01 0.000000e+00
    outer loop
      vertex   -8.907261e+00 7.269772e+01 4.500000e+00
      vertex   -8.907261e+00 7.269772e+01 0.000000e+00
      vertex   -9.150000e+00 7.252776e+01 4.500000e+00
    endloop
  endfacet
  facet normal -5.735764e-01 8.191520e-01 0.000000e+00
    outer loop
      vertex   -9.150000e+00 7.252776e+01 4.500000e+00
      vertex   -8.907261e+00 7.269772e+01 0.000000e+00
      vertex   -9.150000e+00 7.252776e+01 0.000000e+00
    endloop
  endfacet
  facet normal -4.226183e-01 9.063078e-01 0.000000e+00
    outer loop
      vertex   -9.150000e+00 7.252776e+01 4.500000e+00
      vertex   -9.150000e+00 7.252776e+01 0.000000e+00
      vertex   -9.418566e+00 7.240252e+01 4.500000e+00
    endloop
  endfacet
  facet normal -4.226183e-01 9.063078e-01 0.000000e+00
    outer loop
      vertex   -9.418566e+00 7.240252e+01 4.500000e+00
      vertex   -9.150000e+00 7.252776e+01 0.000000e+00
      vertex   -9.418566e+00 7.240252e+01 0.000000e+00
    endloop
  endfacet
  facet normal -2.588190e-01 9.659258e-01 0.000000e+00
    outer loop
      vertex   -9.418566e+00 7.240252e+01 4.500000e+00
      vertex   -9.418566e+00 7.240252e+01 0.000000e+00
      vertex   -9.704798e+00 7.232583e+01 4.500000e+00
    endloop
  endfacet
  facet normal -2.588190e-01 9.659258e-01 0.000000e+00
    outer loop
      vertex   -9.704798e+00 7.232583e+01 4.500000e+00
      vertex   -9.418566e+00 7.240252e+01 0.000000e+00
      vertex   -9.704798e+00 7.232583e+01 0.000000e+00
    endloop
  endfacet
  facet normal -8.715574e-02 9.961947e-01 0.000000e+00
    outer loop
      vertex   -9.704798e+00 7.232583e+01 4.500000e+00
      vertex   -9.704798e+00 7.232583e+01 0.000000e+00
      vertex   -1.000000e+01 7.230000e+01 4.500000e+00
    endloop
  endfacet
  facet normal -8.715574e-02 9.961947e-01 0.000000e+00
    outer loop
      vertex   -1.000000e+01 7.230000e+01 4.500000e+00
      vertex   -9.704798e+00 7.232583e+01 0.000000e+00
      vertex   -1.000000e+01 7.230000e+01 0.000000e+00
    endloop
  endfacet
  facet normal 8.715574e-02 9.961947e-01 0.000000e+00
    outer loop
      vertex   -1.000000e+01 7.230000e+01 4.500000e+00
      vertex   -1.000000e+01 7.230000e+01 0.000000e+00
      vertex   -1.029520e+01 7.232583e+01 4.500000e+00
    endloop
  endfacet
  facet normal 8.715574e-02 9.961947e-01 0.000000e+00
    outer loop
      vertex   -1.029520e+01 7.232583e+01 4.500000e+00
      vertex   -1.000000e+01 7.230000e+01 0.000000e+00
      vertex   -1.029520e+01 7.232583e+01 0.000000e+00
    endloop
  endfacet
  facet normal 2.588190e-01 9.659258e-01 0.000000e+00
    outer loop
      vertex   -1.029520e+01 7.232583e+01 4.500000e+00
      vertex   -1.029520e+01 7.232583e+01 0.000000e+00
      vertex   -1.058143e+01 7.240252e+01 4.500000e+00
    endloop
  endfacet
  facet normal 2.588190e-01 9.659258e-01 0.000000e+00
    outer loop
      vertex   -1.058143e+01 7.240252e+01 4.500000e+00
      vertex   -1.029520e+01 7.232583e+01 0.000000e+00
      vertex   -1.058143e+01 7.240252e+01 0.000000e+00
    endloop
  endfacet
  facet normal 4.226183e-01 9.063078e-01 0.000000e+00
    outer loop
      vertex   -1.058143e+01 7.240252e+01 4.500000e+00
      vertex   -1.058143e+01 7.240252e+01 0.000000e+00
      vertex   -1.085000e+01 7.252776e+01 4.500000e+00
    endloop
  endfacet
  facet normal 4.226183e-01 9.063078e-01 0.000000e+00
    outer loop
      vertex   -1.085000e+01 7.252776e+01 4.500000e+00
      vertex   -1.058143e+01 7.240252e+01 0.000000e+00
      vertex   -1.085000e+01 7.252776e+01 0.000000e+00
    endloop
  endfacet
  facet normal 5.735764e-01 8.191520e-01 0.000000e+00
    outer loop
      vertex   -1.085000e+01 7.252776e+01 4.500000e+00
      vertex   -1.085000e+01 7.252776e+01 0.000000e+00
      vertex   -1.109274e+01 7.269772e+01 4.500000e+00
    endloop
  endfacet
  facet normal 5.735764e-01 8.191520e-01 0.000000e+00
    outer loop
      vertex   -1.109274e+01 7.269772e+01 4.500000e+00
      vertex   -1.085000e+01 7.252776e+01 0.000000e+00
      vertex   -1.109274e+01 7.269772e+01 0.000000e+00
    endloop
  endfacet
  facet normal 7.071068e-01 7.071068e-01 0.000000e+00
    outer loop
      vertex   -1.109274e+01 7.269772e+01 4.500000e+00
      vertex   -1.109274e+01 7.269772e+01 0.000000e+00
      vertex   -1.130228e+01 7.290726e+01 4.500000e+00
    endloop
  endfacet
  facet normal 7.071068e-01 7.071068e-01 0.000000e+00
    outer loop
      vertex   -1.130228e+01 7.290726e+01 4.500000e+00
      vertex   -1.109274e+01 7.269772e+01 0.000000e+00
      vertex   -1.130228e+01 7.290726e+01 0.000000e+00
    endloop
  endfacet
  facet normal 8.191520e-01 5.735764e-01 0.000000e+00
    outer loop
      vertex   -1.130228e+01 7.290726e+01 4.500000e+00
      vertex   -1.130228e+01 7.290726e+01 0.000000e+00
      vertex   -1.147224e+01 7.315000e+01 4.500000e+00
    endloop
  endfacet
  facet normal 8.191520e-01 5.735764e-01 0.000000e+00
    outer loop
      vertex   -1.147224e+01 7.315000e+01 4.500000e+00
      vertex   -1.130228e+01 7.290726e+01 0.000000e+00
      vertex   -1.147224e+01 7.315000e+01 0.000000e+00
    endloop
  endfacet
  facet normal 9.063078e-01 4.226183e-01 0.000000e+00
    outer loop
      vertex   -1.147224e+01 7.315000e+01 4.500000e+00
      vertex   -1.147224e+01 7.315000e+01 0.000000e+00
      vertex   -1.159748e+01 7.341857e+01 4.500000e+00
    endloop
  endfacet
  facet normal 9.063078e-01 4.226183e-01 0.000000e+00
    outer loop
      vertex   -1.159748e+01 7.341857e+01 4.500000e+00
      vertex   -1.147224e+01 7.315000e+01 0.000000e+00
      vertex   -1.159748e+01 7.341857e+01 0.000000e+00
    endloop
  endfacet
  facet normal 9.659258e-01 2.588190e-01 0.000000e+00
    outer loop
      vertex   -1.159748e+01 7.341857e+01 4.500000e+00
      vertex   -1.159748e+01 7.341857e+01 0.000000e+00
      vertex   -1.167417e+01 7.370480e+01 4.500000e+00
    endloop
  endfacet
  facet normal 9.659258e-01 2.588190e-01 0.000000e+00
    outer loop
      vertex   -1.167417e+01 7.370480e+01 4.500000e+00
      vertex   -1.159748e+01 7.341857e+01 0.000000e+00
      vertex   -1.167417e+01 7.370480e+01 0.000000e+00
    endloop
  endfacet
  facet normal 9.961947e-01 8.715574e-02 0.000000e+00
    outer loop
      vertex   -6.674173e+00 4.370480e+01 4.500000e+00
      vertex   -6.674173e+00 4.370480e+01 0.000000e+00
      vertex   -6.700000e+00 4.400000e+01 4.500000e+00
    endloop
  endfacet
  facet normal 9.961947e-01 8.715574e-02 0.000000e+00
    outer loop
      vertex   -6.700000e+00 4.400000e+01 4.500000e+00
      vertex   -6.674173e+00 4.370480e+01 0.000000e+00
      vertex   -6.700000e+00 4.400000e+01 0.000000e+00
    endloop
  endfacet
  facet normal 9.961947e-01 -8.715574e-02 0.000000e+00
    outer loop
      vertex   -6.700000e+00 4.400000e+01 4.500000e+00
      vertex   -6.700000e+00 4.400000e+01 0.000000e+00
      vertex   -6.674173e+00 4.429520e+01 4.500000e+00
    endloop
  endfacet
  facet normal 9.961947e-01 -8.715574e-02 0.000000e+00
    outer loop
      vertex   -6.674173e+00 4.429520e+01 4.500000e+00
      vertex   -6.700000e+00 4.400000e+01 0.000000e+00
      vertex   -6.674173e+00 4.429520e+01 0.000000e+00
    endloop
  endfacet
  facet normal 9.659258e-01 -2.588190e-01 0.000000e+00
    outer loop
      vertex   -6.674173e+00 4.429520e+01 4.500000e+00
      vertex   -6.674173e+00 4.429520e+01 0.000000e+00
      vertex   -6.597477e+00 4.458143e+01 4.500000e+00
    endloop
  endfacet
  facet normal 9.659258e-01 -2.588190e-01 0.000000e+00
    outer loop
      vertex   -6.597477e+00 4.458143e+01 4.500000e+00
      vertex   -6.674173e+00 4.429520e+01 0.000000e+00
      vertex   -6.597477e+00 4.458143e+01 0.000000e+00
    endloop
  endfacet
  facet normal 9.063078e-01 -4.226183e-01 0.000000e+00
    outer loop
      vertex   -6.597477e+00 4.458143e+01 4.500000e+00
      vertex   -6.597477e+00 4.458143e+01 0.000000e+00
      vertex   -6.472243e+00 4.485000e+01 4.500000e+00
    endloop
  endfacet
  facet normal 9.063078e-01 -4.226183e-01 0.000000e+00
    outer loop
      vertex   -6.472243e+00 4.485000e+01 4.500000e+00
      vertex   -6.597477e+00 4.458143e+01 0.000000e+00
      vertex   -6.472243e+00 4.485000e+01 0.000000e+00
    endloop
  endfacet
  facet normal 8.191520e-01 -5.735764e-01 0.000000e+00
    outer loop
      vertex   -6.472243e+00 4.485000e+01 4.500000e+00
      vertex   -6.472243e+00 4.485000e+01 0.000000e+00
      vertex   -6.302276e+00 4.509274e+01 4.500000e+00
    endloop
  endfacet
  facet normal 8.191520e-01 -5.735764e-01 0.000000e+00
    outer loop
      vertex   -6.302276e+00 4.509274e+01 4.500000e+00
      vertex   -6.472243e+00 4.485000e+01 0.000000e+00
      vertex   -6.302276e+00 4.509274e+01 0.000000e+00
    endloop
  endfacet
  facet normal 7.071068e-01 -7.071068e-01 0.000000e+00
    outer loop
      vertex   -6.302276e+00 4.509274e+01 4.500000e+00
      vertex   -6.302276e+00 4.509274e+01 0.000000e+00
      vertex   -6.092739e+00 4.530228e+01 4.500000e+00
    endloop
  endfacet
  facet normal 7.071068e-01 -7.071068e-01 0.000000e+00
    outer loop
      vertex   -6.092739e+00 4.530228e+01 4.500000e+00
      vertex   -6.302276e+00 4.509274e+01 0.000000e+00
      vertex   -6.092739e+00 4.530228e+01 0.000000e+00
    endloop
  endfacet
  facet normal 5.735764e-01 -8.191520e-01 0.000000e+00
    outer loop
      vertex   -6.092739e+00 4.530228e+01 4.500000e+00
      vertex   -6.092739e+00 4.530228e+01 0.000000e+00
      vertex   -5.850000e+00 4.547224e+01 4.500000e+00
    endloop
  endfacet
  facet normal 5.735764e-01 -8.191520e-01 0.000000e+00
    outer loop
      vertex   -5.850000e+00 4.547224e+01 4.500000e+00
      vertex   -6.092739e+00 4.530228e+01 0.000000e+00
      vertex   -5.850000e+00 4.547224e+01 0.000000e+00
    endloop
  endfacet
  facet normal 4.226183e-01 -9.063078e-01 0.000000e+00
    outer loop
      vertex   -5.850000e+00 4.547224e+01 4.500000e+00
      vertex   -5.850000e+00 4.547224e+01 0.000000e+00
      vertex   -5.581434e+00 4.559748e+01 4.500000e+00
    endloop
  endfacet
  facet normal 4.226183e-01 -9.063078e-01 0.000000e+00
    outer loop
      vertex   -5.581434e+00 4.559748e+01 4.500000e+00
      vertex   -5.850000e+00 4.547224e+01 0.000000e+00
      vertex   -5.581434e+00 4.559748e+01 0.000000e+00
    endloop
  endfacet
  facet normal 2.588190e-01 -9.659258e-01 0.000000e+00
    outer loop
      vertex   -5.581434e+00 4.559748e+01 4.500000e+00
      vertex   -5.581434e+00 4.559748e+01 0.000000e+00
      vertex   -5.295202e+00 4.567417e+01 4.500000e+00
    endloop
  endfacet
  facet normal 2.588190e-01 -9.659258e-01 0.000000e+00
    outer loop
      vertex   -5.295202e+00 4.567417e+01 4.500000e+00
      vertex   -5.581434e+00 4.559748e+01 0.000000e+00
      vertex   -5.295202e+00 4.567417e+01 0.000000e+00
    endloop
  endfacet
  facet normal 8.715574e-02 -9.961947e-01 0.000000e+00
    outer loop
      vertex   -5.295202e+00 4.567417e+01 4.500000e+00
      vertex   -5.295202e+00 4.567417e+01 0.000000e+00
      vertex   -5.000000e+00 4.570000e+01 4.500000e+00
    endloop
  endfacet
  facet normal 8.715574e-02 -9.961947e-01 0.000000e+00
    outer loop
      vertex   -5.000000e+00 4.570000e+01 4.500000e+00
      vertex   -5.295202e+00 4.567417e+01 0.000000e+00
      vertex   -5.000000e+00 4.570000e+01 0.000000e+00
    endloop
  endfacet
  facet normal -8.715574e-02 -9.961947e-01 -0.000000e+00
    outer loop
      vertex   -5.000000e+00 4.570000e+01 4.500000e+00
      vertex   -5.000000e+00 4.570000e+01 0.000000e+00
      vertex   -4.704798e+00 4.567417e+01 4.500000e+00
    endloop
  endfacet
  facet normal -8.715574e-02 -9.961947e-01 -0.000000e+00
    outer loop
      vertex   -4.704798e+00 4.567417e+01 4.500000e+00
      vertex   -5.000000e+00 4.570000e+01 0.000000e+00
      vertex   -4.704798e+00 4.567417e+01 0.000000e+00
    endloop
  endfacet
  facet normal -2.588190e-01 -9.659258e-01 -0.000000e+00
    outer loop
      vertex   -4.704798e+00 4.567417e+01 4.500000e+00
      vertex   -4.704798e+00 4.567417e+01 0.000000e+00
      vertex   -4.418566e+00 4.559748e+01 4.500000e+00
    endloop
  endfacet
  facet normal -2.588190e-01 -9.659258e-01 -0.000000e+00
    outer loop
      vertex   -4.418566e+00 4.559748e+01 4.500000e+00
      vertex   -4.704798e+00 4.567417e+01 0.000000e+00
      vertex   -4.418566e+00 4.559748e+01 0.000000e+00
    endloop
  endfacet
  facet normal -4.226183e-01 -9.063078e-01 -0.000000e+00
    outer loop
      vertex   -4.418566e+00 4.559748e+01 4.500000e+00
      vertex   -4.418566e+00 4.559748e+01 0.000000e+00
      vertex   -4.150000e+00 4.547224e+01 4.500000e+00
    endloop
  endfacet
  facet normal -4.226183e-01 -9.063078e-01 -0.000000e+00
    outer loop
      vertex   -4.150000e+00 4.547224e+01 4.500000e+00
      vertex   -4.418566e+00 4.559748e+01 0.000000e+00
      vertex   -4.150000e+00 4.547224e+01 0.000000e+00
    endloop
  endfacet
  facet normal -5.735764e-01 -8.191520e-01 -0.000000e+00
    outer loop
      vertex   -4.150000e+00 4.547224e+01 4.500000e+00
      vertex   -4.150000e+00 4.547224e+01 0.000000e+00
      vertex   -3.907261e+00 4.530228e+01 4.500000e+00
    endloop
  endfacet
  facet normal -5.735764e-01 -8.191520e-01 -0.000000e+00
    outer loop
      vertex   -3.907261e+00 4.530228e+01 4.500000e+00
      vertex   -4.150000e+00 4.547224e+01 0.000000e+00
      vertex   -3.907261e+00 4.530228e+01 0.000000e+00
    endloop
  endfacet
  facet normal -7.071068e-01 -7.071068e-01 -0.000000e+00
    outer loop
      vertex   -3.907261e+00 4.530228e+01 4.500000e+00
      vertex   -3.907261e+00 4.530228e+01 0.000000e+00
      vertex   -3.697724e+00 4.509274e+01 4.500000e+00
    endloop
  endfacet
  facet normal -7.071068e-01 -7.071068e-01 -0.000000e+00
    outer loop
      vertex   -3.697724e+00 4.509274e+01 4.500000e+00
      vertex   -3.907261e+00 4.530228e+01 0.000000e+00
      vertex   -3.697724e+00 4.509274e+01 0.000000e+00
    endloop
  endfacet
  facet normal -8.191520e-01 -5.735764e-01 -0.000000e+00
    outer loop
      vertex   -3.697724e+00 4.509274e+01 4.500000e+00
      vertex   -3.697724e+00 4.509274e+01 0.000000e+00
      vertex   -3.527757e+00 4.485000e+01 4.500000e+00
    endloop
  endfacet
  facet normal -8.191520e-01 -5.735764e-01 -0.000000e+00
    outer loop
      vertex   -3.527757e+00 4.485000e+01 4.500000e+00
      vertex   -3.697724e+00 4.509274e+01 0.000000e+00
      vertex   -3.527757e+00 4.485000e+01 0.000000e+00
    endloop
  endfacet
  facet normal -9.063078e-01 -4.226183e-01 -0.000000e+00
    outer loop
      vertex   -3.527757e+00 4.485000e+01 4.500000e+00
      vertex   -3.527757e+00 4.485000e+01 0.000000e+00
      vertex   -3.402523e+00 4.458143e+01 4.500000e+00
    endloop
  endfacet
  facet normal -9.063078e-01 -4.226183e-01 -0.000000e+00
    outer loop
      vertex   -3.402523e+00 4.458143e+01 4.500000e+00
      vertex   -3.527757e+00 4.485000e+01 0.000000e+00
      vertex   -3.402523e+00 4.458143e+01 0.000000e+00
    endloop
  endfacet
  facet normal -9.659258e-01 -2.588190e-01 -0.000000e+00
    outer loop
      vertex   -3.402523e+00 4.458143e+01 4.500000e+00
      vertex   -3.402523e+00 4.458143e+01 0.000000e+00
      vertex   -3.325827e+00 4.429520e+01 4.500000e+00
    endloop
  endfacet
  facet normal -9.659258e-01 -2.588190e-01 -0.000000e+00
    outer loop
      vertex   -3.325827e+00 4.429520e+01 4.500000e+00
      vertex   -3.402523e+00 4.458143e+01 0.000000e+00
      vertex   -3.325827e+00 4.429520e+01 0.000000e+00
    endloop
  endfacet
  facet normal -9.961947e-01 -8.715574e-02 -0.000000e+00
    outer loop
      vertex   -3.325827e+00 4.429520e+01 4.500000e+00
      vertex   -3.325827e+00 4.429520e+01 0.000000e+00
      vertex   -3.300000e+00 4.400000e+01 4.500000e+00
    endloop
  endfacet
  facet normal -9.961947e-01 -8.715574e-02 -0.000000e+00
    outer loop
      vertex   -3.300000e+00 4.400000e+01 4.500000e+00
      vertex   -3.325827e+00 4.429520e+01 0.000000e+00
      vertex   -3.300000e+00 4.400000e+01 0.000000e+00
    endloop
  endfacet
  facet normal -9.961947e-01 8.715574e-02 0.000000e+00
    outer loop
      vertex   -3.300000e+00 4.400000e+01 4.500000e+00
      vertex   -3.300000e+00 4.400000e+01 0.000000e+00
      vertex   -3.325827e+00 4.370480e+01 4.500000e+00
    endloop
  endfacet
  facet normal -9.961947e-01 8.715574e-02 0.000000e+00
    outer loop
      vertex   -3.325827e+00 4.370480e+01 4.500000e+00
      vertex   -3.300000e+00 4.400000e+01 0.000000e+00
      vertex   -3.325827e+00 4.370480e+01 0.000000e+00
    endloop
  endfacet
  facet normal -9.659258e-01 2.588190e-01 0.000000e+00
    outer loop
      vertex   -3.325827e+00 4.370480e+01 4.500000e+00
      vertex   -3.325827e+00 4.370480e+01 0.000000e+00
      vertex   -3.402523e+00 4.341857e+01 4.500000e+00
    endloop
  endfacet
  facet normal -9.659258e-01 2.588190e-01 0.000000e+00
    outer loop
      vertex   -3.402523e+00 4.341857e+01 4.500000e+00
      vertex   -3.325827e+00 4.370480e+01 0.000000e+00
      vertex   -3.402523e+00 4.341857e+01 0.000000e+00
    endloop
  endfacet
  facet normal -9.063078e-01 4.226183e-01 0.000000e+00
    outer loop
      vertex   -3.402523e+00 4.341857e+01 4.500000e+00
      vertex   -3.402523e+00 4.341857e+01 0.000000e+00
      vertex   -3.527757e+00 4.315000e+01 4.500000e+00
    endloop
  endfacet
  facet normal -9.063078e-01 4.226183e-01 0.000000e+00
    outer loop
      vertex   -3.527757e+00 4.315000e+01 4.500000e+00
      vertex   -3.402523e+00 4.341857e+01 0.000000e+00
      vertex   -3.527757e+00 4.315000e+01 0.000000e+00
    endloop
  endfacet
  facet normal -8.191520e-01 5.735764e-01 0.000000e+00
    outer loop
      vertex   -3.527757e+00 4.315000e+01 4.500000e+00
      vertex   -3.527757e+00 4.315000e+01 0.000000e+00
      vertex   -3.697724e+00 4.290726e+01 4.500000e+00
    endloop
  endfacet
  facet normal -8.191520e-01 5.735764e-01 0.000000e+00
    outer loop
      vertex   -3.697724e+00 4.290726e+01 4.500000e+00
      vertex   -3.527757e+00 4.315000e+01 0.000000e+00
      vertex   -3.697724e+00 4.290726e+01 0.000000e+00
    endloop
  endfacet
  facet normal -7.071068e-01 7.071068e-01 0.000000e+00
    outer loop
      vertex   -3.697724e+00 4.290726e+01 4.500000e+00
      vertex   -3.697724e+00 4.290726e+01 0.000000e+00
      vertex   -3.907261e+00 4.269772e+01 4.500000e+00
    endloop
  endfacet
  facet normal -7.071068e-01 7.071068e-01 0.000000e+00
    outer loop
      vertex   -3.907261e+00 4.269772e+01 4.500000e+00
      vertex   -3.697724e+00 4.290726e+01 0.000000e+00
      vertex   -3.907261e+00 4.269772e+01 0.000000e+00
    endloop
  endfacet
  facet normal -5.735764e-01 8.191520e-01 0.000000e+00
    outer loop
      vertex   -3.907261e+00 4.269772e+01 4.500000e+00
      vertex   -3.907261e+00 4.269772e+01 0.000000e+00
      vertex   -4.150000e+00 4.252776e+01 4.500000e+00
    endloop
  endfacet
  facet normal -5.735764e-01 8.191520e-01 0.000000e+00
    outer loop
      vertex   -4.150000e+00 4.252776e+01 4.500000e+00
      vertex   -3.907261e+00 4.269772e+01 0.000000e+00
      vertex   -4.150000e+00 4.252776e+01 0.000000e+00
    endloop
  endfacet
  facet normal -4.226183e-01 9.063078e-01 0.000000e+00
    outer loop
      vertex   -4.150000e+00 4.252776e+01 4.500000e+00
      vertex   -4.150000e+00 4.252776e+01 0.000000e+00
      vertex   -4.418566e+00 4.240252e+01 4.500000e+00
    endloop
  endfacet
  facet normal -4.226183e-01 9.063078e-01 0.000000e+00
    outer loop
      vertex   -4.418566e+00 4.240252e+01 4.500000e+00
      vertex   -4.150000e+00 4.252776e+01 0.000000e+00
      vertex   -4.418566e+00 4.240252e+01 0.000000e+00
    endloop
  endfacet
  facet normal -2.588190e-01 9.659258e-01 0.000000e+00
    outer loop
      vertex   -4.418566e+00 4.240252e+01 4.500000e+00
      vertex   -4.418566e+00 4.240252e+01 0.000000e+00
      vertex   -4.704798e+00 4.232583e+01 4.500000e+00
    endloop
  endfacet
  facet normal -2.588190e-01 9.659258e-01 0.000000e+00
    outer loop
      vertex   -4.704798e+00 4.232583e+01 4.500000e+00
      vertex   -4.418566e+00 4.240252e+01 0.000000e+00
      vertex   -4.704798e+00 4.232583e+01 0.000000e+00
    endloop
  endfacet
  facet normal -8.715574e-02 9.961947e-01 0.000000e+00
    outer loop
      vertex   -4.704798e+00 4.232583e+01 4.500000e+00
      vertex   -4.704798e+00 4.232583e+01 0.000000e+00
      vertex   -5.000000e+00 4.230000e+01 4.500000e+00
    endloop
  endfacet
  facet normal -8.715574e-02 9.961947e-01 0.000000e+00
    outer loop
      vertex   -5.000000e+00 4.230000e+01 4.500000e+00
      vertex   -4.704798e+00 4.232583e+01 0.000000e+00
      vertex   -5.000000e+00 4.230000e+01 0.000000e+00
    endloop
  endfacet
  facet normal 8.715574e-02 9.961947e-01 0.000000e+00
    outer loop
      vertex   -5.000000e+00 4.230000e+01 4.500000e+00
      vertex   -5.000000e+00 4.230000e+01 0.000000e+00
      vertex   -5.295202e+00 4.232583e+01 4.500000e+00
    endloop
  endfacet
  facet normal 8.715574e-02 9.961947e-01 0.000000e+00
    outer loop
      vertex   -5.295202e+00 4.232583e+01 4.500000e+00
      vertex   -5.000000e+00 4.230000e+01 0.000000e+00
      vertex   -5.295202e+00 4.232583e+01 0.000000e+00
    endloop
  endfacet
  facet normal 2.588190e-01 9.659258e-01 0.000000e+00
    outer loop
      vertex   -5.295202e+00 4.232583e+01 4.500000e+00
      vertex   -5.295202e+00 4.232583e+01 0.000000e+00
      vertex   -5.581434e+00 4.240252e+01 4.500000e+00
    endloop
  endfacet
  facet normal 2.588190e-01 9.659258e-01 0.000000e+00
    outer loop
      vertex   -5.581434e+00 4.240252e+01 4.500000e+00
      vertex   -5.295202e+00 4.232583e+01 0.000000e+00
      vertex   -5.581434e+00 4.240252e+01 0.000000e+00
    endloop
  endfacet
  facet normal 4.226183e-01 9.063078e-01 0.000000e+00
    outer loop
      vertex   -5.581434e+00 4.240252e+01 4.500000e+00
      vertex   -5.581434e+00 4.240252e+01 0.000000e+00
      vertex   -5.850000e+00 4.252776e+01 4.500000e+00
    endloop
  endfacet
  facet normal 4.226183e-01 9.063078e-01 0.000000e+00
    outer loop
      vertex   -5.850000e+00 4.252776e+01 4.500000e+00
      vertex   -5.581434e+00 4.240252e+01 0.000000e+00
      vertex   -5.850000e+00 4.252776e+01 0.000000e+00
    endloop
  endfacet
  facet normal 5.735764e-01 8.191520e-01 0.000000e+00
    outer loop
      vertex   -5.850000e+00 4.252776e+01 4.500000e+00
      vertex   -5.850000e+00 4.252776e+01 0.000000e+00
      vertex   -6.092739e+00 4.269772e+01 4.500000e+00
    endloop
  endfacet
  facet normal 5.735764e-01 8.191520e-01 0.000000e+00
    outer loop
      vertex   -6.092739e+00 4.269772e+01 4.500000e+00
      vertex   -5.850000e+00 4.252776e+01 0.000000e+00
      vertex   -6.092739e+00 4.269772e+01 0.000000e+00
    endloop
  endfacet
  facet normal 7.071068e-01 7.071068e-01 0.000000e+00
    outer loop
      vertex   -6.092739e+00 4.269772e+01 4.500000e+00
      vertex   -6.092739e+00 4.269772e+01 0.000000e+00
      vertex   -6.302276e+00 4.290726e+01 4.500000e+00
    endloop
  endfacet
  facet normal 7.071068e-01 7.071068e-01 0.000000e+00
    outer loop
      vertex   -6.302276e+00 4.290726e+01 4.500000e+00
      vertex   -6.092739e+00 4.269772e+01 0.000000e+00
      vertex   -6.302276e+00 4.290726e+01 0.000000e+00
    endloop
  endfacet
  facet normal 8.191520e-01 5.735764e-01 0.000000e+00
    outer loop
      vertex   -6.302276e+00 4.290726e+01 4.500000e+00
      vertex   -6.302276e+00 4.290726e+01 0.000000e+00
      vertex   -6.472243e+00 4.315000e+01 4.500000e+00
    endloop
  endfacet
  facet normal 8.191520e-01 5.735764e-01 0.000000e+00
    outer loop
      vertex   -6.472243e+00 4.315000e+01 4.500000e+00
      vertex   -6.302276e+00 4.290726e+01 0.000000e+00
      vertex   -6.472243e+00 4.315000e+01 0.000000e+00
    endloop
  endfacet
  facet normal 9.063078e-01 4.226183e-01 0.000000e+00
    outer loop
      vertex   -6.472243e+00 4.315000e+01 4.500000e+00
      vertex   -6.472243e+00 4.315000e+01 0.000000e+00
      vertex   -6.597477e+00 4.341857e+01 4.500000e+00
    endloop
  endfacet
  facet normal 9.063078e-01 4.226183e-01 0.000000e+00
    outer loop
      vertex   -6.597477e+00 4.341857e+01 4.500000e+00
      vertex   -6.472243e+00 4.315000e+01 0.000000e+00
      vertex   -6.597477e+00 4.341857e+01 0.000000e+00
    endloop
  endfacet
  facet normal 9.659258e-01 2.588190e-01 0.000000e+00
    outer loop
      vertex   -6.597477e+00 4.341857e+01 4.500000e+00
      vertex   -6.597477e+00 4.341857e+01 0.000000e+00
      vertex   -6.674173e+00 4.370480e+01 4.500000e+00
    endloop
  endfacet
  facet normal 9.659258e-01 2.588190e-01 0.000000e+00
    outer loop
      vertex   -6.674173e+00 4.370480e+01 4.500000e+00
      vertex   -6.597477e+00 4.341857e+01 0.000000e+00
      vertex   -6.674173e+00 4.370480e+01 0.000000e+00
    endloop
  endfacet
  facet normal 9.961947e-01 8.715574e-02 0.000000e+00
    outer loop
      vertex   -6.674173e+00 1.097048e+02 4.500000e+00
      vertex   -6.674173e+00 1.097048e+02 0.000000e+00
      vertex   -6.700000e+00 1.100000e+02 4.500000e+00
    endloop
  endfacet
  facet normal 9.961947e-01 8.715574e-02 0.000000e+00
    outer loop
      vertex   -6.700000e+00 1.100000e+02 4.500000e+00
      vertex   -6.674173e+00 1.097048e+02 0.000000e+00
      vertex   -6.700000e+00 1.100000e+02 0.000000e+00
    endloop
  endfacet
  facet normal 9.961947e-01 -8.715574e-02 0.000000e+00
    outer loop
      vertex   -6.700000e+00 1.100000e+02 4.500000e+00
      vertex   -6.700000e+00 1.100000e+02 0.000000e+00
      vertex   -6.674173e+00 1.102952e+02 4.500000e+00
    endloop
  endfacet
  facet normal 9.961947e-01 -8.715574e-02 0.000000e+00
    outer loop
      vertex   -6.674173e+00 1.102952e+02 4.500000e+00
      vertex   -6.700000e+00 1.100000e+02 0.000000e+00
      vertex   -6.674173e+00 1.102952e+02 0.000000e+00
    endloop
  endfacet
  facet normal 9.659258e-01 -2.588190e-01 0.000000e+00
    outer loop
      vertex   -6.674173e+00 1.102952e+02 4.500000e+00
      vertex   -6.674173e+00 1.102952e+02 0.000000e+00
      vertex   -6.597477e+00 1.105814e+02 4.500000e+00
    endloop
  endfacet
  facet normal 9.659258e-01 -2.588190e-01 0.000000e+00
    outer loop
      vertex   -6.597477e+00 1.105814e+02 4.500000e+00
      vertex   -6.674173e+00 1.102952e+02 0.000000e+00
      vertex   -6.597477e+00 1.105814e+02 0.000000e+00
    endloop
  endfacet
  facet normal 9.063078e-01 -4.226183e-01 0.000000e+00
    outer loop
      vertex   -6.597477e+00 1.105814e+02 4.500000e+00
      vertex   -6.597477e+00 1.105814e+02 0.000000e+00
      vertex   -6.472243e+00 1.108500e+02 4.500000e+00
    endloop
  endfacet
  facet normal 9.063078e-01 -4.226183e-01 0.000000e+00
    outer loop
      vertex   -6.472243e+00 1.108500e+02 4.500000e+00
      vertex   -6.597477e+00 1.105814e+02 0.000000e+00
      vertex   -6.472243e+00 1.108500e+02 0.000000e+00
    endloop
  endfacet
  facet normal 8.191520e-01 -5.735764e-01 0.000000e+00
    outer loop
      vertex   -6.472243e+00 1.108500e+02 4.500000e+00
      vertex   -6.472243e+00 1.108500e+02 0.000000e+00
      vertex   -6.302276e+00 1.110927e+02 4.500000e+00
    endloop
  endfacet
  facet normal 8.191520e-01 -5.735764e-01 0.000000e+00
    outer loop
      vertex   -6.302276e+00 1.110927e+02 4.500000e+00
      vertex   -6.472243e+00 1.108500e+02 0.000000e+00
      vertex   -6.302276e+00 1.110927e+02 0.000000e+00
    endloop
  endfacet
  facet normal 7.071068e-01 -7.071068e-01 0.000000e+00
    outer loop
      vertex   -6.302276e+00 1.110927e+02 4.500000e+00
      vertex   -6.302276e+00 1.110927e+02 0.000000e+00
      vertex   -6.092739e+00 1.113023e+02 4.500000e+00
    endloop
  endfacet
  facet normal 7.071068e-01 -7.071068e-01 0.000000e+00
    outer loop
      vertex   -6.092739e+00 1.113023e+02 4.500000e+00
      vertex   -6.302276e+00 1.110927e+02 0.000000e+00
      vertex   -6.092739e+00 1.113023e+02 0.000000e+00
    endloop
  endfacet
  facet normal 5.735764e-01 -8.191520e-01 0.000000e+00
    outer loop
      vertex   -6.092739e+00 1.113023e+02 4.500000e+00
      vertex   -6.092739e+00 1.113023e+02 0.000000e+00
      vertex   -5.850000e+00 1.114722e+02 4.500000e+00
    endloop
  endfacet
  facet normal 5.735764e-01 -8.191520e-01 0.000000e+00
    outer loop
      vertex   -5.850000e+00 1.114722e+02 4.500000e+00
      vertex   -6.092739e+00 1.113023e+02 0.000000e+00
      vertex   -5.850000e+00 1.114722e+02 0.000000e+00
    endloop
  endfacet
  facet normal 4.226183e-01 -9.063078e-01 0.000000e+00
    outer loop
      vertex   -5.850000e+00 1.114722e+02 4.500000e+00
      vertex   -5.850000e+00 1.114722e+02 0.000000e+00
      vertex   -5.581434e+00 1.115975e+02 4.500000e+00
    endloop
  endfacet
  facet normal 4.226183e-01 -9.063078e-01 0.000000e+00
    outer loop
      vertex   -5.581434e+00 1.115975e+02 4.500000e+00
      vertex   -5.850000e+00 1.114722e+02 0.000000e+00
      vertex   -5.581434e+00 1.115975e+02 0.000000e+00
    endloop
  endfacet
  facet normal 2.588190e-01 -9.659258e-01 0.000000e+00
    outer loop
      vertex   -5.581434e+00 1.115975e+02 4.500000e+00
      vertex   -5.581434e+00 1.115975e+02 0.000000e+00
      vertex   -5.295202e+00 1.116742e+02 4.500000e+00
    endloop
  endfacet
  facet normal 2.588190e-01 -9.659258e-01 0.000000e+00
    outer loop
      vertex   -5.295202e+00 1.116742e+02 4.500000e+00
      vertex   -5.581434e+00 1.115975e+02 0.000000e+00
      vertex   -5.295202e+00 1.116742e+02 0.000000e+00
    endloop
  endfacet
  facet normal 8.715574e-02 -9.961947e-01 0.000000e+00
    outer loop
      vertex   -5.295202e+00 1.116742e+02 4.500000e+00
      vertex   -5.295202e+00 1.116742e+02 0.000000e+00
      vertex   -5.000000e+00 1.117000e+02 4.500000e+00
    endloop
  endfacet
  facet normal 8.715574e-02 -9.961947e-01 0.000000e+00
    outer loop
      vertex   -5.000000e+00 1.117000e+02 4.500000e+00
      vertex   -5.295202e+00 1.116742e+02 0.000000e+00
      vertex   -5.000000e+00 1.117000e+02 0.000000e+00
    endloop
  endfacet
  facet normal -8.715574e-02 -9.961947e-01 -0.000000e+00
    outer loop
      vertex   -5.000000e+00 1.117000e+02 4.500000e+00
      vertex   -5.000000e+00 1.117000e+02 0.000000e+00
      vertex   -4.704798e+00 1.116742e+02 4.500000e+00
    endloop
  endfacet
  facet normal -8.715574e-02 -9.961947e-01 -0.000000e+00
    outer loop
      vertex   -4.704798e+00 1.116742e+02 4.500000e+00
      vertex   -5.000000e+00 1.117000e+02 0.000000e+00
      vertex   -4.704798e+00 1.116742e+02 0.000000e+00
    endloop
  endfacet
  facet normal -2.588190e-01 -9.659258e-01 -0.000000e+00
    outer loop
      vertex   -4.704798e+00 1.116742e+02 4.500000e+00
      vertex   -4.704798e+00 1.116742e+02 0.000000e+00
      vertex   -4.418566e+00 1.115975e+02 4.500000e+00
    endloop
  endfacet
  facet normal -2.588190e-01 -9.659258e-01 -0.000000e+00
    outer loop
      vertex   -4.418566e+00 1.115975e+02 4.500000e+00
      vertex   -4.704798e+00 1.116742e+02 0.000000e+00
      vertex   -4.418566e+00 1.115975e+02 0.000000e+00
    endloop
  endfacet
  facet normal -4.226183e-01 -9.063078e-01 -0.000000e+00
    outer loop
      vertex   -4.418566e+00 1.115975e+02 4.500000e+00
      vertex   -4.418566e+00 1.115975e+02 0.000000e+00
      vertex   -4.150000e+00 1.114722e+02 4.500000e+00
    endloop
  endfacet
  facet normal -4.226183e-01 -9.063078e-01 -0.000000e+00
    outer loop
      vertex   -4.150000e+00 1.114722e+02 4.500000e+00
      vertex   -4.418566e+00 1.115975e+02 0.000000e+00
      vertex   -4.150000e+00 1.114722e+02 0.000000e+00
    endloop
  endfacet
  facet normal -5.735764e-01 -8.191520e-01 -0.000000e+00
    outer loop
      vertex   -4.150000e+00 1.114722e+02 4.500000e+00
      vertex   -4.150000e+00 1.114722e+02 0.000000e+00
      vertex   -3.907261e+00 1.113023e+02 4.500000e+00
    endloop
  endfacet
  facet normal -5.735764e-01 -8.191520e-01 -0.000000e+00
    outer loop
      vertex   -3.907261e+00 1.113023e+02 4.500000e+00
      vertex   -4.150000e+00 1.114722e+02 0.000000e+00
      vertex   -3.907261e+00 1.113023e+02 0.000000e+00
    endloop
  endfacet
  facet normal -7.071068e-01 -7.071068e-01 -0.000000e+00
    outer loop
      vertex   -3.907261e+00 1.113023e+02 4.500000e+00
      vertex   -3.907261e+00 1.113023e+02 0.000000e+00
      vertex   -3.697724e+00 1.110927e+02 4.500000e+00
    endloop
  endfacet
  facet normal -7.071068e-01 -7.071068e-01 -0.000000e+00
    outer loop
      vertex   -3.697724e+00 1.110927e+02 4.500000e+00
      vertex   -3.907261e+00 1.113023e+02 0.000000e+00
      vertex   -3.697724e+00 1.110927e+02 0.000000e+00
    endloop
  endfacet
  facet normal -8.191520e-01 -5.735764e-01 -0.000000e+00
    outer loop
      vertex   -3.697724e+00 1.110927e+02 4.500000e+00
      vertex   -3.697724e+00 1.110927e+02 0.000000e+00
      vertex   -3.527757e+00 1.108500e+02 4.500000e+00
    endloop
  endfacet
  facet normal -8.191520e-01 -5.735764e-01 -0.000000e+00
    outer loop
      vertex   -3.527757e+00 1.108500e+02 4.500000e+00
      vertex   -3.697724e+00 1.110927e+02 0.000000e+00
      vertex   -3.527757e+00 1.108500e+02 0.000000e+00
    endloop
  endfacet
  facet normal -9.063078e-01 -4.226183e-01 -0.000000e+00
    outer loop
      vertex   -3.527757e+00 1.108500e+02 4.500000e+00
      vertex   -3.527757e+00 1.108500e+02 0.000000e+00
      vertex   -3.402523e+00 1.105814e+02 4.500000e+00
    endloop
  endfacet
  facet normal -9.063078e-01 -4.226183e-01 -0.000000e+00
    outer loop
      vertex   -3.402523e+00 1.105814e+02 4.500000e+00
      vertex   -3.527757e+00 1.108500e+02 0.000000e+00
      vertex   -3.402523e+00 1.105814e+02 0.000000e+00
    endloop
  endfacet
  facet normal -9.659258e-01 -2.588190e-01 -0.000000e+00
    outer loop
      vertex   -3.402523e+00 1.105814e+02 4.500000e+00
      vertex   -3.402523e+00 1.105814e+02 0.000000e+00
      vertex   -3.325827e+00 1.102952e+02 4.500000e+00
    endloop
  endfacet
  facet normal -9.659258e-01 -2.588190e-01 -0.000000e+00
    outer loop
      vertex   -3.325827e+00 1.102952e+02 4.500000e+00
      vertex   -3.402523e+00 1.105814e+02 0.000000e+00
      vertex   -3.325827e+00 1.102952e+02 0.000000e+00
    endloop
  endfacet
  facet normal -9.961947e-01 -8.715574e-02 -0.000000e+00
    outer loop
      vertex   -3.325827e+00 1.102952e+02 4.500000e+00
      vertex   -3.325827e+00 1.102952e+02 0.000000e+00
      vertex   -3.300000e+00 1.100000e+02 4.500000e+00
    endloop
  endfacet
  facet normal -9.961947e-01 -8.715574e-02 -0.000000e+00
    outer loop
      vertex   -3.300000e+00 1.100000e+02 4.500000e+00
      vertex   -3.325827e+00 1.102952e+02 0.000000e+00
      vertex   -3.300000e+00 1.100000e+02 0.000000e+00
    endloop
  endfacet
  facet normal -9.961947e-01 8.715574e-02 0.000000e+00
    outer loop
      vertex   -3.300000e+00 1.100000e+02 4.500000e+00
      vertex   -3.300000e+00 1.100000e+02 0.000000e+00
      vertex   -3.325827e+00 1.097048e+02 4.500000e+00
    endloop
  endfacet
  facet normal -9.961947e-01 8.715574e-02 0.000000e+00
    outer loop
      vertex   -3.325827e+00 1.097048e+02 4.500000e+00
      vertex   -3.300000e+00 1.100000e+02 0.000000e+00
      vertex   -3.325827e+00 1.097048e+02 0.000000e+00
    endloop
  endfacet
  facet normal -9.659258e-01 2.588190e-01 0.000000e+00
    outer loop
      vertex   -3.325827e+00 1.097048e+02 4.500000e+00
      vertex   -3.325827e+00 1.097048e+02 0.000000e+00
      vertex   -3.402523e+00 1.094186e+02 4.500000e+00
    endloop
  endfacet
  facet normal -9.659258e-01 2.588190e-01 0.000000e+00
    outer loop
      vertex   -3.402523e+00 1.094186e+02 4.500000e+00
      vertex   -3.325827e+00 1.097048e+02 0.000000e+00
      vertex   -3.402523e+00 1.094186e+02 0.000000e+00
    endloop
  endfacet
  facet normal -9.063078e-01 4.226183e-01 0.000000e+00
    outer loop
      vertex   -3.402523e+00 1.094186e+02 4.500000e+00
      vertex   -3.402523e+00 1.094186e+02 0.000000e+00
      vertex   -3.527757e+00 1.091500e+02 4.500000e+00
    endloop
  endfacet
  facet normal -9.063078e-01 4.226183e-01 0.000000e+00
    outer loop
      vertex   -3.527757e+00 1.091500e+02 4.500000e+00
      vertex   -3.402523e+00 1.094186e+02 0.000000e+00
      vertex   -3.527757e+00 1.091500e+02 0.000000e+00
    endloop
  endfacet
  facet normal -8.191520e-01 5.735764e-01 0.000000e+00
    outer loop
      vertex   -3.527757e+00 1.091500e+02 4.500000e+00
      vertex   -3.527757e+00 1.091500e+02 0.000000e+00
      vertex   -3.697724e+00 1.089073e+02 4.500000e+00
    endloop
  endfacet
  facet normal -8.191520e-01 5.735764e-01 0.000000e+00
    outer loop
      vertex   -3.697724e+00 1.089073e+02 4.500000e+00
      vertex   -3.527757e+00 1.091500e+02 0.000000e+00
      vertex   -3.697724e+00 1.089073e+02 0.000000e+00
    endloop
  endfacet
  facet normal -7.071068e-01 7.071068e-01 0.000000e+00
    outer loop
      vertex   -3.697724e+00 1.089073e+02 4.500000e+00
      vertex   -3.697724e+00 1.089073e+02 0.000000e+00
      vertex   -3.907261e+00 1.086977e+02 4.500000e+00
    endloop
  endfacet
  facet normal -7.071068e-01 7.071068e-01 0.000000e+00
    outer loop
      vertex   -3.907261e+00 1.086977e+02 4.500000e+00
      vertex   -3.697724e+00 1.089073e+02 0.000000e+00
      vertex   -3.907261e+00 1.086977e+02 0.000000e+00
    endloop
  endfacet
  facet normal -5.735764e-01 8.191520e-01 0.000000e+00
    outer loop
      vertex   -3.907261e+00 1.086977e+02 4.500000e+00
      vertex   -3.907261e+00 1.086977e+02 0.000000e+00
      vertex   -4.150000e+00 1.085278e+02 4.500000e+00
    endloop
  endfacet
  facet normal -5.735764e-01 8.191520e-01 0.000000e+00
    outer loop
      vertex   -4.150000e+00 1.085278e+02 4.500000e+00
      vertex   -3.907261e+00 1.086977e+02 0.000000e+00
      vertex   -4.150000e+00 1.085278e+02 0.000000e+00
    endloop
  endfacet
  facet normal -4.226183e-01 9.063078e-01 0.000000e+00
    outer loop
      vertex   -4.150000e+00 1.085278e+02 4.500000e+00
      vertex   -4.150000e+00 1.085278e+02 0.000000e+00
      vertex   -4.418566e+00 1.084025e+02 4.500000e+00
    endloop
  endfacet
  facet normal -4.226183e-01 9.063078e-01 0.000000e+00
    outer loop
      vertex   -4.418566e+00 1.084025e+02 4.500000e+00
      vertex   -4.150000e+00 1.085278e+02 0.000000e+00
      vertex   -4.418566e+00 1.084025e+02 0.000000e+00
    endloop
  endfacet
  facet normal -2.588190e-01 9.659258e-01 0.000000e+00
    outer loop
      vertex   -4.418566e+00 1.084025e+02 4.500000e+00
      vertex   -4.418566e+00 1.084025e+02 0.000000e+00
      vertex   -4.704798e+00 1.083258e+02 4.500000e+00
    endloop
  endfacet
  facet normal -2.588190e-01 9.659258e-01 0.000000e+00
    outer loop
      vertex   -4.704798e+00 1.083258e+02 4.500000e+00
      vertex   -4.418566e+00 1.084025e+02 0.000000e+00
      vertex   -4.704798e+00 1.083258e+02 0.000000e+00
    endloop
  endfacet
  facet normal -8.715574e-02 9.961947e-01 0.000000e+00
    outer loop
      vertex   -4.704798e+00 1.083258e+02 4.500000e+00
      vertex   -4.704798e+00 1.083258e+02 0.000000e+00
      vertex   -5.000000e+00 1.083000e+02 4.500000e+00
    endloop
  endfacet
  facet normal -8.715574e-02 9.961947e-01 0.000000e+00
    outer loop
      vertex   -5.000000e+00 1.083000e+02 4.500000e+00
      vertex   -4.704798e+00 1.083258e+02 0.000000e+00
      vertex   -5.000000e+00 1.083000e+02 0.000000e+00
    endloop
  endfacet
  facet normal 8.715574e-02 9.961947e-01 0.000000e+00
    outer loop
      vertex   -5.000000e+00 1.083000e+02 4.500000e+00
      vertex   -5.000000e+00 1.083000e+02 0.000000e+00
      vertex   -5.295202e+00 1.083258e+02 4.500000e+00
    endloop
  endfacet
  facet normal 8.715574e-02 9.961947e-01 0.000000e+00
    outer loop
      vertex   -5.295202e+00 1.083258e+02 4.500000e+00
      vertex   -5.000000e+00 1.083000e+02 0.000000e+00
      vertex   -5.295202e+00 1.083258e+02 0.000000e+00
    endloop
  endfacet
  facet normal 2.588190e-01 9.659258e-01 0.000000e+00
    outer loop
      vertex   -5.295202e+00 1.083258e+02 4.500000e+00
      vertex   -5.295202e+00 1.083258e+02 0.000000e+00
      vertex   -5.581434e+00 1.084025e+02 4.500000e+00
    endloop
  endfacet
  facet normal 2.588190e-01 9.659258e-01 0.000000e+00
    outer loop
      vertex   -5.581434e+00 1.084025e+02 4.500000e+00
      vertex   -5.295202e+00 1.083258e+02 0.000000e+00
      vertex   -5.581434e+00 1.084025e+02 0.000000e+00
    endloop
  endfacet
  facet normal 4.226183e-01 9.063078e-01 0.000000e+00
    outer loop
      vertex   -5.581434e+00 1.084025e+02 4.500000e+00
      vertex   -5.581434e+00 1.084025e+02 0.000000e+00
      vertex   -5.850000e+00 1.085278e+02 4.500000e+00
    endloop
  endfacet
  facet normal 4.226183e-01 9.063078e-01 0.000000e+00
    outer loop
      vertex   -5.850000e+00 1.085278e+02 4.500000e+00
      vertex   -5.581434e+00 1.084025e+02 0.000000e+00
      vertex   -5.850000e+00 1.085278e+02 0.000000e+00
    endloop
  endfacet
  facet normal 5.735764e-01 8.191520e-01 0.000000e+00
    outer loop
      vertex   -5.850000e+00 1.085278e+02 4.500000e+00
      vertex   -5.850000e+00 1.085278e+02 0.000000e+00
      vertex   -6.092739e+00 1.086977e+02 4.500000e+00
    endloop
  endfacet
  facet normal 5.735764e-01 8.191520e-01 0.000000e+00
    outer loop
      vertex   -6.092739e+00 1.086977e+02 4.500000e+00
      vertex   -5.850000e+00 1.085278e+02 0.000000e+00
      vertex   -6.092739e+00 1.086977e+02 0.000000e+00
    endloop
  endfacet
  facet normal 7.071068e-01 7.071068e-01 0.000000e+00
    outer loop
      vertex   -6.092739e+00 1.086977e+02 4.500000e+00
      vertex   -6.092739e+00 1.086977e+02 0.000000e+00
      vertex   -6.302276e+00 1.089073e+02 4.500000e+00
    endloop
  endfacet
  facet normal 7.071068e-01 7.071068e-01 0.000000e+00
    outer loop
      vertex   -6.302276e+00 1.089073e+02 4.500000e+00
      vertex   -6.092739e+00 1.086977e+02 0.000000e+00
      vertex   -6.302276e+00 1.089073e+02 0.000000e+00
    endloop
  endfacet
  facet normal 8.191520e-01 5.735764e-01 0.000000e+00
    outer loop
      vertex   -6.302276e+00 1.089073e+02 4.500000e+00
      vertex   -6.302276e+00 1.089073e+02 0.000000e+00
      vertex   -6.472243e+00 1.091500e+02 4.500000e+00
    endloop
  endfacet
  facet normal 8.191520e-01 5.735764e-01 0.000000e+00
    outer loop
      vertex   -6.472243e+00 1.091500e+02 4.500000e+00
      vertex   -6.302276e+00 1.089073e+02 0.000000e+00
      vertex   -6.472243e+00 1.091500e+02 0.000000e+00
    endloop
  endfacet
  facet normal 9.063078e-01 4.226183e-01 0.000000e+00
    outer loop
      vertex   -6.472243e+00 1.091500e+02 4.500000e+00
      vertex   -6.472243e+00 1.091500e+02 0.000000e+00
      vertex   -6.597477e+00 1.094186e+02 4.500000e+00
    endloop
  endfacet
  facet normal 9.063078e-01 4.226183e-01 0.000000e+00
    outer loop
      vertex   -6.597477e+00 1.094186e+02 4.500000e+00
      vertex   -6.472243e+00 1.091500e+02 0.000000e+00
      vertex   -6.597477e+00 1.094186e+02 0.000000e+00
    endloop
  endfacet
  facet normal 9.659258e-01 2.588190e-01 0.000000e+00
    outer loop
      vertex   -6.597477e+00 1.094186e+02 4.500000e+00
      vertex   -6.597477e+00 1.094186e+02 0.000000e+00
      vertex   -6.674173e+00 1.097048e+02 4.500000e+00
    endloop
  endfacet
  facet normal 9.659258e-01 2.588190e-01 0.000000e+00
    outer loop
      vertex   -6.674173e+00 1.097048e+02 4.500000e+00
      vertex   -6.597477e+00 1.094186e+02 0.000000e+00
      vertex   -6.674173e+00 1.097048e+02 0.000000e+00
    endloop
  endfacet
  facet normal 9.961947e-01 8.715574e-02 0.000000e+00
    outer loop
      vertex   -6.674173e+00 1.257048e+02 4.500000e+00
      vertex   -6.674173e+00 1.257048e+02 0.000000e+00
      vertex   -6.700000e+00 1.260000e+02 4.500000e+00
    endloop
  endfacet
  facet normal 9.961947e-01 8.715574e-02 0.000000e+00
    outer loop
      vertex   -6.700000e+00 1.260000e+02 4.500000e+00
      vertex   -6.674173e+00 1.257048e+02 0.000000e+00
      vertex   -6.700000e+00 1.260000e+02 0.000000e+00
    endloop
  endfacet
  facet normal 9.961947e-01 -8.715574e-02 0.000000e+00
    outer loop
      vertex   -6.700000e+00 1.260000e+02 4.500000e+00
      vertex   -6.700000e+00 1.260000e+02 0.000000e+00
      vertex   -6.674173e+00 1.262952e+02 4.500000e+00
    endloop
  endfacet
  facet normal 9.961947e-01 -8.715574e-02 0.000000e+00
    outer loop
      vertex   -6.674173e+00 1.262952e+02 4.500000e+00
      vertex   -6.700000e+00 1.260000e+02 0.000000e+00
      vertex   -6.674173e+00 1.262952e+02 0.000000e+00
    endloop
  endfacet
  facet normal 9.659258e-01 -2.588190e-01 0.000000e+00
    outer loop
      vertex   -6.674173e+00 1.262952e+02 4.500000e+00
      vertex   -6.674173e+00 1.262952e+02 0.000000e+00
      vertex   -6.597477e+00 1.265814e+02 4.500000e+00
    endloop
  endfacet
  facet normal 9.659258e-01 -2.588190e-01 0.000000e+00
    outer loop
      vertex   -6.597477e+00 1.265814e+02 4.500000e+00
      vertex   -6.674173e+00 1.262952e+02 0.000000e+00
      vertex   -6.597477e+00 1.265814e+02 0.000000e+00
    endloop
  endfacet
  facet normal 9.063078e-01 -4.226183e-01 0.000000e+00
    outer loop
      vertex   -6.597477e+00 1.265814e+02 4.500000e+00
      vertex   -6.597477e+00 1.265814e+02 0.000000e+00
      vertex   -6.472243e+00 1.268500e+02 4.500000e+00
    endloop
  endfacet
  facet normal 9.063078e-01 -4.226183e-01 0.000000e+00
    outer loop
      vertex   -6.472243e+00 1.268500e+02 4.500000e+00
      vertex   -6.597477e+00 1.265814e+02 0.000000e+00
      vertex   -6.472243e+00 1.268500e+02 0.000000e+00
    endloop
  endfacet
  facet normal 8.191520e-01 -5.735764e-01 0.000000e+00
    outer loop
      vertex   -6.472243e+00 1.268500e+02 4.500000e+00
      vertex   -6.472243e+00 1.268500e+02 0.000000e+00
      vertex   -6.302276e+00 1.270927e+02 4.500000e+00
    endloop
  endfacet
  facet normal 8.191520e-01 -5.735764e-01 0.000000e+00
    outer loop
      vertex   -6.302276e+00 1.270927e+02 4.500000e+00
      vertex   -6.472243e+00 1.268500e+02 0.000000e+00
      vertex   -6.302276e+00 1.270927e+02 0.000000e+00
    endloop
  endfacet
  facet normal 7.071068e-01 -7.071068e-01 0.000000e+00
    outer loop
      vertex   -6.302276e+00 1.270927e+02 4.500000e+00
      vertex   -6.302276e+00 1.270927e+02 0.000000e+00
      vertex   -6.092739e+00 1.273023e+02 4.500000e+00
    endloop
  endfacet
  facet normal 7.071068e-01 -7.071068e-01 0.000000e+00
    outer loop
      vertex   -6.092739e+00 1.273023e+02 4.500000e+00
      vertex   -6.302276e+00 1.270927e+02 0.000000e+00
      vertex   -6.092739e+00 1.273023e+02 0.000000e+00
    endloop
  endfacet
  facet normal 5.735764e-01 -8.191520e-01 0.000000e+00
    outer loop
      vertex   -6.092739e+00 1.273023e+02 4.500000e+00
      vertex   -6.092739e+00 1.273023e+02 0.000000e+00
      vertex   -5.850000e+00 1.274722e+02 4.500000e+00
    endloop
  endfacet
  facet normal 5.735764e-01 -8.191520e-01 0.000000e+00
    outer loop
      vertex   -5.850000e+00 1.274722e+02 4.500000e+00
      vertex   -6.092739e+00 1.273023e+02 0.000000e+00
      vertex   -5.850000e+00 1.274722e+02 0.000000e+00
    endloop
  endfacet
  facet normal 4.226183e-01 -9.063078e-01 0.000000e+00
    outer loop
      vertex   -5.850000e+00 1.274722e+02 4.500000e+00
      vertex   -5.850000e+00 1.274722e+02 0.000000e+00
      vertex   -5.581434e+00 1.275975e+02 4.500000e+00
    endloop
  endfacet
  facet normal 4.226183e-01 -9.063078e-01 0.000000e+00
    outer loop
      vertex   -5.581434e+00 1.275975e+02 4.500000e+00
      vertex   -5.850000e+00 1.274722e+02 0.000000e+00
      vertex   -5.581434e+00 1.275975e+02 0.000000e+00
    endloop
  endfacet
  facet normal 2.588190e-01 -9.659258e-01 0.000000e+00
    outer loop
      vertex   -5.581434e+00 1.275975e+02 4.500000e+00
      vertex   -5.581434e+00 1.275975e+02 0.000000e+00
      vertex   -5.295202e+00 1.276742e+02 4.500000e+00
    endloop
  endfacet
  facet normal 2.588190e-01 -9.659258e-01 0.000000e+00
    outer loop
      vertex   -5.295202e+00 1.276742e+02 4.500000e+00
      vertex   -5.581434e+00 1.275975e+02 0.000000e+00
      vertex   -5.295202e+00 1.276742e+02 0.000000e+00
    endloop
  endfacet
  facet normal 8.715574e-02 -9.961947e-01 0.000000e+00
    outer loop
      vertex   -5.295202e+00 1.276742e+02 4.500000e+00
      vertex   -5.295202e+00 1.276742e+02 0.000000e+00
      vertex   -5.000000e+00 1.277000e+02 4.500000e+00
    endloop
  endfacet
  facet normal 8.715574e-02 -9.961947e-01 0.000000e+00
    outer loop
      vertex   -5.000000e+00 1.277000e+02 4.500000e+00
      vertex   -5.295202e+00 1.276742e+02 0.000000e+00
      vertex   -5.000000e+00 1.277000e+02 0.000000e+00
    endloop
  endfacet
  facet normal -8.715574e-02 -9.961947e-01 -0.000000e+00
    outer loop
      vertex   -5.000000e+00 1.277000e+02 4.500000e+00
      vertex   -5.000000e+00 1.277000e+02 0.000000e+00
      vertex   -4.704798e+00 1.276742e+02 4.500000e+00
    endloop
  endfacet
  facet normal -8.715574e-02 -9.961947e-01 -0.000000e+00
    outer loop
      vertex   -4.704798e+00 1.276742e+02 4.500000e+00
      vertex   -5.000000e+00 1.277000e+02 0.000000e+00
      vertex   -4.704798e+00 1.276742e+02 0.000000e+00
    endloop
  endfacet
  facet normal -2.588190e-01 -9.659258e-01 -0.000000e+00
    outer loop
      vertex   -4.704798e+00 1.276742e+02 4.500000e+00
      vertex   -4.704798e+00 1.276742e+02 0.000000e+00
      vertex   -4.418566e+00 1.275975e+02 4.500000e+00
    endloop
  endfacet
  facet normal -2.588190e-01 -9.659258e-01 -0.000000e+00
    outer loop
      vertex   -4.418566e+00 1.275975e+02 4.500000e+00
      vertex   -4.704798e+00 1.276742e+02 0.000000e+00
      vertex   -4.418566e+00 1.275975e+02 0.000000e+00
    endloop
  endfacet
  facet normal -4.226183e-01 -9.063078e-01 -0.000000e+00
    outer loop
      vertex   -4.418566e+00 1.275975e+02 4.500000e+00
      vertex   -4.418566e+00 1.275975e+02 0.000000e+00
      vertex   -4.150000e+00 1.274722e+02 4.500000e+00
    endloop
  endfacet
  facet normal -4.226183e-01 -9.063078e-01 -0.000000e+00
    outer loop
      vertex   -4.150000e+00 1.274722e+02 4.500000e+00
      vertex   -4.418566e+00 1.275975e+02 0.000000e+00
      vertex   -4.150000e+00 1.274722e+02 0.000000e+00
    endloop
  endfacet
  facet normal -5.735764e-01 -8.191520e-01 -0.000000e+00
    outer loop
      vertex   -4.150000e+00 1.274722e+02 4.500000e+00
      vertex   -4.150000e+00 1.274722e+02 0.000000e+00
      vertex   -3.907261e+00 1.273023e+02 4.500000e+00
    endloop
  endfacet
  facet normal -5.735764e-01 -8.191520e-01 -0.000000e+00
    outer loop
      vertex   -3.907261e+00 1.273023e+02 4.500000e+00
      vertex   -4.150000e+00 1.274722e+02 0.000000e+00
      vertex   -3.907261e+00 1.273023e+02 0.000000e+00
    endloop
  endfacet
  facet normal -7.071068e-01 -7.071068e-01 -0.000000e+00
    outer loop
      vertex   -3.907261e+00 1.273023e+02 4.500000e+00
      vertex   -3.907261e+00 1.273023e+02 0.000000e+00
      vertex   -3.697724e+00 1.270927e+02 4.500000e+00
    endloop
  endfacet
  facet normal -7.071068e-01 -7.071068e-01 -0.000000e+00
    outer loop
      vertex   -3.697724e+00 1.270927e+02 4.500000e+00
      vertex   -3.907261e+00 1.273023e+02 0.000000e+00
      vertex   -3.697724e+00 1.270927e+02 0.000000e+00
    endloop
  endfacet
  facet normal -8.191520e-01 -5.735764e-01 -0.000000e+00
    outer loop
      vertex   -3.697724e+00 1.270927e+02 4.500000e+00
      vertex   -3.697724e+00 1.270927e+02 0.000000e+00
      vertex   -3.527757e+00 1.268500e+02 4.500000e+00
    endloop
  endfacet
  facet normal -8.191520e-01 -5.735764e-01 -0.000000e+00
    outer loop
      vertex   -3.527757e+00 1.268500e+02 4.500000e+00
      vertex   -3.697724e+00 1.270927e+02 0.000000e+00
      vertex   -3.527757e+00 1.268500e+02 0.000000e+00
    endloop
  endfacet
  facet normal -9.063078e-01 -4.226183e-01 -0.000000e+00
    outer loop
      vertex   -3.527757e+00 1.268500e+02 4.500000e+00
      vertex   -3.527757e+00 1.268500e+02 0.000000e+00
      vertex   -3.402523e+00 1.265814e+02 4.500000e+00
    endloop
  endfacet
  facet normal -9.063078e-01 -4.226183e-01 -0.000000e+00
    outer loop
      vertex   -3.402523e+00 1.265814e+02 4.500000e+00
      vertex   -3.527757e+00 1.268500e+02 0.000000e+00
      vertex   -3.402523e+00 1.265814e+02 0.000000e+00
    endloop
  endfacet
  facet normal -9.659258e-01 -2.588190e-01 -0.000000e+00
    outer loop
      vertex   -3.402523e+00 1.265814e+02 4.500000e+00
      vertex   -3.402523e+00 1.265814e+02 0.000000e+00
      vertex   -3.325827e+00 1.262952e+02 4.500000e+00
    endloop
  endfacet
  facet normal -9.659258e-01 -2.588190e-01 -0.000000e+00
    outer loop
      vertex   -3.325827e+00 1.262952e+02 4.500000e+00
      vertex   -3.402523e+00 1.265814e+02 0.000000e+00
      vertex   -3.325827e+00 1.262952e+02 0.000000e+00
    endloop
  endfacet
  facet normal -9.961947e-01 -8.715574e-02 -0.000000e+00
    outer loop
      vertex   -3.325827e+00 1.262952e+02 4.500000e+00
      vertex   -3.325827e+00 1.262952e+02 0.000000e+00
      vertex   -3.300000e+00 1.260000e+02 4.500000e+00
    endloop
  endfacet
  facet normal -9.961947e-01 -8.715574e-02 -0.000000e+00
    outer loop
      vertex   -3.300000e+00 1.260000e+02 4.500000e+00
      vertex   -3.325827e+00 1.262952e+02 0.000000e+00
      vertex   -3.300000e+00 1.260000e+02 0.000000e+00
    endloop
  endfacet
  facet normal -9.961947e-01 8.715574e-02 0.000000e+00
    outer loop
      vertex   -3.300000e+00 1.260000e+02 4.500000e+00
      vertex   -3.300000e+00 1.260000e+02 0.000000e+00
      vertex   -3.325827e+00 1.257048e+02 4.500000e+00
    endloop
  endfacet
  facet normal -9.961947e-01 8.715574e-02 0.000000e+00
    outer loop
      vertex   -3.325827e+00 1.257048e+02 4.500000e+00
      vertex   -3.300000e+00 1.260000e+02 0.000000e+00
      vertex   -3.325827e+00 1.257048e+02 0.000000e+00
    endloop
  endfacet
  facet normal -9.659258e-01 2.588190e-01 0.000000e+00
    outer loop
      vertex   -3.325827e+00 1.257048e+02 4.500000e+00
      vertex   -3.325827e+00 1.257048e+02 0.000000e+00
      vertex   -3.402523e+00 1.254186e+02 4.500000e+00
    endloop
  endfacet
  facet normal -9.659258e-01 2.588190e-01 0.000000e+00
    outer loop
      vertex   -3.402523e+00 1.254186e+02 4.500000e+00
      vertex   -3.325827e+00 1.257048e+02 0.000000e+00
      vertex   -3.402523e+00 1.254186e+02 0.000000e+00
    endloop
  endfacet
  facet normal -9.063078e-01 4.226183e-01 0.000000e+00
    outer loop
      vertex   -3.402523e+00 1.254186e+02 4.500000e+00
      vertex   -3.402523e+00 1.254186e+02 0.000000e+00
      vertex   -3.527757e+00 1.251500e+02 4.500000e+00
    endloop
  endfacet
  facet normal -9.063078e-01 4.226183e-01 0.000000e+00
    outer loop
      vertex   -3.527757e+00 1.251500e+02 4.500000e+00
      vertex   -3.402523e+00 1.254186e+02 0.000000e+00
      vertex   -3.527757e+00 1.251500e+02 0.000000e+00
    endloop
  endfacet
  facet normal -8.191520e-01 5.735764e-01 0.000000e+00
    outer loop
      vertex   -3.527757e+00 1.251500e+02 4.500000e+00
      vertex   -3.527757e+00 1.251500e+02 0.000000e+00
      vertex   -3.697724e+00 1.249073e+02 4.500000e+00
    endloop
  endfacet
  facet normal -8.191520e-01 5.735764e-01 0.000000e+00
    outer loop
      vertex   -3.697724e+00 1.249073e+02 4.500000e+00
      vertex   -3.527757e+00 1.251500e+02 0.000000e+00
      vertex   -3.697724e+00 1.249073e+02 0.000000e+00
    endloop
  endfacet
  facet normal -7.071068e-01 7.071068e-01 0.000000e+00
    outer loop
      vertex   -3.697724e+00 1.249073e+02 4.500000e+00
      vertex   -3.697724e+00 1.249073e+02 0.000000e+00
      vertex   -3.907261e+00 1.246977e+02 4.500000e+00
    endloop
  endfacet
  facet normal -7.071068e-01 7.071068e-01 0.000000e+00
    outer loop
      vertex   -3.907261e+00 1.246977e+02 4.500000e+00
      vertex   -3.697724e+00 1.249073e+02 0.000000e+00
      vertex   -3.907261e+00 1.246977e+02 0.000000e+00
    endloop
  endfacet
  facet normal -5.735764e-01 8.191520e-01 0.000000e+00
    outer loop
      vertex   -3.907261e+00 1.246977e+02 4.500000e+00
      vertex   -3.907261e+00 1.246977e+02 0.000000e+00
      vertex   -4.150000e+00 1.245278e+02 4.500000e+00
    endloop
  endfacet
  facet normal -5.735764e-01 8.191520e-01 0.000000e+00
    outer loop
      vertex   -4.150000e+00 1.245278e+02 4.500000e+00
      vertex   -3.907261e+00 1.246977e+02 0.000000e+00
      vertex   -4.150000e+00 1.245278e+02 0.000000e+00
    endloop
  endfacet
  facet normal -4.226183e-01 9.063078e-01 0.000000e+00
    outer loop
      vertex   -4.150000e+00 1.245278e+02 4.500000e+00
      vertex   -4.150000e+00 1.245278e+02 0.000000e+00
      vertex   -4.418566e+00 1.244025e+02 4.500000e+00
    endloop
  endfacet
  facet normal -4.226183e-01 9.063078e-01 0.000000e+00
    outer loop
      vertex   -4.418566e+00 1.244025e+02 4.500000e+00
      vertex   -4.150000e+00 1.245278e+02 0.000000e+00
      vertex   -4.418566e+00 1.244025e+02 0.000000e+00
    endloop
  endfacet
  facet normal -2.588190e-01 9.659258e-01 0.000000e+00
    outer loop
      vertex   -4.418566e+00 1.244025e+02 4.500000e+00
      vertex   -4.418566e+00 1.244025e+02 0.000000e+00
      vertex   -4.704798e+00 1.243258e+02 4.500000e+00
    endloop
  endfacet
  facet normal -2.588190e-01 9.659258e-01 0.000000e+00
    outer loop
      vertex   -4.704798e+00 1.243258e+02 4.500000e+00
      vertex   -4.418566e+00 1.244025e+02 0.000000e+00
      vertex   -4.704798e+00 1.243258e+02 0.000000e+00
    endloop
  endfacet
  facet normal -8.715574e-02 9.961947e-01 0.000000e+00
    outer loop
      vertex   -4.704798e+00 1.243258e+02 4.500000e+00
      vertex   -4.704798e+00 1.243258e+02 0.000000e+00
      vertex   -5.000000e+00 1.243000e+02 4.500000e+00
    endloop
  endfacet
  facet normal -8.715574e-02 9.961947e-01 0.000000e+00
    outer loop
      vertex   -5.000000e+00 1.243000e+02 4.500000e+00
      vertex   -4.704798e+00 1.243258e+02 0.000000e+00
      vertex   -5.000000e+00 1.243000e+02 0.000000e+00
    endloop
  endfacet
  facet normal 8.715574e-02 9.961947e-01 0.000000e+00
    outer loop
      vertex   -5.000000e+00 1.243000e+02 4.500000e+00
      vertex   -5.000000e+00 1.243000e+02 0.000000e+00
      vertex   -5.295202e+00 1.243258e+02 4.500000e+00
    endloop
  endfacet
  facet normal 8.715574e-02 9.961947e-01 0.000000e+00
    outer loop
      vertex   -5.295202e+00 1.243258e+02 4.500000e+00
      vertex   -5.000000e+00 1.243000e+02 0.000000e+00
      vertex   -5.295202e+00 1.243258e+02 0.000000e+00
    endloop
  endfacet
  facet normal 2.588190e-01 9.659258e-01 0.000000e+00
    outer loop
      vertex   -5.295202e+00 1.243258e+02 4.500000e+00
      vertex   -5.295202e+00 1.243258e+02 0.000000e+00
      vertex   -5.581434e+00 1.244025e+02 4.500000e+00
    endloop
  endfacet
  facet normal 2.588190e-01 9.659258e-01 0.000000e+00
    outer loop
      vertex   -5.581434e+00 1.244025e+02 4.500000e+00
      vertex   -5.295202e+00 1.243258e+02 0.000000e+00
      vertex   -5.581434e+00 1.244025e+02 0.000000e+00
    endloop
  endfacet
  facet normal 4.226183e-01 9.063078e-01 0.000000e+00
    outer loop
      vertex   -5.581434e+00 1.244025e+02 4.500000e+00
      vertex   -5.581434e+00 1.244025e+02 0.000000e+00
      vertex   -5.850000e+00 1.245278e+02 4.500000e+00
    endloop
  endfacet
  facet normal 4.226183e-01 9.063078e-01 0.000000e+00
    outer loop
      vertex   -5.850000e+00 1.245278e+02 4.500000e+00
      vertex   -5.581434e+00 1.244025e+02 0.000000e+00
      vertex   -5.850000e+00 1.245278e+02 0.000000e+00
    endloop
  endfacet
  facet normal 5.735764e-01 8.191520e-01 0.000000e+00
    outer loop
      vertex   -5.850000e+00 1.245278e+02 4.500000e+00
      vertex   -5.850000e+00 1.245278e+02 0.000000e+00
      vertex   -6.092739e+00 1.246977e+02 4.500000e+00
    endloop
  endfacet
  facet normal 5.735764e-01 8.191520e-01 0.000000e+00
    outer loop
      vertex   -6.092739e+00 1.246977e+02 4.500000e+00
      vertex   -5.850000e+00 1.245278e+02 0.000000e+00
      vertex   -6.092739e+00 1.246977e+02 0.000000e+00
    endloop
  endfacet
  facet normal 7.071068e-01 7.071068e-01 0.000000e+00
    outer loop
      vertex   -6.092739e+00 1.246977e+02 4.500000e+00
      vertex   -6.092739e+00 1.246977e+02 0.000000e+00
      vertex   -6.302276e+00 1.249073e+02 4.500000e+00
    endloop
  endfacet
  facet normal 7.071068e-01 7.071068e-01 0.000000e+00
    outer loop
      vertex   -6.302276e+00 1.249073e+02 4.500000e+00
      vertex   -6.092739e+00 1.246977e+02 0.000000e+00
      vertex   -6.302276e+00 1.249073e+02 0.000000e+00
    endloop
  endfacet
  facet normal 8.191520e-01 5.735764e-01 0.000000e+00
    outer loop
      vertex   -6.302276e+00 1.249073e+02 4.500000e+00
      vertex   -6.302276e+00 1.249073e+02 0.000000e+00
      vertex   -6.472243e+00 1.251500e+02 4.500000e+00
    endloop
  endfacet
  facet normal 8.191520e-01 5.735764e-01 0.000000e+00
    outer loop
      vertex   -6.472243e+00 1.251500e+02 4.500000e+00
      vertex   -6.302276e+00 1.249073e+02 0.000000e+00
      vertex   -6.472243e+00 1.251500e+02 0.000000e+00
    endloop
  endfacet
  facet normal 9.063078e-01 4.226183e-01 0.000000e+00
    outer loop
      vertex   -6.472243e+00 1.251500e+02 4.500000e+00
      vertex   -6.472243e+00 1.251500e+02 0.000000e+00
      vertex   -6.597477e+00 1.254186e+02 4.500000e+00
    endloop
  endfacet
  facet normal 9.063078e-01 4.226183e-01 0.000000e+00
    outer loop
      vertex   -6.597477e+00 1.254186e+02 4.500000e+00
      vertex   -6.472243e+00 1.251500e+02 0.000000e+00
      vertex   -6.597477e+00 1.254186e+02 0.000000e+00
    endloop
  endfacet
  facet normal 9.659258e-01 2.588190e-01 0.000000e+00
    outer loop
      vertex   -6.597477e+00 1.254186e+02 4.500000e+00
      vertex   -6.597477e+00 1.254186e+02 0.000000e+00
      vertex   -6.674173e+00 1.257048e+02 4.500000e+00
    endloop
  endfacet
  facet normal 9.659258e-01 2.588190e-01 0.000000e+00
    outer loop
      vertex   -6.674173e+00 1.257048e+02 4.500000e+00
      vertex   -6.597477e+00 1.254186e+02 0.000000e+00
      vertex   -6.674173e+00 1.257048e+02 0.000000e+00
    endloop
  endfacet
  facet normal 9.961947e-01 8.715574e-02 0.000000e+00
    outer loop
      vertex   -6.674173e+00 5.970480e+01 4.500000e+00
      vertex   -6.674173e+00 5.970480e+01 0.000000e+00
      vertex   -6.700000e+00 6.000000e+01 4.500000e+00
    endloop
  endfacet
  facet normal 9.961947e-01 8.715574e-02 0.000000e+00
    outer loop
      vertex   -6.700000e+00 6.000000e+01 4.500000e+00
      vertex   -6.674173e+00 5.970480e+01 0.000000e+00
      vertex   -6.700000e+00 6.000000e+01 0.000000e+00
    endloop
  endfacet
  facet normal 9.961947e-01 -8.715574e-02 0.000000e+00
    outer loop
      vertex   -6.700000e+00 6.000000e+01 4.500000e+00
      vertex   -6.700000e+00 6.000000e+01 0.000000e+00
      vertex   -6.674173e+00 6.029520e+01 4.500000e+00
    endloop
  endfacet
  facet normal 9.961947e-01 -8.715574e-02 0.000000e+00
    outer loop
      vertex   -6.674173e+00 6.029520e+01 4.500000e+00
      vertex   -6.700000e+00 6.000000e+01 0.000000e+00
      vertex   -6.674173e+00 6.029520e+01 0.000000e+00
    endloop
  endfacet
  facet normal 9.659258e-01 -2.588190e-01 0.000000e+00
    outer loop
      vertex   -6.674173e+00 6.029520e+01 4.500000e+00
      vertex   -6.674173e+00 6.029520e+01 0.000000e+00
      vertex   -6.597477e+00 6.058143e+01 4.500000e+00
    endloop
  endfacet
  facet normal 9.659258e-01 -2.588190e-01 0.000000e+00
    outer loop
      vertex   -6.597477e+00 6.058143e+01 4.500000e+00
      vertex   -6.674173e+00 6.029520e+01 0.000000e+00
      vertex   -6.597477e+00 6.058143e+01 0.000000e+00
    endloop
  endfacet
  facet normal 9.063078e-01 -4.226183e-01 0.000000e+00
    outer loop
      vertex   -6.597477e+00 6.058143e+01 4.500000e+00
      vertex   -6.597477e+00 6.058143e+01 0.000000e+00
      vertex   -6.472243e+00 6.085000e+01 4.500000e+00
    endloop
  endfacet
  facet normal 9.063078e-01 -4.226183e-01 0.000000e+00
    outer loop
      vertex   -6.472243e+00 6.085000e+01 4.500000e+00
      vertex   -6.597477e+00 6.058143e+01 0.000000e+00
      vertex   -6.472243e+00 6.085000e+01 0.000000e+00
    endloop
  endfacet
  facet normal 8.191520e-01 -5.735764e-01 0.000000e+00
    outer loop
      vertex   -6.472243e+00 6.085000e+01 4.500000e+00
      vertex   -6.472243e+00 6.085000e+01 0.000000e+00
      vertex   -6.302276e+00 6.109274e+01 4.500000e+00
    endloop
  endfacet
  facet normal 8.191520e-01 -5.735764e-01 0.000000e+00
    outer loop
      vertex   -6.302276e+00 6.109274e+01 4.500000e+00
      vertex   -6.472243e+00 6.085000e+01 0.000000e+00
      vertex   -6.302276e+00 6.109274e+01 0.000000e+00
    endloop
  endfacet
  facet normal 7.071068e-01 -7.071068e-01 0.000000e+00
    outer loop
      vertex   -6.302276e+00 6.109274e+01 4.500000e+00
      vertex   -6.302276e+00 6.109274e+01 0.000000e+00
      vertex   -6.092739e+00 6.130228e+01 4.500000e+00
    endloop
  endfacet
  facet normal 7.071068e-01 -7.071068e-01 0.000000e+00
    outer loop
      vertex   -6.092739e+00 6.130228e+01 4.500000e+00
      vertex   -6.302276e+00 6.109274e+01 0.000000e+00
      vertex   -6.092739e+00 6.130228e+01 0.000000e+00
    endloop
  endfacet
  facet normal 5.735764e-01 -8.191520e-01 0.000000e+00
    outer loop
      vertex   -6.092739e+00 6.130228e+01 4.500000e+00
      vertex   -6.092739e+00 6.130228e+01 0.000000e+00
      vertex   -5.850000e+00 6.147224e+01 4.500000e+00
    endloop
  endfacet
  facet normal 5.735764e-01 -8.191520e-01 0.000000e+00
    outer loop
      vertex   -5.850000e+00 6.147224e+01 4.500000e+00
      vertex   -6.092739e+00 6.130228e+01 0.000000e+00
      vertex   -5.850000e+00 6.147224e+01 0.000000e+00
    endloop
  endfacet
  facet normal 4.226183e-01 -9.063078e-01 0.000000e+00
    outer loop
      vertex   -5.850000e+00 6.147224e+01 4.500000e+00
      vertex   -5.850000e+00 6.147224e+01 0.000000e+00
      vertex   -5.581434e+00 6.159748e+01 4.500000e+00
    endloop
  endfacet
  facet normal 4.226183e-01 -9.063078e-01 0.000000e+00
    outer loop
      vertex   -5.581434e+00 6.159748e+01 4.500000e+00
      vertex   -5.850000e+00 6.147224e+01 0.000000e+00
      vertex   -5.581434e+00 6.159748e+01 0.000000e+00
    endloop
  endfacet
  facet normal 2.588190e-01 -9.659258e-01 0.000000e+00
    outer loop
      vertex   -5.581434e+00 6.159748e+01 4.500000e+00
      vertex   -5.581434e+00 6.159748e+01 0.000000e+00
      vertex   -5.295202e+00 6.167417e+01 4.500000e+00
    endloop
  endfacet
  facet normal 2.588190e-01 -9.659258e-01 0.000000e+00
    outer loop
      vertex   -5.295202e+00 6.167417e+01 4.500000e+00
      vertex   -5.581434e+00 6.159748e+01 0.000000e+00
      vertex   -5.295202e+00 6.167417e+01 0.000000e+00
    endloop
  endfacet
  facet normal 8.715574e-02 -9.961947e-01 0.000000e+00
    outer loop
      vertex   -5.295202e+00 6.167417e+01 4.500000e+00
      vertex   -5.295202e+00 6.167417e+01 0.000000e+00
      vertex   -5.000000e+00 6.170000e+01 4.500000e+00
    endloop
  endfacet
  facet normal 8.715574e-02 -9.961947e-01 0.000000e+00
    outer loop
      vertex   -5.000000e+00 6.170000e+01 4.500000e+00
      vertex   -5.295202e+00 6.167417e+01 0.000000e+00
      vertex   -5.000000e+00 6.170000e+01 0.000000e+00
    endloop
  endfacet
  facet normal -8.715574e-02 -9.961947e-01 -0.000000e+00
    outer loop
      vertex   -5.000000e+00 6.170000e+01 4.500000e+00
      vertex   -5.000000e+00 6.170000e+01 0.000000e+00
      vertex   -4.704798e+00 6.167417e+01 4.500000e+00
    endloop
  endfacet
  facet normal -8.715574e-02 -9.961947e-01 -0.000000e+00
    outer loop
      vertex   -4.704798e+00 6.167417e+01 4.500000e+00
      vertex   -5.000000e+00 6.170000e+01 0.000000e+00
      vertex   -4.704798e+00 6.167417e+01 0.000000e+00
    endloop
  endfacet
  facet normal -2.588190e-01 -9.659258e-01 -0.000000e+00
    outer loop
      vertex   -4.704798e+00 6.167417e+01 4.500000e+00
      vertex   -4.704798e+00 6.167417e+01 0.000000e+00
      vertex   -4.418566e+00 6.159748e+01 4.500000e+00
    endloop
  endfacet
  facet normal -2.588190e-01 -9.659258e-01 -0.000000e+00
    outer loop
      vertex   -4.418566e+00 6.159748e+01 4.500000e+00
      vertex   -4.704798e+00 6.167417e+01 0.000000e+00
      vertex   -4.418566e+00 6.159748e+01 0.000000e+00
    endloop
  endfacet
  facet normal -4.226183e-01 -9.063078e-01 -0.000000e+00
    outer loop
      vertex   -4.418566e+00 6.159748e+01 4.500000e+00
      vertex   -4.418566e+00 6.159748e+01 0.000000e+00
      vertex   -4.150000e+00 6.147224e+01 4.500000e+00
    endloop
  endfacet
  facet normal -4.226183e-01 -9.063078e-01 -0.000000e+00
    outer loop
      vertex   -4.150000e+00 6.147224e+01 4.500000e+00
      vertex   -4.418566e+00 6.159748e+01 0.000000e+00
      vertex   -4.150000e+00 6.147224e+01 0.000000e+00
    endloop
  endfacet
  facet normal -5.735764e-01 -8.191520e-01 -0.000000e+00
    outer loop
      vertex   -4.150000e+00 6.147224e+01 4.500000e+00
      vertex   -4.150000e+00 6.147224e+01 0.000000e+00
      vertex   -3.907261e+00 6.130228e+01 4.500000e+00
    endloop
  endfacet
  facet normal -5.735764e-01 -8.191520e-01 -0.000000e+00
    outer loop
      vertex   -3.907261e+00 6.130228e+01 4.500000e+00
      vertex   -4.150000e+00 6.147224e+01 0.000000e+00
      vertex   -3.907261e+00 6.130228e+01 0.000000e+00
    endloop
  endfacet
  facet normal -7.071068e-01 -7.071068e-01 -0.000000e+00
    outer loop
      vertex   -3.907261e+00 6.130228e+01 4.500000e+00
      vertex   -3.907261e+00 6.130228e+01 0.000000e+00
      vertex   -3.697724e+00 6.109274e+01 4.500000e+00
    endloop
  endfacet
  facet normal -7.071068e-01 -7.071068e-01 -0.000000e+00
    outer loop
      vertex   -3.697724e+00 6.109274e+01 4.500000e+00
      vertex   -3.907261e+00 6.130228e+01 0.000000e+00
      vertex   -3.697724e+00 6.109274e+01 0.000000e+00
    endloop
  endfacet
  facet normal -8.191520e-01 -5.735764e-01 -0.000000e+00
    outer loop
      vertex   -3.697724e+00 6.109274e+01 4.500000e+00
      vertex   -3.697724e+00 6.109274e+01 0.000000e+00
      vertex   -3.527757e+00 6.085000e+01 4.500000e+00
    endloop
  endfacet
  facet normal -8.191520e-01 -5.735764e-01 -0.000000e+00
    outer loop
      vertex   -3.527757e+00 6.085000e+01 4.500000e+00
      vertex   -3.697724e+00 6.109274e+01 0.000000e+00
      vertex   -3.527757e+00 6.085000e+01 0.000000e+00
    endloop
  endfacet
  facet normal -9.063078e-01 -4.226183e-01 -0.000000e+00
    outer loop
      vertex   -3.527757e+00 6.085000e+01 4.500000e+00
      vertex   -3.527757e+00 6.085000e+01 0.000000e+00
      vertex   -3.402523e+00 6.058143e+01 4.500000e+00
    endloop
  endfacet
  facet normal -9.063078e-01 -4.226183e-01 -0.000000e+00
    outer loop
      vertex   -3.402523e+00 6.058143e+01 4.500000e+00
      vertex   -3.527757e+00 6.085000e+01 0.000000e+00
      vertex   -3.402523e+00 6.058143e+01 0.000000e+00
    endloop
  endfacet
  facet normal -9.659258e-01 -2.588190e-01 -0.000000e+00
    outer loop
      vertex   -3.402523e+00 6.058143e+01 4.500000e+00
      vertex   -3.402523e+00 6.058143e+01 0.000000e+00
      vertex   -3.325827e+00 6.029520e+01 4.500000e+00
    endloop
  endfacet
  facet normal -9.659258e-01 -2.588190e-01 -0.000000e+00
    outer loop
      vertex   -3.325827e+00 6.029520e+01 4.500000e+00
      vertex   -3.402523e+00 6.058143e+01 0.000000e+00
      vertex   -3.325827e+00 6.029520e+01 0.000000e+00
    endloop
  endfacet
  facet normal -9.961947e-01 -8.715574e-02 -0.000000e+00
    outer loop
      vertex   -3.325827e+00 6.029520e+01 4.500000e+00
      vertex   -3.325827e+00 6.029520e+01 0.000000e+00
      vertex   -3.300000e+00 6.000000e+01 4.500000e+00
    endloop
  endfacet
  facet normal -9.961947e-01 -8.715574e-02 -0.000000e+00
    outer loop
      vertex   -3.300000e+00 6.000000e+01 4.500000e+00
      vertex   -3.325827e+00 6.029520e+01 0.000000e+00
      vertex   -3.300000e+00 6.000000e+01 0.000000e+00
    endloop
  endfacet
  facet normal -9.961947e-01 8.715574e-02 0.000000e+00
    outer loop
      vertex   -3.300000e+00 6.000000e+01 4.500000e+00
      vertex   -3.300000e+00 6.000000e+01 0.000000e+00
      vertex   -3.325827e+00 5.970480e+01 4.500000e+00
    endloop
  endfacet
  facet normal -9.961947e-01 8.715574e-02 0.000000e+00
    outer loop
      vertex   -3.325827e+00 5.970480e+01 4.500000e+00
      vertex   -3.300000e+00 6.000000e+01 0.000000e+00
      vertex   -3.325827e+00 5.970480e+01 0.000000e+00
    endloop
  endfacet
  facet normal -9.659258e-01 2.588190e-01 0.000000e+00
    outer loop
      vertex   -3.325827e+00 5.970480e+01 4.500000e+00
      vertex   -3.325827e+00 5.970480e+01 0.000000e+00
      vertex   -3.402523e+00 5.941857e+01 4.500000e+00
    endloop
  endfacet
  facet normal -9.659258e-01 2.588190e-01 0.000000e+00
    outer loop
      vertex   -3.402523e+00 5.941857e+01 4.500000e+00
      vertex   -3.325827e+00 5.970480e+01 0.000000e+00
      vertex   -3.402523e+00 5.941857e+01 0.000000e+00
    endloop
  endfacet
  facet normal -9.063078e-01 4.226183e-01 0.000000e+00
    outer loop
      vertex   -3.402523e+00 5.941857e+01 4.500000e+00
      vertex   -3.402523e+00 5.941857e+01 0.000000e+00
      vertex   -3.527757e+00 5.915000e+01 4.500000e+00
    endloop
  endfacet
  facet normal -9.063078e-01 4.226183e-01 0.000000e+00
    outer loop
      vertex   -3.527757e+00 5.915000e+01 4.500000e+00
      vertex   -3.402523e+00 5.941857e+01 0.000000e+00
      vertex   -3.527757e+00 5.915000e+01 0.000000e+00
    endloop
  endfacet
  facet normal -8.191520e-01 5.735764e-01 0.000000e+00
    outer loop
      vertex   -3.527757e+00 5.915000e+01 4.500000e+00
      vertex   -3.527757e+00 5.915000e+01 0.000000e+00
      vertex   -3.697724e+00 5.890726e+01 4.500000e+00
    endloop
  endfacet
  facet normal -8.191520e-01 5.735764e-01 0.000000e+00
    outer loop
      vertex   -3.697724e+00 5.890726e+01 4.500000e+00
      vertex   -3.527757e+00 5.915000e+01 0.000000e+00
      vertex   -3.697724e+00 5.890726e+01 0.000000e+00
    endloop
  endfacet
  facet normal -7.071068e-01 7.071068e-01 0.000000e+00
    outer loop
      vertex   -3.697724e+00 5.890726e+01 4.500000e+00
      vertex   -3.697724e+00 5.890726e+01 0.000000e+00
      vertex   -3.907261e+00 5.869772e+01 4.500000e+00
    endloop
  endfacet
  facet normal -7.071068e-01 7.071068e-01 0.000000e+00
    outer loop
      vertex   -3.907261e+00 5.869772e+01 4.500000e+00
      vertex   -3.697724e+00 5.890726e+01 0.000000e+00
      vertex   -3.907261e+00 5.869772e+01 0.000000e+00
    endloop
  endfacet
  facet normal -5.735764e-01 8.191520e-01 0.000000e+00
    outer loop
      vertex   -3.907261e+00 5.869772e+01 4.500000e+00
      vertex   -3.907261e+00 5.869772e+01 0.000000e+00
      vertex   -4.150000e+00 5.852776e+01 4.500000e+00
    endloop
  endfacet
  facet normal -5.735764e-01 8.191520e-01 0.000000e+00
    outer loop
      vertex   -4.150000e+00 5.852776e+01 4.500000e+00
      vertex   -3.907261e+00 5.869772e+01 0.000000e+00
      vertex   -4.150000e+00 5.852776e+01 0.000000e+00
    endloop
  endfacet
  facet normal -4.226183e-01 9.063078e-01 0.000000e+00
    outer loop
      vertex   -4.150000e+00 5.852776e+01 4.500000e+00
      vertex   -4.150000e+00 5.852776e+01 0.000000e+00
      vertex   -4.418566e+00 5.840252e+01 4.500000e+00
    endloop
  endfacet
  facet normal -4.226183e-01 9.063078e-01 0.000000e+00
    outer loop
      vertex   -4.418566e+00 5.840252e+01 4.500000e+00
      vertex   -4.150000e+00 5.852776e+01 0.000000e+00
      vertex   -4.418566e+00 5.840252e+01 0.000000e+00
    endloop
  endfacet
  facet normal -2.588190e-01 9.659258e-01 0.000000e+00
    outer loop
      vertex   -4.418566e+00 5.840252e+01 4.500000e+00
      vertex   -4.418566e+00 5.840252e+01 0.000000e+00
      vertex   -4.704798e+00 5.832583e+01 4.500000e+00
    endloop
  endfacet
  facet normal -2.588190e-01 9.659258e-01 0.000000e+00
    outer loop
      vertex   -4.704798e+00 5.832583e+01 4.500000e+00
      vertex   -4.418566e+00 5.840252e+01 0.000000e+00
      vertex   -4.704798e+00 5.832583e+01 0.000000e+00
    endloop
  endfacet
  facet normal -8.715574e-02 9.961947e-01 0.000000e+00
    outer loop
      vertex   -4.704798e+00 5.832583e+01 4.500000e+00
      vertex   -4.704798e+00 5.832583e+01 0.000000e+00
      vertex   -5.000000e+00 5.830000e+01 4.500000e+00
    endloop
  endfacet
  facet normal -8.715574e-02 9.961947e-01 0.000000e+00
    outer loop
      vertex   -5.000000e+00 5.830000e+01 4.500000e+00
      vertex   -4.704798e+00 5.832583e+01 0.000000e+00
      vertex   -5.000000e+00 5.830000e+01 0.000000e+00
    endloop
  endfacet
  facet normal 8.715574e-02 9.961947e-01 0.000000e+00
    outer loop
      vertex   -5.000000e+00 5.830000e+01 4.500000e+00
      vertex   -5.000000e+00 5.830000e+01 0.000000e+00
      vertex   -5.295202e+00 5.832583e+01 4.500000e+00
    endloop
  endfacet
  facet normal 8.715574e-02 9.961947e-01 0.000000e+00
    outer loop
      vertex   -5.295202e+00 5.832583e+01 4.500000e+00
      vertex   -5.000000e+00 5.830000e+01 0.000000e+00
      vertex   -5.295202e+00 5.832583e+01 0.000000e+00
    endloop
  endfacet
  facet normal 2.588190e-01 9.659258e-01 0.000000e+00
    outer loop
      vertex   -5.295202e+00 5.832583e+01 4.500000e+00
      vertex   -5.295202e+00 5.832583e+01 0.000000e+00
      vertex   -5.581434e+00 5.840252e+01 4.500000e+00
    endloop
  endfacet
  facet normal 2.588190e-01 9.659258e-01 0.000000e+00
    outer loop
      vertex   -5.581434e+00 5.840252e+01 4.500000e+00
      vertex   -5.295202e+00 5.832583e+01 0.000000e+00
      vertex   -5.581434e+00 5.840252e+01 0.000000e+00
    endloop
  endfacet
  facet normal 4.226183e-01 9.063078e-01 0.000000e+00
    outer loop
      vertex   -5.581434e+00 5.840252e+01 4.500000e+00
      vertex   -5.581434e+00 5.840252e+01 0.000000e+00
      vertex   -5.850000e+00 5.852776e+01 4.500000e+00
    endloop
  endfacet
  facet normal 4.226183e-01 9.063078e-01 0.000000e+00
    outer loop
      vertex   -5.850000e+00 5.852776e+01 4.500000e+00
      vertex   -5.581434e+00 5.840252e+01 0.000000e+00
      vertex   -5.850000e+00 5.852776e+01 0.000000e+00
    endloop
  endfacet
  facet normal 5.735764e-01 8.191520e-01 0.000000e+00
    outer loop
      vertex   -5.850000e+00 5.852776e+01 4.500000e+00
      vertex   -5.850000e+00 5.852776e+01 0.000000e+00
      vertex   -6.092739e+00 5.869772e+01 4.500000e+00
    endloop
  endfacet
  facet normal 5.735764e-01 8.191520e-01 0.000000e+00
    outer loop
      vertex   -6.092739e+00 5.869772e+01 4.500000e+00
      vertex   -5.850000e+00 5.852776e+01 0.000000e+00
      vertex   -6.092739e+00 5.869772e+01 0.000000e+00
    endloop
  endfacet
  facet normal 7.071068e-01 7.071068e-01 0.000000e+00
    outer loop
      vertex   -6.092739e+00 5.869772e+01 4.500000e+00
      vertex   -6.092739e+00 5.869772e+01 0.000000e+00
      vertex   -6.302276e+00 5.890726e+01 4.500000e+00
    endloop
  endfacet
  facet normal 7.071068e-01 7.071068e-01 0.000000e+00
    outer loop
      vertex   -6.302276e+00 5.890726e+01 4.500000e+00
      vertex   -6.092739e+00 5.869772e+01 0.000000e+00
      vertex   -6.302276e+00 5.890726e+01 0.000000e+00
    endloop
  endfacet
  facet normal 8.191520e-01 5.735764e-01 0.000000e+00
    outer loop
      vertex   -6.302276e+00 5.890726e+01 4.500000e+00
      vertex   -6.302276e+00 5.890726e+01 0.000000e+00
      vertex   -6.472243e+00 5.915000e+01 4.500000e+00
    endloop
  endfacet
  facet normal 8.191520e-01 5.735764e-01 0.000000e+00
    outer loop
      vertex   -6.472243e+00 5.915000e+01 4.500000e+00
      vertex   -6.302276e+00 5.890726e+01 0.000000e+00
      vertex   -6.472243e+00 5.915000e+01 0.000000e+00
    endloop
  endfacet
  facet normal 9.063078e-01 4.226183e-01 0.000000e+00
    outer loop
      vertex   -6.472243e+00 5.915000e+01 4.500000e+00
      vertex   -6.472243e+00 5.915000e+01 0.000000e+00
      vertex   -6.597477e+00 5.941857e+01 4.500000e+00
    endloop
  endfacet
  facet normal 9.063078e-01 4.226183e-01 0.000000e+00
    outer loop
      vertex   -6.597477e+00 5.941857e+01 4.500000e+00
      vertex   -6.472243e+00 5.915000e+01 0.000000e+00
      vertex   -6.597477e+00 5.941857e+01 0.000000e+00
    endloop
  endfacet
  facet normal 9.659258e-01 2.588190e-01 0.000000e+00
    outer loop
      vertex   -6.597477e+00 5.941857e+01 4.500000e+00
      vertex   -6.597477e+00 5.941857e+01 0.000000e+00
      vertex   -6.674173e+00 5.970480e+01 4.500000e+00
    endloop
  endfacet
  facet normal 9.659258e-01 2.588190e-01 0.000000e+00
    outer loop
      vertex   -6.674173e+00 5.970480e+01 4.500000e+00
      vertex   -6.597477e+00 5.941857e+01 0.000000e+00
      vertex   -6.674173e+00 5.970480e+01 0.000000e+00
    endloop
  endfacet
  facet normal 1.000000e+00 0.000000e+00 0.000000e+00
    outer loop
      vertex   0.000000e+00 0.000000e+00 9.500000e+00
      vertex   0.000000e+00 0.000000e+00 0.000000e+00
      vertex   0.000000e+00 3.700000e+01 4.500000e+00
    endloop
  endfacet
  facet normal 1.000000e+00 0.000000e+00 0.000000e+00
    outer loop
      vertex   0.000000e+00 3.700000e+01 4.500000e+00
      vertex   0.000000e+00 0.000000e+00 0.000000e+00
      vertex   0.000000e+00 1.700000e+02 0.000000e+00
    endloop
  endfacet
  facet normal 1.000000e+00 -0.000000e+00 0.000000e+00
    outer loop
      vertex   0.000000e+00 3.700000e+01 4.500000e+00
      vertex   0.000000e+00 1.700000e+02 0.000000e+00
      vertex   0.000000e+00 1.330000e+02 4.500000e+00
    endloop
  endfacet
  facet normal 1.000000e+00 -0.000000e+00 0.000000e+00
    outer loop
      vertex   0.000000e+00 1.330000e+02 4.500000e+00
      vertex   0.000000e+00 1.700000e+02 0.000000e+00
      vertex   0.000000e+00 1.700000e+02 9.500000e+00
    endloop
  endfacet
  facet normal 1.000000e+00 0.000000e+00 0.000000e+00
    outer loop
      vertex   0.000000e+00 1.330000e+02 4.500000e+00
      vertex   0.000000e+00 1.700000e+02 9.500000e+00
      vertex   0.000000e+00 1.330000e+02 9.500000e+00
    endloop
  endfacet
  facet normal 1.000000e+00 0.000000e+00 -0.000000e+00
    outer loop
      vertex   0.000000e+00 3.700000e+01 4.500000e+00
      vertex   0.000000e+00 3.700000e+01 9.500000e+00
      vertex   0.000000e+00 0.000000e+00 9.500000e+00
    endloop
  endfacet
endsolid
