solid ASCII
  facet normal -0.000000e+00 0.000000e+00 1.000000e+00
    outer loop
      vertex   -4.500000e+00 1.400000e+01 7.000000e+00
      vertex   -7.139013e-02 1.249898e+01 7.000000e+00
      vertex   4.499286e+00 1.400000e+01 7.000000e+00
    endloop
  endfacet
  facet normal 0.000000e+00 0.000000e+00 1.000000e+00
    outer loop
      vertex   4.499286e+00 1.400000e+01 7.000000e+00
      vertex   -7.139013e-02 1.249898e+01 7.000000e+00
      vertex   7.139013e-02 1.249898e+01 7.000000e+00
    endloop
  endfacet
  facet normal 0.000000e+00 0.000000e+00 1.000000e+00
    outer loop
      vertex   4.499286e+00 1.400000e+01 7.000000e+00
      vertex   7.139013e-02 1.249898e+01 7.000000e+00
      vertex   2.139375e-01 1.249083e+01 7.000000e+00
    endloop
  endfacet
  facet normal 0.000000e+00 0.000000e+00 1.000000e+00
    outer loop
      vertex   -4.500000e+00 -3.000000e+00 7.000000e+00
      vertex   -2.435030e+00 9.433758e+00 7.000000e+00
      vertex   -4.500000e+00 1.400000e+01 7.000000e+00
    endloop
  endfacet
  facet normal 0.000000e+00 0.000000e+00 1.000000e+00
    outer loop
      vertex   -4.500000e+00 1.400000e+01 7.000000e+00
      vertex   -2.435030e+00 9.433758e+00 7.000000e+00
      vertex   -2.463385e+00 9.573695e+00 7.000000e+00
    endloop
  endfacet
  facet normal 0.000000e+00 0.000000e+00 1.000000e+00
    outer loop
      vertex   -4.500000e+00 1.400000e+01 7.000000e+00
      vertex   -2.463385e+00 9.573695e+00 7.000000e+00
      vertex   -2.483704e+00 9.715021e+00 7.000000e+00
    endloop
  endfacet
  facet normal 0.000000e+00 0.000000e+00 1.000000e+00
    outer loop
      vertex   4.499286e+00 -3.000000e+00 7.000000e+00
      vertex   0.000000e+00 -2.100000e+00 7.000000e+00
      vertex   -4.500000e+00 -3.000000e+00 7.000000e+00
    endloop
  endfacet
  facet normal 0.000000e+00 0.000000e+00 1.000000e+00
    outer loop
      vertex   -4.500000e+00 -3.000000e+00 7.000000e+00
      vertex   0.000000e+00 -2.100000e+00 7.000000e+00
      vertex   -1.395476e-01 -2.095940e+00 7.000000e+00
    endloop
  endfacet
  facet normal 0.000000e+00 0.000000e+00 1.000000e+00
    outer loop
      vertex   -4.500000e+00 -3.000000e+00 7.000000e+00
      vertex   -1.395476e-01 -2.095940e+00 7.000000e+00
      vertex   -2.786230e-01 -2.083772e+00 7.000000e+00
    endloop
  endfacet
  facet normal 0.000000e+00 0.000000e+00 1.000000e+00
    outer loop
      vertex   4.499286e+00 1.400000e+01 7.000000e+00
      vertex   2.435030e+00 9.433758e+00 7.000000e+00
      vertex   4.499286e+00 -3.000000e+00 7.000000e+00
    endloop
  endfacet
  facet normal 0.000000e+00 0.000000e+00 1.000000e+00
    outer loop
      vertex   4.499286e+00 -3.000000e+00 7.000000e+00
      vertex   2.435030e+00 9.433758e+00 7.000000e+00
      vertex   2.398732e+00 9.295669e+00 7.000000e+00
    endloop
  endfacet
  facet normal 0.000000e+00 0.000000e+00 1.000000e+00
    outer loop
      vertex   4.499286e+00 -3.000000e+00 7.000000e+00
      vertex   2.398732e+00 9.295669e+00 7.000000e+00
      vertex   2.299175e+00 9.883277e-01 7.000000e+00
    endloop
  endfacet
  facet normal 0.000000e+00 0.000000e+00 1.000000e+00
    outer loop
      vertex   2.299175e+00 9.883277e-01 7.000000e+00
      vertex   2.398732e+00 9.295669e+00 7.000000e+00
      vertex   2.354611e+00 9.159877e+00 7.000000e+00
    endloop
  endfacet
  facet normal 0.000000e+00 -0.000000e+00 1.000000e+00
    outer loop
      vertex   2.299175e+00 9.883277e-01 7.000000e+00
      vertex   2.354611e+00 9.159877e+00 7.000000e+00
      vertex   2.255262e+00 1.120848e+00 7.000000e+00
    endloop
  endfacet
  facet normal 0.000000e+00 0.000000e+00 1.000000e+00
    outer loop
      vertex   2.255262e+00 1.120848e+00 7.000000e+00
      vertex   2.354611e+00 9.159877e+00 7.000000e+00
      vertex   2.302809e+00 9.026825e+00 7.000000e+00
    endloop
  endfacet
  facet normal 0.000000e+00 -0.000000e+00 1.000000e+00
    outer loop
      vertex   2.255262e+00 1.120848e+00 7.000000e+00
      vertex   2.302809e+00 9.026825e+00 7.000000e+00
      vertex   2.203719e+00 1.250591e+00 7.000000e+00
    endloop
  endfacet
  facet normal 0.000000e+00 0.000000e+00 1.000000e+00
    outer loop
      vertex   2.203719e+00 1.250591e+00 7.000000e+00
      vertex   2.302809e+00 9.026825e+00 7.000000e+00
      vertex   2.243496e+00 8.896947e+00 7.000000e+00
    endloop
  endfacet
  facet normal 0.000000e+00 -0.000000e+00 1.000000e+00
    outer loop
      vertex   2.203719e+00 1.250591e+00 7.000000e+00
      vertex   2.243496e+00 8.896947e+00 7.000000e+00
      vertex   2.144718e+00 1.377118e+00 7.000000e+00
    endloop
  endfacet
  facet normal 0.000000e+00 0.000000e+00 1.000000e+00
    outer loop
      vertex   2.144718e+00 1.377118e+00 7.000000e+00
      vertex   2.243496e+00 8.896947e+00 7.000000e+00
      vertex   2.176865e+00 8.770668e+00 7.000000e+00
    endloop
  endfacet
  facet normal 0.000000e+00 -0.000000e+00 1.000000e+00
    outer loop
      vertex   2.144718e+00 1.377118e+00 7.000000e+00
      vertex   2.176865e+00 8.770668e+00 7.000000e+00
      vertex   2.078461e+00 1.500000e+00 7.000000e+00
    endloop
  endfacet
  facet normal 0.000000e+00 0.000000e+00 1.000000e+00
    outer loop
      vertex   2.078461e+00 1.500000e+00 7.000000e+00
      vertex   2.176865e+00 8.770668e+00 7.000000e+00
      vertex   2.103134e+00 8.648398e+00 7.000000e+00
    endloop
  endfacet
  facet normal 0.000000e+00 -0.000000e+00 1.000000e+00
    outer loop
      vertex   2.078461e+00 1.500000e+00 7.000000e+00
      vertex   2.103134e+00 8.648398e+00 7.000000e+00
      vertex   2.005171e+00 1.618822e+00 7.000000e+00
    endloop
  endfacet
  facet normal 0.000000e+00 0.000000e+00 1.000000e+00
    outer loop
      vertex   2.005171e+00 1.618822e+00 7.000000e+00
      vertex   2.103134e+00 8.648398e+00 7.000000e+00
      vertex   2.022542e+00 8.530537e+00 7.000000e+00
    endloop
  endfacet
  facet normal 0.000000e+00 -0.000000e+00 1.000000e+00
    outer loop
      vertex   2.005171e+00 1.618822e+00 7.000000e+00
      vertex   2.022542e+00 8.530537e+00 7.000000e+00
      vertex   1.925096e+00 1.733181e+00 7.000000e+00
    endloop
  endfacet
  facet normal 0.000000e+00 0.000000e+00 1.000000e+00
    outer loop
      vertex   1.925096e+00 1.733181e+00 7.000000e+00
      vertex   2.022542e+00 8.530537e+00 7.000000e+00
      vertex   1.935354e+00 8.417469e+00 7.000000e+00
    endloop
  endfacet
  facet normal 0.000000e+00 -0.000000e+00 1.000000e+00
    outer loop
      vertex   1.925096e+00 1.733181e+00 7.000000e+00
      vertex   1.935354e+00 8.417469e+00 7.000000e+00
      vertex   1.838507e+00 1.842690e+00 7.000000e+00
    endloop
  endfacet
  facet normal 0.000000e+00 0.000000e+00 1.000000e+00
    outer loop
      vertex   1.838507e+00 1.842690e+00 7.000000e+00
      vertex   1.935354e+00 8.417469e+00 7.000000e+00
      vertex   1.841853e+00 8.309563e+00 7.000000e+00
    endloop
  endfacet
  facet normal 0.000000e+00 -0.000000e+00 1.000000e+00
    outer loop
      vertex   1.838507e+00 1.842690e+00 7.000000e+00
      vertex   1.841853e+00 8.309563e+00 7.000000e+00
      vertex   1.745697e+00 1.946980e+00 7.000000e+00
    endloop
  endfacet
  facet normal 0.000000e+00 -0.000000e+00 1.000000e+00
    outer loop
      vertex   1.745697e+00 1.946980e+00 7.000000e+00
      vertex   1.841853e+00 8.309563e+00 7.000000e+00
      vertex   1.742344e+00 8.207170e+00 7.000000e+00
    endloop
  endfacet
  facet normal 0.000000e+00 0.000000e+00 1.000000e+00
    outer loop
      vertex   1.745697e+00 1.946980e+00 7.000000e+00
      vertex   1.742344e+00 8.207170e+00 7.000000e+00
      vertex   1.646980e+00 2.045697e+00 7.000000e+00
    endloop
  endfacet
  facet normal 0.000000e+00 -0.000000e+00 1.000000e+00
    outer loop
      vertex   1.646980e+00 2.045697e+00 7.000000e+00
      vertex   1.742344e+00 8.207170e+00 7.000000e+00
      vertex   1.637152e+00 8.110626e+00 7.000000e+00
    endloop
  endfacet
  facet normal 0.000000e+00 0.000000e+00 1.000000e+00
    outer loop
      vertex   1.646980e+00 2.045697e+00 7.000000e+00
      vertex   1.637152e+00 8.110626e+00 7.000000e+00
      vertex   1.542690e+00 2.138507e+00 7.000000e+00
    endloop
  endfacet
  facet normal 0.000000e+00 -0.000000e+00 1.000000e+00
    outer loop
      vertex   1.542690e+00 2.138507e+00 7.000000e+00
      vertex   1.637152e+00 8.110626e+00 7.000000e+00
      vertex   1.526620e+00 8.020244e+00 7.000000e+00
    endloop
  endfacet
  facet normal 0.000000e+00 0.000000e+00 1.000000e+00
    outer loop
      vertex   1.542690e+00 2.138507e+00 7.000000e+00
      vertex   1.526620e+00 8.020244e+00 7.000000e+00
      vertex   1.433181e+00 2.225096e+00 7.000000e+00
    endloop
  endfacet
  facet normal 0.000000e+00 -0.000000e+00 1.000000e+00
    outer loop
      vertex   1.433181e+00 2.225096e+00 7.000000e+00
      vertex   1.526620e+00 8.020244e+00 7.000000e+00
      vertex   1.411108e+00 7.936320e+00 7.000000e+00
    endloop
  endfacet
  facet normal 0.000000e+00 0.000000e+00 1.000000e+00
    outer loop
      vertex   1.433181e+00 2.225096e+00 7.000000e+00
      vertex   1.411108e+00 7.936320e+00 7.000000e+00
      vertex   1.318822e+00 2.305171e+00 7.000000e+00
    endloop
  endfacet
  facet normal 0.000000e+00 -0.000000e+00 1.000000e+00
    outer loop
      vertex   1.318822e+00 2.305171e+00 7.000000e+00
      vertex   1.411108e+00 7.936320e+00 7.000000e+00
      vertex   1.290994e+00 7.859127e+00 7.000000e+00
    endloop
  endfacet
  facet normal 0.000000e+00 0.000000e+00 1.000000e+00
    outer loop
      vertex   1.318822e+00 2.305171e+00 7.000000e+00
      vertex   1.290994e+00 7.859127e+00 7.000000e+00
      vertex   1.200000e+00 2.378461e+00 7.000000e+00
    endloop
  endfacet
  facet normal 0.000000e+00 -0.000000e+00 1.000000e+00
    outer loop
      vertex   1.200000e+00 2.378461e+00 7.000000e+00
      vertex   1.290994e+00 7.859127e+00 7.000000e+00
      vertex   1.166668e+00 7.788918e+00 7.000000e+00
    endloop
  endfacet
  facet normal 0.000000e+00 0.000000e+00 1.000000e+00
    outer loop
      vertex   1.200000e+00 2.378461e+00 7.000000e+00
      vertex   1.166668e+00 7.788918e+00 7.000000e+00
      vertex   1.077118e+00 2.444718e+00 7.000000e+00
    endloop
  endfacet
  facet normal 0.000000e+00 -0.000000e+00 1.000000e+00
    outer loop
      vertex   1.077118e+00 2.444718e+00 7.000000e+00
      vertex   1.166668e+00 7.788918e+00 7.000000e+00
      vertex   1.038538e+00 7.725920e+00 7.000000e+00
    endloop
  endfacet
  facet normal 0.000000e+00 0.000000e+00 1.000000e+00
    outer loop
      vertex   1.077118e+00 2.444718e+00 7.000000e+00
      vertex   1.038538e+00 7.725920e+00 7.000000e+00
      vertex   9.505914e-01 2.503719e+00 7.000000e+00
    endloop
  endfacet
  facet normal 0.000000e+00 -0.000000e+00 1.000000e+00
    outer loop
      vertex   9.505914e-01 2.503719e+00 7.000000e+00
      vertex   1.038538e+00 7.725920e+00 7.000000e+00
      vertex   9.070193e-01 7.670340e+00 7.000000e+00
    endloop
  endfacet
  facet normal 0.000000e+00 0.000000e+00 1.000000e+00
    outer loop
      vertex   9.505914e-01 2.503719e+00 7.000000e+00
      vertex   9.070193e-01 7.670340e+00 7.000000e+00
      vertex   8.208483e-01 2.555262e+00 7.000000e+00
    endloop
  endfacet
  facet normal 0.000000e+00 -0.000000e+00 1.000000e+00
    outer loop
      vertex   8.208483e-01 2.555262e+00 7.000000e+00
      vertex   9.070193e-01 7.670340e+00 7.000000e+00
      vertex   7.725425e-01 7.622359e+00 7.000000e+00
    endloop
  endfacet
  facet normal 0.000000e+00 0.000000e+00 1.000000e+00
    outer loop
      vertex   8.208483e-01 2.555262e+00 7.000000e+00
      vertex   7.725425e-01 7.622359e+00 7.000000e+00
      vertex   6.883278e-01 2.599175e+00 7.000000e+00
    endloop
  endfacet
  facet normal 0.000000e+00 -0.000000e+00 1.000000e+00
    outer loop
      vertex   6.883278e-01 2.599175e+00 7.000000e+00
      vertex   7.725425e-01 7.622359e+00 7.000000e+00
      vertex   6.355458e-01 7.582133e+00 7.000000e+00
    endloop
  endfacet
  facet normal 0.000000e+00 0.000000e+00 1.000000e+00
    outer loop
      vertex   6.883278e-01 2.599175e+00 7.000000e+00
      vertex   6.355458e-01 7.582133e+00 7.000000e+00
      vertex   5.534781e-01 2.635308e+00 7.000000e+00
    endloop
  endfacet
  facet normal 0.000000e+00 -0.000000e+00 1.000000e+00
    outer loop
      vertex   5.534781e-01 2.635308e+00 7.000000e+00
      vertex   6.355458e-01 7.582133e+00 7.000000e+00
      vertex   4.964762e-01 7.549794e+00 7.000000e+00
    endloop
  endfacet
  facet normal 0.000000e+00 0.000000e+00 1.000000e+00
    outer loop
      vertex   5.534781e-01 2.635308e+00 7.000000e+00
      vertex   4.964762e-01 7.549794e+00 7.000000e+00
      vertex   4.167556e-01 2.663539e+00 7.000000e+00
    endloop
  endfacet
  facet normal 0.000000e+00 -0.000000e+00 1.000000e+00
    outer loop
      vertex   4.167556e-01 2.663539e+00 7.000000e+00
      vertex   4.964762e-01 7.549794e+00 7.000000e+00
      vertex   3.557871e-01 7.525446e+00 7.000000e+00
    endloop
  endfacet
  facet normal 0.000000e+00 0.000000e+00 1.000000e+00
    outer loop
      vertex   4.167556e-01 2.663539e+00 7.000000e+00
      vertex   3.557871e-01 7.525446e+00 7.000000e+00
      vertex   2.786230e-01 2.683772e+00 7.000000e+00
    endloop
  endfacet
  facet normal 0.000000e+00 -0.000000e+00 1.000000e+00
    outer loop
      vertex   2.786230e-01 2.683772e+00 7.000000e+00
      vertex   3.557871e-01 7.525446e+00 7.000000e+00
      vertex   2.139375e-01 7.509171e+00 7.000000e+00
    endloop
  endfacet
  facet normal 0.000000e+00 0.000000e+00 1.000000e+00
    outer loop
      vertex   2.786230e-01 2.683772e+00 7.000000e+00
      vertex   2.139375e-01 7.509171e+00 7.000000e+00
      vertex   1.395476e-01 2.695940e+00 7.000000e+00
    endloop
  endfacet
  facet normal 0.000000e+00 -0.000000e+00 1.000000e+00
    outer loop
      vertex   1.395476e-01 2.695940e+00 7.000000e+00
      vertex   2.139375e-01 7.509171e+00 7.000000e+00
      vertex   7.139013e-02 7.501020e+00 7.000000e+00
    endloop
  endfacet
  facet normal 0.000000e+00 0.000000e+00 1.000000e+00
    outer loop
      vertex   1.395476e-01 2.695940e+00 7.000000e+00
      vertex   7.139013e-02 7.501020e+00 7.000000e+00
      vertex   -1.469576e-16 2.700000e+00 7.000000e+00
    endloop
  endfacet
  facet normal 0.000000e+00 -0.000000e+00 1.000000e+00
    outer loop
      vertex   -1.469576e-16 2.700000e+00 7.000000e+00
      vertex   7.139013e-02 7.501020e+00 7.000000e+00
      vertex   -7.139013e-02 7.501020e+00 7.000000e+00
    endloop
  endfacet
  facet normal 0.000000e+00 0.000000e+00 1.000000e+00
    outer loop
      vertex   -1.469576e-16 2.700000e+00 7.000000e+00
      vertex   -7.139013e-02 7.501020e+00 7.000000e+00
      vertex   -1.395476e-01 2.695940e+00 7.000000e+00
    endloop
  endfacet
  facet normal 0.000000e+00 -0.000000e+00 1.000000e+00
    outer loop
      vertex   -1.395476e-01 2.695940e+00 7.000000e+00
      vertex   -7.139013e-02 7.501020e+00 7.000000e+00
      vertex   -2.139375e-01 7.509171e+00 7.000000e+00
    endloop
  endfacet
  facet normal 0.000000e+00 0.000000e+00 1.000000e+00
    outer loop
      vertex   -1.395476e-01 2.695940e+00 7.000000e+00
      vertex   -2.139375e-01 7.509171e+00 7.000000e+00
      vertex   -2.786230e-01 2.683772e+00 7.000000e+00
    endloop
  endfacet
  facet normal 0.000000e+00 -0.000000e+00 1.000000e+00
    outer loop
      vertex   -2.786230e-01 2.683772e+00 7.000000e+00
      vertex   -2.139375e-01 7.509171e+00 7.000000e+00
      vertex   -3.557871e-01 7.525446e+00 7.000000e+00
    endloop
  endfacet
  facet normal 0.000000e+00 0.000000e+00 1.000000e+00
    outer loop
      vertex   -2.786230e-01 2.683772e+00 7.000000e+00
      vertex   -3.557871e-01 7.525446e+00 7.000000e+00
      vertex   -4.167556e-01 2.663539e+00 7.000000e+00
    endloop
  endfacet
  facet normal 0.000000e+00 -0.000000e+00 1.000000e+00
    outer loop
      vertex   -4.167556e-01 2.663539e+00 7.000000e+00
      vertex   -3.557871e-01 7.525446e+00 7.000000e+00
      vertex   -4.964762e-01 7.549794e+00 7.000000e+00
    endloop
  endfacet
  facet normal 0.000000e+00 0.000000e+00 1.000000e+00
    outer loop
      vertex   -4.167556e-01 2.663539e+00 7.000000e+00
      vertex   -4.964762e-01 7.549794e+00 7.000000e+00
      vertex   -5.534781e-01 2.635308e+00 7.000000e+00
    endloop
  endfacet
  facet normal 0.000000e+00 -0.000000e+00 1.000000e+00
    outer loop
      vertex   -5.534781e-01 2.635308e+00 7.000000e+00
      vertex   -4.964762e-01 7.549794e+00 7.000000e+00
      vertex   -6.355458e-01 7.582133e+00 7.000000e+00
    endloop
  endfacet
  facet normal 0.000000e+00 0.000000e+00 1.000000e+00
    outer loop
      vertex   -5.534781e-01 2.635308e+00 7.000000e+00
      vertex   -6.355458e-01 7.582133e+00 7.000000e+00
      vertex   -6.883278e-01 2.599175e+00 7.000000e+00
    endloop
  endfacet
  facet normal 0.000000e+00 -0.000000e+00 1.000000e+00
    outer loop
      vertex   -6.883278e-01 2.599175e+00 7.000000e+00
      vertex   -6.355458e-01 7.582133e+00 7.000000e+00
      vertex   -7.725425e-01 7.622359e+00 7.000000e+00
    endloop
  endfacet
  facet normal 0.000000e+00 0.000000e+00 1.000000e+00
    outer loop
      vertex   -6.883278e-01 2.599175e+00 7.000000e+00
      vertex   -7.725425e-01 7.622359e+00 7.000000e+00
      vertex   -8.208483e-01 2.555262e+00 7.000000e+00
    endloop
  endfacet
  facet normal 0.000000e+00 -0.000000e+00 1.000000e+00
    outer loop
      vertex   -8.208483e-01 2.555262e+00 7.000000e+00
      vertex   -7.725425e-01 7.622359e+00 7.000000e+00
      vertex   -9.070193e-01 7.670340e+00 7.000000e+00
    endloop
  endfacet
  facet normal 0.000000e+00 0.000000e+00 1.000000e+00
    outer loop
      vertex   -8.208483e-01 2.555262e+00 7.000000e+00
      vertex   -9.070193e-01 7.670340e+00 7.000000e+00
      vertex   -9.505914e-01 2.503719e+00 7.000000e+00
    endloop
  endfacet
  facet normal 0.000000e+00 -0.000000e+00 1.000000e+00
    outer loop
      vertex   -9.505914e-01 2.503719e+00 7.000000e+00
      vertex   -9.070193e-01 7.670340e+00 7.000000e+00
      vertex   -1.038538e+00 7.725920e+00 7.000000e+00
    endloop
  endfacet
  facet normal 0.000000e+00 0.000000e+00 1.000000e+00
    outer loop
      vertex   -9.505914e-01 2.503719e+00 7.000000e+00
      vertex   -1.038538e+00 7.725920e+00 7.000000e+00
      vertex   -1.077118e+00 2.444718e+00 7.000000e+00
    endloop
  endfacet
  facet normal 0.000000e+00 -0.000000e+00 1.000000e+00
    outer loop
      vertex   -1.077118e+00 2.444718e+00 7.000000e+00
      vertex   -1.038538e+00 7.725920e+00 7.000000e+00
      vertex   -1.166668e+00 7.788918e+00 7.000000e+00
    endloop
  endfacet
  facet normal 0.000000e+00 0.000000e+00 1.000000e+00
    outer loop
      vertex   -1.077118e+00 2.444718e+00 7.000000e+00
      vertex   -1.166668e+00 7.788918e+00 7.000000e+00
      vertex   -1.200000e+00 2.378461e+00 7.000000e+00
    endloop
  endfacet
  facet normal 0.000000e+00 -0.000000e+00 1.000000e+00
    outer loop
      vertex   -1.200000e+00 2.378461e+00 7.000000e+00
      vertex   -1.166668e+00 7.788918e+00 7.000000e+00
      vertex   -1.290994e+00 7.859127e+00 7.000000e+00
    endloop
  endfacet
  facet normal 0.000000e+00 0.000000e+00 1.000000e+00
    outer loop
      vertex   -1.200000e+00 2.378461e+00 7.000000e+00
      vertex   -1.290994e+00 7.859127e+00 7.000000e+00
      vertex   -1.318822e+00 2.305171e+00 7.000000e+00
    endloop
  endfacet
  facet normal 0.000000e+00 -0.000000e+00 1.000000e+00
    outer loop
      vertex   -1.318822e+00 2.305171e+00 7.000000e+00
      vertex   -1.290994e+00 7.859127e+00 7.000000e+00
      vertex   -1.411108e+00 7.936320e+00 7.000000e+00
    endloop
  endfacet
  facet normal 0.000000e+00 0.000000e+00 1.000000e+00
    outer loop
      vertex   -1.318822e+00 2.305171e+00 7.000000e+00
      vertex   -1.411108e+00 7.936320e+00 7.000000e+00
      vertex   -1.433181e+00 2.225096e+00 7.000000e+00
    endloop
  endfacet
  facet normal 0.000000e+00 -0.000000e+00 1.000000e+00
    outer loop
      vertex   -1.433181e+00 2.225096e+00 7.000000e+00
      vertex   -1.411108e+00 7.936320e+00 7.000000e+00
      vertex   -1.526620e+00 8.020244e+00 7.000000e+00
    endloop
  endfacet
  facet normal 0.000000e+00 0.000000e+00 1.000000e+00
    outer loop
      vertex   -1.433181e+00 2.225096e+00 7.000000e+00
      vertex   -1.526620e+00 8.020244e+00 7.000000e+00
      vertex   -1.542690e+00 2.138507e+00 7.000000e+00
    endloop
  endfacet
  facet normal 0.000000e+00 -0.000000e+00 1.000000e+00
    outer loop
      vertex   -1.542690e+00 2.138507e+00 7.000000e+00
      vertex   -1.526620e+00 8.020244e+00 7.000000e+00
      vertex   -1.637152e+00 8.110626e+00 7.000000e+00
    endloop
  endfacet
  facet normal 0.000000e+00 0.000000e+00 1.000000e+00
    outer loop
      vertex   -1.542690e+00 2.138507e+00 7.000000e+00
      vertex   -1.637152e+00 8.110626e+00 7.000000e+00
      vertex   -1.646980e+00 2.045697e+00 7.000000e+00
    endloop
  endfacet
  facet normal 0.000000e+00 -0.000000e+00 1.000000e+00
    outer loop
      vertex   -1.646980e+00 2.045697e+00 7.000000e+00
      vertex   -1.637152e+00 8.110626e+00 7.000000e+00
      vertex   -1.742344e+00 8.207170e+00 7.000000e+00
    endloop
  endfacet
  facet normal 0.000000e+00 0.000000e+00 1.000000e+00
    outer loop
      vertex   -1.646980e+00 2.045697e+00 7.000000e+00
      vertex   -1.742344e+00 8.207170e+00 7.000000e+00
      vertex   -1.745697e+00 1.946980e+00 7.000000e+00
    endloop
  endfacet
  facet normal 0.000000e+00 -0.000000e+00 1.000000e+00
    outer loop
      vertex   -1.745697e+00 1.946980e+00 7.000000e+00
      vertex   -1.742344e+00 8.207170e+00 7.000000e+00
      vertex   -1.841853e+00 8.309563e+00 7.000000e+00
    endloop
  endfacet
  facet normal 0.000000e+00 0.000000e+00 1.000000e+00
    outer loop
      vertex   -1.745697e+00 1.946980e+00 7.000000e+00
      vertex   -1.841853e+00 8.309563e+00 7.000000e+00
      vertex   -1.838507e+00 1.842690e+00 7.000000e+00
    endloop
  endfacet
  facet normal 0.000000e+00 0.000000e+00 1.000000e+00
    outer loop
      vertex   -1.838507e+00 1.842690e+00 7.000000e+00
      vertex   -1.841853e+00 8.309563e+00 7.000000e+00
      vertex   -1.935354e+00 8.417469e+00 7.000000e+00
    endloop
  endfacet
  facet normal 0.000000e+00 0.000000e+00 1.000000e+00
    outer loop
      vertex   -1.838507e+00 1.842690e+00 7.000000e+00
      vertex   -1.935354e+00 8.417469e+00 7.000000e+00
      vertex   -1.925096e+00 1.733181e+00 7.000000e+00
    endloop
  endfacet
  facet normal 0.000000e+00 0.000000e+00 1.000000e+00
    outer loop
      vertex   -1.925096e+00 1.733181e+00 7.000000e+00
      vertex   -1.935354e+00 8.417469e+00 7.000000e+00
      vertex   -2.022542e+00 8.530537e+00 7.000000e+00
    endloop
  endfacet
  facet normal 0.000000e+00 0.000000e+00 1.000000e+00
    outer loop
      vertex   -1.925096e+00 1.733181e+00 7.000000e+00
      vertex   -2.022542e+00 8.530537e+00 7.000000e+00
      vertex   -2.005171e+00 1.618822e+00 7.000000e+00
    endloop
  endfacet
  facet normal 0.000000e+00 0.000000e+00 1.000000e+00
    outer loop
      vertex   -2.005171e+00 1.618822e+00 7.000000e+00
      vertex   -2.022542e+00 8.530537e+00 7.000000e+00
      vertex   -2.103134e+00 8.648398e+00 7.000000e+00
    endloop
  endfacet
  facet normal 0.000000e+00 0.000000e+00 1.000000e+00
    outer loop
      vertex   -2.005171e+00 1.618822e+00 7.000000e+00
      vertex   -2.103134e+00 8.648398e+00 7.000000e+00
      vertex   -2.078461e+00 1.500000e+00 7.000000e+00
    endloop
  endfacet
  facet normal 0.000000e+00 0.000000e+00 1.000000e+00
    outer loop
      vertex   -2.078461e+00 1.500000e+00 7.000000e+00
      vertex   -2.103134e+00 8.648398e+00 7.000000e+00
      vertex   -2.176865e+00 8.770668e+00 7.000000e+00
    endloop
  endfacet
  facet normal 0.000000e+00 0.000000e+00 1.000000e+00
    outer loop
      vertex   -2.078461e+00 1.500000e+00 7.000000e+00
      vertex   -2.176865e+00 8.770668e+00 7.000000e+00
      vertex   -2.144718e+00 1.377118e+00 7.000000e+00
    endloop
  endfacet
  facet normal 0.000000e+00 0.000000e+00 1.000000e+00
    outer loop
      vertex   -2.144718e+00 1.377118e+00 7.000000e+00
      vertex   -2.176865e+00 8.770668e+00 7.000000e+00
      vertex   -2.243496e+00 8.896947e+00 7.000000e+00
    endloop
  endfacet
  facet normal 0.000000e+00 0.000000e+00 1.000000e+00
    outer loop
      vertex   -2.144718e+00 1.377118e+00 7.000000e+00
      vertex   -2.243496e+00 8.896947e+00 7.000000e+00
      vertex   -2.203719e+00 1.250591e+00 7.000000e+00
    endloop
  endfacet
  facet normal 0.000000e+00 0.000000e+00 1.000000e+00
    outer loop
      vertex   -2.203719e+00 1.250591e+00 7.000000e+00
      vertex   -2.243496e+00 8.896947e+00 7.000000e+00
      vertex   -2.302809e+00 9.026825e+00 7.000000e+00
    endloop
  endfacet
  facet normal 0.000000e+00 0.000000e+00 1.000000e+00
    outer loop
      vertex   -2.203719e+00 1.250591e+00 7.000000e+00
      vertex   -2.302809e+00 9.026825e+00 7.000000e+00
      vertex   -2.255262e+00 1.120848e+00 7.000000e+00
    endloop
  endfacet
  facet normal 0.000000e+00 0.000000e+00 1.000000e+00
    outer loop
      vertex   -2.255262e+00 1.120848e+00 7.000000e+00
      vertex   -2.302809e+00 9.026825e+00 7.000000e+00
      vertex   -2.354611e+00 9.159877e+00 7.000000e+00
    endloop
  endfacet
  facet normal 0.000000e+00 0.000000e+00 1.000000e+00
    outer loop
      vertex   -2.255262e+00 1.120848e+00 7.000000e+00
      vertex   -2.354611e+00 9.159877e+00 7.000000e+00
      vertex   -2.299175e+00 9.883277e-01 7.000000e+00
    endloop
  endfacet
  facet normal 0.000000e+00 0.000000e+00 1.000000e+00
    outer loop
      vertex   -2.299175e+00 9.883277e-01 7.000000e+00
      vertex   -2.354611e+00 9.159877e+00 7.000000e+00
      vertex   -2.398732e+00 9.295669e+00 7.000000e+00
    endloop
  endfacet
  facet normal 0.000000e+00 0.000000e+00 1.000000e+00
    outer loop
      vertex   -2.299175e+00 9.883277e-01 7.000000e+00
      vertex   -2.398732e+00 9.295669e+00 7.000000e+00
      vertex   -4.500000e+00 -3.000000e+00 7.000000e+00
    endloop
  endfacet
  facet normal 0.000000e+00 0.000000e+00 1.000000e+00
    outer loop
      vertex   -4.500000e+00 -3.000000e+00 7.000000e+00
      vertex   -2.398732e+00 9.295669e+00 7.000000e+00
      vertex   -2.435030e+00 9.433758e+00 7.000000e+00
    endloop
  endfacet
  facet normal 0.000000e+00 0.000000e+00 1.000000e+00
    outer loop
      vertex   -2.495923e+00 9.857278e+00 7.000000e+00
      vertex   -2.500000e+00 1.000000e+01 7.000000e+00
      vertex   -4.500000e+00 1.400000e+01 7.000000e+00
    endloop
  endfacet
  facet normal 0.000000e+00 0.000000e+00 1.000000e+00
    outer loop
      vertex   -4.500000e+00 1.400000e+01 7.000000e+00
      vertex   -2.500000e+00 1.000000e+01 7.000000e+00
      vertex   -2.495923e+00 1.014272e+01 7.000000e+00
    endloop
  endfacet
  facet normal 0.000000e+00 0.000000e+00 1.000000e+00
    outer loop
      vertex   -4.500000e+00 1.400000e+01 7.000000e+00
      vertex   -2.495923e+00 1.014272e+01 7.000000e+00
      vertex   -2.483704e+00 1.028498e+01 7.000000e+00
    endloop
  endfacet
  facet normal 0.000000e+00 -0.000000e+00 1.000000e+00
    outer loop
      vertex   -2.483704e+00 1.028498e+01 7.000000e+00
      vertex   -2.463385e+00 1.042631e+01 7.000000e+00
      vertex   -4.500000e+00 1.400000e+01 7.000000e+00
    endloop
  endfacet
  facet normal 0.000000e+00 0.000000e+00 1.000000e+00
    outer loop
      vertex   -4.500000e+00 1.400000e+01 7.000000e+00
      vertex   -2.463385e+00 1.042631e+01 7.000000e+00
      vertex   -2.435030e+00 1.056624e+01 7.000000e+00
    endloop
  endfacet
  facet normal 0.000000e+00 0.000000e+00 1.000000e+00
    outer loop
      vertex   -4.500000e+00 1.400000e+01 7.000000e+00
      vertex   -2.435030e+00 1.056624e+01 7.000000e+00
      vertex   -2.398732e+00 1.070433e+01 7.000000e+00
    endloop
  endfacet
  facet normal 0.000000e+00 -0.000000e+00 1.000000e+00
    outer loop
      vertex   -2.398732e+00 1.070433e+01 7.000000e+00
      vertex   -2.354611e+00 1.084012e+01 7.000000e+00
      vertex   -4.500000e+00 1.400000e+01 7.000000e+00
    endloop
  endfacet
  facet normal 0.000000e+00 0.000000e+00 1.000000e+00
    outer loop
      vertex   -4.500000e+00 1.400000e+01 7.000000e+00
      vertex   -2.354611e+00 1.084012e+01 7.000000e+00
      vertex   -2.302809e+00 1.097318e+01 7.000000e+00
    endloop
  endfacet
  facet normal 0.000000e+00 0.000000e+00 1.000000e+00
    outer loop
      vertex   -4.500000e+00 1.400000e+01 7.000000e+00
      vertex   -2.302809e+00 1.097318e+01 7.000000e+00
      vertex   -2.243496e+00 1.110305e+01 7.000000e+00
    endloop
  endfacet
  facet normal 0.000000e+00 -0.000000e+00 1.000000e+00
    outer loop
      vertex   -2.243496e+00 1.110305e+01 7.000000e+00
      vertex   -2.176865e+00 1.122933e+01 7.000000e+00
      vertex   -4.500000e+00 1.400000e+01 7.000000e+00
    endloop
  endfacet
  facet normal 0.000000e+00 0.000000e+00 1.000000e+00
    outer loop
      vertex   -4.500000e+00 1.400000e+01 7.000000e+00
      vertex   -2.176865e+00 1.122933e+01 7.000000e+00
      vertex   -2.103134e+00 1.135160e+01 7.000000e+00
    endloop
  endfacet
  facet normal 0.000000e+00 0.000000e+00 1.000000e+00
    outer loop
      vertex   -4.500000e+00 1.400000e+01 7.000000e+00
      vertex   -2.103134e+00 1.135160e+01 7.000000e+00
      vertex   -2.022542e+00 1.146946e+01 7.000000e+00
    endloop
  endfacet
  facet normal 0.000000e+00 -0.000000e+00 1.000000e+00
    outer loop
      vertex   -2.022542e+00 1.146946e+01 7.000000e+00
      vertex   -1.935354e+00 1.158253e+01 7.000000e+00
      vertex   -4.500000e+00 1.400000e+01 7.000000e+00
    endloop
  endfacet
  facet normal 0.000000e+00 0.000000e+00 1.000000e+00
    outer loop
      vertex   -4.500000e+00 1.400000e+01 7.000000e+00
      vertex   -1.935354e+00 1.158253e+01 7.000000e+00
      vertex   -1.841853e+00 1.169044e+01 7.000000e+00
    endloop
  endfacet
  facet normal 0.000000e+00 0.000000e+00 1.000000e+00
    outer loop
      vertex   -4.500000e+00 1.400000e+01 7.000000e+00
      vertex   -1.841853e+00 1.169044e+01 7.000000e+00
      vertex   -1.742344e+00 1.179283e+01 7.000000e+00
    endloop
  endfacet
  facet normal 0.000000e+00 -0.000000e+00 1.000000e+00
    outer loop
      vertex   -1.742344e+00 1.179283e+01 7.000000e+00
      vertex   -1.637152e+00 1.188937e+01 7.000000e+00
      vertex   -4.500000e+00 1.400000e+01 7.000000e+00
    endloop
  endfacet
  facet normal 0.000000e+00 0.000000e+00 1.000000e+00
    outer loop
      vertex   -4.500000e+00 1.400000e+01 7.000000e+00
      vertex   -1.637152e+00 1.188937e+01 7.000000e+00
      vertex   -1.526620e+00 1.197976e+01 7.000000e+00
    endloop
  endfacet
  facet normal 0.000000e+00 0.000000e+00 1.000000e+00
    outer loop
      vertex   -4.500000e+00 1.400000e+01 7.000000e+00
      vertex   -1.526620e+00 1.197976e+01 7.000000e+00
      vertex   -1.411108e+00 1.206368e+01 7.000000e+00
    endloop
  endfacet
  facet normal 0.000000e+00 -0.000000e+00 1.000000e+00
    outer loop
      vertex   -1.411108e+00 1.206368e+01 7.000000e+00
      vertex   -1.290994e+00 1.214087e+01 7.000000e+00
      vertex   -4.500000e+00 1.400000e+01 7.000000e+00
    endloop
  endfacet
  facet normal 0.000000e+00 0.000000e+00 1.000000e+00
    outer loop
      vertex   -4.500000e+00 1.400000e+01 7.000000e+00
      vertex   -1.290994e+00 1.214087e+01 7.000000e+00
      vertex   -1.166668e+00 1.221108e+01 7.000000e+00
    endloop
  endfacet
  facet normal 0.000000e+00 0.000000e+00 1.000000e+00
    outer loop
      vertex   -4.500000e+00 1.400000e+01 7.000000e+00
      vertex   -1.166668e+00 1.221108e+01 7.000000e+00
      vertex   -1.038538e+00 1.227408e+01 7.000000e+00
    endloop
  endfacet
  facet normal 0.000000e+00 -0.000000e+00 1.000000e+00
    outer loop
      vertex   -1.038538e+00 1.227408e+01 7.000000e+00
      vertex   -9.070193e-01 1.232966e+01 7.000000e+00
      vertex   -4.500000e+00 1.400000e+01 7.000000e+00
    endloop
  endfacet
  facet normal 0.000000e+00 0.000000e+00 1.000000e+00
    outer loop
      vertex   -4.500000e+00 1.400000e+01 7.000000e+00
      vertex   -9.070193e-01 1.232966e+01 7.000000e+00
      vertex   -7.725425e-01 1.237764e+01 7.000000e+00
    endloop
  endfacet
  facet normal 0.000000e+00 0.000000e+00 1.000000e+00
    outer loop
      vertex   -4.500000e+00 1.400000e+01 7.000000e+00
      vertex   -7.725425e-01 1.237764e+01 7.000000e+00
      vertex   -6.355458e-01 1.241787e+01 7.000000e+00
    endloop
  endfacet
  facet normal 0.000000e+00 -0.000000e+00 1.000000e+00
    outer loop
      vertex   -6.355458e-01 1.241787e+01 7.000000e+00
      vertex   -4.964762e-01 1.245021e+01 7.000000e+00
      vertex   -4.500000e+00 1.400000e+01 7.000000e+00
    endloop
  endfacet
  facet normal 0.000000e+00 0.000000e+00 1.000000e+00
    outer loop
      vertex   -4.500000e+00 1.400000e+01 7.000000e+00
      vertex   -4.964762e-01 1.245021e+01 7.000000e+00
      vertex   -3.557871e-01 1.247455e+01 7.000000e+00
    endloop
  endfacet
  facet normal 0.000000e+00 0.000000e+00 1.000000e+00
    outer loop
      vertex   -4.500000e+00 1.400000e+01 7.000000e+00
      vertex   -3.557871e-01 1.247455e+01 7.000000e+00
      vertex   -2.139375e-01 1.249083e+01 7.000000e+00
    endloop
  endfacet
  facet normal 0.000000e+00 -0.000000e+00 1.000000e+00
    outer loop
      vertex   -2.139375e-01 1.249083e+01 7.000000e+00
      vertex   -7.139013e-02 1.249898e+01 7.000000e+00
      vertex   -4.500000e+00 1.400000e+01 7.000000e+00
    endloop
  endfacet
  facet normal -0.000000e+00 0.000000e+00 1.000000e+00
    outer loop
      vertex   2.139375e-01 1.249083e+01 7.000000e+00
      vertex   3.557871e-01 1.247455e+01 7.000000e+00
      vertex   4.499286e+00 1.400000e+01 7.000000e+00
    endloop
  endfacet
  facet normal 0.000000e+00 0.000000e+00 1.000000e+00
    outer loop
      vertex   4.499286e+00 1.400000e+01 7.000000e+00
      vertex   3.557871e-01 1.247455e+01 7.000000e+00
      vertex   4.964762e-01 1.245021e+01 7.000000e+00
    endloop
  endfacet
  facet normal 0.000000e+00 0.000000e+00 1.000000e+00
    outer loop
      vertex   4.499286e+00 1.400000e+01 7.000000e+00
      vertex   4.964762e-01 1.245021e+01 7.000000e+00
      vertex   6.355458e-01 1.241787e+01 7.000000e+00
    endloop
  endfacet
  facet normal -0.000000e+00 0.000000e+00 1.000000e+00
    outer loop
      vertex   6.355458e-01 1.241787e+01 7.000000e+00
      vertex   7.725425e-01 1.237764e+01 7.000000e+00
      vertex   4.499286e+00 1.400000e+01 7.000000e+00
    endloop
  endfacet
  facet normal 0.000000e+00 0.000000e+00 1.000000e+00
    outer loop
      vertex   4.499286e+00 1.400000e+01 7.000000e+00
      vertex   7.725425e-01 1.237764e+01 7.000000e+00
      vertex   9.070193e-01 1.232966e+01 7.000000e+00
    endloop
  endfacet
  facet normal 0.000000e+00 0.000000e+00 1.000000e+00
    outer loop
      vertex   4.499286e+00 1.400000e+01 7.000000e+00
      vertex   9.070193e-01 1.232966e+01 7.000000e+00
      vertex   1.038538e+00 1.227408e+01 7.000000e+00
    endloop
  endfacet
  facet normal -0.000000e+00 0.000000e+00 1.000000e+00
    outer loop
      vertex   1.038538e+00 1.227408e+01 7.000000e+00
      vertex   1.166668e+00 1.221108e+01 7.000000e+00
      vertex   4.499286e+00 1.400000e+01 7.000000e+00
    endloop
  endfacet
  facet normal 0.000000e+00 0.000000e+00 1.000000e+00
    outer loop
      vertex   4.499286e+00 1.400000e+01 7.000000e+00
      vertex   1.166668e+00 1.221108e+01 7.000000e+00
      vertex   1.290994e+00 1.214087e+01 7.000000e+00
    endloop
  endfacet
  facet normal 0.000000e+00 0.000000e+00 1.000000e+00
    outer loop
      vertex   4.499286e+00 1.400000e+01 7.000000e+00
      vertex   1.290994e+00 1.214087e+01 7.000000e+00
      vertex   1.411108e+00 1.206368e+01 7.000000e+00
    endloop
  endfacet
  facet normal -0.000000e+00 0.000000e+00 1.000000e+00
    outer loop
      vertex   1.411108e+00 1.206368e+01 7.000000e+00
      vertex   1.526620e+00 1.197976e+01 7.000000e+00
      vertex   4.499286e+00 1.400000e+01 7.000000e+00
    endloop
  endfacet
  facet normal 0.000000e+00 0.000000e+00 1.000000e+00
    outer loop
      vertex   4.499286e+00 1.400000e+01 7.000000e+00
      vertex   1.526620e+00 1.197976e+01 7.000000e+00
      vertex   1.637152e+00 1.188937e+01 7.000000e+00
    endloop
  endfacet
  facet normal 0.000000e+00 0.000000e+00 1.000000e+00
    outer loop
      vertex   4.499286e+00 1.400000e+01 7.000000e+00
      vertex   1.637152e+00 1.188937e+01 7.000000e+00
      vertex   1.742344e+00 1.179283e+01 7.000000e+00
    endloop
  endfacet
  facet normal -0.000000e+00 0.000000e+00 1.000000e+00
    outer loop
      vertex   1.742344e+00 1.179283e+01 7.000000e+00
      vertex   1.841853e+00 1.169044e+01 7.000000e+00
      vertex   4.499286e+00 1.400000e+01 7.000000e+00
    endloop
  endfacet
  facet normal 0.000000e+00 0.000000e+00 1.000000e+00
    outer loop
      vertex   4.499286e+00 1.400000e+01 7.000000e+00
      vertex   1.841853e+00 1.169044e+01 7.000000e+00
      vertex   1.935354e+00 1.158253e+01 7.000000e+00
    endloop
  endfacet
  facet normal 0.000000e+00 0.000000e+00 1.000000e+00
    outer loop
      vertex   4.499286e+00 1.400000e+01 7.000000e+00
      vertex   1.935354e+00 1.158253e+01 7.000000e+00
      vertex   2.022542e+00 1.146946e+01 7.000000e+00
    endloop
  endfacet
  facet normal -0.000000e+00 0.000000e+00 1.000000e+00
    outer loop
      vertex   2.022542e+00 1.146946e+01 7.000000e+00
      vertex   2.103134e+00 1.135160e+01 7.000000e+00
      vertex   4.499286e+00 1.400000e+01 7.000000e+00
    endloop
  endfacet
  facet normal 0.000000e+00 0.000000e+00 1.000000e+00
    outer loop
      vertex   4.499286e+00 1.400000e+01 7.000000e+00
      vertex   2.103134e+00 1.135160e+01 7.000000e+00
      vertex   2.176865e+00 1.122933e+01 7.000000e+00
    endloop
  endfacet
  facet normal 0.000000e+00 0.000000e+00 1.000000e+00
    outer loop
      vertex   4.499286e+00 1.400000e+01 7.000000e+00
      vertex   2.176865e+00 1.122933e+01 7.000000e+00
      vertex   2.243496e+00 1.110305e+01 7.000000e+00
    endloop
  endfacet
  facet normal -0.000000e+00 0.000000e+00 1.000000e+00
    outer loop
      vertex   2.243496e+00 1.110305e+01 7.000000e+00
      vertex   2.302809e+00 1.097318e+01 7.000000e+00
      vertex   4.499286e+00 1.400000e+01 7.000000e+00
    endloop
  endfacet
  facet normal 0.000000e+00 0.000000e+00 1.000000e+00
    outer loop
      vertex   4.499286e+00 1.400000e+01 7.000000e+00
      vertex   2.302809e+00 1.097318e+01 7.000000e+00
      vertex   2.354611e+00 1.084012e+01 7.000000e+00
    endloop
  endfacet
  facet normal 0.000000e+00 0.000000e+00 1.000000e+00
    outer loop
      vertex   4.499286e+00 1.400000e+01 7.000000e+00
      vertex   2.354611e+00 1.084012e+01 7.000000e+00
      vertex   2.398732e+00 1.070433e+01 7.000000e+00
    endloop
  endfacet
  facet normal -0.000000e+00 0.000000e+00 1.000000e+00
    outer loop
      vertex   2.398732e+00 1.070433e+01 7.000000e+00
      vertex   2.435030e+00 1.056624e+01 7.000000e+00
      vertex   4.499286e+00 1.400000e+01 7.000000e+00
    endloop
  endfacet
  facet normal 0.000000e+00 0.000000e+00 1.000000e+00
    outer loop
      vertex   4.499286e+00 1.400000e+01 7.000000e+00
      vertex   2.435030e+00 1.056624e+01 7.000000e+00
      vertex   2.463385e+00 1.042631e+01 7.000000e+00
    endloop
  endfacet
  facet normal 0.000000e+00 0.000000e+00 1.000000e+00
    outer loop
      vertex   4.499286e+00 1.400000e+01 7.000000e+00
      vertex   2.463385e+00 1.042631e+01 7.000000e+00
      vertex   2.483704e+00 1.028498e+01 7.000000e+00
    endloop
  endfacet
  facet normal -0.000000e+00 0.000000e+00 1.000000e+00
    outer loop
      vertex   2.483704e+00 1.028498e+01 7.000000e+00
      vertex   2.495923e+00 1.014272e+01 7.000000e+00
      vertex   4.499286e+00 1.400000e+01 7.000000e+00
    endloop
  endfacet
  facet normal 0.000000e+00 0.000000e+00 1.000000e+00
    outer loop
      vertex   4.499286e+00 1.400000e+01 7.000000e+00
      vertex   2.495923e+00 1.014272e+01 7.000000e+00
      vertex   2.500000e+00 1.000000e+01 7.000000e+00
    endloop
  endfacet
  facet normal 0.000000e+00 0.000000e+00 1.000000e+00
    outer loop
      vertex   4.499286e+00 1.400000e+01 7.000000e+00
      vertex   2.500000e+00 1.000000e+01 7.000000e+00
      vertex   2.495923e+00 9.857278e+00 7.000000e+00
    endloop
  endfacet
  facet normal -0.000000e+00 0.000000e+00 1.000000e+00
    outer loop
      vertex   2.495923e+00 9.857278e+00 7.000000e+00
      vertex   2.483704e+00 9.715021e+00 7.000000e+00
      vertex   4.499286e+00 1.400000e+01 7.000000e+00
    endloop
  endfacet
  facet normal 0.000000e+00 0.000000e+00 1.000000e+00
    outer loop
      vertex   4.499286e+00 1.400000e+01 7.000000e+00
      vertex   2.483704e+00 9.715021e+00 7.000000e+00
      vertex   2.463385e+00 9.573695e+00 7.000000e+00
    endloop
  endfacet
  facet normal 0.000000e+00 0.000000e+00 1.000000e+00
    outer loop
      vertex   4.499286e+00 1.400000e+01 7.000000e+00
      vertex   2.463385e+00 9.573695e+00 7.000000e+00
      vertex   2.435030e+00 9.433758e+00 7.000000e+00
    endloop
  endfacet
  facet normal 0.000000e+00 0.000000e+00 1.000000e+00
    outer loop
      vertex   -2.483704e+00 9.715021e+00 7.000000e+00
      vertex   -2.495923e+00 9.857278e+00 7.000000e+00
      vertex   -4.500000e+00 1.400000e+01 7.000000e+00
    endloop
  endfacet
  facet normal 0.000000e+00 0.000000e+00 1.000000e+00
    outer loop
      vertex   -2.786230e-01 -2.083772e+00 7.000000e+00
      vertex   -4.167556e-01 -2.063539e+00 7.000000e+00
      vertex   -4.500000e+00 -3.000000e+00 7.000000e+00
    endloop
  endfacet
  facet normal 0.000000e+00 0.000000e+00 1.000000e+00
    outer loop
      vertex   -4.500000e+00 -3.000000e+00 7.000000e+00
      vertex   -4.167556e-01 -2.063539e+00 7.000000e+00
      vertex   -5.534781e-01 -2.035308e+00 7.000000e+00
    endloop
  endfacet
  facet normal 0.000000e+00 0.000000e+00 1.000000e+00
    outer loop
      vertex   -4.500000e+00 -3.000000e+00 7.000000e+00
      vertex   -5.534781e-01 -2.035308e+00 7.000000e+00
      vertex   -6.883278e-01 -1.999175e+00 7.000000e+00
    endloop
  endfacet
  facet normal 0.000000e+00 0.000000e+00 1.000000e+00
    outer loop
      vertex   -6.883278e-01 -1.999175e+00 7.000000e+00
      vertex   -8.208483e-01 -1.955262e+00 7.000000e+00
      vertex   -4.500000e+00 -3.000000e+00 7.000000e+00
    endloop
  endfacet
  facet normal 0.000000e+00 0.000000e+00 1.000000e+00
    outer loop
      vertex   -4.500000e+00 -3.000000e+00 7.000000e+00
      vertex   -8.208483e-01 -1.955262e+00 7.000000e+00
      vertex   -9.505914e-01 -1.903719e+00 7.000000e+00
    endloop
  endfacet
  facet normal 0.000000e+00 0.000000e+00 1.000000e+00
    outer loop
      vertex   -4.500000e+00 -3.000000e+00 7.000000e+00
      vertex   -9.505914e-01 -1.903719e+00 7.000000e+00
      vertex   -1.077118e+00 -1.844718e+00 7.000000e+00
    endloop
  endfacet
  facet normal 0.000000e+00 0.000000e+00 1.000000e+00
    outer loop
      vertex   -1.077118e+00 -1.844718e+00 7.000000e+00
      vertex   -1.200000e+00 -1.778461e+00 7.000000e+00
      vertex   -4.500000e+00 -3.000000e+00 7.000000e+00
    endloop
  endfacet
  facet normal 0.000000e+00 0.000000e+00 1.000000e+00
    outer loop
      vertex   -4.500000e+00 -3.000000e+00 7.000000e+00
      vertex   -1.200000e+00 -1.778461e+00 7.000000e+00
      vertex   -1.318822e+00 -1.705171e+00 7.000000e+00
    endloop
  endfacet
  facet normal 0.000000e+00 0.000000e+00 1.000000e+00
    outer loop
      vertex   -4.500000e+00 -3.000000e+00 7.000000e+00
      vertex   -1.318822e+00 -1.705171e+00 7.000000e+00
      vertex   -1.433181e+00 -1.625096e+00 7.000000e+00
    endloop
  endfacet
  facet normal 0.000000e+00 0.000000e+00 1.000000e+00
    outer loop
      vertex   -1.433181e+00 -1.625096e+00 7.000000e+00
      vertex   -1.542690e+00 -1.538507e+00 7.000000e+00
      vertex   -4.500000e+00 -3.000000e+00 7.000000e+00
    endloop
  endfacet
  facet normal 0.000000e+00 0.000000e+00 1.000000e+00
    outer loop
      vertex   -4.500000e+00 -3.000000e+00 7.000000e+00
      vertex   -1.542690e+00 -1.538507e+00 7.000000e+00
      vertex   -1.646980e+00 -1.445697e+00 7.000000e+00
    endloop
  endfacet
  facet normal 0.000000e+00 0.000000e+00 1.000000e+00
    outer loop
      vertex   -4.500000e+00 -3.000000e+00 7.000000e+00
      vertex   -1.646980e+00 -1.445697e+00 7.000000e+00
      vertex   -1.745697e+00 -1.346980e+00 7.000000e+00
    endloop
  endfacet
  facet normal 0.000000e+00 0.000000e+00 1.000000e+00
    outer loop
      vertex   -1.745697e+00 -1.346980e+00 7.000000e+00
      vertex   -1.838507e+00 -1.242690e+00 7.000000e+00
      vertex   -4.500000e+00 -3.000000e+00 7.000000e+00
    endloop
  endfacet
  facet normal 0.000000e+00 0.000000e+00 1.000000e+00
    outer loop
      vertex   -4.500000e+00 -3.000000e+00 7.000000e+00
      vertex   -1.838507e+00 -1.242690e+00 7.000000e+00
      vertex   -1.925096e+00 -1.133181e+00 7.000000e+00
    endloop
  endfacet
  facet normal 0.000000e+00 0.000000e+00 1.000000e+00
    outer loop
      vertex   -4.500000e+00 -3.000000e+00 7.000000e+00
      vertex   -1.925096e+00 -1.133181e+00 7.000000e+00
      vertex   -2.005171e+00 -1.018822e+00 7.000000e+00
    endloop
  endfacet
  facet normal 0.000000e+00 0.000000e+00 1.000000e+00
    outer loop
      vertex   -2.005171e+00 -1.018822e+00 7.000000e+00
      vertex   -2.078461e+00 -9.000000e-01 7.000000e+00
      vertex   -4.500000e+00 -3.000000e+00 7.000000e+00
    endloop
  endfacet
  facet normal 0.000000e+00 0.000000e+00 1.000000e+00
    outer loop
      vertex   -4.500000e+00 -3.000000e+00 7.000000e+00
      vertex   -2.078461e+00 -9.000000e-01 7.000000e+00
      vertex   -2.144718e+00 -7.771181e-01 7.000000e+00
    endloop
  endfacet
  facet normal 0.000000e+00 0.000000e+00 1.000000e+00
    outer loop
      vertex   -4.500000e+00 -3.000000e+00 7.000000e+00
      vertex   -2.144718e+00 -7.771181e-01 7.000000e+00
      vertex   -2.203719e+00 -6.505915e-01 7.000000e+00
    endloop
  endfacet
  facet normal 0.000000e+00 0.000000e+00 1.000000e+00
    outer loop
      vertex   -2.203719e+00 -6.505915e-01 7.000000e+00
      vertex   -2.255262e+00 -5.208484e-01 7.000000e+00
      vertex   -4.500000e+00 -3.000000e+00 7.000000e+00
    endloop
  endfacet
  facet normal 0.000000e+00 0.000000e+00 1.000000e+00
    outer loop
      vertex   -4.500000e+00 -3.000000e+00 7.000000e+00
      vertex   -2.255262e+00 -5.208484e-01 7.000000e+00
      vertex   -2.299175e+00 -3.883278e-01 7.000000e+00
    endloop
  endfacet
  facet normal 0.000000e+00 0.000000e+00 1.000000e+00
    outer loop
      vertex   -4.500000e+00 -3.000000e+00 7.000000e+00
      vertex   -2.299175e+00 -3.883278e-01 7.000000e+00
      vertex   -2.335308e+00 -2.534781e-01 7.000000e+00
    endloop
  endfacet
  facet normal 0.000000e+00 0.000000e+00 1.000000e+00
    outer loop
      vertex   -2.335308e+00 -2.534781e-01 7.000000e+00
      vertex   -2.363539e+00 -1.167557e-01 7.000000e+00
      vertex   -4.500000e+00 -3.000000e+00 7.000000e+00
    endloop
  endfacet
  facet normal 0.000000e+00 0.000000e+00 1.000000e+00
    outer loop
      vertex   -4.500000e+00 -3.000000e+00 7.000000e+00
      vertex   -2.363539e+00 -1.167557e-01 7.000000e+00
      vertex   -2.383772e+00 2.137696e-02 7.000000e+00
    endloop
  endfacet
  facet normal 0.000000e+00 0.000000e+00 1.000000e+00
    outer loop
      vertex   -4.500000e+00 -3.000000e+00 7.000000e+00
      vertex   -2.383772e+00 2.137696e-02 7.000000e+00
      vertex   -2.395940e+00 1.604524e-01 7.000000e+00
    endloop
  endfacet
  facet normal 0.000000e+00 0.000000e+00 1.000000e+00
    outer loop
      vertex   -2.395940e+00 1.604524e-01 7.000000e+00
      vertex   -2.400000e+00 3.000000e-01 7.000000e+00
      vertex   -4.500000e+00 -3.000000e+00 7.000000e+00
    endloop
  endfacet
  facet normal 0.000000e+00 0.000000e+00 1.000000e+00
    outer loop
      vertex   -4.500000e+00 -3.000000e+00 7.000000e+00
      vertex   -2.400000e+00 3.000000e-01 7.000000e+00
      vertex   -2.395940e+00 4.395475e-01 7.000000e+00
    endloop
  endfacet
  facet normal 0.000000e+00 0.000000e+00 1.000000e+00
    outer loop
      vertex   -4.500000e+00 -3.000000e+00 7.000000e+00
      vertex   -2.395940e+00 4.395475e-01 7.000000e+00
      vertex   -2.383772e+00 5.786229e-01 7.000000e+00
    endloop
  endfacet
  facet normal 0.000000e+00 -0.000000e+00 1.000000e+00
    outer loop
      vertex   -2.383772e+00 5.786229e-01 7.000000e+00
      vertex   -2.363539e+00 7.167556e-01 7.000000e+00
      vertex   -4.500000e+00 -3.000000e+00 7.000000e+00
    endloop
  endfacet
  facet normal 0.000000e+00 0.000000e+00 1.000000e+00
    outer loop
      vertex   -4.500000e+00 -3.000000e+00 7.000000e+00
      vertex   -2.363539e+00 7.167556e-01 7.000000e+00
      vertex   -2.335308e+00 8.534780e-01 7.000000e+00
    endloop
  endfacet
  facet normal 0.000000e+00 0.000000e+00 1.000000e+00
    outer loop
      vertex   -4.500000e+00 -3.000000e+00 7.000000e+00
      vertex   -2.335308e+00 8.534780e-01 7.000000e+00
      vertex   -2.299175e+00 9.883277e-01 7.000000e+00
    endloop
  endfacet
  facet normal 0.000000e+00 0.000000e+00 1.000000e+00
    outer loop
      vertex   2.299175e+00 9.883277e-01 7.000000e+00
      vertex   2.335308e+00 8.534780e-01 7.000000e+00
      vertex   4.499286e+00 -3.000000e+00 7.000000e+00
    endloop
  endfacet
  facet normal 0.000000e+00 0.000000e+00 1.000000e+00
    outer loop
      vertex   4.499286e+00 -3.000000e+00 7.000000e+00
      vertex   2.335308e+00 8.534780e-01 7.000000e+00
      vertex   2.363539e+00 7.167556e-01 7.000000e+00
    endloop
  endfacet
  facet normal 0.000000e+00 0.000000e+00 1.000000e+00
    outer loop
      vertex   4.499286e+00 -3.000000e+00 7.000000e+00
      vertex   2.363539e+00 7.167556e-01 7.000000e+00
      vertex   2.383772e+00 5.786229e-01 7.000000e+00
    endloop
  endfacet
  facet normal 0.000000e+00 0.000000e+00 1.000000e+00
    outer loop
      vertex   2.383772e+00 5.786229e-01 7.000000e+00
      vertex   2.395940e+00 4.395475e-01 7.000000e+00
      vertex   4.499286e+00 -3.000000e+00 7.000000e+00
    endloop
  endfacet
  facet normal 0.000000e+00 0.000000e+00 1.000000e+00
    outer loop
      vertex   4.499286e+00 -3.000000e+00 7.000000e+00
      vertex   2.395940e+00 4.395475e-01 7.000000e+00
      vertex   2.400000e+00 3.000000e-01 7.000000e+00
    endloop
  endfacet
  facet normal 0.000000e+00 0.000000e+00 1.000000e+00
    outer loop
      vertex   4.499286e+00 -3.000000e+00 7.000000e+00
      vertex   2.400000e+00 3.000000e-01 7.000000e+00
      vertex   2.395940e+00 1.604524e-01 7.000000e+00
    endloop
  endfacet
  facet normal 0.000000e+00 0.000000e+00 1.000000e+00
    outer loop
      vertex   2.395940e+00 1.604524e-01 7.000000e+00
      vertex   2.383772e+00 2.137696e-02 7.000000e+00
      vertex   4.499286e+00 -3.000000e+00 7.000000e+00
    endloop
  endfacet
  facet normal 0.000000e+00 0.000000e+00 1.000000e+00
    outer loop
      vertex   4.499286e+00 -3.000000e+00 7.000000e+00
      vertex   2.383772e+00 2.137696e-02 7.000000e+00
      vertex   2.363539e+00 -1.167557e-01 7.000000e+00
    endloop
  endfacet
  facet normal 0.000000e+00 0.000000e+00 1.000000e+00
    outer loop
      vertex   4.499286e+00 -3.000000e+00 7.000000e+00
      vertex   2.363539e+00 -1.167557e-01 7.000000e+00
      vertex   2.335308e+00 -2.534781e-01 7.000000e+00
    endloop
  endfacet
  facet normal 0.000000e+00 0.000000e+00 1.000000e+00
    outer loop
      vertex   2.335308e+00 -2.534781e-01 7.000000e+00
      vertex   2.299175e+00 -3.883278e-01 7.000000e+00
      vertex   4.499286e+00 -3.000000e+00 7.000000e+00
    endloop
  endfacet
  facet normal 0.000000e+00 0.000000e+00 1.000000e+00
    outer loop
      vertex   4.499286e+00 -3.000000e+00 7.000000e+00
      vertex   2.299175e+00 -3.883278e-01 7.000000e+00
      vertex   2.255262e+00 -5.208484e-01 7.000000e+00
    endloop
  endfacet
  facet normal 0.000000e+00 0.000000e+00 1.000000e+00
    outer loop
      vertex   4.499286e+00 -3.000000e+00 7.000000e+00
      vertex   2.255262e+00 -5.208484e-01 7.000000e+00
      vertex   2.203719e+00 -6.505915e-01 7.000000e+00
    endloop
  endfacet
  facet normal 0.000000e+00 0.000000e+00 1.000000e+00
    outer loop
      vertex   2.203719e+00 -6.505915e-01 7.000000e+00
      vertex   2.144718e+00 -7.771181e-01 7.000000e+00
      vertex   4.499286e+00 -3.000000e+00 7.000000e+00
    endloop
  endfacet
  facet normal 0.000000e+00 0.000000e+00 1.000000e+00
    outer loop
      vertex   4.499286e+00 -3.000000e+00 7.000000e+00
      vertex   2.144718e+00 -7.771181e-01 7.000000e+00
      vertex   2.078461e+00 -9.000000e-01 7.000000e+00
    endloop
  endfacet
  facet normal 0.000000e+00 0.000000e+00 1.000000e+00
    outer loop
      vertex   4.499286e+00 -3.000000e+00 7.000000e+00
      vertex   2.078461e+00 -9.000000e-01 7.000000e+00
      vertex   2.005171e+00 -1.018822e+00 7.000000e+00
    endloop
  endfacet
  facet normal 0.000000e+00 0.000000e+00 1.000000e+00
    outer loop
      vertex   2.005171e+00 -1.018822e+00 7.000000e+00
      vertex   1.925096e+00 -1.133181e+00 7.000000e+00
      vertex   4.499286e+00 -3.000000e+00 7.000000e+00
    endloop
  endfacet
  facet normal 0.000000e+00 0.000000e+00 1.000000e+00
    outer loop
      vertex   4.499286e+00 -3.000000e+00 7.000000e+00
      vertex   1.925096e+00 -1.133181e+00 7.000000e+00
      vertex   1.838507e+00 -1.242690e+00 7.000000e+00
    endloop
  endfacet
  facet normal 0.000000e+00 0.000000e+00 1.000000e+00
    outer loop
      vertex   4.499286e+00 -3.000000e+00 7.000000e+00
      vertex   1.838507e+00 -1.242690e+00 7.000000e+00
      vertex   1.745697e+00 -1.346980e+00 7.000000e+00
    endloop
  endfacet
  facet normal 0.000000e+00 0.000000e+00 1.000000e+00
    outer loop
      vertex   1.745697e+00 -1.346980e+00 7.000000e+00
      vertex   1.646980e+00 -1.445697e+00 7.000000e+00
      vertex   4.499286e+00 -3.000000e+00 7.000000e+00
    endloop
  endfacet
  facet normal 0.000000e+00 0.000000e+00 1.000000e+00
    outer loop
      vertex   4.499286e+00 -3.000000e+00 7.000000e+00
      vertex   1.646980e+00 -1.445697e+00 7.000000e+00
      vertex   1.542690e+00 -1.538507e+00 7.000000e+00
    endloop
  endfacet
  facet normal 0.000000e+00 0.000000e+00 1.000000e+00
    outer loop
      vertex   4.499286e+00 -3.000000e+00 7.000000e+00
      vertex   1.542690e+00 -1.538507e+00 7.000000e+00
      vertex   1.433181e+00 -1.625096e+00 7.000000e+00
    endloop
  endfacet
  facet normal 0.000000e+00 0.000000e+00 1.000000e+00
    outer loop
      vertex   1.433181e+00 -1.625096e+00 7.000000e+00
      vertex   1.318822e+00 -1.705171e+00 7.000000e+00
      vertex   4.499286e+00 -3.000000e+00 7.000000e+00
    endloop
  endfacet
  facet normal 0.000000e+00 0.000000e+00 1.000000e+00
    outer loop
      vertex   4.499286e+00 -3.000000e+00 7.000000e+00
      vertex   1.318822e+00 -1.705171e+00 7.000000e+00
      vertex   1.200000e+00 -1.778461e+00 7.000000e+00
    endloop
  endfacet
  facet normal 0.000000e+00 0.000000e+00 1.000000e+00
    outer loop
      vertex   4.499286e+00 -3.000000e+00 7.000000e+00
      vertex   1.200000e+00 -1.778461e+00 7.000000e+00
      vertex   1.077118e+00 -1.844718e+00 7.000000e+00
    endloop
  endfacet
  facet normal 0.000000e+00 0.000000e+00 1.000000e+00
    outer loop
      vertex   1.077118e+00 -1.844718e+00 7.000000e+00
      vertex   9.505914e-01 -1.903719e+00 7.000000e+00
      vertex   4.499286e+00 -3.000000e+00 7.000000e+00
    endloop
  endfacet
  facet normal 0.000000e+00 0.000000e+00 1.000000e+00
    outer loop
      vertex   4.499286e+00 -3.000000e+00 7.000000e+00
      vertex   9.505914e-01 -1.903719e+00 7.000000e+00
      vertex   8.208483e-01 -1.955262e+00 7.000000e+00
    endloop
  endfacet
  facet normal 0.000000e+00 0.000000e+00 1.000000e+00
    outer loop
      vertex   4.499286e+00 -3.000000e+00 7.000000e+00
      vertex   8.208483e-01 -1.955262e+00 7.000000e+00
      vertex   6.883278e-01 -1.999175e+00 7.000000e+00
    endloop
  endfacet
  facet normal 0.000000e+00 0.000000e+00 1.000000e+00
    outer loop
      vertex   6.883278e-01 -1.999175e+00 7.000000e+00
      vertex   5.534781e-01 -2.035308e+00 7.000000e+00
      vertex   4.499286e+00 -3.000000e+00 7.000000e+00
    endloop
  endfacet
  facet normal 0.000000e+00 0.000000e+00 1.000000e+00
    outer loop
      vertex   4.499286e+00 -3.000000e+00 7.000000e+00
      vertex   5.534781e-01 -2.035308e+00 7.000000e+00
      vertex   4.167556e-01 -2.063539e+00 7.000000e+00
    endloop
  endfacet
  facet normal 0.000000e+00 0.000000e+00 1.000000e+00
    outer loop
      vertex   4.499286e+00 -3.000000e+00 7.000000e+00
      vertex   4.167556e-01 -2.063539e+00 7.000000e+00
      vertex   2.786230e-01 -2.083772e+00 7.000000e+00
    endloop
  endfacet
  facet normal 0.000000e+00 0.000000e+00 1.000000e+00
    outer loop
      vertex   2.786230e-01 -2.083772e+00 7.000000e+00
      vertex   1.395476e-01 -2.095940e+00 7.000000e+00
      vertex   4.499286e+00 -3.000000e+00 7.000000e+00
    endloop
  endfacet
  facet normal 0.000000e+00 0.000000e+00 1.000000e+00
    outer loop
      vertex   4.499286e+00 -3.000000e+00 7.000000e+00
      vertex   1.395476e-01 -2.095940e+00 7.000000e+00
      vertex   0.000000e+00 -2.100000e+00 7.000000e+00
    endloop
  endfacet
  facet normal 0.000000e+00 -7.337274e-01 6.794440e-01
    outer loop
      vertex   2.599286e+00 6.241824e+00 1.839021e+00
      vertex   -3.569154e-04 6.252821e+00 1.850896e+00
      vertex   -2.600000e+00 6.241824e+00 1.839021e+00
    endloop
  endfacet
  facet normal 0.000000e+00 -7.337274e-01 6.794440e-01
    outer loop
      vertex   -2.600000e+00 6.241824e+00 1.839021e+00
      vertex   -3.569154e-04 6.252821e+00 1.850896e+00
      vertex   -2.250178e+00 6.252821e+00 1.850896e+00
    endloop
  endfacet
  facet normal 0.000000e+00 -7.337274e-01 6.794440e-01
    outer loop
      vertex   -2.600000e+00 6.241824e+00 1.839021e+00
      vertex   -2.250178e+00 6.252821e+00 1.850896e+00
      vertex   -4.500000e+00 6.252821e+00 1.850896e+00
    endloop
  endfacet
  facet normal 0.000000e+00 -7.598452e-01 6.501041e-01
    outer loop
      vertex   -4.500000e+00 6.252821e+00 1.850896e+00
      vertex   -2.250178e+00 6.252821e+00 1.850896e+00
      vertex   -4.500000e+00 6.329114e+00 1.940067e+00
    endloop
  endfacet
  facet normal 0.000000e+00 -7.598452e-01 6.501041e-01
    outer loop
      vertex   -4.500000e+00 6.329114e+00 1.940067e+00
      vertex   -2.250178e+00 6.252821e+00 1.850896e+00
      vertex   -2.250178e+00 6.329114e+00 1.940067e+00
    endloop
  endfacet
  facet normal 0.000000e+00 -8.028861e-01 5.961325e-01
    outer loop
      vertex   -4.500000e+00 6.329114e+00 1.940067e+00
      vertex   -2.250178e+00 6.329114e+00 1.940067e+00
      vertex   -4.500000e+00 6.399073e+00 2.034290e+00
    endloop
  endfacet
  facet normal 0.000000e+00 -8.028861e-01 5.961325e-01
    outer loop
      vertex   -4.500000e+00 6.399073e+00 2.034290e+00
      vertex   -2.250178e+00 6.329114e+00 1.940067e+00
      vertex   -2.250178e+00 6.399073e+00 2.034290e+00
    endloop
  endfacet
  facet normal 0.000000e+00 -8.421009e-01 5.393200e-01
    outer loop
      vertex   -4.500000e+00 6.399073e+00 2.034290e+00
      vertex   -2.250178e+00 6.399073e+00 2.034290e+00
      vertex   -4.500000e+00 6.462364e+00 2.133115e+00
    endloop
  endfacet
  facet normal 0.000000e+00 -8.421009e-01 5.393200e-01
    outer loop
      vertex   -4.500000e+00 6.462364e+00 2.133115e+00
      vertex   -2.250178e+00 6.399073e+00 2.034290e+00
      vertex   -2.250178e+00 6.462364e+00 2.133115e+00
    endloop
  endfacet
  facet normal 0.000000e+00 -8.773027e-01 4.799375e-01
    outer loop
      vertex   -4.500000e+00 6.462364e+00 2.133115e+00
      vertex   -2.250178e+00 6.462364e+00 2.133115e+00
      vertex   -4.500000e+00 6.518687e+00 2.236070e+00
    endloop
  endfacet
  facet normal 0.000000e+00 -8.773027e-01 4.799375e-01
    outer loop
      vertex   -4.500000e+00 6.518687e+00 2.236070e+00
      vertex   -2.250178e+00 6.462364e+00 2.133115e+00
      vertex   -2.250178e+00 6.518687e+00 2.236070e+00
    endloop
  endfacet
  facet normal 0.000000e+00 -9.083238e-01 4.182678e-01
    outer loop
      vertex   -4.500000e+00 6.518687e+00 2.236070e+00
      vertex   -2.250178e+00 6.518687e+00 2.236070e+00
      vertex   -4.500000e+00 6.567773e+00 2.342667e+00
    endloop
  endfacet
  facet normal 0.000000e+00 -9.083238e-01 4.182678e-01
    outer loop
      vertex   -4.500000e+00 6.567773e+00 2.342667e+00
      vertex   -2.250178e+00 6.518687e+00 2.236070e+00
      vertex   -2.250178e+00 6.567773e+00 2.342667e+00
    endloop
  endfacet
  facet normal 0.000000e+00 -9.350162e-01 3.546049e-01
    outer loop
      vertex   -4.500000e+00 6.567773e+00 2.342667e+00
      vertex   -2.250178e+00 6.567773e+00 2.342667e+00
      vertex   -4.500000e+00 6.609388e+00 2.452395e+00
    endloop
  endfacet
  facet normal -6.999498e-17 -9.350162e-01 3.546049e-01
    outer loop
      vertex   -4.500000e+00 6.609388e+00 2.452395e+00
      vertex   -2.250178e+00 6.567773e+00 2.342667e+00
      vertex   -2.250178e+00 6.609388e+00 2.452395e+00
    endloop
  endfacet
  facet normal -5.709508e-17 -9.572530e-01 2.892521e-01
    outer loop
      vertex   -4.500000e+00 6.609388e+00 2.452395e+00
      vertex   -2.250178e+00 6.609388e+00 2.452395e+00
      vertex   -4.500000e+00 6.643333e+00 2.564734e+00
    endloop
  endfacet
  facet normal 0.000000e+00 -9.572530e-01 2.892521e-01
    outer loop
      vertex   -4.500000e+00 6.643333e+00 2.564734e+00
      vertex   -2.250178e+00 6.609388e+00 2.452395e+00
      vertex   -2.250178e+00 6.643333e+00 2.564734e+00
    endloop
  endfacet
  facet normal 0.000000e+00 -9.749279e-01 2.225209e-01
    outer loop
      vertex   -4.500000e+00 6.643333e+00 2.564734e+00
      vertex   -2.250178e+00 6.643333e+00 2.564734e+00
      vertex   -4.500000e+00 6.669447e+00 2.679146e+00
    endloop
  endfacet
  facet normal -4.392310e-17 -9.749279e-01 2.225209e-01
    outer loop
      vertex   -4.500000e+00 6.669447e+00 2.679146e+00
      vertex   -2.250178e+00 6.643333e+00 2.564734e+00
      vertex   -2.250178e+00 6.669447e+00 2.679146e+00
    endloop
  endfacet
  facet normal -3.054181e-17 -9.879569e-01 1.547293e-01
    outer loop
      vertex   -4.500000e+00 6.669447e+00 2.679146e+00
      vertex   -2.250178e+00 6.669447e+00 2.679146e+00
      vertex   -4.500000e+00 6.687605e+00 2.795088e+00
    endloop
  endfacet
  facet normal 3.054181e-17 -9.879569e-01 1.547293e-01
    outer loop
      vertex   -4.500000e+00 6.687605e+00 2.795088e+00
      vertex   -2.250178e+00 6.669447e+00 2.679146e+00
      vertex   -2.250178e+00 6.687605e+00 2.795088e+00
    endloop
  endfacet
  facet normal 1.701498e-17 -9.962778e-01 8.620038e-02
    outer loop
      vertex   -4.500000e+00 6.687605e+00 2.795088e+00
      vertex   -2.250178e+00 6.687605e+00 2.795088e+00
      vertex   -4.500000e+00 6.697721e+00 2.912006e+00
    endloop
  endfacet
  facet normal 1.701498e-17 -9.962778e-01 8.620038e-02
    outer loop
      vertex   -4.500000e+00 6.697721e+00 2.912006e+00
      vertex   -2.250178e+00 6.687605e+00 2.795088e+00
      vertex   -2.250178e+00 6.697721e+00 2.912006e+00
    endloop
  endfacet
  facet normal 3.407054e-18 -9.998510e-01 1.726064e-02
    outer loop
      vertex   -4.500000e+00 6.697721e+00 2.912006e+00
      vertex   -2.250178e+00 6.697721e+00 2.912006e+00
      vertex   -4.500000e+00 6.699747e+00 3.029343e+00
    endloop
  endfacet
  facet normal 3.407054e-18 -9.998510e-01 1.726064e-02
    outer loop
      vertex   -4.500000e+00 6.699747e+00 3.029343e+00
      vertex   -2.250178e+00 6.697721e+00 2.912006e+00
      vertex   -2.250178e+00 6.699747e+00 3.029343e+00
    endloop
  endfacet
  facet normal -1.021710e-17 -9.986595e-01 -5.176135e-02
    outer loop
      vertex   -4.500000e+00 6.699747e+00 3.029343e+00
      vertex   -2.250178e+00 6.699747e+00 3.029343e+00
      vertex   -4.500000e+00 6.693672e+00 3.146541e+00
    endloop
  endfacet
  facet normal 0.000000e+00 -9.986595e-01 -5.176135e-02
    outer loop
      vertex   -4.500000e+00 6.693672e+00 3.146541e+00
      vertex   -2.250178e+00 6.699747e+00 3.029343e+00
      vertex   -2.250178e+00 6.693672e+00 3.146541e+00
    endloop
  endfacet
  facet normal 0.000000e+00 -9.927089e-01 -1.205367e-01
    outer loop
      vertex   -4.500000e+00 6.693672e+00 3.146541e+00
      vertex   -2.250178e+00 6.693672e+00 3.146541e+00
      vertex   -4.500000e+00 6.679527e+00 3.263040e+00
    endloop
  endfacet
  facet normal 0.000000e+00 -9.927089e-01 -1.205367e-01
    outer loop
      vertex   -4.500000e+00 6.679527e+00 3.263040e+00
      vertex   -2.250178e+00 6.693672e+00 3.146541e+00
      vertex   -2.250178e+00 6.679527e+00 3.263040e+00
    endloop
  endfacet
  facet normal 0.000000e+00 -9.820276e-01 -1.887376e-01
    outer loop
      vertex   -4.500000e+00 6.679527e+00 3.263040e+00
      vertex   -2.250178e+00 6.679527e+00 3.263040e+00
      vertex   -4.500000e+00 6.657378e+00 3.378286e+00
    endloop
  endfacet
  facet normal 0.000000e+00 -9.820276e-01 -1.887376e-01
    outer loop
      vertex   -4.500000e+00 6.657378e+00 3.378286e+00
      vertex   -2.250178e+00 6.679527e+00 3.263040e+00
      vertex   -2.250178e+00 6.657378e+00 3.378286e+00
    endloop
  endfacet
  facet normal 0.000000e+00 -9.666664e-01 -2.560391e-01
    outer loop
      vertex   -4.500000e+00 6.657378e+00 3.378286e+00
      vertex   -2.250178e+00 6.657378e+00 3.378286e+00
      vertex   -4.500000e+00 6.627330e+00 3.491729e+00
    endloop
  endfacet
  facet normal 0.000000e+00 -9.666664e-01 -2.560391e-01
    outer loop
      vertex   -4.500000e+00 6.627330e+00 3.491729e+00
      vertex   -2.250178e+00 6.657378e+00 3.378286e+00
      vertex   -2.250178e+00 6.627330e+00 3.491729e+00
    endloop
  endfacet
  facet normal 0.000000e+00 -9.466987e-01 -3.221204e-01
    outer loop
      vertex   -4.500000e+00 6.627330e+00 3.491729e+00
      vertex   -2.250178e+00 6.627330e+00 3.491729e+00
      vertex   -4.500000e+00 6.589528e+00 3.602828e+00
    endloop
  endfacet
  facet normal 0.000000e+00 -9.466987e-01 -3.221204e-01
    outer loop
      vertex   -4.500000e+00 6.589528e+00 3.602828e+00
      vertex   -2.250178e+00 6.627330e+00 3.491729e+00
      vertex   -2.250178e+00 6.589528e+00 3.602828e+00
    endloop
  endfacet
  facet normal 0.000000e+00 -9.222195e-01 -3.866667e-01
    outer loop
      vertex   -4.500000e+00 6.589528e+00 3.602828e+00
      vertex   -2.250178e+00 6.589528e+00 3.602828e+00
      vertex   -4.500000e+00 6.544150e+00 3.711055e+00
    endloop
  endfacet
  facet normal 7.632362e-17 -9.222195e-01 -3.866667e-01
    outer loop
      vertex   -4.500000e+00 6.544150e+00 3.711055e+00
      vertex   -2.250178e+00 6.589528e+00 3.602828e+00
      vertex   -2.250178e+00 6.544150e+00 3.711055e+00
    endloop
  endfacet
  facet normal 8.870061e-17 -8.933455e-01 -4.493704e-01
    outer loop
      vertex   -4.500000e+00 6.544150e+00 3.711055e+00
      vertex   -2.250178e+00 6.544150e+00 3.711055e+00
      vertex   -4.500000e+00 6.491415e+00 3.815894e+00
    endloop
  endfacet
  facet normal 0.000000e+00 -8.933455e-01 -4.493704e-01
    outer loop
      vertex   -4.500000e+00 6.491415e+00 3.815894e+00
      vertex   -2.250178e+00 6.544150e+00 3.711055e+00
      vertex   -2.250178e+00 6.491415e+00 3.815894e+00
    endloop
  endfacet
  facet normal 0.000000e+00 -8.602144e-01 -5.099326e-01
    outer loop
      vertex   -4.500000e+00 6.491415e+00 3.815894e+00
      vertex   -2.250178e+00 6.491415e+00 3.815894e+00
      vertex   -4.500000e+00 6.431572e+00 3.916844e+00
    endloop
  endfacet
  facet normal 1.006549e-16 -8.602144e-01 -5.099326e-01
    outer loop
      vertex   -4.500000e+00 6.431572e+00 3.916844e+00
      vertex   -2.250178e+00 6.491415e+00 3.815894e+00
      vertex   -2.250178e+00 6.431572e+00 3.916844e+00
    endloop
  endfacet
  facet normal 1.121295e-16 -8.229839e-01 -5.680647e-01
    outer loop
      vertex   -4.500000e+00 6.431572e+00 3.916844e+00
      vertex   -2.250178e+00 6.431572e+00 3.916844e+00
      vertex   -4.500000e+00 6.364906e+00 4.013425e+00
    endloop
  endfacet
  facet normal 2.242591e-16 -8.229839e-01 -5.680647e-01
    outer loop
      vertex   -4.500000e+00 6.364906e+00 4.013425e+00
      vertex   -2.250178e+00 6.431572e+00 3.916844e+00
      vertex   -2.250178e+00 6.364906e+00 4.013425e+00
    endloop
  endfacet
  facet normal 2.461396e-16 -7.818315e-01 -6.234898e-01
    outer loop
      vertex   -4.500000e+00 6.364906e+00 4.013425e+00
      vertex   -2.250178e+00 6.364906e+00 4.013425e+00
      vertex   -4.500000e+00 6.291737e+00 4.105177e+00
    endloop
  endfacet
  facet normal 0.000000e+00 -7.818315e-01 -6.234898e-01
    outer loop
      vertex   -4.500000e+00 6.291737e+00 4.105177e+00
      vertex   -2.250178e+00 6.364906e+00 4.013425e+00
      vertex   -2.250178e+00 6.291737e+00 4.105177e+00
    endloop
  endfacet
  facet normal 0.000000e+00 -7.369533e-01 -6.759436e-01
    outer loop
      vertex   -4.500000e+00 6.291737e+00 4.105177e+00
      vertex   -2.250178e+00 6.291737e+00 4.105177e+00
      vertex   -4.500000e+00 6.212412e+00 4.191662e+00
    endloop
  endfacet
  facet normal 0.000000e+00 -7.369533e-01 -6.759436e-01
    outer loop
      vertex   -4.500000e+00 6.212412e+00 4.191662e+00
      vertex   -2.250178e+00 6.291737e+00 4.105177e+00
      vertex   -2.250178e+00 6.212412e+00 4.191662e+00
    endloop
  endfacet
  facet normal 0.000000e+00 -6.885632e-01 -7.251763e-01
    outer loop
      vertex   -4.500000e+00 6.212412e+00 4.191662e+00
      vertex   -2.250178e+00 6.212412e+00 4.191662e+00
      vertex   -4.500000e+00 6.127309e+00 4.272468e+00
    endloop
  endfacet
  facet normal 0.000000e+00 -6.885632e-01 -7.251763e-01
    outer loop
      vertex   -4.500000e+00 6.127309e+00 4.272468e+00
      vertex   -2.250178e+00 6.212412e+00 4.191662e+00
      vertex   -2.250178e+00 6.127309e+00 4.272468e+00
    endloop
  endfacet
  facet normal 0.000000e+00 -6.368918e-01 -7.709532e-01
    outer loop
      vertex   -4.500000e+00 6.127309e+00 4.272468e+00
      vertex   -2.250178e+00 6.127309e+00 4.272468e+00
      vertex   -4.500000e+00 6.036833e+00 4.347211e+00
    endloop
  endfacet
  facet normal 0.000000e+00 -6.368918e-01 -7.709532e-01
    outer loop
      vertex   -4.500000e+00 6.036833e+00 4.347211e+00
      vertex   -2.250178e+00 6.127309e+00 4.272468e+00
      vertex   -2.250178e+00 6.036833e+00 4.347211e+00
    endloop
  endfacet
  facet normal 0.000000e+00 -5.821853e-01 -8.130561e-01
    outer loop
      vertex   -4.500000e+00 6.036833e+00 4.347211e+00
      vertex   -2.250178e+00 6.036833e+00 4.347211e+00
      vertex   -4.500000e+00 5.941417e+00 4.415533e+00
    endloop
  endfacet
  facet normal 0.000000e+00 -5.821853e-01 -8.130561e-01
    outer loop
      vertex   -4.500000e+00 5.941417e+00 4.415533e+00
      vertex   -2.250178e+00 6.036833e+00 4.347211e+00
      vertex   -2.250178e+00 5.941417e+00 4.415533e+00
    endloop
  endfacet
  facet normal 0.000000e+00 -5.247045e-01 -8.512844e-01
    outer loop
      vertex   -4.500000e+00 5.941417e+00 4.415533e+00
      vertex   -2.250178e+00 5.941417e+00 4.415533e+00
      vertex   -4.500000e+00 5.841515e+00 4.477110e+00
    endloop
  endfacet
  facet normal 0.000000e+00 -5.247045e-01 -8.512844e-01
    outer loop
      vertex   -4.500000e+00 5.841515e+00 4.477110e+00
      vertex   -2.250178e+00 5.941417e+00 4.415533e+00
      vertex   -2.250178e+00 5.841515e+00 4.477110e+00
    endloop
  endfacet
  facet normal 0.000000e+00 -4.647232e-01 -8.854560e-01
    outer loop
      vertex   -4.500000e+00 5.841515e+00 4.477110e+00
      vertex   -2.250178e+00 5.841515e+00 4.477110e+00
      vertex   -4.500000e+00 5.737602e+00 4.531647e+00
    endloop
  endfacet
  facet normal 0.000000e+00 -4.647232e-01 -8.854560e-01
    outer loop
      vertex   -4.500000e+00 5.737602e+00 4.531647e+00
      vertex   -2.250178e+00 5.841515e+00 4.477110e+00
      vertex   -2.250178e+00 5.737602e+00 4.531647e+00
    endloop
  endfacet
  facet normal 0.000000e+00 -4.025272e-01 -9.154080e-01
    outer loop
      vertex   -4.500000e+00 5.737602e+00 4.531647e+00
      vertex   -2.250178e+00 5.737602e+00 4.531647e+00
      vertex   -4.500000e+00 5.630175e+00 4.578886e+00
    endloop
  endfacet
  facet normal 0.000000e+00 -4.025272e-01 -9.154080e-01
    outer loop
      vertex   -4.500000e+00 5.630175e+00 4.578886e+00
      vertex   -2.250178e+00 5.737602e+00 4.531647e+00
      vertex   -2.250178e+00 5.630175e+00 4.578886e+00
    endloop
  endfacet
  facet normal 0.000000e+00 -3.384131e-01 -9.409977e-01
    outer loop
      vertex   -4.500000e+00 5.630175e+00 4.578886e+00
      vertex   -2.250178e+00 5.630175e+00 4.578886e+00
      vertex   -4.500000e+00 5.519744e+00 4.618600e+00
    endloop
  endfacet
  facet normal 0.000000e+00 -3.384131e-01 -9.409977e-01
    outer loop
      vertex   -4.500000e+00 5.519744e+00 4.618600e+00
      vertex   -2.250178e+00 5.630175e+00 4.578886e+00
      vertex   -2.250178e+00 5.519744e+00 4.618600e+00
    endloop
  endfacet
  facet normal 0.000000e+00 -2.726862e-01 -9.621030e-01
    outer loop
      vertex   -4.500000e+00 5.519744e+00 4.618600e+00
      vertex   -2.250178e+00 5.519744e+00 4.618600e+00
      vertex   -4.500000e+00 5.406837e+00 4.650601e+00
    endloop
  endfacet
  facet normal 0.000000e+00 -2.726862e-01 -9.621030e-01
    outer loop
      vertex   -4.500000e+00 5.406837e+00 4.650601e+00
      vertex   -2.250178e+00 5.519744e+00 4.618600e+00
      vertex   -2.250178e+00 5.406837e+00 4.650601e+00
    endloop
  endfacet
  facet normal 0.000000e+00 -2.056599e-01 -9.786235e-01
    outer loop
      vertex   -4.500000e+00 5.406837e+00 4.650601e+00
      vertex   -2.250178e+00 5.406837e+00 4.650601e+00
      vertex   -4.500000e+00 5.291990e+00 4.674736e+00
    endloop
  endfacet
  facet normal 0.000000e+00 -2.056599e-01 -9.786235e-01
    outer loop
      vertex   -4.500000e+00 5.291990e+00 4.674736e+00
      vertex   -2.250178e+00 5.406837e+00 4.650601e+00
      vertex   -2.250178e+00 5.291990e+00 4.674736e+00
    endloop
  endfacet
  facet normal 0.000000e+00 -1.376535e-01 -9.904804e-01
    outer loop
      vertex   -4.500000e+00 5.291990e+00 4.674736e+00
      vertex   -2.250178e+00 5.291990e+00 4.674736e+00
      vertex   -4.500000e+00 5.175753e+00 4.690891e+00
    endloop
  endfacet
  facet normal 0.000000e+00 -1.376535e-01 -9.904804e-01
    outer loop
      vertex   -4.500000e+00 5.175753e+00 4.690891e+00
      vertex   -2.250178e+00 5.291990e+00 4.674736e+00
      vertex   -2.250178e+00 5.175753e+00 4.690891e+00
    endloop
  endfacet
  facet normal 0.000000e+00 -6.899114e-02 -9.976173e-01
    outer loop
      vertex   -4.500000e+00 5.175753e+00 4.690891e+00
      vertex   -2.250178e+00 5.175753e+00 4.690891e+00
      vertex   -4.500000e+00 5.058678e+00 4.698987e+00
    endloop
  endfacet
  facet normal 0.000000e+00 -6.899114e-02 -9.976173e-01
    outer loop
      vertex   -4.500000e+00 5.058678e+00 4.698987e+00
      vertex   -2.250178e+00 5.175753e+00 4.690891e+00
      vertex   -2.250178e+00 5.058678e+00 4.698987e+00
    endloop
  endfacet
  facet normal 0.000000e+00 0.000000e+00 -1.000000e+00
    outer loop
      vertex   -4.500000e+00 5.058678e+00 4.698987e+00
      vertex   -2.250178e+00 5.058678e+00 4.698987e+00
      vertex   -4.500000e+00 4.941323e+00 4.698987e+00
    endloop
  endfacet
  facet normal 0.000000e+00 0.000000e+00 -1.000000e+00
    outer loop
      vertex   -4.500000e+00 4.941323e+00 4.698987e+00
      vertex   -2.250178e+00 5.058678e+00 4.698987e+00
      vertex   -2.250178e+00 4.941323e+00 4.698987e+00
    endloop
  endfacet
  facet normal 0.000000e+00 6.899114e-02 -9.976173e-01
    outer loop
      vertex   -4.500000e+00 4.941323e+00 4.698987e+00
      vertex   -2.250178e+00 4.941323e+00 4.698987e+00
      vertex   -4.500000e+00 4.824247e+00 4.690891e+00
    endloop
  endfacet
  facet normal 0.000000e+00 6.899114e-02 -9.976173e-01
    outer loop
      vertex   -4.500000e+00 4.824247e+00 4.690891e+00
      vertex   -2.250178e+00 4.941323e+00 4.698987e+00
      vertex   -2.250178e+00 4.824247e+00 4.690891e+00
    endloop
  endfacet
  facet normal 0.000000e+00 1.376535e-01 -9.904804e-01
    outer loop
      vertex   -4.500000e+00 4.824247e+00 4.690891e+00
      vertex   -2.250178e+00 4.824247e+00 4.690891e+00
      vertex   -4.500000e+00 4.708010e+00 4.674736e+00
    endloop
  endfacet
  facet normal 0.000000e+00 1.376535e-01 -9.904804e-01
    outer loop
      vertex   -4.500000e+00 4.708010e+00 4.674736e+00
      vertex   -2.250178e+00 4.824247e+00 4.690891e+00
      vertex   -2.250178e+00 4.708010e+00 4.674736e+00
    endloop
  endfacet
  facet normal 0.000000e+00 2.056599e-01 -9.786235e-01
    outer loop
      vertex   -4.500000e+00 4.708010e+00 4.674736e+00
      vertex   -2.250178e+00 4.708010e+00 4.674736e+00
      vertex   -4.500000e+00 4.593163e+00 4.650601e+00
    endloop
  endfacet
  facet normal -3.863383e-16 2.056599e-01 -9.786235e-01
    outer loop
      vertex   -4.500000e+00 4.593163e+00 4.650601e+00
      vertex   -2.250178e+00 4.708010e+00 4.674736e+00
      vertex   -2.250178e+00 4.593163e+00 4.650601e+00
    endloop
  endfacet
  facet normal -3.798164e-16 2.726862e-01 -9.621030e-01
    outer loop
      vertex   -4.500000e+00 4.593163e+00 4.650601e+00
      vertex   -2.250178e+00 4.593163e+00 4.650601e+00
      vertex   -4.500000e+00 4.480256e+00 4.618600e+00
    endloop
  endfacet
  facet normal 0.000000e+00 2.726862e-01 -9.621030e-01
    outer loop
      vertex   -4.500000e+00 4.480256e+00 4.618600e+00
      vertex   -2.250178e+00 4.593163e+00 4.650601e+00
      vertex   -2.250178e+00 4.480256e+00 4.618600e+00
    endloop
  endfacet
  facet normal 0.000000e+00 3.384131e-01 -9.409977e-01
    outer loop
      vertex   -4.500000e+00 4.480256e+00 4.618600e+00
      vertex   -2.250178e+00 4.480256e+00 4.618600e+00
      vertex   -4.500000e+00 4.369825e+00 4.578886e+00
    endloop
  endfacet
  facet normal 0.000000e+00 3.384131e-01 -9.409977e-01
    outer loop
      vertex   -4.500000e+00 4.369825e+00 4.578886e+00
      vertex   -2.250178e+00 4.480256e+00 4.618600e+00
      vertex   -2.250178e+00 4.369825e+00 4.578886e+00
    endloop
  endfacet
  facet normal 0.000000e+00 4.025272e-01 -9.154080e-01
    outer loop
      vertex   -4.500000e+00 4.369825e+00 4.578886e+00
      vertex   -2.250178e+00 4.369825e+00 4.578886e+00
      vertex   -4.500000e+00 4.262398e+00 4.531647e+00
    endloop
  endfacet
  facet normal 0.000000e+00 4.025272e-01 -9.154080e-01
    outer loop
      vertex   -4.500000e+00 4.262398e+00 4.531647e+00
      vertex   -2.250178e+00 4.369825e+00 4.578886e+00
      vertex   -2.250178e+00 4.262398e+00 4.531647e+00
    endloop
  endfacet
  facet normal 0.000000e+00 4.647232e-01 -8.854560e-01
    outer loop
      vertex   -4.500000e+00 4.262398e+00 4.531647e+00
      vertex   -2.250178e+00 4.262398e+00 4.531647e+00
      vertex   -4.500000e+00 4.158485e+00 4.477110e+00
    endloop
  endfacet
  facet normal 0.000000e+00 4.647232e-01 -8.854560e-01
    outer loop
      vertex   -4.500000e+00 4.158485e+00 4.477110e+00
      vertex   -2.250178e+00 4.262398e+00 4.531647e+00
      vertex   -2.250178e+00 4.158485e+00 4.477110e+00
    endloop
  endfacet
  facet normal 0.000000e+00 5.247045e-01 -8.512844e-01
    outer loop
      vertex   -4.500000e+00 4.158485e+00 4.477110e+00
      vertex   -2.250178e+00 4.158485e+00 4.477110e+00
      vertex   -4.500000e+00 4.058583e+00 4.415533e+00
    endloop
  endfacet
  facet normal 0.000000e+00 5.247045e-01 -8.512844e-01
    outer loop
      vertex   -4.500000e+00 4.058583e+00 4.415533e+00
      vertex   -2.250178e+00 4.158485e+00 4.477110e+00
      vertex   -2.250178e+00 4.058583e+00 4.415533e+00
    endloop
  endfacet
  facet normal 0.000000e+00 5.821853e-01 -8.130561e-01
    outer loop
      vertex   -4.500000e+00 4.058583e+00 4.415533e+00
      vertex   -2.250178e+00 4.058583e+00 4.415533e+00
      vertex   -4.500000e+00 3.963167e+00 4.347211e+00
    endloop
  endfacet
  facet normal 2.298335e-16 5.821853e-01 -8.130561e-01
    outer loop
      vertex   -4.500000e+00 3.963167e+00 4.347211e+00
      vertex   -2.250178e+00 4.058583e+00 4.415533e+00
      vertex   -2.250178e+00 3.963167e+00 4.347211e+00
    endloop
  endfacet
  facet normal 2.514304e-16 6.368918e-01 -7.709532e-01
    outer loop
      vertex   -4.500000e+00 3.963167e+00 4.347211e+00
      vertex   -2.250178e+00 3.963167e+00 4.347211e+00
      vertex   -4.500000e+00 3.872692e+00 4.272468e+00
    endloop
  endfacet
  facet normal 0.000000e+00 6.368918e-01 -7.709532e-01
    outer loop
      vertex   -4.500000e+00 3.872692e+00 4.272468e+00
      vertex   -2.250178e+00 3.963167e+00 4.347211e+00
      vertex   -2.250178e+00 3.872692e+00 4.272468e+00
    endloop
  endfacet
  facet normal 0.000000e+00 6.885632e-01 -7.251763e-01
    outer loop
      vertex   -4.500000e+00 3.872692e+00 4.272468e+00
      vertex   -2.250178e+00 3.872692e+00 4.272468e+00
      vertex   -4.500000e+00 3.787589e+00 4.191662e+00
    endloop
  endfacet
  facet normal 0.000000e+00 6.885632e-01 -7.251763e-01
    outer loop
      vertex   -4.500000e+00 3.787589e+00 4.191662e+00
      vertex   -2.250178e+00 3.872692e+00 4.272468e+00
      vertex   -2.250178e+00 3.787589e+00 4.191662e+00
    endloop
  endfacet
  facet normal 0.000000e+00 7.369533e-01 -6.759436e-01
    outer loop
      vertex   -4.500000e+00 3.787589e+00 4.191662e+00
      vertex   -2.250178e+00 3.787589e+00 4.191662e+00
      vertex   -4.500000e+00 3.708263e+00 4.105177e+00
    endloop
  endfacet
  facet normal 0.000000e+00 7.369533e-01 -6.759436e-01
    outer loop
      vertex   -4.500000e+00 3.708263e+00 4.105177e+00
      vertex   -2.250178e+00 3.787589e+00 4.191662e+00
      vertex   -2.250178e+00 3.708263e+00 4.105177e+00
    endloop
  endfacet
  facet normal 0.000000e+00 7.818315e-01 -6.234898e-01
    outer loop
      vertex   -4.500000e+00 3.708263e+00 4.105177e+00
      vertex   -2.250178e+00 3.708263e+00 4.105177e+00
      vertex   -4.500000e+00 3.635094e+00 4.013425e+00
    endloop
  endfacet
  facet normal 0.000000e+00 7.818315e-01 -6.234898e-01
    outer loop
      vertex   -4.500000e+00 3.635094e+00 4.013425e+00
      vertex   -2.250178e+00 3.708263e+00 4.105177e+00
      vertex   -2.250178e+00 3.635094e+00 4.013425e+00
    endloop
  endfacet
  facet normal 0.000000e+00 8.229839e-01 -5.680647e-01
    outer loop
      vertex   -4.500000e+00 3.635094e+00 4.013425e+00
      vertex   -2.250178e+00 3.635094e+00 4.013425e+00
      vertex   -4.500000e+00 3.568429e+00 3.916844e+00
    endloop
  endfacet
  facet normal 1.624477e-16 8.229839e-01 -5.680647e-01
    outer loop
      vertex   -4.500000e+00 3.568429e+00 3.916844e+00
      vertex   -2.250178e+00 3.635094e+00 4.013425e+00
      vertex   -2.250178e+00 3.568429e+00 3.916844e+00
    endloop
  endfacet
  facet normal 1.697965e-16 8.602144e-01 -5.099326e-01
    outer loop
      vertex   -4.500000e+00 3.568429e+00 3.916844e+00
      vertex   -2.250178e+00 3.568429e+00 3.916844e+00
      vertex   -4.500000e+00 3.508585e+00 3.815894e+00
    endloop
  endfacet
  facet normal -1.006549e-16 8.602144e-01 -5.099326e-01
    outer loop
      vertex   -4.500000e+00 3.508585e+00 3.815894e+00
      vertex   -2.250178e+00 3.568429e+00 3.916844e+00
      vertex   -2.250178e+00 3.508585e+00 3.815894e+00
    endloop
  endfacet
  facet normal -8.870061e-17 8.933455e-01 -4.493704e-01
    outer loop
      vertex   -4.500000e+00 3.508585e+00 3.815894e+00
      vertex   -2.250178e+00 3.508585e+00 3.815894e+00
      vertex   -4.500000e+00 3.455850e+00 3.711055e+00
    endloop
  endfacet
  facet normal 0.000000e+00 8.933455e-01 -4.493704e-01
    outer loop
      vertex   -4.500000e+00 3.455850e+00 3.711055e+00
      vertex   -2.250178e+00 3.508585e+00 3.815894e+00
      vertex   -2.250178e+00 3.455850e+00 3.711055e+00
    endloop
  endfacet
  facet normal 0.000000e+00 9.222195e-01 -3.866667e-01
    outer loop
      vertex   -4.500000e+00 3.455850e+00 3.711055e+00
      vertex   -2.250178e+00 3.455850e+00 3.711055e+00
      vertex   -4.500000e+00 3.410472e+00 3.602828e+00
    endloop
  endfacet
  facet normal 0.000000e+00 9.222195e-01 -3.866667e-01
    outer loop
      vertex   -4.500000e+00 3.410472e+00 3.602828e+00
      vertex   -2.250178e+00 3.455850e+00 3.711055e+00
      vertex   -2.250178e+00 3.410472e+00 3.602828e+00
    endloop
  endfacet
  facet normal 0.000000e+00 9.466987e-01 -3.221204e-01
    outer loop
      vertex   -4.500000e+00 3.410472e+00 3.602828e+00
      vertex   -2.250178e+00 3.410472e+00 3.602828e+00
      vertex   -4.500000e+00 3.372670e+00 3.491729e+00
    endloop
  endfacet
  facet normal 0.000000e+00 9.466987e-01 -3.221204e-01
    outer loop
      vertex   -4.500000e+00 3.372670e+00 3.491729e+00
      vertex   -2.250178e+00 3.410472e+00 3.602828e+00
      vertex   -2.250178e+00 3.372670e+00 3.491729e+00
    endloop
  endfacet
  facet normal 0.000000e+00 9.666664e-01 -2.560391e-01
    outer loop
      vertex   -4.500000e+00 3.372670e+00 3.491729e+00
      vertex   -2.250178e+00 3.372670e+00 3.491729e+00
      vertex   -4.500000e+00 3.342623e+00 3.378286e+00
    endloop
  endfacet
  facet normal 0.000000e+00 9.666664e-01 -2.560391e-01
    outer loop
      vertex   -4.500000e+00 3.342623e+00 3.378286e+00
      vertex   -2.250178e+00 3.372670e+00 3.491729e+00
      vertex   -2.250178e+00 3.342623e+00 3.378286e+00
    endloop
  endfacet
  facet normal 0.000000e+00 9.820276e-01 -1.887376e-01
    outer loop
      vertex   -4.500000e+00 3.342623e+00 3.378286e+00
      vertex   -2.250178e+00 3.342623e+00 3.378286e+00
      vertex   -4.500000e+00 3.320473e+00 3.263040e+00
    endloop
  endfacet
  facet normal 0.000000e+00 9.820276e-01 -1.887376e-01
    outer loop
      vertex   -4.500000e+00 3.320473e+00 3.263040e+00
      vertex   -2.250178e+00 3.342623e+00 3.378286e+00
      vertex   -2.250178e+00 3.320473e+00 3.263040e+00
    endloop
  endfacet
  facet normal 0.000000e+00 9.927089e-01 -1.205367e-01
    outer loop
      vertex   -4.500000e+00 3.320473e+00 3.263040e+00
      vertex   -2.250178e+00 3.320473e+00 3.263040e+00
      vertex   -4.500000e+00 3.306328e+00 3.146541e+00
    endloop
  endfacet
  facet normal 0.000000e+00 9.927089e-01 -1.205367e-01
    outer loop
      vertex   -4.500000e+00 3.306328e+00 3.146541e+00
      vertex   -2.250178e+00 3.320473e+00 3.263040e+00
      vertex   -2.250178e+00 3.306328e+00 3.146541e+00
    endloop
  endfacet
  facet normal 0.000000e+00 9.986595e-01 -5.176135e-02
    outer loop
      vertex   -4.500000e+00 3.306328e+00 3.146541e+00
      vertex   -2.250178e+00 3.306328e+00 3.146541e+00
      vertex   -4.500000e+00 3.300253e+00 3.029343e+00
    endloop
  endfacet
  facet normal 0.000000e+00 9.986595e-01 -5.176135e-02
    outer loop
      vertex   -4.500000e+00 3.300253e+00 3.029343e+00
      vertex   -2.250178e+00 3.306328e+00 3.146541e+00
      vertex   -2.250178e+00 3.300253e+00 3.029343e+00
    endloop
  endfacet
  facet normal -0.000000e+00 9.998510e-01 1.726064e-02
    outer loop
      vertex   -4.500000e+00 3.300253e+00 3.029343e+00
      vertex   -2.250178e+00 3.300253e+00 3.029343e+00
      vertex   -4.500000e+00 3.302279e+00 2.912006e+00
    endloop
  endfacet
  facet normal -3.407054e-18 9.998510e-01 1.726064e-02
    outer loop
      vertex   -4.500000e+00 3.302279e+00 2.912006e+00
      vertex   -2.250178e+00 3.300253e+00 3.029343e+00
      vertex   -2.250178e+00 3.302279e+00 2.912006e+00
    endloop
  endfacet
  facet normal -1.701498e-17 9.962778e-01 8.620038e-02
    outer loop
      vertex   -4.500000e+00 3.302279e+00 2.912006e+00
      vertex   -2.250178e+00 3.302279e+00 2.912006e+00
      vertex   -4.500000e+00 3.312395e+00 2.795088e+00
    endloop
  endfacet
  facet normal -1.701498e-17 9.962778e-01 8.620038e-02
    outer loop
      vertex   -4.500000e+00 3.312395e+00 2.795088e+00
      vertex   -2.250178e+00 3.302279e+00 2.912006e+00
      vertex   -2.250178e+00 3.312395e+00 2.795088e+00
    endloop
  endfacet
  facet normal -3.054181e-17 9.879569e-01 1.547293e-01
    outer loop
      vertex   -4.500000e+00 3.312395e+00 2.795088e+00
      vertex   -2.250178e+00 3.312395e+00 2.795088e+00
      vertex   -4.500000e+00 3.330553e+00 2.679146e+00
    endloop
  endfacet
  facet normal -0.000000e+00 9.879569e-01 1.547293e-01
    outer loop
      vertex   -4.500000e+00 3.330553e+00 2.679146e+00
      vertex   -2.250178e+00 3.312395e+00 2.795088e+00
      vertex   -2.250178e+00 3.330553e+00 2.679146e+00
    endloop
  endfacet
  facet normal -0.000000e+00 9.749279e-01 2.225209e-01
    outer loop
      vertex   -4.500000e+00 3.330553e+00 2.679146e+00
      vertex   -2.250178e+00 3.330553e+00 2.679146e+00
      vertex   -4.500000e+00 3.356667e+00 2.564734e+00
    endloop
  endfacet
  facet normal 4.392310e-17 9.749279e-01 2.225209e-01
    outer loop
      vertex   -4.500000e+00 3.356667e+00 2.564734e+00
      vertex   -2.250178e+00 3.330553e+00 2.679146e+00
      vertex   -2.250178e+00 3.356667e+00 2.564734e+00
    endloop
  endfacet
  facet normal 5.709508e-17 9.572530e-01 2.892521e-01
    outer loop
      vertex   -4.500000e+00 3.356667e+00 2.564734e+00
      vertex   -2.250178e+00 3.356667e+00 2.564734e+00
      vertex   -4.500000e+00 3.390612e+00 2.452395e+00
    endloop
  endfacet
  facet normal 5.709508e-17 9.572530e-01 2.892521e-01
    outer loop
      vertex   -4.500000e+00 3.390612e+00 2.452395e+00
      vertex   -2.250178e+00 3.356667e+00 2.564734e+00
      vertex   -2.250178e+00 3.390612e+00 2.452395e+00
    endloop
  endfacet
  facet normal 6.999498e-17 9.350162e-01 3.546049e-01
    outer loop
      vertex   -4.500000e+00 3.390612e+00 2.452395e+00
      vertex   -2.250178e+00 3.390612e+00 2.452395e+00
      vertex   -4.500000e+00 3.432227e+00 2.342667e+00
    endloop
  endfacet
  facet normal -0.000000e+00 9.350162e-01 3.546049e-01
    outer loop
      vertex   -4.500000e+00 3.432227e+00 2.342667e+00
      vertex   -2.250178e+00 3.390612e+00 2.452395e+00
      vertex   -2.250178e+00 3.432227e+00 2.342667e+00
    endloop
  endfacet
  facet normal -0.000000e+00 9.083238e-01 4.182678e-01
    outer loop
      vertex   -4.500000e+00 3.432227e+00 2.342667e+00
      vertex   -2.250178e+00 3.432227e+00 2.342667e+00
      vertex   -4.500000e+00 3.481313e+00 2.236070e+00
    endloop
  endfacet
  facet normal -0.000000e+00 9.083238e-01 4.182678e-01
    outer loop
      vertex   -4.500000e+00 3.481313e+00 2.236070e+00
      vertex   -2.250178e+00 3.432227e+00 2.342667e+00
      vertex   -2.250178e+00 3.481313e+00 2.236070e+00
    endloop
  endfacet
  facet normal -0.000000e+00 8.773027e-01 4.799375e-01
    outer loop
      vertex   -4.500000e+00 3.481313e+00 2.236070e+00
      vertex   -2.250178e+00 3.481313e+00 2.236070e+00
      vertex   -4.500000e+00 3.537636e+00 2.133115e+00
    endloop
  endfacet
  facet normal -0.000000e+00 8.773027e-01 4.799375e-01
    outer loop
      vertex   -4.500000e+00 3.537636e+00 2.133115e+00
      vertex   -2.250178e+00 3.481313e+00 2.236070e+00
      vertex   -2.250178e+00 3.537636e+00 2.133115e+00
    endloop
  endfacet
  facet normal -0.000000e+00 8.421009e-01 5.393200e-01
    outer loop
      vertex   -4.500000e+00 3.537636e+00 2.133115e+00
      vertex   -2.250178e+00 3.537636e+00 2.133115e+00
      vertex   -4.500000e+00 3.600928e+00 2.034290e+00
    endloop
  endfacet
  facet normal -0.000000e+00 8.421009e-01 5.393200e-01
    outer loop
      vertex   -4.500000e+00 3.600928e+00 2.034290e+00
      vertex   -2.250178e+00 3.537636e+00 2.133115e+00
      vertex   -2.250178e+00 3.600928e+00 2.034290e+00
    endloop
  endfacet
  facet normal -0.000000e+00 8.028861e-01 5.961325e-01
    outer loop
      vertex   -4.500000e+00 3.600928e+00 2.034290e+00
      vertex   -2.250178e+00 3.600928e+00 2.034290e+00
      vertex   -4.500000e+00 3.670887e+00 1.940067e+00
    endloop
  endfacet
  facet normal -0.000000e+00 8.028861e-01 5.961325e-01
    outer loop
      vertex   -4.500000e+00 3.670887e+00 1.940067e+00
      vertex   -2.250178e+00 3.600928e+00 2.034290e+00
      vertex   -2.250178e+00 3.670887e+00 1.940067e+00
    endloop
  endfacet
  facet normal -0.000000e+00 7.652700e-01 6.437094e-01
    outer loop
      vertex   -4.500000e+00 3.670887e+00 1.940067e+00
      vertex   -2.250178e+00 3.670887e+00 1.940067e+00
      vertex   -2.600000e+00 3.728084e+00 1.872068e+00
    endloop
  endfacet
  facet normal 0.000000e+00 7.652700e-01 6.437094e-01
    outer loop
      vertex   -2.600000e+00 3.728084e+00 1.872068e+00
      vertex   -2.250178e+00 3.670887e+00 1.940067e+00
      vertex   -3.569154e-04 3.670887e+00 1.940067e+00
    endloop
  endfacet
  facet normal -0.000000e+00 7.652700e-01 6.437094e-01
    outer loop
      vertex   -2.600000e+00 3.728084e+00 1.872068e+00
      vertex   -3.569154e-04 3.670887e+00 1.940067e+00
      vertex   2.599286e+00 3.728084e+00 1.872068e+00
    endloop
  endfacet
  facet normal 0.000000e+00 7.652700e-01 6.437094e-01
    outer loop
      vertex   2.599286e+00 3.728084e+00 1.872068e+00
      vertex   -3.569154e-04 3.670887e+00 1.940067e+00
      vertex   2.249465e+00 3.670887e+00 1.940067e+00
    endloop
  endfacet
  facet normal 0.000000e+00 7.652700e-01 6.437094e-01
    outer loop
      vertex   2.599286e+00 3.728084e+00 1.872068e+00
      vertex   2.249465e+00 3.670887e+00 1.940067e+00
      vertex   4.499286e+00 3.670887e+00 1.940067e+00
    endloop
  endfacet
  facet normal 0.000000e+00 8.028861e-01 5.961325e-01
    outer loop
      vertex   4.499286e+00 3.670887e+00 1.940067e+00
      vertex   2.249465e+00 3.670887e+00 1.940067e+00
      vertex   4.499286e+00 3.600928e+00 2.034290e+00
    endloop
  endfacet
  facet normal 0.000000e+00 8.028861e-01 5.961325e-01
    outer loop
      vertex   4.499286e+00 3.600928e+00 2.034290e+00
      vertex   2.249465e+00 3.670887e+00 1.940067e+00
      vertex   2.249465e+00 3.600928e+00 2.034290e+00
    endloop
  endfacet
  facet normal 0.000000e+00 8.421009e-01 5.393200e-01
    outer loop
      vertex   4.499286e+00 3.600928e+00 2.034290e+00
      vertex   2.249465e+00 3.600928e+00 2.034290e+00
      vertex   4.499286e+00 3.537636e+00 2.133115e+00
    endloop
  endfacet
  facet normal 0.000000e+00 8.421009e-01 5.393200e-01
    outer loop
      vertex   4.499286e+00 3.537636e+00 2.133115e+00
      vertex   2.249465e+00 3.600928e+00 2.034290e+00
      vertex   2.249465e+00 3.537636e+00 2.133115e+00
    endloop
  endfacet
  facet normal 0.000000e+00 8.773027e-01 4.799375e-01
    outer loop
      vertex   4.499286e+00 3.537636e+00 2.133115e+00
      vertex   2.249465e+00 3.537636e+00 2.133115e+00
      vertex   4.499286e+00 3.481313e+00 2.236070e+00
    endloop
  endfacet
  facet normal 0.000000e+00 8.773027e-01 4.799375e-01
    outer loop
      vertex   4.499286e+00 3.481313e+00 2.236070e+00
      vertex   2.249465e+00 3.537636e+00 2.133115e+00
      vertex   2.249465e+00 3.481313e+00 2.236070e+00
    endloop
  endfacet
  facet normal 0.000000e+00 9.083238e-01 4.182678e-01
    outer loop
      vertex   4.499286e+00 3.481313e+00 2.236070e+00
      vertex   2.249465e+00 3.481313e+00 2.236070e+00
      vertex   4.499286e+00 3.432227e+00 2.342667e+00
    endloop
  endfacet
  facet normal 0.000000e+00 9.083238e-01 4.182678e-01
    outer loop
      vertex   4.499286e+00 3.432227e+00 2.342667e+00
      vertex   2.249465e+00 3.481313e+00 2.236070e+00
      vertex   2.249465e+00 3.432227e+00 2.342667e+00
    endloop
  endfacet
  facet normal 0.000000e+00 9.350162e-01 3.546049e-01
    outer loop
      vertex   4.499286e+00 3.432227e+00 2.342667e+00
      vertex   2.249465e+00 3.432227e+00 2.342667e+00
      vertex   4.499286e+00 3.390612e+00 2.452395e+00
    endloop
  endfacet
  facet normal 0.000000e+00 9.350162e-01 3.546049e-01
    outer loop
      vertex   4.499286e+00 3.390612e+00 2.452395e+00
      vertex   2.249465e+00 3.432227e+00 2.342667e+00
      vertex   2.249465e+00 3.390612e+00 2.452395e+00
    endloop
  endfacet
  facet normal 0.000000e+00 9.572530e-01 2.892521e-01
    outer loop
      vertex   4.499286e+00 3.390612e+00 2.452395e+00
      vertex   2.249465e+00 3.390612e+00 2.452395e+00
      vertex   4.499286e+00 3.356667e+00 2.564734e+00
    endloop
  endfacet
  facet normal 0.000000e+00 9.572530e-01 2.892521e-01
    outer loop
      vertex   4.499286e+00 3.356667e+00 2.564734e+00
      vertex   2.249465e+00 3.390612e+00 2.452395e+00
      vertex   2.249465e+00 3.356667e+00 2.564734e+00
    endloop
  endfacet
  facet normal 0.000000e+00 9.749279e-01 2.225209e-01
    outer loop
      vertex   4.499286e+00 3.356667e+00 2.564734e+00
      vertex   2.249465e+00 3.356667e+00 2.564734e+00
      vertex   4.499286e+00 3.330553e+00 2.679146e+00
    endloop
  endfacet
  facet normal 4.392310e-17 9.749279e-01 2.225209e-01
    outer loop
      vertex   4.499286e+00 3.330553e+00 2.679146e+00
      vertex   2.249465e+00 3.356667e+00 2.564734e+00
      vertex   2.249465e+00 3.330553e+00 2.679146e+00
    endloop
  endfacet
  facet normal 3.054181e-17 9.879569e-01 1.547293e-01
    outer loop
      vertex   4.499286e+00 3.330553e+00 2.679146e+00
      vertex   2.249465e+00 3.330553e+00 2.679146e+00
      vertex   4.499286e+00 3.312395e+00 2.795088e+00
    endloop
  endfacet
  facet normal 0.000000e+00 9.879569e-01 1.547293e-01
    outer loop
      vertex   4.499286e+00 3.312395e+00 2.795088e+00
      vertex   2.249465e+00 3.330553e+00 2.679146e+00
      vertex   2.249465e+00 3.312395e+00 2.795088e+00
    endloop
  endfacet
  facet normal 0.000000e+00 9.962778e-01 8.620038e-02
    outer loop
      vertex   4.499286e+00 3.312395e+00 2.795088e+00
      vertex   2.249465e+00 3.312395e+00 2.795088e+00
      vertex   4.499286e+00 3.302279e+00 2.912006e+00
    endloop
  endfacet
  facet normal 0.000000e+00 9.962778e-01 8.620038e-02
    outer loop
      vertex   4.499286e+00 3.302279e+00 2.912006e+00
      vertex   2.249465e+00 3.312395e+00 2.795088e+00
      vertex   2.249465e+00 3.302279e+00 2.912006e+00
    endloop
  endfacet
  facet normal 0.000000e+00 9.998510e-01 1.726064e-02
    outer loop
      vertex   4.499286e+00 3.302279e+00 2.912006e+00
      vertex   2.249465e+00 3.302279e+00 2.912006e+00
      vertex   4.499286e+00 3.300253e+00 3.029343e+00
    endloop
  endfacet
  facet normal -3.407054e-18 9.998510e-01 1.726064e-02
    outer loop
      vertex   4.499286e+00 3.300253e+00 3.029343e+00
      vertex   2.249465e+00 3.302279e+00 2.912006e+00
      vertex   2.249465e+00 3.300253e+00 3.029343e+00
    endloop
  endfacet
  facet normal 1.021710e-17 9.986595e-01 -5.176135e-02
    outer loop
      vertex   4.499286e+00 3.300253e+00 3.029343e+00
      vertex   2.249465e+00 3.300253e+00 3.029343e+00
      vertex   4.499286e+00 3.306328e+00 3.146541e+00
    endloop
  endfacet
  facet normal 0.000000e+00 9.986595e-01 -5.176135e-02
    outer loop
      vertex   4.499286e+00 3.306328e+00 3.146541e+00
      vertex   2.249465e+00 3.300253e+00 3.029343e+00
      vertex   2.249465e+00 3.306328e+00 3.146541e+00
    endloop
  endfacet
  facet normal 0.000000e+00 9.927089e-01 -1.205367e-01
    outer loop
      vertex   4.499286e+00 3.306328e+00 3.146541e+00
      vertex   2.249465e+00 3.306328e+00 3.146541e+00
      vertex   4.499286e+00 3.320473e+00 3.263040e+00
    endloop
  endfacet
  facet normal 0.000000e+00 9.927089e-01 -1.205367e-01
    outer loop
      vertex   4.499286e+00 3.320473e+00 3.263040e+00
      vertex   2.249465e+00 3.306328e+00 3.146541e+00
      vertex   2.249465e+00 3.320473e+00 3.263040e+00
    endloop
  endfacet
  facet normal 0.000000e+00 9.820276e-01 -1.887376e-01
    outer loop
      vertex   4.499286e+00 3.320473e+00 3.263040e+00
      vertex   2.249465e+00 3.320473e+00 3.263040e+00
      vertex   4.499286e+00 3.342623e+00 3.378286e+00
    endloop
  endfacet
  facet normal 0.000000e+00 9.820276e-01 -1.887376e-01
    outer loop
      vertex   4.499286e+00 3.342623e+00 3.378286e+00
      vertex   2.249465e+00 3.320473e+00 3.263040e+00
      vertex   2.249465e+00 3.342623e+00 3.378286e+00
    endloop
  endfacet
  facet normal 0.000000e+00 9.666664e-01 -2.560391e-01
    outer loop
      vertex   4.499286e+00 3.342623e+00 3.378286e+00
      vertex   2.249465e+00 3.342623e+00 3.378286e+00
      vertex   4.499286e+00 3.372670e+00 3.491729e+00
    endloop
  endfacet
  facet normal 0.000000e+00 9.666664e-01 -2.560391e-01
    outer loop
      vertex   4.499286e+00 3.372670e+00 3.491729e+00
      vertex   2.249465e+00 3.342623e+00 3.378286e+00
      vertex   2.249465e+00 3.372670e+00 3.491729e+00
    endloop
  endfacet
  facet normal 0.000000e+00 9.466987e-01 -3.221204e-01
    outer loop
      vertex   4.499286e+00 3.372670e+00 3.491729e+00
      vertex   2.249465e+00 3.372670e+00 3.491729e+00
      vertex   4.499286e+00 3.410472e+00 3.602828e+00
    endloop
  endfacet
  facet normal 0.000000e+00 9.466987e-01 -3.221204e-01
    outer loop
      vertex   4.499286e+00 3.410472e+00 3.602828e+00
      vertex   2.249465e+00 3.372670e+00 3.491729e+00
      vertex   2.249465e+00 3.410472e+00 3.602828e+00
    endloop
  endfacet
  facet normal 0.000000e+00 9.222195e-01 -3.866667e-01
    outer loop
      vertex   4.499286e+00 3.410472e+00 3.602828e+00
      vertex   2.249465e+00 3.410472e+00 3.602828e+00
      vertex   4.499286e+00 3.455850e+00 3.711055e+00
    endloop
  endfacet
  facet normal 1.057120e-16 9.222195e-01 -3.866667e-01
    outer loop
      vertex   4.499286e+00 3.455850e+00 3.711055e+00
      vertex   2.249465e+00 3.410472e+00 3.602828e+00
      vertex   2.249465e+00 3.455850e+00 3.711055e+00
    endloop
  endfacet
  facet normal 8.763565e-17 8.933455e-01 -4.493704e-01
    outer loop
      vertex   4.499286e+00 3.455850e+00 3.711055e+00
      vertex   2.249465e+00 3.455850e+00 3.711055e+00
      vertex   4.499286e+00 3.508585e+00 3.815894e+00
    endloop
  endfacet
  facet normal 1.763363e-16 8.933455e-01 -4.493704e-01
    outer loop
      vertex   4.499286e+00 3.508585e+00 3.815894e+00
      vertex   2.249465e+00 3.455850e+00 3.711055e+00
      vertex   2.249465e+00 3.508585e+00 3.815894e+00
    endloop
  endfacet
  facet normal 1.697965e-16 8.602144e-01 -5.099326e-01
    outer loop
      vertex   4.499286e+00 3.508585e+00 3.815894e+00
      vertex   2.249465e+00 3.508585e+00 3.815894e+00
      vertex   4.499286e+00 3.568429e+00 3.916844e+00
    endloop
  endfacet
  facet normal -1.006549e-16 8.602144e-01 -5.099326e-01
    outer loop
      vertex   4.499286e+00 3.568429e+00 3.916844e+00
      vertex   2.249465e+00 3.508585e+00 3.815894e+00
      vertex   2.249465e+00 3.568429e+00 3.916844e+00
    endloop
  endfacet
  facet normal -1.121295e-16 8.229839e-01 -5.680647e-01
    outer loop
      vertex   4.499286e+00 3.568429e+00 3.916844e+00
      vertex   2.249465e+00 3.568429e+00 3.916844e+00
      vertex   4.499286e+00 3.635094e+00 4.013425e+00
    endloop
  endfacet
  facet normal -2.242591e-16 8.229839e-01 -5.680647e-01
    outer loop
      vertex   4.499286e+00 3.635094e+00 4.013425e+00
      vertex   2.249465e+00 3.568429e+00 3.916844e+00
      vertex   2.249465e+00 3.635094e+00 4.013425e+00
    endloop
  endfacet
  facet normal -2.461396e-16 7.818315e-01 -6.234898e-01
    outer loop
      vertex   4.499286e+00 3.635094e+00 4.013425e+00
      vertex   2.249465e+00 3.635094e+00 4.013425e+00
      vertex   4.499286e+00 3.708263e+00 4.105177e+00
    endloop
  endfacet
  facet normal 0.000000e+00 7.818315e-01 -6.234898e-01
    outer loop
      vertex   4.499286e+00 3.708263e+00 4.105177e+00
      vertex   2.249465e+00 3.635094e+00 4.013425e+00
      vertex   2.249465e+00 3.708263e+00 4.105177e+00
    endloop
  endfacet
  facet normal 0.000000e+00 7.369533e-01 -6.759436e-01
    outer loop
      vertex   4.499286e+00 3.708263e+00 4.105177e+00
      vertex   2.249465e+00 3.708263e+00 4.105177e+00
      vertex   4.499286e+00 3.787589e+00 4.191662e+00
    endloop
  endfacet
  facet normal 0.000000e+00 7.369533e-01 -6.759436e-01
    outer loop
      vertex   4.499286e+00 3.787589e+00 4.191662e+00
      vertex   2.249465e+00 3.708263e+00 4.105177e+00
      vertex   2.249465e+00 3.787589e+00 4.191662e+00
    endloop
  endfacet
  facet normal 0.000000e+00 6.885632e-01 -7.251763e-01
    outer loop
      vertex   4.499286e+00 3.787589e+00 4.191662e+00
      vertex   2.249465e+00 3.787589e+00 4.191662e+00
      vertex   4.499286e+00 3.872692e+00 4.272468e+00
    endloop
  endfacet
  facet normal 0.000000e+00 6.885632e-01 -7.251763e-01
    outer loop
      vertex   4.499286e+00 3.872692e+00 4.272468e+00
      vertex   2.249465e+00 3.787589e+00 4.191662e+00
      vertex   2.249465e+00 3.872692e+00 4.272468e+00
    endloop
  endfacet
  facet normal 0.000000e+00 6.368918e-01 -7.709532e-01
    outer loop
      vertex   4.499286e+00 3.872692e+00 4.272468e+00
      vertex   2.249465e+00 3.872692e+00 4.272468e+00
      vertex   4.499286e+00 3.963167e+00 4.347211e+00
    endloop
  endfacet
  facet normal 0.000000e+00 6.368918e-01 -7.709532e-01
    outer loop
      vertex   4.499286e+00 3.963167e+00 4.347211e+00
      vertex   2.249465e+00 3.872692e+00 4.272468e+00
      vertex   2.249465e+00 3.963167e+00 4.347211e+00
    endloop
  endfacet
  facet normal 0.000000e+00 5.821853e-01 -8.130561e-01
    outer loop
      vertex   4.499286e+00 3.963167e+00 4.347211e+00
      vertex   2.249465e+00 3.963167e+00 4.347211e+00
      vertex   4.499286e+00 4.058583e+00 4.415533e+00
    endloop
  endfacet
  facet normal 0.000000e+00 5.821853e-01 -8.130561e-01
    outer loop
      vertex   4.499286e+00 4.058583e+00 4.415533e+00
      vertex   2.249465e+00 3.963167e+00 4.347211e+00
      vertex   2.249465e+00 4.058583e+00 4.415533e+00
    endloop
  endfacet
  facet normal 0.000000e+00 5.247045e-01 -8.512844e-01
    outer loop
      vertex   4.499286e+00 4.058583e+00 4.415533e+00
      vertex   2.249465e+00 4.058583e+00 4.415533e+00
      vertex   4.499286e+00 4.158485e+00 4.477110e+00
    endloop
  endfacet
  facet normal 0.000000e+00 5.247045e-01 -8.512844e-01
    outer loop
      vertex   4.499286e+00 4.158485e+00 4.477110e+00
      vertex   2.249465e+00 4.058583e+00 4.415533e+00
      vertex   2.249465e+00 4.158485e+00 4.477110e+00
    endloop
  endfacet
  facet normal 0.000000e+00 4.647232e-01 -8.854560e-01
    outer loop
      vertex   4.499286e+00 4.158485e+00 4.477110e+00
      vertex   2.249465e+00 4.158485e+00 4.477110e+00
      vertex   4.499286e+00 4.262398e+00 4.531647e+00
    endloop
  endfacet
  facet normal 0.000000e+00 4.647232e-01 -8.854560e-01
    outer loop
      vertex   4.499286e+00 4.262398e+00 4.531647e+00
      vertex   2.249465e+00 4.158485e+00 4.477110e+00
      vertex   2.249465e+00 4.262398e+00 4.531647e+00
    endloop
  endfacet
  facet normal 0.000000e+00 4.025272e-01 -9.154080e-01
    outer loop
      vertex   4.499286e+00 4.262398e+00 4.531647e+00
      vertex   2.249465e+00 4.262398e+00 4.531647e+00
      vertex   4.499286e+00 4.369825e+00 4.578886e+00
    endloop
  endfacet
  facet normal 0.000000e+00 4.025272e-01 -9.154080e-01
    outer loop
      vertex   4.499286e+00 4.369825e+00 4.578886e+00
      vertex   2.249465e+00 4.262398e+00 4.531647e+00
      vertex   2.249465e+00 4.369825e+00 4.578886e+00
    endloop
  endfacet
  facet normal 0.000000e+00 3.384131e-01 -9.409977e-01
    outer loop
      vertex   4.499286e+00 4.369825e+00 4.578886e+00
      vertex   2.249465e+00 4.369825e+00 4.578886e+00
      vertex   4.499286e+00 4.480256e+00 4.618600e+00
    endloop
  endfacet
  facet normal 0.000000e+00 3.384131e-01 -9.409977e-01
    outer loop
      vertex   4.499286e+00 4.480256e+00 4.618600e+00
      vertex   2.249465e+00 4.369825e+00 4.578886e+00
      vertex   2.249465e+00 4.480256e+00 4.618600e+00
    endloop
  endfacet
  facet normal 0.000000e+00 2.726862e-01 -9.621030e-01
    outer loop
      vertex   4.499286e+00 4.480256e+00 4.618600e+00
      vertex   2.249465e+00 4.480256e+00 4.618600e+00
      vertex   4.499286e+00 4.593163e+00 4.650601e+00
    endloop
  endfacet
  facet normal 0.000000e+00 2.726862e-01 -9.621030e-01
    outer loop
      vertex   4.499286e+00 4.593163e+00 4.650601e+00
      vertex   2.249465e+00 4.480256e+00 4.618600e+00
      vertex   2.249465e+00 4.593163e+00 4.650601e+00
    endloop
  endfacet
  facet normal 0.000000e+00 2.056599e-01 -9.786235e-01
    outer loop
      vertex   4.499286e+00 4.593163e+00 4.650601e+00
      vertex   2.249465e+00 4.593163e+00 4.650601e+00
      vertex   4.499286e+00 4.708010e+00 4.674736e+00
    endloop
  endfacet
  facet normal 0.000000e+00 2.056599e-01 -9.786235e-01
    outer loop
      vertex   4.499286e+00 4.708010e+00 4.674736e+00
      vertex   2.249465e+00 4.593163e+00 4.650601e+00
      vertex   2.249465e+00 4.708010e+00 4.674736e+00
    endloop
  endfacet
  facet normal 0.000000e+00 1.376535e-01 -9.904804e-01
    outer loop
      vertex   4.499286e+00 4.708010e+00 4.674736e+00
      vertex   2.249465e+00 4.708010e+00 4.674736e+00
      vertex   4.499286e+00 4.824247e+00 4.690891e+00
    endloop
  endfacet
  facet normal 0.000000e+00 1.376535e-01 -9.904804e-01
    outer loop
      vertex   4.499286e+00 4.824247e+00 4.690891e+00
      vertex   2.249465e+00 4.708010e+00 4.674736e+00
      vertex   2.249465e+00 4.824247e+00 4.690891e+00
    endloop
  endfacet
  facet normal 0.000000e+00 6.899114e-02 -9.976173e-01
    outer loop
      vertex   4.499286e+00 4.824247e+00 4.690891e+00
      vertex   2.249465e+00 4.824247e+00 4.690891e+00
      vertex   4.499286e+00 4.941323e+00 4.698987e+00
    endloop
  endfacet
  facet normal 0.000000e+00 6.899114e-02 -9.976173e-01
    outer loop
      vertex   4.499286e+00 4.941323e+00 4.698987e+00
      vertex   2.249465e+00 4.824247e+00 4.690891e+00
      vertex   2.249465e+00 4.941323e+00 4.698987e+00
    endloop
  endfacet
  facet normal 0.000000e+00 0.000000e+00 -1.000000e+00
    outer loop
      vertex   4.499286e+00 4.941323e+00 4.698987e+00
      vertex   2.249465e+00 4.941323e+00 4.698987e+00
      vertex   4.499286e+00 5.058678e+00 4.698987e+00
    endloop
  endfacet
  facet normal -0.000000e+00 0.000000e+00 -1.000000e+00
    outer loop
      vertex   4.499286e+00 5.058678e+00 4.698987e+00
      vertex   2.249465e+00 4.941323e+00 4.698987e+00
      vertex   2.249465e+00 5.058678e+00 4.698987e+00
    endloop
  endfacet
  facet normal -0.000000e+00 -6.899114e-02 -9.976173e-01
    outer loop
      vertex   4.499286e+00 5.058678e+00 4.698987e+00
      vertex   2.249465e+00 5.058678e+00 4.698987e+00
      vertex   4.499286e+00 5.175753e+00 4.690891e+00
    endloop
  endfacet
  facet normal -0.000000e+00 -6.899114e-02 -9.976173e-01
    outer loop
      vertex   4.499286e+00 5.175753e+00 4.690891e+00
      vertex   2.249465e+00 5.058678e+00 4.698987e+00
      vertex   2.249465e+00 5.175753e+00 4.690891e+00
    endloop
  endfacet
  facet normal -0.000000e+00 -1.376535e-01 -9.904804e-01
    outer loop
      vertex   4.499286e+00 5.175753e+00 4.690891e+00
      vertex   2.249465e+00 5.175753e+00 4.690891e+00
      vertex   4.499286e+00 5.291990e+00 4.674736e+00
    endloop
  endfacet
  facet normal -0.000000e+00 -1.376535e-01 -9.904804e-01
    outer loop
      vertex   4.499286e+00 5.291990e+00 4.674736e+00
      vertex   2.249465e+00 5.175753e+00 4.690891e+00
      vertex   2.249465e+00 5.291990e+00 4.674736e+00
    endloop
  endfacet
  facet normal -0.000000e+00 -2.056599e-01 -9.786235e-01
    outer loop
      vertex   4.499286e+00 5.291990e+00 4.674736e+00
      vertex   2.249465e+00 5.291990e+00 4.674736e+00
      vertex   4.499286e+00 5.406837e+00 4.650601e+00
    endloop
  endfacet
  facet normal 3.863383e-16 -2.056599e-01 -9.786235e-01
    outer loop
      vertex   4.499286e+00 5.406837e+00 4.650601e+00
      vertex   2.249465e+00 5.291990e+00 4.674736e+00
      vertex   2.249465e+00 5.406837e+00 4.650601e+00
    endloop
  endfacet
  facet normal 3.798164e-16 -2.726862e-01 -9.621030e-01
    outer loop
      vertex   4.499286e+00 5.406837e+00 4.650601e+00
      vertex   2.249465e+00 5.406837e+00 4.650601e+00
      vertex   4.499286e+00 5.519744e+00 4.618600e+00
    endloop
  endfacet
  facet normal -0.000000e+00 -2.726862e-01 -9.621030e-01
    outer loop
      vertex   4.499286e+00 5.519744e+00 4.618600e+00
      vertex   2.249465e+00 5.406837e+00 4.650601e+00
      vertex   2.249465e+00 5.519744e+00 4.618600e+00
    endloop
  endfacet
  facet normal -0.000000e+00 -3.384131e-01 -9.409977e-01
    outer loop
      vertex   4.499286e+00 5.519744e+00 4.618600e+00
      vertex   2.249465e+00 5.519744e+00 4.618600e+00
      vertex   4.499286e+00 5.630175e+00 4.578886e+00
    endloop
  endfacet
  facet normal -0.000000e+00 -3.384131e-01 -9.409977e-01
    outer loop
      vertex   4.499286e+00 5.630175e+00 4.578886e+00
      vertex   2.249465e+00 5.519744e+00 4.618600e+00
      vertex   2.249465e+00 5.630175e+00 4.578886e+00
    endloop
  endfacet
  facet normal -0.000000e+00 -4.025272e-01 -9.154080e-01
    outer loop
      vertex   4.499286e+00 5.630175e+00 4.578886e+00
      vertex   2.249465e+00 5.630175e+00 4.578886e+00
      vertex   4.499286e+00 5.737602e+00 4.531647e+00
    endloop
  endfacet
  facet normal -0.000000e+00 -4.025272e-01 -9.154080e-01
    outer loop
      vertex   4.499286e+00 5.737602e+00 4.531647e+00
      vertex   2.249465e+00 5.630175e+00 4.578886e+00
      vertex   2.249465e+00 5.737602e+00 4.531647e+00
    endloop
  endfacet
  facet normal -0.000000e+00 -4.647232e-01 -8.854560e-01
    outer loop
      vertex   4.499286e+00 5.737602e+00 4.531647e+00
      vertex   2.249465e+00 5.737602e+00 4.531647e+00
      vertex   4.499286e+00 5.841515e+00 4.477110e+00
    endloop
  endfacet
  facet normal -0.000000e+00 -4.647232e-01 -8.854560e-01
    outer loop
      vertex   4.499286e+00 5.841515e+00 4.477110e+00
      vertex   2.249465e+00 5.737602e+00 4.531647e+00
      vertex   2.249465e+00 5.841515e+00 4.477110e+00
    endloop
  endfacet
  facet normal -0.000000e+00 -5.247045e-01 -8.512844e-01
    outer loop
      vertex   4.499286e+00 5.841515e+00 4.477110e+00
      vertex   2.249465e+00 5.841515e+00 4.477110e+00
      vertex   4.499286e+00 5.941417e+00 4.415533e+00
    endloop
  endfacet
  facet normal -0.000000e+00 -5.247045e-01 -8.512844e-01
    outer loop
      vertex   4.499286e+00 5.941417e+00 4.415533e+00
      vertex   2.249465e+00 5.841515e+00 4.477110e+00
      vertex   2.249465e+00 5.941417e+00 4.415533e+00
    endloop
  endfacet
  facet normal -0.000000e+00 -5.821853e-01 -8.130561e-01
    outer loop
      vertex   4.499286e+00 5.941417e+00 4.415533e+00
      vertex   2.249465e+00 5.941417e+00 4.415533e+00
      vertex   4.499286e+00 6.036833e+00 4.347211e+00
    endloop
  endfacet
  facet normal -0.000000e+00 -5.821853e-01 -8.130561e-01
    outer loop
      vertex   4.499286e+00 6.036833e+00 4.347211e+00
      vertex   2.249465e+00 5.941417e+00 4.415533e+00
      vertex   2.249465e+00 6.036833e+00 4.347211e+00
    endloop
  endfacet
  facet normal -0.000000e+00 -6.368918e-01 -7.709532e-01
    outer loop
      vertex   4.499286e+00 6.036833e+00 4.347211e+00
      vertex   2.249465e+00 6.036833e+00 4.347211e+00
      vertex   4.499286e+00 6.127309e+00 4.272468e+00
    endloop
  endfacet
  facet normal -0.000000e+00 -6.368918e-01 -7.709532e-01
    outer loop
      vertex   4.499286e+00 6.127309e+00 4.272468e+00
      vertex   2.249465e+00 6.036833e+00 4.347211e+00
      vertex   2.249465e+00 6.127309e+00 4.272468e+00
    endloop
  endfacet
  facet normal -0.000000e+00 -6.885632e-01 -7.251763e-01
    outer loop
      vertex   4.499286e+00 6.127309e+00 4.272468e+00
      vertex   2.249465e+00 6.127309e+00 4.272468e+00
      vertex   4.499286e+00 6.212412e+00 4.191662e+00
    endloop
  endfacet
  facet normal -0.000000e+00 -6.885632e-01 -7.251763e-01
    outer loop
      vertex   4.499286e+00 6.212412e+00 4.191662e+00
      vertex   2.249465e+00 6.127309e+00 4.272468e+00
      vertex   2.249465e+00 6.212412e+00 4.191662e+00
    endloop
  endfacet
  facet normal -0.000000e+00 -7.369533e-01 -6.759436e-01
    outer loop
      vertex   4.499286e+00 6.212412e+00 4.191662e+00
      vertex   2.249465e+00 6.212412e+00 4.191662e+00
      vertex   4.499286e+00 6.291737e+00 4.105177e+00
    endloop
  endfacet
  facet normal -0.000000e+00 -7.369533e-01 -6.759436e-01
    outer loop
      vertex   4.499286e+00 6.291737e+00 4.105177e+00
      vertex   2.249465e+00 6.212412e+00 4.191662e+00
      vertex   2.249465e+00 6.291737e+00 4.105177e+00
    endloop
  endfacet
  facet normal -0.000000e+00 -7.818315e-01 -6.234898e-01
    outer loop
      vertex   4.499286e+00 6.291737e+00 4.105177e+00
      vertex   2.249465e+00 6.291737e+00 4.105177e+00
      vertex   4.499286e+00 6.364906e+00 4.013425e+00
    endloop
  endfacet
  facet normal -0.000000e+00 -7.818315e-01 -6.234898e-01
    outer loop
      vertex   4.499286e+00 6.364906e+00 4.013425e+00
      vertex   2.249465e+00 6.291737e+00 4.105177e+00
      vertex   2.249465e+00 6.364906e+00 4.013425e+00
    endloop
  endfacet
  facet normal -0.000000e+00 -8.229839e-01 -5.680647e-01
    outer loop
      vertex   4.499286e+00 6.364906e+00 4.013425e+00
      vertex   2.249465e+00 6.364906e+00 4.013425e+00
      vertex   4.499286e+00 6.431572e+00 3.916844e+00
    endloop
  endfacet
  facet normal -0.000000e+00 -8.229839e-01 -5.680647e-01
    outer loop
      vertex   4.499286e+00 6.431572e+00 3.916844e+00
      vertex   2.249465e+00 6.364906e+00 4.013425e+00
      vertex   2.249465e+00 6.431572e+00 3.916844e+00
    endloop
  endfacet
  facet normal -0.000000e+00 -8.602144e-01 -5.099326e-01
    outer loop
      vertex   4.499286e+00 6.431572e+00 3.916844e+00
      vertex   2.249465e+00 6.431572e+00 3.916844e+00
      vertex   4.499286e+00 6.491415e+00 3.815894e+00
    endloop
  endfacet
  facet normal 1.006549e-16 -8.602144e-01 -5.099326e-01
    outer loop
      vertex   4.499286e+00 6.491415e+00 3.815894e+00
      vertex   2.249465e+00 6.431572e+00 3.916844e+00
      vertex   2.249465e+00 6.491415e+00 3.815894e+00
    endloop
  endfacet
  facet normal 8.870061e-17 -8.933455e-01 -4.493704e-01
    outer loop
      vertex   4.499286e+00 6.491415e+00 3.815894e+00
      vertex   2.249465e+00 6.491415e+00 3.815894e+00
      vertex   4.499286e+00 6.544150e+00 3.711055e+00
    endloop
  endfacet
  facet normal -0.000000e+00 -8.933455e-01 -4.493704e-01
    outer loop
      vertex   4.499286e+00 6.544150e+00 3.711055e+00
      vertex   2.249465e+00 6.491415e+00 3.815894e+00
      vertex   2.249465e+00 6.544150e+00 3.711055e+00
    endloop
  endfacet
  facet normal -0.000000e+00 -9.222195e-01 -3.866667e-01
    outer loop
      vertex   4.499286e+00 6.544150e+00 3.711055e+00
      vertex   2.249465e+00 6.544150e+00 3.711055e+00
      vertex   4.499286e+00 6.589528e+00 3.602828e+00
    endloop
  endfacet
  facet normal -0.000000e+00 -9.222195e-01 -3.866667e-01
    outer loop
      vertex   4.499286e+00 6.589528e+00 3.602828e+00
      vertex   2.249465e+00 6.544150e+00 3.711055e+00
      vertex   2.249465e+00 6.589528e+00 3.602828e+00
    endloop
  endfacet
  facet normal -0.000000e+00 -9.466987e-01 -3.221204e-01
    outer loop
      vertex   4.499286e+00 6.589528e+00 3.602828e+00
      vertex   2.249465e+00 6.589528e+00 3.602828e+00
      vertex   4.499286e+00 6.627330e+00 3.491729e+00
    endloop
  endfacet
  facet normal -0.000000e+00 -9.466987e-01 -3.221204e-01
    outer loop
      vertex   4.499286e+00 6.627330e+00 3.491729e+00
      vertex   2.249465e+00 6.589528e+00 3.602828e+00
      vertex   2.249465e+00 6.627330e+00 3.491729e+00
    endloop
  endfacet
  facet normal -0.000000e+00 -9.666664e-01 -2.560391e-01
    outer loop
      vertex   4.499286e+00 6.627330e+00 3.491729e+00
      vertex   2.249465e+00 6.627330e+00 3.491729e+00
      vertex   4.499286e+00 6.657378e+00 3.378286e+00
    endloop
  endfacet
  facet normal -0.000000e+00 -9.666664e-01 -2.560391e-01
    outer loop
      vertex   4.499286e+00 6.657378e+00 3.378286e+00
      vertex   2.249465e+00 6.627330e+00 3.491729e+00
      vertex   2.249465e+00 6.657378e+00 3.378286e+00
    endloop
  endfacet
  facet normal -0.000000e+00 -9.820276e-01 -1.887376e-01
    outer loop
      vertex   4.499286e+00 6.657378e+00 3.378286e+00
      vertex   2.249465e+00 6.657378e+00 3.378286e+00
      vertex   4.499286e+00 6.679527e+00 3.263040e+00
    endloop
  endfacet
  facet normal -0.000000e+00 -9.820276e-01 -1.887376e-01
    outer loop
      vertex   4.499286e+00 6.679527e+00 3.263040e+00
      vertex   2.249465e+00 6.657378e+00 3.378286e+00
      vertex   2.249465e+00 6.679527e+00 3.263040e+00
    endloop
  endfacet
  facet normal -0.000000e+00 -9.927089e-01 -1.205367e-01
    outer loop
      vertex   4.499286e+00 6.679527e+00 3.263040e+00
      vertex   2.249465e+00 6.679527e+00 3.263040e+00
      vertex   4.499286e+00 6.693672e+00 3.146541e+00
    endloop
  endfacet
  facet normal -0.000000e+00 -9.927089e-01 -1.205367e-01
    outer loop
      vertex   4.499286e+00 6.693672e+00 3.146541e+00
      vertex   2.249465e+00 6.679527e+00 3.263040e+00
      vertex   2.249465e+00 6.693672e+00 3.146541e+00
    endloop
  endfacet
  facet normal -0.000000e+00 -9.986595e-01 -5.176135e-02
    outer loop
      vertex   4.499286e+00 6.693672e+00 3.146541e+00
      vertex   2.249465e+00 6.693672e+00 3.146541e+00
      vertex   4.499286e+00 6.699747e+00 3.029343e+00
    endloop
  endfacet
  facet normal -0.000000e+00 -9.986595e-01 -5.176135e-02
    outer loop
      vertex   4.499286e+00 6.699747e+00 3.029343e+00
      vertex   2.249465e+00 6.693672e+00 3.146541e+00
      vertex   2.249465e+00 6.699747e+00 3.029343e+00
    endloop
  endfacet
  facet normal 0.000000e+00 -9.998510e-01 1.726064e-02
    outer loop
      vertex   4.499286e+00 6.699747e+00 3.029343e+00
      vertex   2.249465e+00 6.699747e+00 3.029343e+00
      vertex   4.499286e+00 6.697721e+00 2.912006e+00
    endloop
  endfacet
  facet normal 0.000000e+00 -9.998510e-01 1.726064e-02
    outer loop
      vertex   4.499286e+00 6.697721e+00 2.912006e+00
      vertex   2.249465e+00 6.699747e+00 3.029343e+00
      vertex   2.249465e+00 6.697721e+00 2.912006e+00
    endloop
  endfacet
  facet normal 0.000000e+00 -9.962778e-01 8.620038e-02
    outer loop
      vertex   4.499286e+00 6.697721e+00 2.912006e+00
      vertex   2.249465e+00 6.697721e+00 2.912006e+00
      vertex   4.499286e+00 6.687605e+00 2.795088e+00
    endloop
  endfacet
  facet normal 0.000000e+00 -9.962778e-01 8.620038e-02
    outer loop
      vertex   4.499286e+00 6.687605e+00 2.795088e+00
      vertex   2.249465e+00 6.697721e+00 2.912006e+00
      vertex   2.249465e+00 6.687605e+00 2.795088e+00
    endloop
  endfacet
  facet normal 0.000000e+00 -9.879569e-01 1.547293e-01
    outer loop
      vertex   4.499286e+00 6.687605e+00 2.795088e+00
      vertex   2.249465e+00 6.687605e+00 2.795088e+00
      vertex   4.499286e+00 6.669447e+00 2.679146e+00
    endloop
  endfacet
  facet normal 0.000000e+00 -9.879569e-01 1.547293e-01
    outer loop
      vertex   4.499286e+00 6.669447e+00 2.679146e+00
      vertex   2.249465e+00 6.687605e+00 2.795088e+00
      vertex   2.249465e+00 6.669447e+00 2.679146e+00
    endloop
  endfacet
  facet normal 0.000000e+00 -9.749279e-01 2.225209e-01
    outer loop
      vertex   4.499286e+00 6.669447e+00 2.679146e+00
      vertex   2.249465e+00 6.669447e+00 2.679146e+00
      vertex   4.499286e+00 6.643333e+00 2.564734e+00
    endloop
  endfacet
  facet normal -4.392310e-17 -9.749279e-01 2.225209e-01
    outer loop
      vertex   4.499286e+00 6.643333e+00 2.564734e+00
      vertex   2.249465e+00 6.669447e+00 2.679146e+00
      vertex   2.249465e+00 6.643333e+00 2.564734e+00
    endloop
  endfacet
  facet normal -5.709508e-17 -9.572530e-01 2.892521e-01
    outer loop
      vertex   4.499286e+00 6.643333e+00 2.564734e+00
      vertex   2.249465e+00 6.643333e+00 2.564734e+00
      vertex   4.499286e+00 6.609388e+00 2.452395e+00
    endloop
  endfacet
  facet normal 0.000000e+00 -9.572530e-01 2.892521e-01
    outer loop
      vertex   4.499286e+00 6.609388e+00 2.452395e+00
      vertex   2.249465e+00 6.643333e+00 2.564734e+00
      vertex   2.249465e+00 6.609388e+00 2.452395e+00
    endloop
  endfacet
  facet normal 0.000000e+00 -9.350162e-01 3.546049e-01
    outer loop
      vertex   4.499286e+00 6.609388e+00 2.452395e+00
      vertex   2.249465e+00 6.609388e+00 2.452395e+00
      vertex   4.499286e+00 6.567773e+00 2.342667e+00
    endloop
  endfacet
  facet normal 0.000000e+00 -9.350162e-01 3.546049e-01
    outer loop
      vertex   4.499286e+00 6.567773e+00 2.342667e+00
      vertex   2.249465e+00 6.609388e+00 2.452395e+00
      vertex   2.249465e+00 6.567773e+00 2.342667e+00
    endloop
  endfacet
  facet normal 0.000000e+00 -9.083238e-01 4.182678e-01
    outer loop
      vertex   4.499286e+00 6.567773e+00 2.342667e+00
      vertex   2.249465e+00 6.567773e+00 2.342667e+00
      vertex   4.499286e+00 6.518687e+00 2.236070e+00
    endloop
  endfacet
  facet normal 0.000000e+00 -9.083238e-01 4.182678e-01
    outer loop
      vertex   4.499286e+00 6.518687e+00 2.236070e+00
      vertex   2.249465e+00 6.567773e+00 2.342667e+00
      vertex   2.249465e+00 6.518687e+00 2.236070e+00
    endloop
  endfacet
  facet normal 0.000000e+00 -8.773027e-01 4.799375e-01
    outer loop
      vertex   4.499286e+00 6.518687e+00 2.236070e+00
      vertex   2.249465e+00 6.518687e+00 2.236070e+00
      vertex   4.499286e+00 6.462364e+00 2.133115e+00
    endloop
  endfacet
  facet normal 0.000000e+00 -8.773027e-01 4.799375e-01
    outer loop
      vertex   4.499286e+00 6.462364e+00 2.133115e+00
      vertex   2.249465e+00 6.518687e+00 2.236070e+00
      vertex   2.249465e+00 6.462364e+00 2.133115e+00
    endloop
  endfacet
  facet normal 0.000000e+00 -8.421009e-01 5.393200e-01
    outer loop
      vertex   4.499286e+00 6.462364e+00 2.133115e+00
      vertex   2.249465e+00 6.462364e+00 2.133115e+00
      vertex   4.499286e+00 6.399073e+00 2.034290e+00
    endloop
  endfacet
  facet normal 0.000000e+00 -8.421009e-01 5.393200e-01
    outer loop
      vertex   4.499286e+00 6.399073e+00 2.034290e+00
      vertex   2.249465e+00 6.462364e+00 2.133115e+00
      vertex   2.249465e+00 6.399073e+00 2.034290e+00
    endloop
  endfacet
  facet normal 0.000000e+00 -8.028861e-01 5.961325e-01
    outer loop
      vertex   4.499286e+00 6.399073e+00 2.034290e+00
      vertex   2.249465e+00 6.399073e+00 2.034290e+00
      vertex   4.499286e+00 6.329114e+00 1.940067e+00
    endloop
  endfacet
  facet normal 0.000000e+00 -8.028861e-01 5.961325e-01
    outer loop
      vertex   4.499286e+00 6.329114e+00 1.940067e+00
      vertex   2.249465e+00 6.399073e+00 2.034290e+00
      vertex   2.249465e+00 6.329114e+00 1.940067e+00
    endloop
  endfacet
  facet normal 0.000000e+00 -7.598452e-01 6.501041e-01
    outer loop
      vertex   4.499286e+00 6.329114e+00 1.940067e+00
      vertex   2.249465e+00 6.329114e+00 1.940067e+00
      vertex   4.499286e+00 6.252821e+00 1.850896e+00
    endloop
  endfacet
  facet normal 0.000000e+00 -7.598452e-01 6.501041e-01
    outer loop
      vertex   4.499286e+00 6.252821e+00 1.850896e+00
      vertex   2.249465e+00 6.329114e+00 1.940067e+00
      vertex   2.249465e+00 6.252821e+00 1.850896e+00
    endloop
  endfacet
  facet normal 0.000000e+00 -7.337274e-01 6.794440e-01
    outer loop
      vertex   4.499286e+00 6.252821e+00 1.850896e+00
      vertex   2.249465e+00 6.252821e+00 1.850896e+00
      vertex   2.599286e+00 6.241824e+00 1.839021e+00
    endloop
  endfacet
  facet normal 0.000000e+00 -7.337274e-01 6.794440e-01
    outer loop
      vertex   2.599286e+00 6.241824e+00 1.839021e+00
      vertex   2.249465e+00 6.252821e+00 1.850896e+00
      vertex   -3.569154e-04 6.252821e+00 1.850896e+00
    endloop
  endfacet
  facet normal -2.534846e-04 -7.131832e-01 7.009776e-01
    outer loop
      vertex   4.499286e+00 6.252821e+00 1.850896e+00
      vertex   2.599286e+00 6.241824e+00 1.839021e+00
      vertex   4.499286e+00 6.170558e+00 1.767200e+00
    endloop
  endfacet
  facet normal 2.615292e-04 -7.063706e-01 7.078421e-01
    outer loop
      vertex   4.499286e+00 6.170558e+00 1.767200e+00
      vertex   2.599286e+00 6.241824e+00 1.839021e+00
      vertex   2.599286e+00 6.158392e+00 1.755762e+00
    endloop
  endfacet
  facet normal -2.602022e-04 -6.631226e-01 7.485107e-01
    outer loop
      vertex   4.499286e+00 6.170558e+00 1.767200e+00
      vertex   2.599286e+00 6.158392e+00 1.755762e+00
      vertex   4.499286e+00 6.082716e+00 1.689380e+00
    endloop
  endfacet
  facet normal 2.682060e-04 -6.556246e-01 7.550870e-01
    outer loop
      vertex   4.499286e+00 6.082716e+00 1.689380e+00
      vertex   2.599286e+00 6.158392e+00 1.755762e+00
      vertex   2.599286e+00 6.069392e+00 1.678485e+00
    endloop
  endfacet
  facet normal -2.668381e-04 -6.099020e-01 7.924768e-01
    outer loop
      vertex   4.499286e+00 6.082716e+00 1.689380e+00
      vertex   2.599286e+00 6.069392e+00 1.678485e+00
      vertex   4.499286e+00 5.989715e+00 1.617805e+00
    endloop
  endfacet
  facet normal 2.748011e-04 -6.017268e-01 7.987020e-01
    outer loop
      vertex   4.499286e+00 5.989715e+00 1.617805e+00
      vertex   2.599286e+00 6.069392e+00 1.678485e+00
      vertex   2.599286e+00 5.975250e+00 1.607561e+00
    endloop
  endfacet
  facet normal -2.733923e-04 -5.537749e-01 8.326664e-01
    outer loop
      vertex   4.499286e+00 5.989715e+00 1.617805e+00
      vertex   2.599286e+00 5.975250e+00 1.607561e+00
      vertex   4.499286e+00 5.891998e+00 1.552816e+00
    endloop
  endfacet
  facet normal 2.813145e-04 -5.449364e-01 8.384774e-01
    outer loop
      vertex   4.499286e+00 5.891998e+00 1.552816e+00
      vertex   2.599286e+00 5.975250e+00 1.607561e+00
      vertex   2.599286e+00 5.876420e+00 1.543330e+00
    endloop
  endfacet
  facet normal -2.798649e-04 -4.950088e-01 8.688879e-01
    outer loop
      vertex   4.499286e+00 5.891998e+00 1.552816e+00
      vertex   2.599286e+00 5.876420e+00 1.543330e+00
      vertex   4.499286e+00 5.790029e+00 1.494725e+00
    endloop
  endfacet
  facet normal 2.877463e-04 -4.855263e-01 8.742220e-01
    outer loop
      vertex   4.499286e+00 5.790029e+00 1.494725e+00
      vertex   2.599286e+00 5.876420e+00 1.543330e+00
      vertex   2.599286e+00 5.773377e+00 1.486102e+00
    endloop
  endfacet
  facet normal -2.862559e-04 -4.338837e-01 9.009688e-01
    outer loop
      vertex   4.499286e+00 5.790029e+00 1.494725e+00
      vertex   2.599286e+00 5.773377e+00 1.486102e+00
      vertex   4.499286e+00 5.684296e+00 1.443806e+00
    endloop
  endfacet
  facet normal 2.940964e-04 -4.237822e-01 9.057641e-01
    outer loop
      vertex   4.499286e+00 5.684296e+00 1.443806e+00
      vertex   2.599286e+00 5.773377e+00 1.486102e+00
      vertex   2.599286e+00 5.666616e+00 1.436151e+00
    endloop
  endfacet
  facet normal -2.925652e-04 -3.706910e-01 9.287562e-01
    outer loop
      vertex   4.499286e+00 5.684296e+00 1.443806e+00
      vertex   2.599286e+00 5.666616e+00 1.436151e+00
      vertex   4.499286e+00 5.575302e+00 1.400304e+00
    endloop
  endfacet
  facet normal 3.003648e-04 -3.600009e-01 9.329519e-01
    outer loop
      vertex   4.499286e+00 5.575302e+00 1.400304e+00
      vertex   2.599286e+00 5.666616e+00 1.436151e+00
      vertex   2.599286e+00 5.556651e+00 1.393719e+00
    endloop
  endfacet
  facet normal -2.987928e-04 -3.057318e-01 9.521176e-01
    outer loop
      vertex   4.499286e+00 5.575302e+00 1.400304e+00
      vertex   2.599286e+00 5.556651e+00 1.393719e+00
      vertex   4.499286e+00 5.463567e+00 1.364425e+00
    endloop
  endfacet
  facet normal 3.065516e-04 -2.944889e-01 9.556548e-01
    outer loop
      vertex   4.499286e+00 5.463567e+00 1.364425e+00
      vertex   2.599286e+00 5.556651e+00 1.393719e+00
      vertex   2.599286e+00 5.444010e+00 1.359008e+00
    endloop
  endfacet
  facet normal -3.049388e-04 -2.393157e-01 9.709418e-01
    outer loop
      vertex   4.499286e+00 5.463567e+00 1.364425e+00
      vertex   2.599286e+00 5.444010e+00 1.359008e+00
      vertex   4.499286e+00 5.349622e+00 1.336340e+00
    endloop
  endfacet
  facet normal 3.126568e-04 -2.275613e-01 9.737637e-01
    outer loop
      vertex   4.499286e+00 5.349622e+00 1.336340e+00
      vertex   2.599286e+00 5.444010e+00 1.359008e+00
      vertex   2.599286e+00 5.329234e+00 1.332186e+00
    endloop
  endfacet
  facet normal -3.110031e-04 -1.717590e-01 9.851389e-01
    outer loop
      vertex   4.499286e+00 5.349622e+00 1.336340e+00
      vertex   2.599286e+00 5.329234e+00 1.332186e+00
      vertex   4.499286e+00 5.234011e+00 1.316183e+00
    endloop
  endfacet
  facet normal 3.186803e-04 -1.595398e-01 9.871914e-01
    outer loop
      vertex   4.499286e+00 5.234011e+00 1.316183e+00
      vertex   2.599286e+00 5.329234e+00 1.332186e+00
      vertex   2.599286e+00 5.212875e+00 1.313381e+00
    endloop
  endfacet
  facet normal -3.169858e-04 -1.033839e-01 9.946415e-01
    outer loop
      vertex   4.499286e+00 5.234011e+00 1.316183e+00
      vertex   2.599286e+00 5.212875e+00 1.313381e+00
      vertex   4.499286e+00 5.117285e+00 1.304051e+00
    endloop
  endfacet
  facet normal 3.246221e-04 -9.075129e-02 9.958735e-01
    outer loop
      vertex   4.499286e+00 5.117285e+00 1.304051e+00
      vertex   2.599286e+00 5.212875e+00 1.313381e+00
      vertex   2.599286e+00 5.095494e+00 1.302684e+00
    endloop
  endfacet
  facet normal -3.228868e-04 -3.451614e-02 9.994041e-01
    outer loop
      vertex   4.499286e+00 5.117285e+00 1.304051e+00
      vertex   2.599286e+00 5.095494e+00 1.302684e+00
      vertex   4.499286e+00 5.000000e+00 1.300000e+00
    endloop
  endfacet
  facet normal 3.304823e-04 -2.152653e-02 9.997682e-01
    outer loop
      vertex   4.499286e+00 5.000000e+00 1.300000e+00
      vertex   2.599286e+00 5.095494e+00 1.302684e+00
      vertex   2.599286e+00 4.977653e+00 1.300147e+00
    endloop
  endfacet
  facet normal -3.287061e-04 3.451614e-02 9.994041e-01
    outer loop
      vertex   4.499286e+00 5.000000e+00 1.300000e+00
      vertex   2.599286e+00 4.977653e+00 1.300147e+00
      vertex   4.499286e+00 4.882715e+00 1.304051e+00
    endloop
  endfacet
  facet normal 3.362608e-04 4.780171e-02 9.988568e-01
    outer loop
      vertex   4.499286e+00 4.882715e+00 1.304051e+00
      vertex   2.599286e+00 4.977653e+00 1.300147e+00
      vertex   2.599286e+00 4.859919e+00 1.305781e+00
    endloop
  endfacet
  facet normal -3.344438e-04 1.033839e-01 9.946415e-01
    outer loop
      vertex   4.499286e+00 4.882715e+00 1.304051e+00
      vertex   2.599286e+00 4.859919e+00 1.305781e+00
      vertex   4.499286e+00 4.765989e+00 1.316183e+00
    endloop
  endfacet
  facet normal 3.419577e-04 1.169002e-01 9.931436e-01
    outer loop
      vertex   4.499286e+00 4.765989e+00 1.316183e+00
      vertex   2.599286e+00 4.859919e+00 1.305781e+00
      vertex   2.599286e+00 4.742859e+00 1.319560e+00
    endloop
  endfacet
  facet normal -3.400998e-04 1.717590e-01 9.851389e-01
    outer loop
      vertex   4.499286e+00 4.765989e+00 1.316183e+00
      vertex   2.599286e+00 4.742859e+00 1.319560e+00
      vertex   4.499286e+00 4.650378e+00 1.336340e+00
    endloop
  endfacet
  facet normal 3.475729e-04 1.854366e-01 9.826562e-01
    outer loop
      vertex   4.499286e+00 4.650378e+00 1.336340e+00
      vertex   2.599286e+00 4.742859e+00 1.319560e+00
      vertex   2.599286e+00 4.627035e+00 1.341417e+00
    endloop
  endfacet
  facet normal -3.456742e-04 2.393156e-01 9.709418e-01
    outer loop
      vertex   4.499286e+00 4.650378e+00 1.336340e+00
      vertex   2.599286e+00 4.627035e+00 1.341417e+00
      vertex   4.499286e+00 4.536433e+00 1.364425e+00
    endloop
  endfacet
  facet normal 3.531064e-04 2.530817e-01 9.674449e-01
    outer loop
      vertex   4.499286e+00 4.536433e+00 1.364425e+00
      vertex   2.599286e+00 4.627035e+00 1.341417e+00
      vertex   2.599286e+00 4.513004e+00 1.371247e+00
    endloop
  endfacet
  facet normal -3.511669e-04 3.057318e-01 9.521176e-01
    outer loop
      vertex   4.499286e+00 4.536433e+00 1.364425e+00
      vertex   2.599286e+00 4.513004e+00 1.371247e+00
      vertex   4.499286e+00 4.424698e+00 1.400304e+00
    endloop
  endfacet
  facet normal 3.585583e-04 3.195101e-01 9.475828e-01
    outer loop
      vertex   4.499286e+00 4.424698e+00 1.400304e+00
      vertex   2.599286e+00 4.513004e+00 1.371247e+00
      vertex   2.599286e+00 4.401314e+00 1.408907e+00
    endloop
  endfacet
  facet normal -3.565779e-04 3.706910e-01 9.287562e-01
    outer loop
      vertex   4.499286e+00 4.424698e+00 1.400304e+00
      vertex   2.599286e+00 4.401314e+00 1.408907e+00
      vertex   4.499286e+00 4.315704e+00 1.443806e+00
    endloop
  endfacet
  facet normal 3.639285e-04 3.844026e-01 9.231655e-01
    outer loop
      vertex   4.499286e+00 4.315704e+00 1.443806e+00
      vertex   2.599286e+00 4.401314e+00 1.408907e+00
      vertex   2.599286e+00 4.292503e+00 1.454216e+00
    endloop
  endfacet
  facet normal -3.619073e-04 4.338837e-01 9.009688e-01
    outer loop
      vertex   4.499286e+00 4.315704e+00 1.443806e+00
      vertex   2.599286e+00 4.292503e+00 1.454216e+00
      vertex   4.499286e+00 4.209971e+00 1.494725e+00
    endloop
  endfacet
  facet normal 3.692170e-04 4.474471e-01 8.943103e-01
    outer loop
      vertex   4.499286e+00 4.209971e+00 1.494725e+00
      vertex   2.599286e+00 4.292503e+00 1.454216e+00
      vertex   2.599286e+00 4.187092e+00 1.506956e+00
    endloop
  endfacet
  facet normal -3.671550e-04 4.950088e-01 8.688879e-01
    outer loop
      vertex   4.499286e+00 4.209971e+00 1.494725e+00
      vertex   2.599286e+00 4.187092e+00 1.506956e+00
      vertex   4.499286e+00 4.108002e+00 1.552816e+00
    endloop
  endfacet
  facet normal 3.744239e-04 5.083407e-01 8.611560e-01
    outer loop
      vertex   4.499286e+00 4.108002e+00 1.552816e+00
      vertex   2.599286e+00 4.187092e+00 1.506956e+00
      vertex   2.599286e+00 4.085589e+00 1.566873e+00
    endloop
  endfacet
  facet normal -3.723211e-04 5.537749e-01 8.326664e-01
    outer loop
      vertex   4.499286e+00 4.108002e+00 1.552816e+00
      vertex   2.599286e+00 4.085589e+00 1.566873e+00
      vertex   4.499286e+00 4.010285e+00 1.617805e+00
    endloop
  endfacet
  facet normal 3.795491e-04 5.667905e-01 8.238619e-01
    outer loop
      vertex   4.499286e+00 4.010285e+00 1.617805e+00
      vertex   2.599286e+00 4.085589e+00 1.566873e+00
      vertex   2.599286e+00 3.988482e+00 1.633680e+00
    endloop
  endfacet
  facet normal -3.774055e-04 6.099020e-01 7.924768e-01
    outer loop
      vertex   4.499286e+00 4.010285e+00 1.617805e+00
      vertex   2.599286e+00 3.988482e+00 1.633680e+00
      vertex   4.499286e+00 3.917284e+00 1.689380e+00
    endloop
  endfacet
  facet normal 3.845927e-04 6.225156e-01 7.826073e-01
    outer loop
      vertex   4.499286e+00 3.917284e+00 1.689380e+00
      vertex   2.599286e+00 3.988482e+00 1.633680e+00
      vertex   2.599286e+00 3.896237e+00 1.707055e+00
    endloop
  endfacet
  facet normal -3.824082e-04 6.631226e-01 7.485107e-01
    outer loop
      vertex   4.499286e+00 3.917284e+00 1.689380e+00
      vertex   2.599286e+00 3.896237e+00 1.707055e+00
      vertex   4.499286e+00 3.829443e+00 1.767200e+00
    endloop
  endfacet
  facet normal 3.895546e-04 6.752482e-01 7.375905e-01
    outer loop
      vertex   4.499286e+00 3.829443e+00 1.767200e+00
      vertex   2.599286e+00 3.896237e+00 1.707055e+00
      vertex   2.599286e+00 3.809299e+00 1.786645e+00
    endloop
  endfacet
  facet normal -3.873293e-04 7.131832e-01 7.009776e-01
    outer loop
      vertex   4.499286e+00 3.829443e+00 1.767200e+00
      vertex   2.599286e+00 3.809299e+00 1.786645e+00
      vertex   4.499286e+00 3.747179e+00 1.850896e+00
    endloop
  endfacet
  facet normal 3.944348e-04 7.247347e-01 6.890279e-01
    outer loop
      vertex   4.499286e+00 3.747179e+00 1.850896e+00
      vertex   2.599286e+00 3.809299e+00 1.786645e+00
      vertex   2.599286e+00 3.728084e+00 1.872068e+00
    endloop
  endfacet
  facet normal -3.921687e-04 7.598451e-01 6.501040e-01
    outer loop
      vertex   4.499286e+00 3.747179e+00 1.850896e+00
      vertex   2.599286e+00 3.728084e+00 1.872068e+00
      vertex   4.499286e+00 3.670887e+00 1.940067e+00
    endloop
  endfacet
  facet normal 3.921687e-04 7.598451e-01 6.501040e-01
    outer loop
      vertex   -4.500000e+00 3.670887e+00 1.940067e+00
      vertex   -2.600000e+00 3.728084e+00 1.872068e+00
      vertex   -4.500000e+00 3.747179e+00 1.850896e+00
    endloop
  endfacet
  facet normal -3.944348e-04 7.247347e-01 6.890279e-01
    outer loop
      vertex   -4.500000e+00 3.747179e+00 1.850896e+00
      vertex   -2.600000e+00 3.728084e+00 1.872068e+00
      vertex   -2.600000e+00 3.809299e+00 1.786645e+00
    endloop
  endfacet
  facet normal 3.873293e-04 7.131832e-01 7.009776e-01
    outer loop
      vertex   -4.500000e+00 3.747179e+00 1.850896e+00
      vertex   -2.600000e+00 3.809299e+00 1.786645e+00
      vertex   -4.500000e+00 3.829443e+00 1.767200e+00
    endloop
  endfacet
  facet normal -3.895546e-04 6.752482e-01 7.375905e-01
    outer loop
      vertex   -4.500000e+00 3.829443e+00 1.767200e+00
      vertex   -2.600000e+00 3.809299e+00 1.786645e+00
      vertex   -2.600000e+00 3.896237e+00 1.707055e+00
    endloop
  endfacet
  facet normal 3.824082e-04 6.631226e-01 7.485107e-01
    outer loop
      vertex   -4.500000e+00 3.829443e+00 1.767200e+00
      vertex   -2.600000e+00 3.896237e+00 1.707055e+00
      vertex   -4.500000e+00 3.917284e+00 1.689380e+00
    endloop
  endfacet
  facet normal -3.845927e-04 6.225156e-01 7.826073e-01
    outer loop
      vertex   -4.500000e+00 3.917284e+00 1.689380e+00
      vertex   -2.600000e+00 3.896237e+00 1.707055e+00
      vertex   -2.600000e+00 3.988482e+00 1.633680e+00
    endloop
  endfacet
  facet normal 3.774055e-04 6.099020e-01 7.924768e-01
    outer loop
      vertex   -4.500000e+00 3.917284e+00 1.689380e+00
      vertex   -2.600000e+00 3.988482e+00 1.633680e+00
      vertex   -4.500000e+00 4.010285e+00 1.617805e+00
    endloop
  endfacet
  facet normal -3.795491e-04 5.667905e-01 8.238619e-01
    outer loop
      vertex   -4.500000e+00 4.010285e+00 1.617805e+00
      vertex   -2.600000e+00 3.988482e+00 1.633680e+00
      vertex   -2.600000e+00 4.085589e+00 1.566873e+00
    endloop
  endfacet
  facet normal 3.723211e-04 5.537749e-01 8.326664e-01
    outer loop
      vertex   -4.500000e+00 4.010285e+00 1.617805e+00
      vertex   -2.600000e+00 4.085589e+00 1.566873e+00
      vertex   -4.500000e+00 4.108002e+00 1.552816e+00
    endloop
  endfacet
  facet normal -3.744239e-04 5.083407e-01 8.611560e-01
    outer loop
      vertex   -4.500000e+00 4.108002e+00 1.552816e+00
      vertex   -2.600000e+00 4.085589e+00 1.566873e+00
      vertex   -2.600000e+00 4.187092e+00 1.506956e+00
    endloop
  endfacet
  facet normal 3.671550e-04 4.950088e-01 8.688879e-01
    outer loop
      vertex   -4.500000e+00 4.108002e+00 1.552816e+00
      vertex   -2.600000e+00 4.187092e+00 1.506956e+00
      vertex   -4.500000e+00 4.209971e+00 1.494725e+00
    endloop
  endfacet
  facet normal -3.692170e-04 4.474471e-01 8.943103e-01
    outer loop
      vertex   -4.500000e+00 4.209971e+00 1.494725e+00
      vertex   -2.600000e+00 4.187092e+00 1.506956e+00
      vertex   -2.600000e+00 4.292503e+00 1.454216e+00
    endloop
  endfacet
  facet normal 3.619073e-04 4.338837e-01 9.009688e-01
    outer loop
      vertex   -4.500000e+00 4.209971e+00 1.494725e+00
      vertex   -2.600000e+00 4.292503e+00 1.454216e+00
      vertex   -4.500000e+00 4.315704e+00 1.443806e+00
    endloop
  endfacet
  facet normal -3.639285e-04 3.844026e-01 9.231655e-01
    outer loop
      vertex   -4.500000e+00 4.315704e+00 1.443806e+00
      vertex   -2.600000e+00 4.292503e+00 1.454216e+00
      vertex   -2.600000e+00 4.401314e+00 1.408907e+00
    endloop
  endfacet
  facet normal 3.565779e-04 3.706910e-01 9.287562e-01
    outer loop
      vertex   -4.500000e+00 4.315704e+00 1.443806e+00
      vertex   -2.600000e+00 4.401314e+00 1.408907e+00
      vertex   -4.500000e+00 4.424698e+00 1.400304e+00
    endloop
  endfacet
  facet normal -3.585583e-04 3.195101e-01 9.475828e-01
    outer loop
      vertex   -4.500000e+00 4.424698e+00 1.400304e+00
      vertex   -2.600000e+00 4.401314e+00 1.408907e+00
      vertex   -2.600000e+00 4.513004e+00 1.371247e+00
    endloop
  endfacet
  facet normal 3.511669e-04 3.057318e-01 9.521176e-01
    outer loop
      vertex   -4.500000e+00 4.424698e+00 1.400304e+00
      vertex   -2.600000e+00 4.513004e+00 1.371247e+00
      vertex   -4.500000e+00 4.536433e+00 1.364425e+00
    endloop
  endfacet
  facet normal -3.531064e-04 2.530817e-01 9.674449e-01
    outer loop
      vertex   -4.500000e+00 4.536433e+00 1.364425e+00
      vertex   -2.600000e+00 4.513004e+00 1.371247e+00
      vertex   -2.600000e+00 4.627035e+00 1.341417e+00
    endloop
  endfacet
  facet normal 3.456742e-04 2.393156e-01 9.709418e-01
    outer loop
      vertex   -4.500000e+00 4.536433e+00 1.364425e+00
      vertex   -2.600000e+00 4.627035e+00 1.341417e+00
      vertex   -4.500000e+00 4.650378e+00 1.336340e+00
    endloop
  endfacet
  facet normal -3.475729e-04 1.854366e-01 9.826562e-01
    outer loop
      vertex   -4.500000e+00 4.650378e+00 1.336340e+00
      vertex   -2.600000e+00 4.627035e+00 1.341417e+00
      vertex   -2.600000e+00 4.742859e+00 1.319560e+00
    endloop
  endfacet
  facet normal 3.400998e-04 1.717590e-01 9.851389e-01
    outer loop
      vertex   -4.500000e+00 4.650378e+00 1.336340e+00
      vertex   -2.600000e+00 4.742859e+00 1.319560e+00
      vertex   -4.500000e+00 4.765989e+00 1.316183e+00
    endloop
  endfacet
  facet normal -3.419577e-04 1.169002e-01 9.931436e-01
    outer loop
      vertex   -4.500000e+00 4.765989e+00 1.316183e+00
      vertex   -2.600000e+00 4.742859e+00 1.319560e+00
      vertex   -2.600000e+00 4.859919e+00 1.305781e+00
    endloop
  endfacet
  facet normal 3.344438e-04 1.033839e-01 9.946415e-01
    outer loop
      vertex   -4.500000e+00 4.765989e+00 1.316183e+00
      vertex   -2.600000e+00 4.859919e+00 1.305781e+00
      vertex   -4.500000e+00 4.882715e+00 1.304051e+00
    endloop
  endfacet
  facet normal -3.362608e-04 4.780171e-02 9.988568e-01
    outer loop
      vertex   -4.500000e+00 4.882715e+00 1.304051e+00
      vertex   -2.600000e+00 4.859919e+00 1.305781e+00
      vertex   -2.600000e+00 4.977653e+00 1.300147e+00
    endloop
  endfacet
  facet normal 3.287061e-04 3.451614e-02 9.994041e-01
    outer loop
      vertex   -4.500000e+00 4.882715e+00 1.304051e+00
      vertex   -2.600000e+00 4.977653e+00 1.300147e+00
      vertex   -4.500000e+00 5.000000e+00 1.300000e+00
    endloop
  endfacet
  facet normal -3.304823e-04 -2.152653e-02 9.997682e-01
    outer loop
      vertex   -4.500000e+00 5.000000e+00 1.300000e+00
      vertex   -2.600000e+00 4.977653e+00 1.300147e+00
      vertex   -2.600000e+00 5.095494e+00 1.302684e+00
    endloop
  endfacet
  facet normal 3.228868e-04 -3.451614e-02 9.994041e-01
    outer loop
      vertex   -4.500000e+00 5.000000e+00 1.300000e+00
      vertex   -2.600000e+00 5.095494e+00 1.302684e+00
      vertex   -4.500000e+00 5.117285e+00 1.304051e+00
    endloop
  endfacet
  facet normal -3.246221e-04 -9.075129e-02 9.958735e-01
    outer loop
      vertex   -4.500000e+00 5.117285e+00 1.304051e+00
      vertex   -2.600000e+00 5.095494e+00 1.302684e+00
      vertex   -2.600000e+00 5.212875e+00 1.313381e+00
    endloop
  endfacet
  facet normal 3.169858e-04 -1.033839e-01 9.946415e-01
    outer loop
      vertex   -4.500000e+00 5.117285e+00 1.304051e+00
      vertex   -2.600000e+00 5.212875e+00 1.313381e+00
      vertex   -4.500000e+00 5.234011e+00 1.316183e+00
    endloop
  endfacet
  facet normal -3.186803e-04 -1.595398e-01 9.871914e-01
    outer loop
      vertex   -4.500000e+00 5.234011e+00 1.316183e+00
      vertex   -2.600000e+00 5.212875e+00 1.313381e+00
      vertex   -2.600000e+00 5.329234e+00 1.332186e+00
    endloop
  endfacet
  facet normal 3.110031e-04 -1.717590e-01 9.851389e-01
    outer loop
      vertex   -4.500000e+00 5.234011e+00 1.316183e+00
      vertex   -2.600000e+00 5.329234e+00 1.332186e+00
      vertex   -4.500000e+00 5.349622e+00 1.336340e+00
    endloop
  endfacet
  facet normal -3.126568e-04 -2.275613e-01 9.737637e-01
    outer loop
      vertex   -4.500000e+00 5.349622e+00 1.336340e+00
      vertex   -2.600000e+00 5.329234e+00 1.332186e+00
      vertex   -2.600000e+00 5.444010e+00 1.359008e+00
    endloop
  endfacet
  facet normal 3.049388e-04 -2.393157e-01 9.709418e-01
    outer loop
      vertex   -4.500000e+00 5.349622e+00 1.336340e+00
      vertex   -2.600000e+00 5.444010e+00 1.359008e+00
      vertex   -4.500000e+00 5.463567e+00 1.364425e+00
    endloop
  endfacet
  facet normal -3.065516e-04 -2.944889e-01 9.556548e-01
    outer loop
      vertex   -4.500000e+00 5.463567e+00 1.364425e+00
      vertex   -2.600000e+00 5.444010e+00 1.359008e+00
      vertex   -2.600000e+00 5.556651e+00 1.393719e+00
    endloop
  endfacet
  facet normal 2.987928e-04 -3.057318e-01 9.521176e-01
    outer loop
      vertex   -4.500000e+00 5.463567e+00 1.364425e+00
      vertex   -2.600000e+00 5.556651e+00 1.393719e+00
      vertex   -4.500000e+00 5.575302e+00 1.400304e+00
    endloop
  endfacet
  facet normal -3.003648e-04 -3.600009e-01 9.329519e-01
    outer loop
      vertex   -4.500000e+00 5.575302e+00 1.400304e+00
      vertex   -2.600000e+00 5.556651e+00 1.393719e+00
      vertex   -2.600000e+00 5.666616e+00 1.436151e+00
    endloop
  endfacet
  facet normal 2.925652e-04 -3.706910e-01 9.287562e-01
    outer loop
      vertex   -4.500000e+00 5.575302e+00 1.400304e+00
      vertex   -2.600000e+00 5.666616e+00 1.436151e+00
      vertex   -4.500000e+00 5.684296e+00 1.443806e+00
    endloop
  endfacet
  facet normal -2.940964e-04 -4.237822e-01 9.057641e-01
    outer loop
      vertex   -4.500000e+00 5.684296e+00 1.443806e+00
      vertex   -2.600000e+00 5.666616e+00 1.436151e+00
      vertex   -2.600000e+00 5.773377e+00 1.486102e+00
    endloop
  endfacet
  facet normal 2.862559e-04 -4.338837e-01 9.009688e-01
    outer loop
      vertex   -4.500000e+00 5.684296e+00 1.443806e+00
      vertex   -2.600000e+00 5.773377e+00 1.486102e+00
      vertex   -4.500000e+00 5.790029e+00 1.494725e+00
    endloop
  endfacet
  facet normal -2.877463e-04 -4.855263e-01 8.742220e-01
    outer loop
      vertex   -4.500000e+00 5.790029e+00 1.494725e+00
      vertex   -2.600000e+00 5.773377e+00 1.486102e+00
      vertex   -2.600000e+00 5.876420e+00 1.543330e+00
    endloop
  endfacet
  facet normal 2.798649e-04 -4.950088e-01 8.688879e-01
    outer loop
      vertex   -4.500000e+00 5.790029e+00 1.494725e+00
      vertex   -2.600000e+00 5.876420e+00 1.543330e+00
      vertex   -4.500000e+00 5.891998e+00 1.552816e+00
    endloop
  endfacet
  facet normal -2.813145e-04 -5.449364e-01 8.384774e-01
    outer loop
      vertex   -4.500000e+00 5.891998e+00 1.552816e+00
      vertex   -2.600000e+00 5.876420e+00 1.543330e+00
      vertex   -2.600000e+00 5.975250e+00 1.607561e+00
    endloop
  endfacet
  facet normal 2.733923e-04 -5.537749e-01 8.326664e-01
    outer loop
      vertex   -4.500000e+00 5.891998e+00 1.552816e+00
      vertex   -2.600000e+00 5.975250e+00 1.607561e+00
      vertex   -4.500000e+00 5.989715e+00 1.617805e+00
    endloop
  endfacet
  facet normal -2.748011e-04 -6.017268e-01 7.987020e-01
    outer loop
      vertex   -4.500000e+00 5.989715e+00 1.617805e+00
      vertex   -2.600000e+00 5.975250e+00 1.607561e+00
      vertex   -2.600000e+00 6.069392e+00 1.678485e+00
    endloop
  endfacet
  facet normal 2.668381e-04 -6.099020e-01 7.924768e-01
    outer loop
      vertex   -4.500000e+00 5.989715e+00 1.617805e+00
      vertex   -2.600000e+00 6.069392e+00 1.678485e+00
      vertex   -4.500000e+00 6.082716e+00 1.689380e+00
    endloop
  endfacet
  facet normal -2.682060e-04 -6.556246e-01 7.550870e-01
    outer loop
      vertex   -4.500000e+00 6.082716e+00 1.689380e+00
      vertex   -2.600000e+00 6.069392e+00 1.678485e+00
      vertex   -2.600000e+00 6.158392e+00 1.755762e+00
    endloop
  endfacet
  facet normal 2.602022e-04 -6.631226e-01 7.485107e-01
    outer loop
      vertex   -4.500000e+00 6.082716e+00 1.689380e+00
      vertex   -2.600000e+00 6.158392e+00 1.755762e+00
      vertex   -4.500000e+00 6.170558e+00 1.767200e+00
    endloop
  endfacet
  facet normal -2.615292e-04 -7.063706e-01 7.078421e-01
    outer loop
      vertex   -4.500000e+00 6.170558e+00 1.767200e+00
      vertex   -2.600000e+00 6.158392e+00 1.755762e+00
      vertex   -2.600000e+00 6.241824e+00 1.839021e+00
    endloop
  endfacet
  facet normal 2.534846e-04 -7.131832e-01 7.009776e-01
    outer loop
      vertex   -4.500000e+00 6.170558e+00 1.767200e+00
      vertex   -2.600000e+00 6.241824e+00 1.839021e+00
      vertex   -4.500000e+00 6.252821e+00 1.850896e+00
    endloop
  endfacet
  facet normal 0.000000e+00 -7.598452e-01 6.501041e-01
    outer loop
      vertex   -2.250178e+00 6.329114e+00 1.940067e+00
      vertex   -2.250178e+00 6.252821e+00 1.850896e+00
      vertex   -3.569154e-04 6.252821e+00 1.850896e+00
    endloop
  endfacet
  facet normal 0.000000e+00 -7.598452e-01 6.501041e-01
    outer loop
      vertex   -3.569154e-04 6.252821e+00 1.850896e+00
      vertex   2.249465e+00 6.252821e+00 1.850896e+00
      vertex   -3.569154e-04 6.329114e+00 1.940067e+00
    endloop
  endfacet
  facet normal 0.000000e+00 -7.598452e-01 6.501041e-01
    outer loop
      vertex   -3.569154e-04 6.329114e+00 1.940067e+00
      vertex   2.249465e+00 6.252821e+00 1.850896e+00
      vertex   2.249465e+00 6.329114e+00 1.940067e+00
    endloop
  endfacet
  facet normal 0.000000e+00 -8.028861e-01 5.961325e-01
    outer loop
      vertex   -3.569154e-04 6.329114e+00 1.940067e+00
      vertex   2.249465e+00 6.329114e+00 1.940067e+00
      vertex   -3.569154e-04 6.399073e+00 2.034290e+00
    endloop
  endfacet
  facet normal 0.000000e+00 -8.028861e-01 5.961325e-01
    outer loop
      vertex   -3.569154e-04 6.399073e+00 2.034290e+00
      vertex   2.249465e+00 6.329114e+00 1.940067e+00
      vertex   2.249465e+00 6.399073e+00 2.034290e+00
    endloop
  endfacet
  facet normal 0.000000e+00 -8.421009e-01 5.393200e-01
    outer loop
      vertex   -3.569154e-04 6.399073e+00 2.034290e+00
      vertex   2.249465e+00 6.399073e+00 2.034290e+00
      vertex   -3.569154e-04 6.462364e+00 2.133115e+00
    endloop
  endfacet
  facet normal 0.000000e+00 -8.421009e-01 5.393200e-01
    outer loop
      vertex   -3.569154e-04 6.462364e+00 2.133115e+00
      vertex   2.249465e+00 6.399073e+00 2.034290e+00
      vertex   2.249465e+00 6.462364e+00 2.133115e+00
    endloop
  endfacet
  facet normal 0.000000e+00 -8.773027e-01 4.799375e-01
    outer loop
      vertex   -3.569154e-04 6.462364e+00 2.133115e+00
      vertex   2.249465e+00 6.462364e+00 2.133115e+00
      vertex   -3.569154e-04 6.518687e+00 2.236070e+00
    endloop
  endfacet
  facet normal 0.000000e+00 -8.773027e-01 4.799375e-01
    outer loop
      vertex   -3.569154e-04 6.518687e+00 2.236070e+00
      vertex   2.249465e+00 6.462364e+00 2.133115e+00
      vertex   2.249465e+00 6.518687e+00 2.236070e+00
    endloop
  endfacet
  facet normal 0.000000e+00 -9.083238e-01 4.182678e-01
    outer loop
      vertex   -3.569154e-04 6.518687e+00 2.236070e+00
      vertex   2.249465e+00 6.518687e+00 2.236070e+00
      vertex   -3.569154e-04 6.567773e+00 2.342667e+00
    endloop
  endfacet
  facet normal 0.000000e+00 -9.083238e-01 4.182678e-01
    outer loop
      vertex   -3.569154e-04 6.567773e+00 2.342667e+00
      vertex   2.249465e+00 6.518687e+00 2.236070e+00
      vertex   2.249465e+00 6.567773e+00 2.342667e+00
    endloop
  endfacet
  facet normal 0.000000e+00 -9.350162e-01 3.546049e-01
    outer loop
      vertex   -3.569154e-04 6.567773e+00 2.342667e+00
      vertex   2.249465e+00 6.567773e+00 2.342667e+00
      vertex   -3.569154e-04 6.609388e+00 2.452395e+00
    endloop
  endfacet
  facet normal 0.000000e+00 -9.350162e-01 3.546049e-01
    outer loop
      vertex   -3.569154e-04 6.609388e+00 2.452395e+00
      vertex   2.249465e+00 6.567773e+00 2.342667e+00
      vertex   2.249465e+00 6.609388e+00 2.452395e+00
    endloop
  endfacet
  facet normal 0.000000e+00 -9.572530e-01 2.892521e-01
    outer loop
      vertex   -3.569154e-04 6.609388e+00 2.452395e+00
      vertex   2.249465e+00 6.609388e+00 2.452395e+00
      vertex   -3.569154e-04 6.643333e+00 2.564734e+00
    endloop
  endfacet
  facet normal 0.000000e+00 -9.572530e-01 2.892521e-01
    outer loop
      vertex   -3.569154e-04 6.643333e+00 2.564734e+00
      vertex   2.249465e+00 6.609388e+00 2.452395e+00
      vertex   2.249465e+00 6.643333e+00 2.564734e+00
    endloop
  endfacet
  facet normal 0.000000e+00 -9.749279e-01 2.225209e-01
    outer loop
      vertex   -3.569154e-04 6.643333e+00 2.564734e+00
      vertex   2.249465e+00 6.643333e+00 2.564734e+00
      vertex   -3.569154e-04 6.669447e+00 2.679146e+00
    endloop
  endfacet
  facet normal 0.000000e+00 -9.749279e-01 2.225209e-01
    outer loop
      vertex   -3.569154e-04 6.669447e+00 2.679146e+00
      vertex   2.249465e+00 6.643333e+00 2.564734e+00
      vertex   2.249465e+00 6.669447e+00 2.679146e+00
    endloop
  endfacet
  facet normal 0.000000e+00 -9.879569e-01 1.547293e-01
    outer loop
      vertex   -3.569154e-04 6.669447e+00 2.679146e+00
      vertex   2.249465e+00 6.669447e+00 2.679146e+00
      vertex   -3.569154e-04 6.687605e+00 2.795088e+00
    endloop
  endfacet
  facet normal 0.000000e+00 -9.879569e-01 1.547293e-01
    outer loop
      vertex   -3.569154e-04 6.687605e+00 2.795088e+00
      vertex   2.249465e+00 6.669447e+00 2.679146e+00
      vertex   2.249465e+00 6.687605e+00 2.795088e+00
    endloop
  endfacet
  facet normal 0.000000e+00 -9.962778e-01 8.620038e-02
    outer loop
      vertex   -3.569154e-04 6.687605e+00 2.795088e+00
      vertex   2.249465e+00 6.687605e+00 2.795088e+00
      vertex   -3.569154e-04 6.697721e+00 2.912006e+00
    endloop
  endfacet
  facet normal 0.000000e+00 -9.962778e-01 8.620038e-02
    outer loop
      vertex   -3.569154e-04 6.697721e+00 2.912006e+00
      vertex   2.249465e+00 6.687605e+00 2.795088e+00
      vertex   2.249465e+00 6.697721e+00 2.912006e+00
    endloop
  endfacet
  facet normal 0.000000e+00 -9.998510e-01 1.726064e-02
    outer loop
      vertex   -3.569154e-04 6.697721e+00 2.912006e+00
      vertex   2.249465e+00 6.697721e+00 2.912006e+00
      vertex   -3.569154e-04 6.699747e+00 3.029343e+00
    endloop
  endfacet
  facet normal 0.000000e+00 -9.998510e-01 1.726064e-02
    outer loop
      vertex   -3.569154e-04 6.699747e+00 3.029343e+00
      vertex   2.249465e+00 6.697721e+00 2.912006e+00
      vertex   2.249465e+00 6.699747e+00 3.029343e+00
    endloop
  endfacet
  facet normal 0.000000e+00 -9.986595e-01 -5.176135e-02
    outer loop
      vertex   -3.569154e-04 6.699747e+00 3.029343e+00
      vertex   2.249465e+00 6.699747e+00 3.029343e+00
      vertex   -3.569154e-04 6.693672e+00 3.146541e+00
    endloop
  endfacet
  facet normal 0.000000e+00 -9.986595e-01 -5.176135e-02
    outer loop
      vertex   -3.569154e-04 6.693672e+00 3.146541e+00
      vertex   2.249465e+00 6.699747e+00 3.029343e+00
      vertex   2.249465e+00 6.693672e+00 3.146541e+00
    endloop
  endfacet
  facet normal 0.000000e+00 -9.927089e-01 -1.205367e-01
    outer loop
      vertex   -3.569154e-04 6.693672e+00 3.146541e+00
      vertex   2.249465e+00 6.693672e+00 3.146541e+00
      vertex   -3.569154e-04 6.679527e+00 3.263040e+00
    endloop
  endfacet
  facet normal 0.000000e+00 -9.927089e-01 -1.205367e-01
    outer loop
      vertex   -3.569154e-04 6.679527e+00 3.263040e+00
      vertex   2.249465e+00 6.693672e+00 3.146541e+00
      vertex   2.249465e+00 6.679527e+00 3.263040e+00
    endloop
  endfacet
  facet normal 0.000000e+00 -9.820276e-01 -1.887376e-01
    outer loop
      vertex   -3.569154e-04 6.679527e+00 3.263040e+00
      vertex   2.249465e+00 6.679527e+00 3.263040e+00
      vertex   -3.569154e-04 6.657378e+00 3.378286e+00
    endloop
  endfacet
  facet normal 0.000000e+00 -9.820276e-01 -1.887376e-01
    outer loop
      vertex   -3.569154e-04 6.657378e+00 3.378286e+00
      vertex   2.249465e+00 6.679527e+00 3.263040e+00
      vertex   2.249465e+00 6.657378e+00 3.378286e+00
    endloop
  endfacet
  facet normal 0.000000e+00 -9.666664e-01 -2.560391e-01
    outer loop
      vertex   -3.569154e-04 6.657378e+00 3.378286e+00
      vertex   2.249465e+00 6.657378e+00 3.378286e+00
      vertex   -3.569154e-04 6.627330e+00 3.491729e+00
    endloop
  endfacet
  facet normal 0.000000e+00 -9.666664e-01 -2.560391e-01
    outer loop
      vertex   -3.569154e-04 6.627330e+00 3.491729e+00
      vertex   2.249465e+00 6.657378e+00 3.378286e+00
      vertex   2.249465e+00 6.627330e+00 3.491729e+00
    endloop
  endfacet
  facet normal 0.000000e+00 -9.466987e-01 -3.221204e-01
    outer loop
      vertex   -3.569154e-04 6.627330e+00 3.491729e+00
      vertex   2.249465e+00 6.627330e+00 3.491729e+00
      vertex   -3.569154e-04 6.589528e+00 3.602828e+00
    endloop
  endfacet
  facet normal 0.000000e+00 -9.466987e-01 -3.221204e-01
    outer loop
      vertex   -3.569154e-04 6.589528e+00 3.602828e+00
      vertex   2.249465e+00 6.627330e+00 3.491729e+00
      vertex   2.249465e+00 6.589528e+00 3.602828e+00
    endloop
  endfacet
  facet normal 0.000000e+00 -9.222195e-01 -3.866667e-01
    outer loop
      vertex   -3.569154e-04 6.589528e+00 3.602828e+00
      vertex   2.249465e+00 6.589528e+00 3.602828e+00
      vertex   -3.569154e-04 6.544150e+00 3.711055e+00
    endloop
  endfacet
  facet normal 0.000000e+00 -9.222195e-01 -3.866667e-01
    outer loop
      vertex   -3.569154e-04 6.544150e+00 3.711055e+00
      vertex   2.249465e+00 6.589528e+00 3.602828e+00
      vertex   2.249465e+00 6.544150e+00 3.711055e+00
    endloop
  endfacet
  facet normal 0.000000e+00 -8.933455e-01 -4.493704e-01
    outer loop
      vertex   -3.569154e-04 6.544150e+00 3.711055e+00
      vertex   2.249465e+00 6.544150e+00 3.711055e+00
      vertex   -3.569154e-04 6.491415e+00 3.815894e+00
    endloop
  endfacet
  facet normal 0.000000e+00 -8.933455e-01 -4.493704e-01
    outer loop
      vertex   -3.569154e-04 6.491415e+00 3.815894e+00
      vertex   2.249465e+00 6.544150e+00 3.711055e+00
      vertex   2.249465e+00 6.491415e+00 3.815894e+00
    endloop
  endfacet
  facet normal 0.000000e+00 -8.602144e-01 -5.099326e-01
    outer loop
      vertex   -3.569154e-04 6.491415e+00 3.815894e+00
      vertex   2.249465e+00 6.491415e+00 3.815894e+00
      vertex   -3.569154e-04 6.431572e+00 3.916844e+00
    endloop
  endfacet
  facet normal 0.000000e+00 -8.602144e-01 -5.099326e-01
    outer loop
      vertex   -3.569154e-04 6.431572e+00 3.916844e+00
      vertex   2.249465e+00 6.491415e+00 3.815894e+00
      vertex   2.249465e+00 6.431572e+00 3.916844e+00
    endloop
  endfacet
  facet normal 0.000000e+00 -8.229839e-01 -5.680647e-01
    outer loop
      vertex   -3.569154e-04 6.431572e+00 3.916844e+00
      vertex   2.249465e+00 6.431572e+00 3.916844e+00
      vertex   -3.569154e-04 6.364906e+00 4.013425e+00
    endloop
  endfacet
  facet normal 0.000000e+00 -8.229839e-01 -5.680647e-01
    outer loop
      vertex   -3.569154e-04 6.364906e+00 4.013425e+00
      vertex   2.249465e+00 6.431572e+00 3.916844e+00
      vertex   2.249465e+00 6.364906e+00 4.013425e+00
    endloop
  endfacet
  facet normal 0.000000e+00 -7.818315e-01 -6.234898e-01
    outer loop
      vertex   -3.569154e-04 6.364906e+00 4.013425e+00
      vertex   2.249465e+00 6.364906e+00 4.013425e+00
      vertex   -3.569154e-04 6.291737e+00 4.105177e+00
    endloop
  endfacet
  facet normal 2.461396e-16 -7.818315e-01 -6.234898e-01
    outer loop
      vertex   -3.569154e-04 6.291737e+00 4.105177e+00
      vertex   2.249465e+00 6.364906e+00 4.013425e+00
      vertex   2.249465e+00 6.291737e+00 4.105177e+00
    endloop
  endfacet
  facet normal 2.668472e-16 -7.369533e-01 -6.759436e-01
    outer loop
      vertex   -3.569154e-04 6.291737e+00 4.105177e+00
      vertex   2.249465e+00 6.291737e+00 4.105177e+00
      vertex   -3.569154e-04 6.212412e+00 4.191662e+00
    endloop
  endfacet
  facet normal 0.000000e+00 -7.369533e-01 -6.759436e-01
    outer loop
      vertex   -3.569154e-04 6.212412e+00 4.191662e+00
      vertex   2.249465e+00 6.291737e+00 4.105177e+00
      vertex   2.249465e+00 6.212412e+00 4.191662e+00
    endloop
  endfacet
  facet normal 0.000000e+00 -6.885632e-01 -7.251763e-01
    outer loop
      vertex   -3.569154e-04 6.212412e+00 4.191662e+00
      vertex   2.249465e+00 6.212412e+00 4.191662e+00
      vertex   -3.569154e-04 6.127309e+00 4.272468e+00
    endloop
  endfacet
  facet normal 0.000000e+00 -6.885632e-01 -7.251763e-01
    outer loop
      vertex   -3.569154e-04 6.127309e+00 4.272468e+00
      vertex   2.249465e+00 6.212412e+00 4.191662e+00
      vertex   2.249465e+00 6.127309e+00 4.272468e+00
    endloop
  endfacet
  facet normal 0.000000e+00 -6.368918e-01 -7.709532e-01
    outer loop
      vertex   -3.569154e-04 6.127309e+00 4.272468e+00
      vertex   2.249465e+00 6.127309e+00 4.272468e+00
      vertex   -3.569154e-04 6.036833e+00 4.347211e+00
    endloop
  endfacet
  facet normal -2.514304e-16 -6.368918e-01 -7.709532e-01
    outer loop
      vertex   -3.569154e-04 6.036833e+00 4.347211e+00
      vertex   2.249465e+00 6.127309e+00 4.272468e+00
      vertex   2.249465e+00 6.036833e+00 4.347211e+00
    endloop
  endfacet
  facet normal -2.298335e-16 -5.821853e-01 -8.130561e-01
    outer loop
      vertex   -3.569154e-04 6.036833e+00 4.347211e+00
      vertex   2.249465e+00 6.036833e+00 4.347211e+00
      vertex   -3.569154e-04 5.941417e+00 4.415533e+00
    endloop
  endfacet
  facet normal 0.000000e+00 -5.821853e-01 -8.130561e-01
    outer loop
      vertex   -3.569154e-04 5.941417e+00 4.415533e+00
      vertex   2.249465e+00 6.036833e+00 4.347211e+00
      vertex   2.249465e+00 5.941417e+00 4.415533e+00
    endloop
  endfacet
  facet normal 0.000000e+00 -5.247045e-01 -8.512844e-01
    outer loop
      vertex   -3.569154e-04 5.941417e+00 4.415533e+00
      vertex   2.249465e+00 5.941417e+00 4.415533e+00
      vertex   -3.569154e-04 5.841515e+00 4.477110e+00
    endloop
  endfacet
  facet normal 0.000000e+00 -5.247045e-01 -8.512844e-01
    outer loop
      vertex   -3.569154e-04 5.841515e+00 4.477110e+00
      vertex   2.249465e+00 5.941417e+00 4.415533e+00
      vertex   2.249465e+00 5.841515e+00 4.477110e+00
    endloop
  endfacet
  facet normal 0.000000e+00 -4.647232e-01 -8.854560e-01
    outer loop
      vertex   -3.569154e-04 5.841515e+00 4.477110e+00
      vertex   2.249465e+00 5.841515e+00 4.477110e+00
      vertex   -3.569154e-04 5.737602e+00 4.531647e+00
    endloop
  endfacet
  facet normal 0.000000e+00 -4.647232e-01 -8.854560e-01
    outer loop
      vertex   -3.569154e-04 5.737602e+00 4.531647e+00
      vertex   2.249465e+00 5.841515e+00 4.477110e+00
      vertex   2.249465e+00 5.737602e+00 4.531647e+00
    endloop
  endfacet
  facet normal 0.000000e+00 -4.025272e-01 -9.154080e-01
    outer loop
      vertex   -3.569154e-04 5.737602e+00 4.531647e+00
      vertex   2.249465e+00 5.737602e+00 4.531647e+00
      vertex   -3.569154e-04 5.630175e+00 4.578886e+00
    endloop
  endfacet
  facet normal 0.000000e+00 -4.025272e-01 -9.154080e-01
    outer loop
      vertex   -3.569154e-04 5.630175e+00 4.578886e+00
      vertex   2.249465e+00 5.737602e+00 4.531647e+00
      vertex   2.249465e+00 5.630175e+00 4.578886e+00
    endloop
  endfacet
  facet normal 0.000000e+00 -3.384131e-01 -9.409977e-01
    outer loop
      vertex   -3.569154e-04 5.630175e+00 4.578886e+00
      vertex   2.249465e+00 5.630175e+00 4.578886e+00
      vertex   -3.569154e-04 5.519744e+00 4.618600e+00
    endloop
  endfacet
  facet normal 0.000000e+00 -3.384131e-01 -9.409977e-01
    outer loop
      vertex   -3.569154e-04 5.519744e+00 4.618600e+00
      vertex   2.249465e+00 5.630175e+00 4.578886e+00
      vertex   2.249465e+00 5.519744e+00 4.618600e+00
    endloop
  endfacet
  facet normal 0.000000e+00 -2.726862e-01 -9.621030e-01
    outer loop
      vertex   -3.569154e-04 5.519744e+00 4.618600e+00
      vertex   2.249465e+00 5.519744e+00 4.618600e+00
      vertex   -3.569154e-04 5.406837e+00 4.650601e+00
    endloop
  endfacet
  facet normal -1.076503e-16 -2.726862e-01 -9.621030e-01
    outer loop
      vertex   -3.569154e-04 5.406837e+00 4.650601e+00
      vertex   2.249465e+00 5.519744e+00 4.618600e+00
      vertex   2.249465e+00 5.406837e+00 4.650601e+00
    endloop
  endfacet
  facet normal -8.118986e-17 -2.056599e-01 -9.786235e-01
    outer loop
      vertex   -3.569154e-04 5.406837e+00 4.650601e+00
      vertex   2.249465e+00 5.406837e+00 4.650601e+00
      vertex   -3.569154e-04 5.291990e+00 4.674736e+00
    endloop
  endfacet
  facet normal -1.623797e-16 -2.056599e-01 -9.786235e-01
    outer loop
      vertex   -3.569154e-04 5.291990e+00 4.674736e+00
      vertex   2.249465e+00 5.406837e+00 4.650601e+00
      vertex   2.249465e+00 5.291990e+00 4.674736e+00
    endloop
  endfacet
  facet normal -1.086850e-16 -1.376535e-01 -9.904804e-01
    outer loop
      vertex   -3.569154e-04 5.291990e+00 4.674736e+00
      vertex   2.249465e+00 5.291990e+00 4.674736e+00
      vertex   -3.569154e-04 5.175753e+00 4.690891e+00
    endloop
  endfacet
  facet normal 0.000000e+00 -1.376535e-01 -9.904804e-01
    outer loop
      vertex   -3.569154e-04 5.175753e+00 4.690891e+00
      vertex   2.249465e+00 5.291990e+00 4.674736e+00
      vertex   2.249465e+00 5.175753e+00 4.690891e+00
    endloop
  endfacet
  facet normal 0.000000e+00 -6.899114e-02 -9.976173e-01
    outer loop
      vertex   -3.569154e-04 5.175753e+00 4.690891e+00
      vertex   2.249465e+00 5.175753e+00 4.690891e+00
      vertex   -3.569154e-04 5.058678e+00 4.698987e+00
    endloop
  endfacet
  facet normal 0.000000e+00 -6.899114e-02 -9.976173e-01
    outer loop
      vertex   -3.569154e-04 5.058678e+00 4.698987e+00
      vertex   2.249465e+00 5.175753e+00 4.690891e+00
      vertex   2.249465e+00 5.058678e+00 4.698987e+00
    endloop
  endfacet
  facet normal 0.000000e+00 0.000000e+00 -1.000000e+00
    outer loop
      vertex   -3.569154e-04 5.058678e+00 4.698987e+00
      vertex   2.249465e+00 5.058678e+00 4.698987e+00
      vertex   -3.569154e-04 4.941323e+00 4.698987e+00
    endloop
  endfacet
  facet normal 0.000000e+00 0.000000e+00 -1.000000e+00
    outer loop
      vertex   -3.569154e-04 4.941323e+00 4.698987e+00
      vertex   2.249465e+00 5.058678e+00 4.698987e+00
      vertex   2.249465e+00 4.941323e+00 4.698987e+00
    endloop
  endfacet
  facet normal 0.000000e+00 6.899114e-02 -9.976173e-01
    outer loop
      vertex   -3.569154e-04 4.941323e+00 4.698987e+00
      vertex   2.249465e+00 4.941323e+00 4.698987e+00
      vertex   -3.569154e-04 4.824247e+00 4.690891e+00
    endloop
  endfacet
  facet normal 0.000000e+00 6.899114e-02 -9.976173e-01
    outer loop
      vertex   -3.569154e-04 4.824247e+00 4.690891e+00
      vertex   2.249465e+00 4.941323e+00 4.698987e+00
      vertex   2.249465e+00 4.824247e+00 4.690891e+00
    endloop
  endfacet
  facet normal 0.000000e+00 1.376535e-01 -9.904804e-01
    outer loop
      vertex   -3.569154e-04 4.824247e+00 4.690891e+00
      vertex   2.249465e+00 4.824247e+00 4.690891e+00
      vertex   -3.569154e-04 4.708010e+00 4.674736e+00
    endloop
  endfacet
  facet normal 5.434248e-17 1.376535e-01 -9.904804e-01
    outer loop
      vertex   -3.569154e-04 4.708010e+00 4.674736e+00
      vertex   2.249465e+00 4.824247e+00 4.690891e+00
      vertex   2.249465e+00 4.708010e+00 4.674736e+00
    endloop
  endfacet
  facet normal 8.118986e-17 2.056599e-01 -9.786235e-01
    outer loop
      vertex   -3.569154e-04 4.708010e+00 4.674736e+00
      vertex   2.249465e+00 4.708010e+00 4.674736e+00
      vertex   -3.569154e-04 4.593163e+00 4.650601e+00
    endloop
  endfacet
  facet normal 8.118986e-17 2.056599e-01 -9.786235e-01
    outer loop
      vertex   -3.569154e-04 4.593163e+00 4.650601e+00
      vertex   2.249465e+00 4.708010e+00 4.674736e+00
      vertex   2.249465e+00 4.593163e+00 4.650601e+00
    endloop
  endfacet
  facet normal 1.076503e-16 2.726862e-01 -9.621030e-01
    outer loop
      vertex   -3.569154e-04 4.593163e+00 4.650601e+00
      vertex   2.249465e+00 4.593163e+00 4.650601e+00
      vertex   -3.569154e-04 4.480256e+00 4.618600e+00
    endloop
  endfacet
  facet normal 0.000000e+00 2.726862e-01 -9.621030e-01
    outer loop
      vertex   -3.569154e-04 4.480256e+00 4.618600e+00
      vertex   2.249465e+00 4.593163e+00 4.650601e+00
      vertex   2.249465e+00 4.480256e+00 4.618600e+00
    endloop
  endfacet
  facet normal 0.000000e+00 3.384131e-01 -9.409977e-01
    outer loop
      vertex   -3.569154e-04 4.480256e+00 4.618600e+00
      vertex   2.249465e+00 4.480256e+00 4.618600e+00
      vertex   -3.569154e-04 4.369825e+00 4.578886e+00
    endloop
  endfacet
  facet normal 0.000000e+00 3.384131e-01 -9.409977e-01
    outer loop
      vertex   -3.569154e-04 4.369825e+00 4.578886e+00
      vertex   2.249465e+00 4.480256e+00 4.618600e+00
      vertex   2.249465e+00 4.369825e+00 4.578886e+00
    endloop
  endfacet
  facet normal 0.000000e+00 4.025272e-01 -9.154080e-01
    outer loop
      vertex   -3.569154e-04 4.369825e+00 4.578886e+00
      vertex   2.249465e+00 4.369825e+00 4.578886e+00
      vertex   -3.569154e-04 4.262398e+00 4.531647e+00
    endloop
  endfacet
  facet normal 0.000000e+00 4.025272e-01 -9.154080e-01
    outer loop
      vertex   -3.569154e-04 4.262398e+00 4.531647e+00
      vertex   2.249465e+00 4.369825e+00 4.578886e+00
      vertex   2.249465e+00 4.262398e+00 4.531647e+00
    endloop
  endfacet
  facet normal 0.000000e+00 4.647232e-01 -8.854560e-01
    outer loop
      vertex   -3.569154e-04 4.262398e+00 4.531647e+00
      vertex   2.249465e+00 4.262398e+00 4.531647e+00
      vertex   -3.569154e-04 4.158485e+00 4.477110e+00
    endloop
  endfacet
  facet normal 0.000000e+00 4.647232e-01 -8.854560e-01
    outer loop
      vertex   -3.569154e-04 4.158485e+00 4.477110e+00
      vertex   2.249465e+00 4.262398e+00 4.531647e+00
      vertex   2.249465e+00 4.158485e+00 4.477110e+00
    endloop
  endfacet
  facet normal 0.000000e+00 5.247045e-01 -8.512844e-01
    outer loop
      vertex   -3.569154e-04 4.158485e+00 4.477110e+00
      vertex   2.249465e+00 4.158485e+00 4.477110e+00
      vertex   -3.569154e-04 4.058583e+00 4.415533e+00
    endloop
  endfacet
  facet normal 0.000000e+00 5.247045e-01 -8.512844e-01
    outer loop
      vertex   -3.569154e-04 4.058583e+00 4.415533e+00
      vertex   2.249465e+00 4.158485e+00 4.477110e+00
      vertex   2.249465e+00 4.058583e+00 4.415533e+00
    endloop
  endfacet
  facet normal 0.000000e+00 5.821853e-01 -8.130561e-01
    outer loop
      vertex   -3.569154e-04 4.058583e+00 4.415533e+00
      vertex   2.249465e+00 4.058583e+00 4.415533e+00
      vertex   -3.569154e-04 3.963167e+00 4.347211e+00
    endloop
  endfacet
  facet normal 1.149168e-16 5.821853e-01 -8.130561e-01
    outer loop
      vertex   -3.569154e-04 3.963167e+00 4.347211e+00
      vertex   2.249465e+00 4.058583e+00 4.415533e+00
      vertex   2.249465e+00 3.963167e+00 4.347211e+00
    endloop
  endfacet
  facet normal 1.257152e-16 6.368918e-01 -7.709532e-01
    outer loop
      vertex   -3.569154e-04 3.963167e+00 4.347211e+00
      vertex   2.249465e+00 3.963167e+00 4.347211e+00
      vertex   -3.569154e-04 3.872692e+00 4.272468e+00
    endloop
  endfacet
  facet normal 0.000000e+00 6.368918e-01 -7.709532e-01
    outer loop
      vertex   -3.569154e-04 3.872692e+00 4.272468e+00
      vertex   2.249465e+00 3.963167e+00 4.347211e+00
      vertex   2.249465e+00 3.872692e+00 4.272468e+00
    endloop
  endfacet
  facet normal 0.000000e+00 6.885632e-01 -7.251763e-01
    outer loop
      vertex   -3.569154e-04 3.872692e+00 4.272468e+00
      vertex   2.249465e+00 3.872692e+00 4.272468e+00
      vertex   -3.569154e-04 3.787589e+00 4.191662e+00
    endloop
  endfacet
  facet normal 0.000000e+00 6.885632e-01 -7.251763e-01
    outer loop
      vertex   -3.569154e-04 3.787589e+00 4.191662e+00
      vertex   2.249465e+00 3.872692e+00 4.272468e+00
      vertex   2.249465e+00 3.787589e+00 4.191662e+00
    endloop
  endfacet
  facet normal 0.000000e+00 7.369533e-01 -6.759436e-01
    outer loop
      vertex   -3.569154e-04 3.787589e+00 4.191662e+00
      vertex   2.249465e+00 3.787589e+00 4.191662e+00
      vertex   -3.569154e-04 3.708263e+00 4.105177e+00
    endloop
  endfacet
  facet normal -2.668472e-16 7.369533e-01 -6.759436e-01
    outer loop
      vertex   -3.569154e-04 3.708263e+00 4.105177e+00
      vertex   2.249465e+00 3.787589e+00 4.191662e+00
      vertex   2.249465e+00 3.708263e+00 4.105177e+00
    endloop
  endfacet
  facet normal -2.461396e-16 7.818315e-01 -6.234898e-01
    outer loop
      vertex   -3.569154e-04 3.708263e+00 4.105177e+00
      vertex   2.249465e+00 3.708263e+00 4.105177e+00
      vertex   -3.569154e-04 3.635094e+00 4.013425e+00
    endloop
  endfacet
  facet normal 0.000000e+00 7.818315e-01 -6.234898e-01
    outer loop
      vertex   -3.569154e-04 3.635094e+00 4.013425e+00
      vertex   2.249465e+00 3.708263e+00 4.105177e+00
      vertex   2.249465e+00 3.635094e+00 4.013425e+00
    endloop
  endfacet
  facet normal 0.000000e+00 8.229839e-01 -5.680647e-01
    outer loop
      vertex   -3.569154e-04 3.635094e+00 4.013425e+00
      vertex   2.249465e+00 3.635094e+00 4.013425e+00
      vertex   -3.569154e-04 3.568429e+00 3.916844e+00
    endloop
  endfacet
  facet normal 0.000000e+00 8.229839e-01 -5.680647e-01
    outer loop
      vertex   -3.569154e-04 3.568429e+00 3.916844e+00
      vertex   2.249465e+00 3.635094e+00 4.013425e+00
      vertex   2.249465e+00 3.568429e+00 3.916844e+00
    endloop
  endfacet
  facet normal 0.000000e+00 8.602144e-01 -5.099326e-01
    outer loop
      vertex   -3.569154e-04 3.568429e+00 3.916844e+00
      vertex   2.249465e+00 3.568429e+00 3.916844e+00
      vertex   -3.569154e-04 3.508585e+00 3.815894e+00
    endloop
  endfacet
  facet normal 0.000000e+00 8.602144e-01 -5.099326e-01
    outer loop
      vertex   -3.569154e-04 3.508585e+00 3.815894e+00
      vertex   2.249465e+00 3.568429e+00 3.916844e+00
      vertex   2.249465e+00 3.508585e+00 3.815894e+00
    endloop
  endfacet
  facet normal 0.000000e+00 8.933455e-01 -4.493704e-01
    outer loop
      vertex   -3.569154e-04 3.508585e+00 3.815894e+00
      vertex   2.249465e+00 3.508585e+00 3.815894e+00
      vertex   -3.569154e-04 3.455850e+00 3.711055e+00
    endloop
  endfacet
  facet normal 0.000000e+00 8.933455e-01 -4.493704e-01
    outer loop
      vertex   -3.569154e-04 3.455850e+00 3.711055e+00
      vertex   2.249465e+00 3.508585e+00 3.815894e+00
      vertex   2.249465e+00 3.455850e+00 3.711055e+00
    endloop
  endfacet
  facet normal 0.000000e+00 9.222195e-01 -3.866667e-01
    outer loop
      vertex   -3.569154e-04 3.455850e+00 3.711055e+00
      vertex   2.249465e+00 3.455850e+00 3.711055e+00
      vertex   -3.569154e-04 3.410472e+00 3.602828e+00
    endloop
  endfacet
  facet normal 0.000000e+00 9.222195e-01 -3.866667e-01
    outer loop
      vertex   -3.569154e-04 3.410472e+00 3.602828e+00
      vertex   2.249465e+00 3.455850e+00 3.711055e+00
      vertex   2.249465e+00 3.410472e+00 3.602828e+00
    endloop
  endfacet
  facet normal 0.000000e+00 9.466987e-01 -3.221204e-01
    outer loop
      vertex   -3.569154e-04 3.410472e+00 3.602828e+00
      vertex   2.249465e+00 3.410472e+00 3.602828e+00
      vertex   -3.569154e-04 3.372670e+00 3.491729e+00
    endloop
  endfacet
  facet normal 0.000000e+00 9.466987e-01 -3.221204e-01
    outer loop
      vertex   -3.569154e-04 3.372670e+00 3.491729e+00
      vertex   2.249465e+00 3.410472e+00 3.602828e+00
      vertex   2.249465e+00 3.372670e+00 3.491729e+00
    endloop
  endfacet
  facet normal 0.000000e+00 9.666664e-01 -2.560391e-01
    outer loop
      vertex   -3.569154e-04 3.372670e+00 3.491729e+00
      vertex   2.249465e+00 3.372670e+00 3.491729e+00
      vertex   -3.569154e-04 3.342623e+00 3.378286e+00
    endloop
  endfacet
  facet normal 0.000000e+00 9.666664e-01 -2.560391e-01
    outer loop
      vertex   -3.569154e-04 3.342623e+00 3.378286e+00
      vertex   2.249465e+00 3.372670e+00 3.491729e+00
      vertex   2.249465e+00 3.342623e+00 3.378286e+00
    endloop
  endfacet
  facet normal 0.000000e+00 9.820276e-01 -1.887376e-01
    outer loop
      vertex   -3.569154e-04 3.342623e+00 3.378286e+00
      vertex   2.249465e+00 3.342623e+00 3.378286e+00
      vertex   -3.569154e-04 3.320473e+00 3.263040e+00
    endloop
  endfacet
  facet normal 0.000000e+00 9.820276e-01 -1.887376e-01
    outer loop
      vertex   -3.569154e-04 3.320473e+00 3.263040e+00
      vertex   2.249465e+00 3.342623e+00 3.378286e+00
      vertex   2.249465e+00 3.320473e+00 3.263040e+00
    endloop
  endfacet
  facet normal 0.000000e+00 9.927089e-01 -1.205367e-01
    outer loop
      vertex   -3.569154e-04 3.320473e+00 3.263040e+00
      vertex   2.249465e+00 3.320473e+00 3.263040e+00
      vertex   -3.569154e-04 3.306328e+00 3.146541e+00
    endloop
  endfacet
  facet normal 0.000000e+00 9.927089e-01 -1.205367e-01
    outer loop
      vertex   -3.569154e-04 3.306328e+00 3.146541e+00
      vertex   2.249465e+00 3.320473e+00 3.263040e+00
      vertex   2.249465e+00 3.306328e+00 3.146541e+00
    endloop
  endfacet
  facet normal 0.000000e+00 9.986595e-01 -5.176135e-02
    outer loop
      vertex   -3.569154e-04 3.306328e+00 3.146541e+00
      vertex   2.249465e+00 3.306328e+00 3.146541e+00
      vertex   -3.569154e-04 3.300253e+00 3.029343e+00
    endloop
  endfacet
  facet normal 0.000000e+00 9.986595e-01 -5.176135e-02
    outer loop
      vertex   -3.569154e-04 3.300253e+00 3.029343e+00
      vertex   2.249465e+00 3.306328e+00 3.146541e+00
      vertex   2.249465e+00 3.300253e+00 3.029343e+00
    endloop
  endfacet
  facet normal -0.000000e+00 9.998510e-01 1.726064e-02
    outer loop
      vertex   -3.569154e-04 3.300253e+00 3.029343e+00
      vertex   2.249465e+00 3.300253e+00 3.029343e+00
      vertex   -3.569154e-04 3.302279e+00 2.912006e+00
    endloop
  endfacet
  facet normal -0.000000e+00 9.998510e-01 1.726064e-02
    outer loop
      vertex   -3.569154e-04 3.302279e+00 2.912006e+00
      vertex   2.249465e+00 3.300253e+00 3.029343e+00
      vertex   2.249465e+00 3.302279e+00 2.912006e+00
    endloop
  endfacet
  facet normal -0.000000e+00 9.962778e-01 8.620038e-02
    outer loop
      vertex   -3.569154e-04 3.302279e+00 2.912006e+00
      vertex   2.249465e+00 3.302279e+00 2.912006e+00
      vertex   -3.569154e-04 3.312395e+00 2.795088e+00
    endloop
  endfacet
  facet normal -0.000000e+00 9.962778e-01 8.620038e-02
    outer loop
      vertex   -3.569154e-04 3.312395e+00 2.795088e+00
      vertex   2.249465e+00 3.302279e+00 2.912006e+00
      vertex   2.249465e+00 3.312395e+00 2.795088e+00
    endloop
  endfacet
  facet normal -0.000000e+00 9.879569e-01 1.547293e-01
    outer loop
      vertex   -3.569154e-04 3.312395e+00 2.795088e+00
      vertex   2.249465e+00 3.312395e+00 2.795088e+00
      vertex   -3.569154e-04 3.330553e+00 2.679146e+00
    endloop
  endfacet
  facet normal -0.000000e+00 9.879569e-01 1.547293e-01
    outer loop
      vertex   -3.569154e-04 3.330553e+00 2.679146e+00
      vertex   2.249465e+00 3.312395e+00 2.795088e+00
      vertex   2.249465e+00 3.330553e+00 2.679146e+00
    endloop
  endfacet
  facet normal -0.000000e+00 9.749279e-01 2.225209e-01
    outer loop
      vertex   -3.569154e-04 3.330553e+00 2.679146e+00
      vertex   2.249465e+00 3.330553e+00 2.679146e+00
      vertex   -3.569154e-04 3.356667e+00 2.564734e+00
    endloop
  endfacet
  facet normal -0.000000e+00 9.749279e-01 2.225209e-01
    outer loop
      vertex   -3.569154e-04 3.356667e+00 2.564734e+00
      vertex   2.249465e+00 3.330553e+00 2.679146e+00
      vertex   2.249465e+00 3.356667e+00 2.564734e+00
    endloop
  endfacet
  facet normal -0.000000e+00 9.572530e-01 2.892521e-01
    outer loop
      vertex   -3.569154e-04 3.356667e+00 2.564734e+00
      vertex   2.249465e+00 3.356667e+00 2.564734e+00
      vertex   -3.569154e-04 3.390612e+00 2.452395e+00
    endloop
  endfacet
  facet normal -0.000000e+00 9.572530e-01 2.892521e-01
    outer loop
      vertex   -3.569154e-04 3.390612e+00 2.452395e+00
      vertex   2.249465e+00 3.356667e+00 2.564734e+00
      vertex   2.249465e+00 3.390612e+00 2.452395e+00
    endloop
  endfacet
  facet normal -0.000000e+00 9.350162e-01 3.546049e-01
    outer loop
      vertex   -3.569154e-04 3.390612e+00 2.452395e+00
      vertex   2.249465e+00 3.390612e+00 2.452395e+00
      vertex   -3.569154e-04 3.432227e+00 2.342667e+00
    endloop
  endfacet
  facet normal -0.000000e+00 9.350162e-01 3.546049e-01
    outer loop
      vertex   -3.569154e-04 3.432227e+00 2.342667e+00
      vertex   2.249465e+00 3.390612e+00 2.452395e+00
      vertex   2.249465e+00 3.432227e+00 2.342667e+00
    endloop
  endfacet
  facet normal -0.000000e+00 9.083238e-01 4.182678e-01
    outer loop
      vertex   -3.569154e-04 3.432227e+00 2.342667e+00
      vertex   2.249465e+00 3.432227e+00 2.342667e+00
      vertex   -3.569154e-04 3.481313e+00 2.236070e+00
    endloop
  endfacet
  facet normal -0.000000e+00 9.083238e-01 4.182678e-01
    outer loop
      vertex   -3.569154e-04 3.481313e+00 2.236070e+00
      vertex   2.249465e+00 3.432227e+00 2.342667e+00
      vertex   2.249465e+00 3.481313e+00 2.236070e+00
    endloop
  endfacet
  facet normal -0.000000e+00 8.773027e-01 4.799375e-01
    outer loop
      vertex   -3.569154e-04 3.481313e+00 2.236070e+00
      vertex   2.249465e+00 3.481313e+00 2.236070e+00
      vertex   -3.569154e-04 3.537636e+00 2.133115e+00
    endloop
  endfacet
  facet normal -0.000000e+00 8.773027e-01 4.799375e-01
    outer loop
      vertex   -3.569154e-04 3.537636e+00 2.133115e+00
      vertex   2.249465e+00 3.481313e+00 2.236070e+00
      vertex   2.249465e+00 3.537636e+00 2.133115e+00
    endloop
  endfacet
  facet normal -0.000000e+00 8.421009e-01 5.393200e-01
    outer loop
      vertex   -3.569154e-04 3.537636e+00 2.133115e+00
      vertex   2.249465e+00 3.537636e+00 2.133115e+00
      vertex   -3.569154e-04 3.600928e+00 2.034290e+00
    endloop
  endfacet
  facet normal -0.000000e+00 8.421009e-01 5.393200e-01
    outer loop
      vertex   -3.569154e-04 3.600928e+00 2.034290e+00
      vertex   2.249465e+00 3.537636e+00 2.133115e+00
      vertex   2.249465e+00 3.600928e+00 2.034290e+00
    endloop
  endfacet
  facet normal -0.000000e+00 8.028861e-01 5.961325e-01
    outer loop
      vertex   -3.569154e-04 3.600928e+00 2.034290e+00
      vertex   2.249465e+00 3.600928e+00 2.034290e+00
      vertex   -3.569154e-04 3.670887e+00 1.940067e+00
    endloop
  endfacet
  facet normal -0.000000e+00 8.028861e-01 5.961325e-01
    outer loop
      vertex   -3.569154e-04 3.670887e+00 1.940067e+00
      vertex   2.249465e+00 3.600928e+00 2.034290e+00
      vertex   2.249465e+00 3.670887e+00 1.940067e+00
    endloop
  endfacet
  facet normal 0.000000e+00 8.028861e-01 5.961325e-01
    outer loop
      vertex   -3.569154e-04 3.600928e+00 2.034290e+00
      vertex   -3.569154e-04 3.670887e+00 1.940067e+00
      vertex   -2.250178e+00 3.670887e+00 1.940067e+00
    endloop
  endfacet
  facet normal 0.000000e+00 8.028861e-01 5.961325e-01
    outer loop
      vertex   -3.569154e-04 3.600928e+00 2.034290e+00
      vertex   -2.250178e+00 3.670887e+00 1.940067e+00
      vertex   -2.250178e+00 3.600928e+00 2.034290e+00
    endloop
  endfacet
  facet normal 0.000000e+00 -8.028861e-01 5.961325e-01
    outer loop
      vertex   -2.250178e+00 6.399073e+00 2.034290e+00
      vertex   -2.250178e+00 6.329114e+00 1.940067e+00
      vertex   -3.569154e-04 6.329114e+00 1.940067e+00
    endloop
  endfacet
  facet normal 0.000000e+00 -7.598452e-01 6.501041e-01
    outer loop
      vertex   -3.569154e-04 6.329114e+00 1.940067e+00
      vertex   -2.250178e+00 6.329114e+00 1.940067e+00
      vertex   -3.569154e-04 6.252821e+00 1.850896e+00
    endloop
  endfacet
  facet normal 0.000000e+00 -8.028861e-01 5.961325e-01
    outer loop
      vertex   -2.250178e+00 6.399073e+00 2.034290e+00
      vertex   -3.569154e-04 6.329114e+00 1.940067e+00
      vertex   -3.569154e-04 6.399073e+00 2.034290e+00
    endloop
  endfacet
  facet normal 0.000000e+00 -8.421009e-01 5.393200e-01
    outer loop
      vertex   -2.250178e+00 6.462364e+00 2.133115e+00
      vertex   -2.250178e+00 6.399073e+00 2.034290e+00
      vertex   -3.569154e-04 6.399073e+00 2.034290e+00
    endloop
  endfacet
  facet normal 0.000000e+00 -8.421009e-01 5.393200e-01
    outer loop
      vertex   -2.250178e+00 6.462364e+00 2.133115e+00
      vertex   -3.569154e-04 6.399073e+00 2.034290e+00
      vertex   -3.569154e-04 6.462364e+00 2.133115e+00
    endloop
  endfacet
  facet normal 0.000000e+00 -8.773027e-01 4.799375e-01
    outer loop
      vertex   -2.250178e+00 6.518687e+00 2.236070e+00
      vertex   -2.250178e+00 6.462364e+00 2.133115e+00
      vertex   -3.569154e-04 6.462364e+00 2.133115e+00
    endloop
  endfacet
  facet normal 0.000000e+00 -8.773027e-01 4.799375e-01
    outer loop
      vertex   -2.250178e+00 6.518687e+00 2.236070e+00
      vertex   -3.569154e-04 6.462364e+00 2.133115e+00
      vertex   -3.569154e-04 6.518687e+00 2.236070e+00
    endloop
  endfacet
  facet normal 0.000000e+00 -9.083238e-01 4.182678e-01
    outer loop
      vertex   -2.250178e+00 6.567773e+00 2.342667e+00
      vertex   -2.250178e+00 6.518687e+00 2.236070e+00
      vertex   -3.569154e-04 6.518687e+00 2.236070e+00
    endloop
  endfacet
  facet normal 0.000000e+00 -9.083238e-01 4.182678e-01
    outer loop
      vertex   -2.250178e+00 6.567773e+00 2.342667e+00
      vertex   -3.569154e-04 6.518687e+00 2.236070e+00
      vertex   -3.569154e-04 6.567773e+00 2.342667e+00
    endloop
  endfacet
  facet normal 0.000000e+00 -9.350162e-01 3.546049e-01
    outer loop
      vertex   -2.250178e+00 6.609388e+00 2.452395e+00
      vertex   -2.250178e+00 6.567773e+00 2.342667e+00
      vertex   -3.569154e-04 6.567773e+00 2.342667e+00
    endloop
  endfacet
  facet normal 0.000000e+00 -9.350162e-01 3.546049e-01
    outer loop
      vertex   -2.250178e+00 6.609388e+00 2.452395e+00
      vertex   -3.569154e-04 6.567773e+00 2.342667e+00
      vertex   -3.569154e-04 6.609388e+00 2.452395e+00
    endloop
  endfacet
  facet normal 0.000000e+00 -9.572530e-01 2.892521e-01
    outer loop
      vertex   -2.250178e+00 6.643333e+00 2.564734e+00
      vertex   -2.250178e+00 6.609388e+00 2.452395e+00
      vertex   -3.569154e-04 6.609388e+00 2.452395e+00
    endloop
  endfacet
  facet normal 0.000000e+00 -9.572530e-01 2.892521e-01
    outer loop
      vertex   -2.250178e+00 6.643333e+00 2.564734e+00
      vertex   -3.569154e-04 6.609388e+00 2.452395e+00
      vertex   -3.569154e-04 6.643333e+00 2.564734e+00
    endloop
  endfacet
  facet normal 0.000000e+00 -9.749279e-01 2.225209e-01
    outer loop
      vertex   -2.250178e+00 6.669447e+00 2.679146e+00
      vertex   -2.250178e+00 6.643333e+00 2.564734e+00
      vertex   -3.569154e-04 6.643333e+00 2.564734e+00
    endloop
  endfacet
  facet normal 0.000000e+00 -9.749279e-01 2.225209e-01
    outer loop
      vertex   -2.250178e+00 6.669447e+00 2.679146e+00
      vertex   -3.569154e-04 6.643333e+00 2.564734e+00
      vertex   -3.569154e-04 6.669447e+00 2.679146e+00
    endloop
  endfacet
  facet normal 0.000000e+00 -9.879569e-01 1.547293e-01
    outer loop
      vertex   -2.250178e+00 6.687605e+00 2.795088e+00
      vertex   -2.250178e+00 6.669447e+00 2.679146e+00
      vertex   -3.569154e-04 6.669447e+00 2.679146e+00
    endloop
  endfacet
  facet normal 0.000000e+00 -9.879569e-01 1.547293e-01
    outer loop
      vertex   -2.250178e+00 6.687605e+00 2.795088e+00
      vertex   -3.569154e-04 6.669447e+00 2.679146e+00
      vertex   -3.569154e-04 6.687605e+00 2.795088e+00
    endloop
  endfacet
  facet normal 0.000000e+00 -9.962778e-01 8.620038e-02
    outer loop
      vertex   -2.250178e+00 6.697721e+00 2.912006e+00
      vertex   -2.250178e+00 6.687605e+00 2.795088e+00
      vertex   -3.569154e-04 6.687605e+00 2.795088e+00
    endloop
  endfacet
  facet normal 0.000000e+00 -9.962778e-01 8.620038e-02
    outer loop
      vertex   -2.250178e+00 6.697721e+00 2.912006e+00
      vertex   -3.569154e-04 6.687605e+00 2.795088e+00
      vertex   -3.569154e-04 6.697721e+00 2.912006e+00
    endloop
  endfacet
  facet normal 0.000000e+00 -9.998510e-01 1.726064e-02
    outer loop
      vertex   -2.250178e+00 6.699747e+00 3.029343e+00
      vertex   -2.250178e+00 6.697721e+00 2.912006e+00
      vertex   -3.569154e-04 6.697721e+00 2.912006e+00
    endloop
  endfacet
  facet normal 0.000000e+00 -9.998510e-01 1.726064e-02
    outer loop
      vertex   -2.250178e+00 6.699747e+00 3.029343e+00
      vertex   -3.569154e-04 6.697721e+00 2.912006e+00
      vertex   -3.569154e-04 6.699747e+00 3.029343e+00
    endloop
  endfacet
  facet normal 0.000000e+00 -9.986595e-01 -5.176135e-02
    outer loop
      vertex   -2.250178e+00 6.693672e+00 3.146541e+00
      vertex   -2.250178e+00 6.699747e+00 3.029343e+00
      vertex   -3.569154e-04 6.699747e+00 3.029343e+00
    endloop
  endfacet
  facet normal 0.000000e+00 -9.986595e-01 -5.176135e-02
    outer loop
      vertex   -2.250178e+00 6.693672e+00 3.146541e+00
      vertex   -3.569154e-04 6.699747e+00 3.029343e+00
      vertex   -3.569154e-04 6.693672e+00 3.146541e+00
    endloop
  endfacet
  facet normal 0.000000e+00 -9.927089e-01 -1.205367e-01
    outer loop
      vertex   -2.250178e+00 6.679527e+00 3.263040e+00
      vertex   -2.250178e+00 6.693672e+00 3.146541e+00
      vertex   -3.569154e-04 6.693672e+00 3.146541e+00
    endloop
  endfacet
  facet normal 0.000000e+00 -9.927089e-01 -1.205367e-01
    outer loop
      vertex   -2.250178e+00 6.679527e+00 3.263040e+00
      vertex   -3.569154e-04 6.693672e+00 3.146541e+00
      vertex   -3.569154e-04 6.679527e+00 3.263040e+00
    endloop
  endfacet
  facet normal 0.000000e+00 -9.820276e-01 -1.887376e-01
    outer loop
      vertex   -2.250178e+00 6.657378e+00 3.378286e+00
      vertex   -2.250178e+00 6.679527e+00 3.263040e+00
      vertex   -3.569154e-04 6.679527e+00 3.263040e+00
    endloop
  endfacet
  facet normal 0.000000e+00 -9.820276e-01 -1.887376e-01
    outer loop
      vertex   -2.250178e+00 6.657378e+00 3.378286e+00
      vertex   -3.569154e-04 6.679527e+00 3.263040e+00
      vertex   -3.569154e-04 6.657378e+00 3.378286e+00
    endloop
  endfacet
  facet normal 0.000000e+00 -9.666664e-01 -2.560391e-01
    outer loop
      vertex   -2.250178e+00 6.627330e+00 3.491729e+00
      vertex   -2.250178e+00 6.657378e+00 3.378286e+00
      vertex   -3.569154e-04 6.657378e+00 3.378286e+00
    endloop
  endfacet
  facet normal 0.000000e+00 -9.666664e-01 -2.560391e-01
    outer loop
      vertex   -2.250178e+00 6.627330e+00 3.491729e+00
      vertex   -3.569154e-04 6.657378e+00 3.378286e+00
      vertex   -3.569154e-04 6.627330e+00 3.491729e+00
    endloop
  endfacet
  facet normal 0.000000e+00 -9.466987e-01 -3.221204e-01
    outer loop
      vertex   -2.250178e+00 6.589528e+00 3.602828e+00
      vertex   -2.250178e+00 6.627330e+00 3.491729e+00
      vertex   -3.569154e-04 6.627330e+00 3.491729e+00
    endloop
  endfacet
  facet normal 0.000000e+00 -9.466987e-01 -3.221204e-01
    outer loop
      vertex   -2.250178e+00 6.589528e+00 3.602828e+00
      vertex   -3.569154e-04 6.627330e+00 3.491729e+00
      vertex   -3.569154e-04 6.589528e+00 3.602828e+00
    endloop
  endfacet
  facet normal 0.000000e+00 -9.222195e-01 -3.866667e-01
    outer loop
      vertex   -2.250178e+00 6.544150e+00 3.711055e+00
      vertex   -2.250178e+00 6.589528e+00 3.602828e+00
      vertex   -3.569154e-04 6.589528e+00 3.602828e+00
    endloop
  endfacet
  facet normal 0.000000e+00 -9.222195e-01 -3.866667e-01
    outer loop
      vertex   -2.250178e+00 6.544150e+00 3.711055e+00
      vertex   -3.569154e-04 6.589528e+00 3.602828e+00
      vertex   -3.569154e-04 6.544150e+00 3.711055e+00
    endloop
  endfacet
  facet normal 0.000000e+00 -8.933455e-01 -4.493704e-01
    outer loop
      vertex   -2.250178e+00 6.491415e+00 3.815894e+00
      vertex   -2.250178e+00 6.544150e+00 3.711055e+00
      vertex   -3.569154e-04 6.544150e+00 3.711055e+00
    endloop
  endfacet
  facet normal 0.000000e+00 -8.933455e-01 -4.493704e-01
    outer loop
      vertex   -2.250178e+00 6.491415e+00 3.815894e+00
      vertex   -3.569154e-04 6.544150e+00 3.711055e+00
      vertex   -3.569154e-04 6.491415e+00 3.815894e+00
    endloop
  endfacet
  facet normal 0.000000e+00 -8.602144e-01 -5.099326e-01
    outer loop
      vertex   -2.250178e+00 6.431572e+00 3.916844e+00
      vertex   -2.250178e+00 6.491415e+00 3.815894e+00
      vertex   -3.569154e-04 6.491415e+00 3.815894e+00
    endloop
  endfacet
  facet normal 0.000000e+00 -8.602144e-01 -5.099326e-01
    outer loop
      vertex   -2.250178e+00 6.431572e+00 3.916844e+00
      vertex   -3.569154e-04 6.491415e+00 3.815894e+00
      vertex   -3.569154e-04 6.431572e+00 3.916844e+00
    endloop
  endfacet
  facet normal 0.000000e+00 -8.229839e-01 -5.680647e-01
    outer loop
      vertex   -2.250178e+00 6.364906e+00 4.013425e+00
      vertex   -2.250178e+00 6.431572e+00 3.916844e+00
      vertex   -3.569154e-04 6.431572e+00 3.916844e+00
    endloop
  endfacet
  facet normal 0.000000e+00 -8.229839e-01 -5.680647e-01
    outer loop
      vertex   -2.250178e+00 6.364906e+00 4.013425e+00
      vertex   -3.569154e-04 6.431572e+00 3.916844e+00
      vertex   -3.569154e-04 6.364906e+00 4.013425e+00
    endloop
  endfacet
  facet normal 0.000000e+00 -7.818315e-01 -6.234898e-01
    outer loop
      vertex   -2.250178e+00 6.291737e+00 4.105177e+00
      vertex   -2.250178e+00 6.364906e+00 4.013425e+00
      vertex   -3.569154e-04 6.364906e+00 4.013425e+00
    endloop
  endfacet
  facet normal 0.000000e+00 -7.818315e-01 -6.234898e-01
    outer loop
      vertex   -2.250178e+00 6.291737e+00 4.105177e+00
      vertex   -3.569154e-04 6.364906e+00 4.013425e+00
      vertex   -3.569154e-04 6.291737e+00 4.105177e+00
    endloop
  endfacet
  facet normal 0.000000e+00 -7.369533e-01 -6.759436e-01
    outer loop
      vertex   -2.250178e+00 6.212412e+00 4.191662e+00
      vertex   -2.250178e+00 6.291737e+00 4.105177e+00
      vertex   -3.569154e-04 6.291737e+00 4.105177e+00
    endloop
  endfacet
  facet normal 0.000000e+00 -7.369533e-01 -6.759436e-01
    outer loop
      vertex   -2.250178e+00 6.212412e+00 4.191662e+00
      vertex   -3.569154e-04 6.291737e+00 4.105177e+00
      vertex   -3.569154e-04 6.212412e+00 4.191662e+00
    endloop
  endfacet
  facet normal 0.000000e+00 -6.885632e-01 -7.251763e-01
    outer loop
      vertex   -2.250178e+00 6.127309e+00 4.272468e+00
      vertex   -2.250178e+00 6.212412e+00 4.191662e+00
      vertex   -3.569154e-04 6.212412e+00 4.191662e+00
    endloop
  endfacet
  facet normal 0.000000e+00 -6.885632e-01 -7.251763e-01
    outer loop
      vertex   -2.250178e+00 6.127309e+00 4.272468e+00
      vertex   -3.569154e-04 6.212412e+00 4.191662e+00
      vertex   -3.569154e-04 6.127309e+00 4.272468e+00
    endloop
  endfacet
  facet normal 0.000000e+00 -6.368918e-01 -7.709532e-01
    outer loop
      vertex   -2.250178e+00 6.036833e+00 4.347211e+00
      vertex   -2.250178e+00 6.127309e+00 4.272468e+00
      vertex   -3.569154e-04 6.127309e+00 4.272468e+00
    endloop
  endfacet
  facet normal 0.000000e+00 -6.368918e-01 -7.709532e-01
    outer loop
      vertex   -2.250178e+00 6.036833e+00 4.347211e+00
      vertex   -3.569154e-04 6.127309e+00 4.272468e+00
      vertex   -3.569154e-04 6.036833e+00 4.347211e+00
    endloop
  endfacet
  facet normal 0.000000e+00 -5.821853e-01 -8.130561e-01
    outer loop
      vertex   -2.250178e+00 5.941417e+00 4.415533e+00
      vertex   -2.250178e+00 6.036833e+00 4.347211e+00
      vertex   -3.569154e-04 6.036833e+00 4.347211e+00
    endloop
  endfacet
  facet normal 0.000000e+00 -5.821853e-01 -8.130561e-01
    outer loop
      vertex   -2.250178e+00 5.941417e+00 4.415533e+00
      vertex   -3.569154e-04 6.036833e+00 4.347211e+00
      vertex   -3.569154e-04 5.941417e+00 4.415533e+00
    endloop
  endfacet
  facet normal 0.000000e+00 -5.247045e-01 -8.512844e-01
    outer loop
      vertex   -2.250178e+00 5.841515e+00 4.477110e+00
      vertex   -2.250178e+00 5.941417e+00 4.415533e+00
      vertex   -3.569154e-04 5.941417e+00 4.415533e+00
    endloop
  endfacet
  facet normal 0.000000e+00 -5.247045e-01 -8.512844e-01
    outer loop
      vertex   -2.250178e+00 5.841515e+00 4.477110e+00
      vertex   -3.569154e-04 5.941417e+00 4.415533e+00
      vertex   -3.569154e-04 5.841515e+00 4.477110e+00
    endloop
  endfacet
  facet normal 0.000000e+00 -4.647232e-01 -8.854560e-01
    outer loop
      vertex   -2.250178e+00 5.737602e+00 4.531647e+00
      vertex   -2.250178e+00 5.841515e+00 4.477110e+00
      vertex   -3.569154e-04 5.841515e+00 4.477110e+00
    endloop
  endfacet
  facet normal 0.000000e+00 -4.647232e-01 -8.854560e-01
    outer loop
      vertex   -2.250178e+00 5.737602e+00 4.531647e+00
      vertex   -3.569154e-04 5.841515e+00 4.477110e+00
      vertex   -3.569154e-04 5.737602e+00 4.531647e+00
    endloop
  endfacet
  facet normal 0.000000e+00 -4.025272e-01 -9.154080e-01
    outer loop
      vertex   -2.250178e+00 5.630175e+00 4.578886e+00
      vertex   -2.250178e+00 5.737602e+00 4.531647e+00
      vertex   -3.569154e-04 5.737602e+00 4.531647e+00
    endloop
  endfacet
  facet normal 0.000000e+00 -4.025272e-01 -9.154080e-01
    outer loop
      vertex   -2.250178e+00 5.630175e+00 4.578886e+00
      vertex   -3.569154e-04 5.737602e+00 4.531647e+00
      vertex   -3.569154e-04 5.630175e+00 4.578886e+00
    endloop
  endfacet
  facet normal 0.000000e+00 -3.384131e-01 -9.409977e-01
    outer loop
      vertex   -2.250178e+00 5.519744e+00 4.618600e+00
      vertex   -2.250178e+00 5.630175e+00 4.578886e+00
      vertex   -3.569154e-04 5.630175e+00 4.578886e+00
    endloop
  endfacet
  facet normal 0.000000e+00 -3.384131e-01 -9.409977e-01
    outer loop
      vertex   -2.250178e+00 5.519744e+00 4.618600e+00
      vertex   -3.569154e-04 5.630175e+00 4.578886e+00
      vertex   -3.569154e-04 5.519744e+00 4.618600e+00
    endloop
  endfacet
  facet normal 0.000000e+00 -2.726862e-01 -9.621030e-01
    outer loop
      vertex   -2.250178e+00 5.406837e+00 4.650601e+00
      vertex   -2.250178e+00 5.519744e+00 4.618600e+00
      vertex   -3.569154e-04 5.519744e+00 4.618600e+00
    endloop
  endfacet
  facet normal 0.000000e+00 -2.726862e-01 -9.621030e-01
    outer loop
      vertex   -2.250178e+00 5.406837e+00 4.650601e+00
      vertex   -3.569154e-04 5.519744e+00 4.618600e+00
      vertex   -3.569154e-04 5.406837e+00 4.650601e+00
    endloop
  endfacet
  facet normal 0.000000e+00 -2.056599e-01 -9.786235e-01
    outer loop
      vertex   -2.250178e+00 5.291990e+00 4.674736e+00
      vertex   -2.250178e+00 5.406837e+00 4.650601e+00
      vertex   -3.569154e-04 5.406837e+00 4.650601e+00
    endloop
  endfacet
  facet normal 0.000000e+00 -2.056599e-01 -9.786235e-01
    outer loop
      vertex   -2.250178e+00 5.291990e+00 4.674736e+00
      vertex   -3.569154e-04 5.406837e+00 4.650601e+00
      vertex   -3.569154e-04 5.291990e+00 4.674736e+00
    endloop
  endfacet
  facet normal 0.000000e+00 -1.376535e-01 -9.904804e-01
    outer loop
      vertex   -2.250178e+00 5.175753e+00 4.690891e+00
      vertex   -2.250178e+00 5.291990e+00 4.674736e+00
      vertex   -3.569154e-04 5.291990e+00 4.674736e+00
    endloop
  endfacet
  facet normal 0.000000e+00 -1.376535e-01 -9.904804e-01
    outer loop
      vertex   -2.250178e+00 5.175753e+00 4.690891e+00
      vertex   -3.569154e-04 5.291990e+00 4.674736e+00
      vertex   -3.569154e-04 5.175753e+00 4.690891e+00
    endloop
  endfacet
  facet normal 0.000000e+00 -6.899114e-02 -9.976173e-01
    outer loop
      vertex   -2.250178e+00 5.058678e+00 4.698987e+00
      vertex   -2.250178e+00 5.175753e+00 4.690891e+00
      vertex   -3.569154e-04 5.175753e+00 4.690891e+00
    endloop
  endfacet
  facet normal 0.000000e+00 -6.899114e-02 -9.976173e-01
    outer loop
      vertex   -2.250178e+00 5.058678e+00 4.698987e+00
      vertex   -3.569154e-04 5.175753e+00 4.690891e+00
      vertex   -3.569154e-04 5.058678e+00 4.698987e+00
    endloop
  endfacet
  facet normal 0.000000e+00 0.000000e+00 -1.000000e+00
    outer loop
      vertex   -2.250178e+00 4.941323e+00 4.698987e+00
      vertex   -2.250178e+00 5.058678e+00 4.698987e+00
      vertex   -3.569154e-04 5.058678e+00 4.698987e+00
    endloop
  endfacet
  facet normal 0.000000e+00 0.000000e+00 -1.000000e+00
    outer loop
      vertex   -2.250178e+00 4.941323e+00 4.698987e+00
      vertex   -3.569154e-04 5.058678e+00 4.698987e+00
      vertex   -3.569154e-04 4.941323e+00 4.698987e+00
    endloop
  endfacet
  facet normal 0.000000e+00 6.899114e-02 -9.976173e-01
    outer loop
      vertex   -2.250178e+00 4.824247e+00 4.690891e+00
      vertex   -2.250178e+00 4.941323e+00 4.698987e+00
      vertex   -3.569154e-04 4.941323e+00 4.698987e+00
    endloop
  endfacet
  facet normal 0.000000e+00 6.899114e-02 -9.976173e-01
    outer loop
      vertex   -2.250178e+00 4.824247e+00 4.690891e+00
      vertex   -3.569154e-04 4.941323e+00 4.698987e+00
      vertex   -3.569154e-04 4.824247e+00 4.690891e+00
    endloop
  endfacet
  facet normal 0.000000e+00 1.376535e-01 -9.904804e-01
    outer loop
      vertex   -2.250178e+00 4.708010e+00 4.674736e+00
      vertex   -2.250178e+00 4.824247e+00 4.690891e+00
      vertex   -3.569154e-04 4.824247e+00 4.690891e+00
    endloop
  endfacet
  facet normal 0.000000e+00 1.376535e-01 -9.904804e-01
    outer loop
      vertex   -2.250178e+00 4.708010e+00 4.674736e+00
      vertex   -3.569154e-04 4.824247e+00 4.690891e+00
      vertex   -3.569154e-04 4.708010e+00 4.674736e+00
    endloop
  endfacet
  facet normal 0.000000e+00 2.056599e-01 -9.786235e-01
    outer loop
      vertex   -2.250178e+00 4.593163e+00 4.650601e+00
      vertex   -2.250178e+00 4.708010e+00 4.674736e+00
      vertex   -3.569154e-04 4.708010e+00 4.674736e+00
    endloop
  endfacet
  facet normal 0.000000e+00 2.056599e-01 -9.786235e-01
    outer loop
      vertex   -2.250178e+00 4.593163e+00 4.650601e+00
      vertex   -3.569154e-04 4.708010e+00 4.674736e+00
      vertex   -3.569154e-04 4.593163e+00 4.650601e+00
    endloop
  endfacet
  facet normal 0.000000e+00 2.726862e-01 -9.621030e-01
    outer loop
      vertex   -2.250178e+00 4.480256e+00 4.618600e+00
      vertex   -2.250178e+00 4.593163e+00 4.650601e+00
      vertex   -3.569154e-04 4.593163e+00 4.650601e+00
    endloop
  endfacet
  facet normal 0.000000e+00 2.726862e-01 -9.621030e-01
    outer loop
      vertex   -2.250178e+00 4.480256e+00 4.618600e+00
      vertex   -3.569154e-04 4.593163e+00 4.650601e+00
      vertex   -3.569154e-04 4.480256e+00 4.618600e+00
    endloop
  endfacet
  facet normal 0.000000e+00 3.384131e-01 -9.409977e-01
    outer loop
      vertex   -2.250178e+00 4.369825e+00 4.578886e+00
      vertex   -2.250178e+00 4.480256e+00 4.618600e+00
      vertex   -3.569154e-04 4.480256e+00 4.618600e+00
    endloop
  endfacet
  facet normal 0.000000e+00 3.384131e-01 -9.409977e-01
    outer loop
      vertex   -2.250178e+00 4.369825e+00 4.578886e+00
      vertex   -3.569154e-04 4.480256e+00 4.618600e+00
      vertex   -3.569154e-04 4.369825e+00 4.578886e+00
    endloop
  endfacet
  facet normal 0.000000e+00 4.025272e-01 -9.154080e-01
    outer loop
      vertex   -2.250178e+00 4.262398e+00 4.531647e+00
      vertex   -2.250178e+00 4.369825e+00 4.578886e+00
      vertex   -3.569154e-04 4.369825e+00 4.578886e+00
    endloop
  endfacet
  facet normal 0.000000e+00 4.025272e-01 -9.154080e-01
    outer loop
      vertex   -2.250178e+00 4.262398e+00 4.531647e+00
      vertex   -3.569154e-04 4.369825e+00 4.578886e+00
      vertex   -3.569154e-04 4.262398e+00 4.531647e+00
    endloop
  endfacet
  facet normal 0.000000e+00 4.647232e-01 -8.854560e-01
    outer loop
      vertex   -2.250178e+00 4.158485e+00 4.477110e+00
      vertex   -2.250178e+00 4.262398e+00 4.531647e+00
      vertex   -3.569154e-04 4.262398e+00 4.531647e+00
    endloop
  endfacet
  facet normal 0.000000e+00 4.647232e-01 -8.854560e-01
    outer loop
      vertex   -2.250178e+00 4.158485e+00 4.477110e+00
      vertex   -3.569154e-04 4.262398e+00 4.531647e+00
      vertex   -3.569154e-04 4.158485e+00 4.477110e+00
    endloop
  endfacet
  facet normal 0.000000e+00 5.247045e-01 -8.512844e-01
    outer loop
      vertex   -2.250178e+00 4.058583e+00 4.415533e+00
      vertex   -2.250178e+00 4.158485e+00 4.477110e+00
      vertex   -3.569154e-04 4.158485e+00 4.477110e+00
    endloop
  endfacet
  facet normal 0.000000e+00 5.247045e-01 -8.512844e-01
    outer loop
      vertex   -2.250178e+00 4.058583e+00 4.415533e+00
      vertex   -3.569154e-04 4.158485e+00 4.477110e+00
      vertex   -3.569154e-04 4.058583e+00 4.415533e+00
    endloop
  endfacet
  facet normal 0.000000e+00 5.821853e-01 -8.130561e-01
    outer loop
      vertex   -2.250178e+00 3.963167e+00 4.347211e+00
      vertex   -2.250178e+00 4.058583e+00 4.415533e+00
      vertex   -3.569154e-04 4.058583e+00 4.415533e+00
    endloop
  endfacet
  facet normal 0.000000e+00 5.821853e-01 -8.130561e-01
    outer loop
      vertex   -2.250178e+00 3.963167e+00 4.347211e+00
      vertex   -3.569154e-04 4.058583e+00 4.415533e+00
      vertex   -3.569154e-04 3.963167e+00 4.347211e+00
    endloop
  endfacet
  facet normal 0.000000e+00 6.368918e-01 -7.709532e-01
    outer loop
      vertex   -2.250178e+00 3.872692e+00 4.272468e+00
      vertex   -2.250178e+00 3.963167e+00 4.347211e+00
      vertex   -3.569154e-04 3.963167e+00 4.347211e+00
    endloop
  endfacet
  facet normal 0.000000e+00 6.368918e-01 -7.709532e-01
    outer loop
      vertex   -2.250178e+00 3.872692e+00 4.272468e+00
      vertex   -3.569154e-04 3.963167e+00 4.347211e+00
      vertex   -3.569154e-04 3.872692e+00 4.272468e+00
    endloop
  endfacet
  facet normal 0.000000e+00 6.885632e-01 -7.251763e-01
    outer loop
      vertex   -2.250178e+00 3.787589e+00 4.191662e+00
      vertex   -2.250178e+00 3.872692e+00 4.272468e+00
      vertex   -3.569154e-04 3.872692e+00 4.272468e+00
    endloop
  endfacet
  facet normal 0.000000e+00 6.885632e-01 -7.251763e-01
    outer loop
      vertex   -2.250178e+00 3.787589e+00 4.191662e+00
      vertex   -3.569154e-04 3.872692e+00 4.272468e+00
      vertex   -3.569154e-04 3.787589e+00 4.191662e+00
    endloop
  endfacet
  facet normal 0.000000e+00 7.369533e-01 -6.759436e-01
    outer loop
      vertex   -2.250178e+00 3.708263e+00 4.105177e+00
      vertex   -2.250178e+00 3.787589e+00 4.191662e+00
      vertex   -3.569154e-04 3.787589e+00 4.191662e+00
    endloop
  endfacet
  facet normal 0.000000e+00 7.369533e-01 -6.759436e-01
    outer loop
      vertex   -2.250178e+00 3.708263e+00 4.105177e+00
      vertex   -3.569154e-04 3.787589e+00 4.191662e+00
      vertex   -3.569154e-04 3.708263e+00 4.105177e+00
    endloop
  endfacet
  facet normal 0.000000e+00 7.818315e-01 -6.234898e-01
    outer loop
      vertex   -2.250178e+00 3.635094e+00 4.013425e+00
      vertex   -2.250178e+00 3.708263e+00 4.105177e+00
      vertex   -3.569154e-04 3.708263e+00 4.105177e+00
    endloop
  endfacet
  facet normal 0.000000e+00 7.818315e-01 -6.234898e-01
    outer loop
      vertex   -2.250178e+00 3.635094e+00 4.013425e+00
      vertex   -3.569154e-04 3.708263e+00 4.105177e+00
      vertex   -3.569154e-04 3.635094e+00 4.013425e+00
    endloop
  endfacet
  facet normal 0.000000e+00 8.229839e-01 -5.680647e-01
    outer loop
      vertex   -2.250178e+00 3.568429e+00 3.916844e+00
      vertex   -2.250178e+00 3.635094e+00 4.013425e+00
      vertex   -3.569154e-04 3.635094e+00 4.013425e+00
    endloop
  endfacet
  facet normal 0.000000e+00 8.229839e-01 -5.680647e-01
    outer loop
      vertex   -2.250178e+00 3.568429e+00 3.916844e+00
      vertex   -3.569154e-04 3.635094e+00 4.013425e+00
      vertex   -3.569154e-04 3.568429e+00 3.916844e+00
    endloop
  endfacet
  facet normal 0.000000e+00 8.602144e-01 -5.099326e-01
    outer loop
      vertex   -2.250178e+00 3.508585e+00 3.815894e+00
      vertex   -2.250178e+00 3.568429e+00 3.916844e+00
      vertex   -3.569154e-04 3.568429e+00 3.916844e+00
    endloop
  endfacet
  facet normal 0.000000e+00 8.602144e-01 -5.099326e-01
    outer loop
      vertex   -2.250178e+00 3.508585e+00 3.815894e+00
      vertex   -3.569154e-04 3.568429e+00 3.916844e+00
      vertex   -3.569154e-04 3.508585e+00 3.815894e+00
    endloop
  endfacet
  facet normal 0.000000e+00 8.933455e-01 -4.493704e-01
    outer loop
      vertex   -2.250178e+00 3.455850e+00 3.711055e+00
      vertex   -2.250178e+00 3.508585e+00 3.815894e+00
      vertex   -3.569154e-04 3.508585e+00 3.815894e+00
    endloop
  endfacet
  facet normal 0.000000e+00 8.933455e-01 -4.493704e-01
    outer loop
      vertex   -2.250178e+00 3.455850e+00 3.711055e+00
      vertex   -3.569154e-04 3.508585e+00 3.815894e+00
      vertex   -3.569154e-04 3.455850e+00 3.711055e+00
    endloop
  endfacet
  facet normal 0.000000e+00 9.222195e-01 -3.866667e-01
    outer loop
      vertex   -2.250178e+00 3.410472e+00 3.602828e+00
      vertex   -2.250178e+00 3.455850e+00 3.711055e+00
      vertex   -3.569154e-04 3.455850e+00 3.711055e+00
    endloop
  endfacet
  facet normal 0.000000e+00 9.222195e-01 -3.866667e-01
    outer loop
      vertex   -2.250178e+00 3.410472e+00 3.602828e+00
      vertex   -3.569154e-04 3.455850e+00 3.711055e+00
      vertex   -3.569154e-04 3.410472e+00 3.602828e+00
    endloop
  endfacet
  facet normal 0.000000e+00 9.466987e-01 -3.221204e-01
    outer loop
      vertex   -2.250178e+00 3.372670e+00 3.491729e+00
      vertex   -2.250178e+00 3.410472e+00 3.602828e+00
      vertex   -3.569154e-04 3.410472e+00 3.602828e+00
    endloop
  endfacet
  facet normal 0.000000e+00 9.466987e-01 -3.221204e-01
    outer loop
      vertex   -2.250178e+00 3.372670e+00 3.491729e+00
      vertex   -3.569154e-04 3.410472e+00 3.602828e+00
      vertex   -3.569154e-04 3.372670e+00 3.491729e+00
    endloop
  endfacet
  facet normal 0.000000e+00 9.666664e-01 -2.560391e-01
    outer loop
      vertex   -2.250178e+00 3.342623e+00 3.378286e+00
      vertex   -2.250178e+00 3.372670e+00 3.491729e+00
      vertex   -3.569154e-04 3.372670e+00 3.491729e+00
    endloop
  endfacet
  facet normal 0.000000e+00 9.666664e-01 -2.560391e-01
    outer loop
      vertex   -2.250178e+00 3.342623e+00 3.378286e+00
      vertex   -3.569154e-04 3.372670e+00 3.491729e+00
      vertex   -3.569154e-04 3.342623e+00 3.378286e+00
    endloop
  endfacet
  facet normal 0.000000e+00 9.820276e-01 -1.887376e-01
    outer loop
      vertex   -2.250178e+00 3.320473e+00 3.263040e+00
      vertex   -2.250178e+00 3.342623e+00 3.378286e+00
      vertex   -3.569154e-04 3.342623e+00 3.378286e+00
    endloop
  endfacet
  facet normal 0.000000e+00 9.820276e-01 -1.887376e-01
    outer loop
      vertex   -2.250178e+00 3.320473e+00 3.263040e+00
      vertex   -3.569154e-04 3.342623e+00 3.378286e+00
      vertex   -3.569154e-04 3.320473e+00 3.263040e+00
    endloop
  endfacet
  facet normal 0.000000e+00 9.927089e-01 -1.205367e-01
    outer loop
      vertex   -2.250178e+00 3.306328e+00 3.146541e+00
      vertex   -2.250178e+00 3.320473e+00 3.263040e+00
      vertex   -3.569154e-04 3.320473e+00 3.263040e+00
    endloop
  endfacet
  facet normal 0.000000e+00 9.927089e-01 -1.205367e-01
    outer loop
      vertex   -2.250178e+00 3.306328e+00 3.146541e+00
      vertex   -3.569154e-04 3.320473e+00 3.263040e+00
      vertex   -3.569154e-04 3.306328e+00 3.146541e+00
    endloop
  endfacet
  facet normal 0.000000e+00 9.986595e-01 -5.176135e-02
    outer loop
      vertex   -2.250178e+00 3.300253e+00 3.029343e+00
      vertex   -2.250178e+00 3.306328e+00 3.146541e+00
      vertex   -3.569154e-04 3.306328e+00 3.146541e+00
    endloop
  endfacet
  facet normal 0.000000e+00 9.986595e-01 -5.176135e-02
    outer loop
      vertex   -2.250178e+00 3.300253e+00 3.029343e+00
      vertex   -3.569154e-04 3.306328e+00 3.146541e+00
      vertex   -3.569154e-04 3.300253e+00 3.029343e+00
    endloop
  endfacet
  facet normal 0.000000e+00 9.998510e-01 1.726064e-02
    outer loop
      vertex   -2.250178e+00 3.302279e+00 2.912006e+00
      vertex   -2.250178e+00 3.300253e+00 3.029343e+00
      vertex   -3.569154e-04 3.300253e+00 3.029343e+00
    endloop
  endfacet
  facet normal -0.000000e+00 9.998510e-01 1.726064e-02
    outer loop
      vertex   -2.250178e+00 3.302279e+00 2.912006e+00
      vertex   -3.569154e-04 3.300253e+00 3.029343e+00
      vertex   -3.569154e-04 3.302279e+00 2.912006e+00
    endloop
  endfacet
  facet normal 0.000000e+00 9.962778e-01 8.620038e-02
    outer loop
      vertex   -2.250178e+00 3.312395e+00 2.795088e+00
      vertex   -2.250178e+00 3.302279e+00 2.912006e+00
      vertex   -3.569154e-04 3.302279e+00 2.912006e+00
    endloop
  endfacet
  facet normal -0.000000e+00 9.962778e-01 8.620038e-02
    outer loop
      vertex   -2.250178e+00 3.312395e+00 2.795088e+00
      vertex   -3.569154e-04 3.302279e+00 2.912006e+00
      vertex   -3.569154e-04 3.312395e+00 2.795088e+00
    endloop
  endfacet
  facet normal 0.000000e+00 9.879569e-01 1.547293e-01
    outer loop
      vertex   -2.250178e+00 3.330553e+00 2.679146e+00
      vertex   -2.250178e+00 3.312395e+00 2.795088e+00
      vertex   -3.569154e-04 3.312395e+00 2.795088e+00
    endloop
  endfacet
  facet normal -0.000000e+00 9.879569e-01 1.547293e-01
    outer loop
      vertex   -2.250178e+00 3.330553e+00 2.679146e+00
      vertex   -3.569154e-04 3.312395e+00 2.795088e+00
      vertex   -3.569154e-04 3.330553e+00 2.679146e+00
    endloop
  endfacet
  facet normal 0.000000e+00 9.749279e-01 2.225209e-01
    outer loop
      vertex   -2.250178e+00 3.356667e+00 2.564734e+00
      vertex   -2.250178e+00 3.330553e+00 2.679146e+00
      vertex   -3.569154e-04 3.330553e+00 2.679146e+00
    endloop
  endfacet
  facet normal -0.000000e+00 9.749279e-01 2.225209e-01
    outer loop
      vertex   -2.250178e+00 3.356667e+00 2.564734e+00
      vertex   -3.569154e-04 3.330553e+00 2.679146e+00
      vertex   -3.569154e-04 3.356667e+00 2.564734e+00
    endloop
  endfacet
  facet normal 0.000000e+00 9.572530e-01 2.892521e-01
    outer loop
      vertex   -2.250178e+00 3.390612e+00 2.452395e+00
      vertex   -2.250178e+00 3.356667e+00 2.564734e+00
      vertex   -3.569154e-04 3.356667e+00 2.564734e+00
    endloop
  endfacet
  facet normal -0.000000e+00 9.572530e-01 2.892521e-01
    outer loop
      vertex   -2.250178e+00 3.390612e+00 2.452395e+00
      vertex   -3.569154e-04 3.356667e+00 2.564734e+00
      vertex   -3.569154e-04 3.390612e+00 2.452395e+00
    endloop
  endfacet
  facet normal 0.000000e+00 9.350162e-01 3.546049e-01
    outer loop
      vertex   -2.250178e+00 3.432227e+00 2.342667e+00
      vertex   -2.250178e+00 3.390612e+00 2.452395e+00
      vertex   -3.569154e-04 3.390612e+00 2.452395e+00
    endloop
  endfacet
  facet normal -0.000000e+00 9.350162e-01 3.546049e-01
    outer loop
      vertex   -2.250178e+00 3.432227e+00 2.342667e+00
      vertex   -3.569154e-04 3.390612e+00 2.452395e+00
      vertex   -3.569154e-04 3.432227e+00 2.342667e+00
    endloop
  endfacet
  facet normal 0.000000e+00 9.083238e-01 4.182678e-01
    outer loop
      vertex   -2.250178e+00 3.481313e+00 2.236070e+00
      vertex   -2.250178e+00 3.432227e+00 2.342667e+00
      vertex   -3.569154e-04 3.432227e+00 2.342667e+00
    endloop
  endfacet
  facet normal -0.000000e+00 9.083238e-01 4.182678e-01
    outer loop
      vertex   -2.250178e+00 3.481313e+00 2.236070e+00
      vertex   -3.569154e-04 3.432227e+00 2.342667e+00
      vertex   -3.569154e-04 3.481313e+00 2.236070e+00
    endloop
  endfacet
  facet normal 0.000000e+00 8.773027e-01 4.799375e-01
    outer loop
      vertex   -2.250178e+00 3.537636e+00 2.133115e+00
      vertex   -2.250178e+00 3.481313e+00 2.236070e+00
      vertex   -3.569154e-04 3.481313e+00 2.236070e+00
    endloop
  endfacet
  facet normal -0.000000e+00 8.773027e-01 4.799375e-01
    outer loop
      vertex   -2.250178e+00 3.537636e+00 2.133115e+00
      vertex   -3.569154e-04 3.481313e+00 2.236070e+00
      vertex   -3.569154e-04 3.537636e+00 2.133115e+00
    endloop
  endfacet
  facet normal 0.000000e+00 8.421009e-01 5.393200e-01
    outer loop
      vertex   -2.250178e+00 3.600928e+00 2.034290e+00
      vertex   -2.250178e+00 3.537636e+00 2.133115e+00
      vertex   -3.569154e-04 3.537636e+00 2.133115e+00
    endloop
  endfacet
  facet normal -0.000000e+00 8.421009e-01 5.393200e-01
    outer loop
      vertex   -2.250178e+00 3.600928e+00 2.034290e+00
      vertex   -3.569154e-04 3.537636e+00 2.133115e+00
      vertex   -3.569154e-04 3.600928e+00 2.034290e+00
    endloop
  endfacet
  facet normal -1.000000e+00 0.000000e+00 -0.000000e+00
    outer loop
      vertex   -4.500000e+00 5.117285e+00 1.304051e+00
      vertex   -4.500000e+00 1.400000e+01 0.000000e+00
      vertex   -4.500000e+00 5.000000e+00 1.300000e+00
    endloop
  endfacet
  facet normal -1.000000e+00 0.000000e+00 -0.000000e+00
    outer loop
      vertex   -4.500000e+00 5.000000e+00 1.300000e+00
      vertex   -4.500000e+00 1.400000e+01 0.000000e+00
      vertex   -4.500000e+00 -3.000000e+00 0.000000e+00
    endloop
  endfacet
  facet normal -1.000000e+00 -0.000000e+00 0.000000e+00
    outer loop
      vertex   -4.500000e+00 5.000000e+00 1.300000e+00
      vertex   -4.500000e+00 -3.000000e+00 0.000000e+00
      vertex   -4.500000e+00 4.882715e+00 1.304051e+00
    endloop
  endfacet
  facet normal -1.000000e+00 -0.000000e+00 0.000000e+00
    outer loop
      vertex   -4.500000e+00 4.882715e+00 1.304051e+00
      vertex   -4.500000e+00 -3.000000e+00 0.000000e+00
      vertex   -4.500000e+00 4.765989e+00 1.316183e+00
    endloop
  endfacet
  facet normal -1.000000e+00 -0.000000e+00 0.000000e+00
    outer loop
      vertex   -4.500000e+00 4.765989e+00 1.316183e+00
      vertex   -4.500000e+00 -3.000000e+00 0.000000e+00
      vertex   -4.500000e+00 4.650378e+00 1.336340e+00
    endloop
  endfacet
  facet normal -1.000000e+00 -0.000000e+00 0.000000e+00
    outer loop
      vertex   -4.500000e+00 4.650378e+00 1.336340e+00
      vertex   -4.500000e+00 -3.000000e+00 0.000000e+00
      vertex   -4.500000e+00 4.536433e+00 1.364425e+00
    endloop
  endfacet
  facet normal -1.000000e+00 -0.000000e+00 0.000000e+00
    outer loop
      vertex   -4.500000e+00 4.536433e+00 1.364425e+00
      vertex   -4.500000e+00 -3.000000e+00 0.000000e+00
      vertex   -4.500000e+00 4.424698e+00 1.400304e+00
    endloop
  endfacet
  facet normal -1.000000e+00 -0.000000e+00 0.000000e+00
    outer loop
      vertex   -4.500000e+00 4.424698e+00 1.400304e+00
      vertex   -4.500000e+00 -3.000000e+00 0.000000e+00
      vertex   -4.500000e+00 4.315704e+00 1.443806e+00
    endloop
  endfacet
  facet normal -1.000000e+00 -0.000000e+00 0.000000e+00
    outer loop
      vertex   -4.500000e+00 4.315704e+00 1.443806e+00
      vertex   -4.500000e+00 -3.000000e+00 0.000000e+00
      vertex   -4.500000e+00 4.209971e+00 1.494725e+00
    endloop
  endfacet
  facet normal -1.000000e+00 -0.000000e+00 0.000000e+00
    outer loop
      vertex   -4.500000e+00 4.209971e+00 1.494725e+00
      vertex   -4.500000e+00 -3.000000e+00 0.000000e+00
      vertex   -4.500000e+00 4.108002e+00 1.552816e+00
    endloop
  endfacet
  facet normal -1.000000e+00 -0.000000e+00 0.000000e+00
    outer loop
      vertex   -4.500000e+00 4.108002e+00 1.552816e+00
      vertex   -4.500000e+00 -3.000000e+00 0.000000e+00
      vertex   -4.500000e+00 4.010285e+00 1.617805e+00
    endloop
  endfacet
  facet normal -1.000000e+00 -0.000000e+00 0.000000e+00
    outer loop
      vertex   -4.500000e+00 4.010285e+00 1.617805e+00
      vertex   -4.500000e+00 -3.000000e+00 0.000000e+00
      vertex   -4.500000e+00 3.917284e+00 1.689380e+00
    endloop
  endfacet
  facet normal -1.000000e+00 -0.000000e+00 0.000000e+00
    outer loop
      vertex   -4.500000e+00 3.917284e+00 1.689380e+00
      vertex   -4.500000e+00 -3.000000e+00 0.000000e+00
      vertex   -4.500000e+00 3.829443e+00 1.767200e+00
    endloop
  endfacet
  facet normal -1.000000e+00 -0.000000e+00 0.000000e+00
    outer loop
      vertex   -4.500000e+00 3.829443e+00 1.767200e+00
      vertex   -4.500000e+00 -3.000000e+00 0.000000e+00
      vertex   -4.500000e+00 3.747179e+00 1.850896e+00
    endloop
  endfacet
  facet normal -1.000000e+00 -0.000000e+00 0.000000e+00
    outer loop
      vertex   -4.500000e+00 3.747179e+00 1.850896e+00
      vertex   -4.500000e+00 -3.000000e+00 0.000000e+00
      vertex   -4.500000e+00 3.670887e+00 1.940067e+00
    endloop
  endfacet
  facet normal -1.000000e+00 -0.000000e+00 0.000000e+00
    outer loop
      vertex   -4.500000e+00 3.670887e+00 1.940067e+00
      vertex   -4.500000e+00 -3.000000e+00 0.000000e+00
      vertex   -4.500000e+00 3.600928e+00 2.034290e+00
    endloop
  endfacet
  facet normal -1.000000e+00 -0.000000e+00 0.000000e+00
    outer loop
      vertex   -4.500000e+00 3.600928e+00 2.034290e+00
      vertex   -4.500000e+00 -3.000000e+00 0.000000e+00
      vertex   -4.500000e+00 3.537636e+00 2.133115e+00
    endloop
  endfacet
  facet normal -1.000000e+00 -0.000000e+00 0.000000e+00
    outer loop
      vertex   -4.500000e+00 3.537636e+00 2.133115e+00
      vertex   -4.500000e+00 -3.000000e+00 0.000000e+00
      vertex   -4.500000e+00 3.481313e+00 2.236070e+00
    endloop
  endfacet
  facet normal -1.000000e+00 -0.000000e+00 0.000000e+00
    outer loop
      vertex   -4.500000e+00 3.481313e+00 2.236070e+00
      vertex   -4.500000e+00 -3.000000e+00 0.000000e+00
      vertex   -4.500000e+00 3.432227e+00 2.342667e+00
    endloop
  endfacet
  facet normal -1.000000e+00 -0.000000e+00 0.000000e+00
    outer loop
      vertex   -4.500000e+00 3.432227e+00 2.342667e+00
      vertex   -4.500000e+00 -3.000000e+00 0.000000e+00
      vertex   -4.500000e+00 3.390612e+00 2.452395e+00
    endloop
  endfacet
  facet normal -1.000000e+00 -0.000000e+00 0.000000e+00
    outer loop
      vertex   -4.500000e+00 3.390612e+00 2.452395e+00
      vertex   -4.500000e+00 -3.000000e+00 0.000000e+00
      vertex   -4.500000e+00 3.356667e+00 2.564734e+00
    endloop
  endfacet
  facet normal -1.000000e+00 -0.000000e+00 0.000000e+00
    outer loop
      vertex   -4.500000e+00 3.356667e+00 2.564734e+00
      vertex   -4.500000e+00 -3.000000e+00 0.000000e+00
      vertex   -4.500000e+00 3.330553e+00 2.679146e+00
    endloop
  endfacet
  facet normal -1.000000e+00 -0.000000e+00 0.000000e+00
    outer loop
      vertex   -4.500000e+00 3.330553e+00 2.679146e+00
      vertex   -4.500000e+00 -3.000000e+00 0.000000e+00
      vertex   -4.500000e+00 3.312395e+00 2.795088e+00
    endloop
  endfacet
  facet normal -1.000000e+00 -0.000000e+00 0.000000e+00
    outer loop
      vertex   -4.500000e+00 3.312395e+00 2.795088e+00
      vertex   -4.500000e+00 -3.000000e+00 0.000000e+00
      vertex   -4.500000e+00 3.302279e+00 2.912006e+00
    endloop
  endfacet
  facet normal -1.000000e+00 -0.000000e+00 0.000000e+00
    outer loop
      vertex   -4.500000e+00 3.302279e+00 2.912006e+00
      vertex   -4.500000e+00 -3.000000e+00 0.000000e+00
      vertex   -4.500000e+00 3.300253e+00 3.029343e+00
    endloop
  endfacet
  facet normal -1.000000e+00 -0.000000e+00 0.000000e+00
    outer loop
      vertex   -4.500000e+00 3.300253e+00 3.029343e+00
      vertex   -4.500000e+00 -3.000000e+00 0.000000e+00
      vertex   -4.500000e+00 3.306328e+00 3.146541e+00
    endloop
  endfacet
  facet normal -1.000000e+00 -0.000000e+00 0.000000e+00
    outer loop
      vertex   -4.500000e+00 3.306328e+00 3.146541e+00
      vertex   -4.500000e+00 -3.000000e+00 0.000000e+00
      vertex   -4.500000e+00 3.320473e+00 3.263040e+00
    endloop
  endfacet
  facet normal -1.000000e+00 -0.000000e+00 0.000000e+00
    outer loop
      vertex   -4.500000e+00 3.320473e+00 3.263040e+00
      vertex   -4.500000e+00 -3.000000e+00 0.000000e+00
      vertex   -4.500000e+00 -3.000000e+00 7.000000e+00
    endloop
  endfacet
  facet normal -1.000000e+00 0.000000e+00 0.000000e+00
    outer loop
      vertex   -4.500000e+00 3.320473e+00 3.263040e+00
      vertex   -4.500000e+00 -3.000000e+00 7.000000e+00
      vertex   -4.500000e+00 3.342623e+00 3.378286e+00
    endloop
  endfacet
  facet normal -1.000000e+00 0.000000e+00 0.000000e+00
    outer loop
      vertex   -4.500000e+00 3.342623e+00 3.378286e+00
      vertex   -4.500000e+00 -3.000000e+00 7.000000e+00
      vertex   -4.500000e+00 3.372670e+00 3.491729e+00
    endloop
  endfacet
  facet normal -1.000000e+00 0.000000e+00 0.000000e+00
    outer loop
      vertex   -4.500000e+00 3.372670e+00 3.491729e+00
      vertex   -4.500000e+00 -3.000000e+00 7.000000e+00
      vertex   -4.500000e+00 3.410472e+00 3.602828e+00
    endloop
  endfacet
  facet normal -1.000000e+00 0.000000e+00 0.000000e+00
    outer loop
      vertex   -4.500000e+00 3.410472e+00 3.602828e+00
      vertex   -4.500000e+00 -3.000000e+00 7.000000e+00
      vertex   -4.500000e+00 3.455850e+00 3.711055e+00
    endloop
  endfacet
  facet normal -1.000000e+00 0.000000e+00 0.000000e+00
    outer loop
      vertex   -4.500000e+00 3.455850e+00 3.711055e+00
      vertex   -4.500000e+00 -3.000000e+00 7.000000e+00
      vertex   -4.500000e+00 3.508585e+00 3.815894e+00
    endloop
  endfacet
  facet normal -1.000000e+00 0.000000e+00 0.000000e+00
    outer loop
      vertex   -4.500000e+00 3.508585e+00 3.815894e+00
      vertex   -4.500000e+00 -3.000000e+00 7.000000e+00
      vertex   -4.500000e+00 3.568429e+00 3.916844e+00
    endloop
  endfacet
  facet normal -1.000000e+00 0.000000e+00 0.000000e+00
    outer loop
      vertex   -4.500000e+00 3.568429e+00 3.916844e+00
      vertex   -4.500000e+00 -3.000000e+00 7.000000e+00
      vertex   -4.500000e+00 3.635094e+00 4.013425e+00
    endloop
  endfacet
  facet normal -1.000000e+00 0.000000e+00 0.000000e+00
    outer loop
      vertex   -4.500000e+00 3.635094e+00 4.013425e+00
      vertex   -4.500000e+00 -3.000000e+00 7.000000e+00
      vertex   -4.500000e+00 3.708263e+00 4.105177e+00
    endloop
  endfacet
  facet normal -1.000000e+00 0.000000e+00 0.000000e+00
    outer loop
      vertex   -4.500000e+00 3.708263e+00 4.105177e+00
      vertex   -4.500000e+00 -3.000000e+00 7.000000e+00
      vertex   -4.500000e+00 3.787589e+00 4.191662e+00
    endloop
  endfacet
  facet normal -1.000000e+00 0.000000e+00 0.000000e+00
    outer loop
      vertex   -4.500000e+00 3.787589e+00 4.191662e+00
      vertex   -4.500000e+00 -3.000000e+00 7.000000e+00
      vertex   -4.500000e+00 3.872692e+00 4.272468e+00
    endloop
  endfacet
  facet normal -1.000000e+00 0.000000e+00 0.000000e+00
    outer loop
      vertex   -4.500000e+00 3.872692e+00 4.272468e+00
      vertex   -4.500000e+00 -3.000000e+00 7.000000e+00
      vertex   -4.500000e+00 3.963167e+00 4.347211e+00
    endloop
  endfacet
  facet normal -1.000000e+00 0.000000e+00 0.000000e+00
    outer loop
      vertex   -4.500000e+00 3.963167e+00 4.347211e+00
      vertex   -4.500000e+00 -3.000000e+00 7.000000e+00
      vertex   -4.500000e+00 4.058583e+00 4.415533e+00
    endloop
  endfacet
  facet normal -1.000000e+00 0.000000e+00 0.000000e+00
    outer loop
      vertex   -4.500000e+00 4.058583e+00 4.415533e+00
      vertex   -4.500000e+00 -3.000000e+00 7.000000e+00
      vertex   -4.500000e+00 4.158485e+00 4.477110e+00
    endloop
  endfacet
  facet normal -1.000000e+00 0.000000e+00 0.000000e+00
    outer loop
      vertex   -4.500000e+00 4.158485e+00 4.477110e+00
      vertex   -4.500000e+00 -3.000000e+00 7.000000e+00
      vertex   -4.500000e+00 4.262398e+00 4.531647e+00
    endloop
  endfacet
  facet normal -1.000000e+00 0.000000e+00 0.000000e+00
    outer loop
      vertex   -4.500000e+00 4.262398e+00 4.531647e+00
      vertex   -4.500000e+00 -3.000000e+00 7.000000e+00
      vertex   -4.500000e+00 4.369825e+00 4.578886e+00
    endloop
  endfacet
  facet normal -1.000000e+00 0.000000e+00 0.000000e+00
    outer loop
      vertex   -4.500000e+00 4.369825e+00 4.578886e+00
      vertex   -4.500000e+00 -3.000000e+00 7.000000e+00
      vertex   -4.500000e+00 4.480256e+00 4.618600e+00
    endloop
  endfacet
  facet normal -1.000000e+00 0.000000e+00 0.000000e+00
    outer loop
      vertex   -4.500000e+00 4.480256e+00 4.618600e+00
      vertex   -4.500000e+00 -3.000000e+00 7.000000e+00
      vertex   -4.500000e+00 4.593163e+00 4.650601e+00
    endloop
  endfacet
  facet normal -1.000000e+00 0.000000e+00 0.000000e+00
    outer loop
      vertex   -4.500000e+00 4.593163e+00 4.650601e+00
      vertex   -4.500000e+00 -3.000000e+00 7.000000e+00
      vertex   -4.500000e+00 4.708010e+00 4.674736e+00
    endloop
  endfacet
  facet normal -1.000000e+00 0.000000e+00 0.000000e+00
    outer loop
      vertex   -4.500000e+00 4.708010e+00 4.674736e+00
      vertex   -4.500000e+00 -3.000000e+00 7.000000e+00
      vertex   -4.500000e+00 4.824247e+00 4.690891e+00
    endloop
  endfacet
  facet normal -1.000000e+00 0.000000e+00 0.000000e+00
    outer loop
      vertex   -4.500000e+00 4.824247e+00 4.690891e+00
      vertex   -4.500000e+00 -3.000000e+00 7.000000e+00
      vertex   -4.500000e+00 4.941323e+00 4.698987e+00
    endloop
  endfacet
  facet normal -1.000000e+00 0.000000e+00 0.000000e+00
    outer loop
      vertex   -4.500000e+00 4.941323e+00 4.698987e+00
      vertex   -4.500000e+00 -3.000000e+00 7.000000e+00
      vertex   -4.500000e+00 5.058678e+00 4.698987e+00
    endloop
  endfacet
  facet normal -1.000000e+00 0.000000e+00 0.000000e+00
    outer loop
      vertex   -4.500000e+00 5.058678e+00 4.698987e+00
      vertex   -4.500000e+00 -3.000000e+00 7.000000e+00
      vertex   -4.500000e+00 1.400000e+01 7.000000e+00
    endloop
  endfacet
  facet normal -1.000000e+00 0.000000e+00 0.000000e+00
    outer loop
      vertex   -4.500000e+00 5.058678e+00 4.698987e+00
      vertex   -4.500000e+00 1.400000e+01 7.000000e+00
      vertex   -4.500000e+00 5.175753e+00 4.690891e+00
    endloop
  endfacet
  facet normal -1.000000e+00 0.000000e+00 0.000000e+00
    outer loop
      vertex   -4.500000e+00 5.175753e+00 4.690891e+00
      vertex   -4.500000e+00 1.400000e+01 7.000000e+00
      vertex   -4.500000e+00 5.291990e+00 4.674736e+00
    endloop
  endfacet
  facet normal -1.000000e+00 0.000000e+00 0.000000e+00
    outer loop
      vertex   -4.500000e+00 5.291990e+00 4.674736e+00
      vertex   -4.500000e+00 1.400000e+01 7.000000e+00
      vertex   -4.500000e+00 5.406837e+00 4.650601e+00
    endloop
  endfacet
  facet normal -1.000000e+00 0.000000e+00 0.000000e+00
    outer loop
      vertex   -4.500000e+00 5.406837e+00 4.650601e+00
      vertex   -4.500000e+00 1.400000e+01 7.000000e+00
      vertex   -4.500000e+00 5.519744e+00 4.618600e+00
    endloop
  endfacet
  facet normal -1.000000e+00 0.000000e+00 0.000000e+00
    outer loop
      vertex   -4.500000e+00 5.519744e+00 4.618600e+00
      vertex   -4.500000e+00 1.400000e+01 7.000000e+00
      vertex   -4.500000e+00 5.630175e+00 4.578886e+00
    endloop
  endfacet
  facet normal -1.000000e+00 0.000000e+00 0.000000e+00
    outer loop
      vertex   -4.500000e+00 5.630175e+00 4.578886e+00
      vertex   -4.500000e+00 1.400000e+01 7.000000e+00
      vertex   -4.500000e+00 5.737602e+00 4.531647e+00
    endloop
  endfacet
  facet normal -1.000000e+00 0.000000e+00 0.000000e+00
    outer loop
      vertex   -4.500000e+00 5.737602e+00 4.531647e+00
      vertex   -4.500000e+00 1.400000e+01 7.000000e+00
      vertex   -4.500000e+00 5.841515e+00 4.477110e+00
    endloop
  endfacet
  facet normal -1.000000e+00 0.000000e+00 0.000000e+00
    outer loop
      vertex   -4.500000e+00 5.841515e+00 4.477110e+00
      vertex   -4.500000e+00 1.400000e+01 7.000000e+00
      vertex   -4.500000e+00 5.941417e+00 4.415533e+00
    endloop
  endfacet
  facet normal -1.000000e+00 0.000000e+00 0.000000e+00
    outer loop
      vertex   -4.500000e+00 5.941417e+00 4.415533e+00
      vertex   -4.500000e+00 1.400000e+01 7.000000e+00
      vertex   -4.500000e+00 6.036833e+00 4.347211e+00
    endloop
  endfacet
  facet normal -1.000000e+00 0.000000e+00 0.000000e+00
    outer loop
      vertex   -4.500000e+00 6.036833e+00 4.347211e+00
      vertex   -4.500000e+00 1.400000e+01 7.000000e+00
      vertex   -4.500000e+00 6.127309e+00 4.272468e+00
    endloop
  endfacet
  facet normal -1.000000e+00 0.000000e+00 0.000000e+00
    outer loop
      vertex   -4.500000e+00 6.127309e+00 4.272468e+00
      vertex   -4.500000e+00 1.400000e+01 7.000000e+00
      vertex   -4.500000e+00 6.212412e+00 4.191662e+00
    endloop
  endfacet
  facet normal -1.000000e+00 0.000000e+00 0.000000e+00
    outer loop
      vertex   -4.500000e+00 6.212412e+00 4.191662e+00
      vertex   -4.500000e+00 1.400000e+01 7.000000e+00
      vertex   -4.500000e+00 6.291737e+00 4.105177e+00
    endloop
  endfacet
  facet normal -1.000000e+00 0.000000e+00 0.000000e+00
    outer loop
      vertex   -4.500000e+00 6.291737e+00 4.105177e+00
      vertex   -4.500000e+00 1.400000e+01 7.000000e+00
      vertex   -4.500000e+00 6.364906e+00 4.013425e+00
    endloop
  endfacet
  facet normal -1.000000e+00 0.000000e+00 0.000000e+00
    outer loop
      vertex   -4.500000e+00 6.364906e+00 4.013425e+00
      vertex   -4.500000e+00 1.400000e+01 7.000000e+00
      vertex   -4.500000e+00 6.431572e+00 3.916844e+00
    endloop
  endfacet
  facet normal -1.000000e+00 0.000000e+00 0.000000e+00
    outer loop
      vertex   -4.500000e+00 6.431572e+00 3.916844e+00
      vertex   -4.500000e+00 1.400000e+01 7.000000e+00
      vertex   -4.500000e+00 6.491415e+00 3.815894e+00
    endloop
  endfacet
  facet normal -1.000000e+00 0.000000e+00 0.000000e+00
    outer loop
      vertex   -4.500000e+00 6.491415e+00 3.815894e+00
      vertex   -4.500000e+00 1.400000e+01 7.000000e+00
      vertex   -4.500000e+00 6.544150e+00 3.711055e+00
    endloop
  endfacet
  facet normal -1.000000e+00 0.000000e+00 0.000000e+00
    outer loop
      vertex   -4.500000e+00 6.544150e+00 3.711055e+00
      vertex   -4.500000e+00 1.400000e+01 7.000000e+00
      vertex   -4.500000e+00 6.589528e+00 3.602828e+00
    endloop
  endfacet
  facet normal -1.000000e+00 0.000000e+00 0.000000e+00
    outer loop
      vertex   -4.500000e+00 6.589528e+00 3.602828e+00
      vertex   -4.500000e+00 1.400000e+01 7.000000e+00
      vertex   -4.500000e+00 6.627330e+00 3.491729e+00
    endloop
  endfacet
  facet normal -1.000000e+00 0.000000e+00 0.000000e+00
    outer loop
      vertex   -4.500000e+00 6.627330e+00 3.491729e+00
      vertex   -4.500000e+00 1.400000e+01 7.000000e+00
      vertex   -4.500000e+00 6.657378e+00 3.378286e+00
    endloop
  endfacet
  facet normal -1.000000e+00 0.000000e+00 0.000000e+00
    outer loop
      vertex   -4.500000e+00 6.657378e+00 3.378286e+00
      vertex   -4.500000e+00 1.400000e+01 7.000000e+00
      vertex   -4.500000e+00 6.679527e+00 3.263040e+00
    endloop
  endfacet
  facet normal -1.000000e+00 0.000000e+00 0.000000e+00
    outer loop
      vertex   -4.500000e+00 6.679527e+00 3.263040e+00
      vertex   -4.500000e+00 1.400000e+01 7.000000e+00
      vertex   -4.500000e+00 1.400000e+01 0.000000e+00
    endloop
  endfacet
  facet normal -1.000000e+00 0.000000e+00 0.000000e+00
    outer loop
      vertex   -4.500000e+00 6.679527e+00 3.263040e+00
      vertex   -4.500000e+00 1.400000e+01 0.000000e+00
      vertex   -4.500000e+00 6.693672e+00 3.146541e+00
    endloop
  endfacet
  facet normal -1.000000e+00 0.000000e+00 0.000000e+00
    outer loop
      vertex   -4.500000e+00 6.693672e+00 3.146541e+00
      vertex   -4.500000e+00 1.400000e+01 0.000000e+00
      vertex   -4.500000e+00 6.699747e+00 3.029343e+00
    endloop
  endfacet
  facet normal -1.000000e+00 0.000000e+00 -0.000000e+00
    outer loop
      vertex   -4.500000e+00 6.699747e+00 3.029343e+00
      vertex   -4.500000e+00 1.400000e+01 0.000000e+00
      vertex   -4.500000e+00 6.697721e+00 2.912006e+00
    endloop
  endfacet
  facet normal -1.000000e+00 0.000000e+00 -0.000000e+00
    outer loop
      vertex   -4.500000e+00 6.697721e+00 2.912006e+00
      vertex   -4.500000e+00 1.400000e+01 0.000000e+00
      vertex   -4.500000e+00 6.687605e+00 2.795088e+00
    endloop
  endfacet
  facet normal -1.000000e+00 0.000000e+00 -0.000000e+00
    outer loop
      vertex   -4.500000e+00 6.687605e+00 2.795088e+00
      vertex   -4.500000e+00 1.400000e+01 0.000000e+00
      vertex   -4.500000e+00 6.669447e+00 2.679146e+00
    endloop
  endfacet
  facet normal -1.000000e+00 0.000000e+00 -0.000000e+00
    outer loop
      vertex   -4.500000e+00 6.669447e+00 2.679146e+00
      vertex   -4.500000e+00 1.400000e+01 0.000000e+00
      vertex   -4.500000e+00 6.643333e+00 2.564734e+00
    endloop
  endfacet
  facet normal -1.000000e+00 0.000000e+00 -0.000000e+00
    outer loop
      vertex   -4.500000e+00 6.643333e+00 2.564734e+00
      vertex   -4.500000e+00 1.400000e+01 0.000000e+00
      vertex   -4.500000e+00 6.609388e+00 2.452395e+00
    endloop
  endfacet
  facet normal -1.000000e+00 0.000000e+00 -0.000000e+00
    outer loop
      vertex   -4.500000e+00 6.609388e+00 2.452395e+00
      vertex   -4.500000e+00 1.400000e+01 0.000000e+00
      vertex   -4.500000e+00 6.567773e+00 2.342667e+00
    endloop
  endfacet
  facet normal -1.000000e+00 0.000000e+00 -0.000000e+00
    outer loop
      vertex   -4.500000e+00 6.567773e+00 2.342667e+00
      vertex   -4.500000e+00 1.400000e+01 0.000000e+00
      vertex   -4.500000e+00 6.518687e+00 2.236070e+00
    endloop
  endfacet
  facet normal -1.000000e+00 0.000000e+00 -0.000000e+00
    outer loop
      vertex   -4.500000e+00 6.518687e+00 2.236070e+00
      vertex   -4.500000e+00 1.400000e+01 0.000000e+00
      vertex   -4.500000e+00 6.462364e+00 2.133115e+00
    endloop
  endfacet
  facet normal -1.000000e+00 0.000000e+00 -0.000000e+00
    outer loop
      vertex   -4.500000e+00 6.462364e+00 2.133115e+00
      vertex   -4.500000e+00 1.400000e+01 0.000000e+00
      vertex   -4.500000e+00 6.399073e+00 2.034290e+00
    endloop
  endfacet
  facet normal -1.000000e+00 0.000000e+00 -0.000000e+00
    outer loop
      vertex   -4.500000e+00 6.399073e+00 2.034290e+00
      vertex   -4.500000e+00 1.400000e+01 0.000000e+00
      vertex   -4.500000e+00 6.329114e+00 1.940067e+00
    endloop
  endfacet
  facet normal -1.000000e+00 0.000000e+00 -0.000000e+00
    outer loop
      vertex   -4.500000e+00 6.329114e+00 1.940067e+00
      vertex   -4.500000e+00 1.400000e+01 0.000000e+00
      vertex   -4.500000e+00 6.252821e+00 1.850896e+00
    endloop
  endfacet
  facet normal -1.000000e+00 0.000000e+00 -0.000000e+00
    outer loop
      vertex   -4.500000e+00 6.252821e+00 1.850896e+00
      vertex   -4.500000e+00 1.400000e+01 0.000000e+00
      vertex   -4.500000e+00 6.170558e+00 1.767200e+00
    endloop
  endfacet
  facet normal -1.000000e+00 0.000000e+00 -0.000000e+00
    outer loop
      vertex   -4.500000e+00 6.170558e+00 1.767200e+00
      vertex   -4.500000e+00 1.400000e+01 0.000000e+00
      vertex   -4.500000e+00 6.082716e+00 1.689380e+00
    endloop
  endfacet
  facet normal -1.000000e+00 0.000000e+00 -0.000000e+00
    outer loop
      vertex   -4.500000e+00 6.082716e+00 1.689380e+00
      vertex   -4.500000e+00 1.400000e+01 0.000000e+00
      vertex   -4.500000e+00 5.989715e+00 1.617805e+00
    endloop
  endfacet
  facet normal -1.000000e+00 0.000000e+00 -0.000000e+00
    outer loop
      vertex   -4.500000e+00 5.989715e+00 1.617805e+00
      vertex   -4.500000e+00 1.400000e+01 0.000000e+00
      vertex   -4.500000e+00 5.891998e+00 1.552816e+00
    endloop
  endfacet
  facet normal -1.000000e+00 0.000000e+00 -0.000000e+00
    outer loop
      vertex   -4.500000e+00 5.891998e+00 1.552816e+00
      vertex   -4.500000e+00 1.400000e+01 0.000000e+00
      vertex   -4.500000e+00 5.790029e+00 1.494725e+00
    endloop
  endfacet
  facet normal -1.000000e+00 0.000000e+00 -0.000000e+00
    outer loop
      vertex   -4.500000e+00 5.790029e+00 1.494725e+00
      vertex   -4.500000e+00 1.400000e+01 0.000000e+00
      vertex   -4.500000e+00 5.684296e+00 1.443806e+00
    endloop
  endfacet
  facet normal -1.000000e+00 0.000000e+00 -0.000000e+00
    outer loop
      vertex   -4.500000e+00 5.684296e+00 1.443806e+00
      vertex   -4.500000e+00 1.400000e+01 0.000000e+00
      vertex   -4.500000e+00 5.575302e+00 1.400304e+00
    endloop
  endfacet
  facet normal -1.000000e+00 0.000000e+00 -0.000000e+00
    outer loop
      vertex   -4.500000e+00 5.575302e+00 1.400304e+00
      vertex   -4.500000e+00 1.400000e+01 0.000000e+00
      vertex   -4.500000e+00 5.463567e+00 1.364425e+00
    endloop
  endfacet
  facet normal -1.000000e+00 0.000000e+00 -0.000000e+00
    outer loop
      vertex   -4.500000e+00 5.463567e+00 1.364425e+00
      vertex   -4.500000e+00 1.400000e+01 0.000000e+00
      vertex   -4.500000e+00 5.349622e+00 1.336340e+00
    endloop
  endfacet
  facet normal -1.000000e+00 0.000000e+00 -0.000000e+00
    outer loop
      vertex   -4.500000e+00 5.349622e+00 1.336340e+00
      vertex   -4.500000e+00 1.400000e+01 0.000000e+00
      vertex   -4.500000e+00 5.234011e+00 1.316183e+00
    endloop
  endfacet
  facet normal -1.000000e+00 0.000000e+00 -0.000000e+00
    outer loop
      vertex   -4.500000e+00 5.234011e+00 1.316183e+00
      vertex   -4.500000e+00 1.400000e+01 0.000000e+00
      vertex   -4.500000e+00 5.117285e+00 1.304051e+00
    endloop
  endfacet
  facet normal 1.000000e+00 0.000000e+00 0.000000e+00
    outer loop
      vertex   4.499286e+00 4.882715e+00 1.304051e+00
      vertex   4.499286e+00 -3.000000e+00 0.000000e+00
      vertex   4.499286e+00 5.000000e+00 1.300000e+00
    endloop
  endfacet
  facet normal 1.000000e+00 5.224579e-17 -3.215125e-16
    outer loop
      vertex   4.499286e+00 5.000000e+00 1.300000e+00
      vertex   4.499286e+00 -3.000000e+00 0.000000e+00
      vertex   4.499286e+00 1.400000e+01 0.000000e+00
    endloop
  endfacet
  facet normal 1.000000e+00 1.904283e-17 -5.513792e-16
    outer loop
      vertex   4.499286e+00 5.000000e+00 1.300000e+00
      vertex   4.499286e+00 1.400000e+01 0.000000e+00
      vertex   4.499286e+00 5.117285e+00 1.304051e+00
    endloop
  endfacet
  facet normal 1.000000e+00 4.144790e-17 -3.987641e-16
    outer loop
      vertex   4.499286e+00 5.117285e+00 1.304051e+00
      vertex   4.499286e+00 1.400000e+01 0.000000e+00
      vertex   4.499286e+00 5.234011e+00 1.316183e+00
    endloop
  endfacet
  facet normal 1.000000e+00 5.443913e-17 -3.122404e-16
    outer loop
      vertex   4.499286e+00 5.234011e+00 1.316183e+00
      vertex   4.499286e+00 1.400000e+01 0.000000e+00
      vertex   4.499286e+00 5.349622e+00 1.336340e+00
    endloop
  endfacet
  facet normal 1.000000e+00 6.311616e-17 -2.560723e-16
    outer loop
      vertex   4.499286e+00 5.349622e+00 1.336340e+00
      vertex   4.499286e+00 1.400000e+01 0.000000e+00
      vertex   4.499286e+00 5.463567e+00 1.364425e+00
    endloop
  endfacet
  facet normal 1.000000e+00 6.946731e-17 -2.163368e-16
    outer loop
      vertex   4.499286e+00 5.463567e+00 1.364425e+00
      vertex   4.499286e+00 1.400000e+01 0.000000e+00
      vertex   4.499286e+00 5.575302e+00 1.400304e+00
    endloop
  endfacet
  facet normal 1.000000e+00 7.442968e-17 -1.864815e-16
    outer loop
      vertex   4.499286e+00 5.575302e+00 1.400304e+00
      vertex   4.499286e+00 1.400000e+01 0.000000e+00
      vertex   4.499286e+00 5.684296e+00 1.443806e+00
    endloop
  endfacet
  facet normal 1.000000e+00 7.850400e-17 -1.630152e-16
    outer loop
      vertex   4.499286e+00 5.684296e+00 1.443806e+00
      vertex   4.499286e+00 1.400000e+01 0.000000e+00
      vertex   4.499286e+00 5.790029e+00 1.494725e+00
    endloop
  endfacet
  facet normal 1.000000e+00 8.198324e-17 -1.439050e-16
    outer loop
      vertex   4.499286e+00 5.790029e+00 1.494725e+00
      vertex   4.499286e+00 1.400000e+01 0.000000e+00
      vertex   4.499286e+00 5.891998e+00 1.552816e+00
    endloop
  endfacet
  facet normal 1.000000e+00 8.505137e-17 -1.278849e-16
    outer loop
      vertex   4.499286e+00 5.891998e+00 1.552816e+00
      vertex   4.499286e+00 1.400000e+01 0.000000e+00
      vertex   4.499286e+00 5.989715e+00 1.617805e+00
    endloop
  endfacet
  facet normal 1.000000e+00 8.783079e-17 -1.141230e-16
    outer loop
      vertex   4.499286e+00 5.989715e+00 1.617805e+00
      vertex   4.499286e+00 1.400000e+01 0.000000e+00
      vertex   4.499286e+00 6.082716e+00 1.689380e+00
    endloop
  endfacet
  facet normal 1.000000e+00 9.040721e-17 -1.020486e-16
    outer loop
      vertex   4.499286e+00 6.082716e+00 1.689380e+00
      vertex   4.499286e+00 1.400000e+01 0.000000e+00
      vertex   4.499286e+00 6.170558e+00 1.767200e+00
    endloop
  endfacet
  facet normal 1.000000e+00 9.284355e-17 -9.125461e-17
    outer loop
      vertex   4.499286e+00 6.170558e+00 1.767200e+00
      vertex   4.499286e+00 1.400000e+01 0.000000e+00
      vertex   4.499286e+00 6.252821e+00 1.850896e+00
    endloop
  endfacet
  facet normal 1.000000e+00 9.518823e-17 -8.144062e-17
    outer loop
      vertex   4.499286e+00 6.252821e+00 1.850896e+00
      vertex   4.499286e+00 1.400000e+01 0.000000e+00
      vertex   4.499286e+00 6.329114e+00 1.940067e+00
    endloop
  endfacet
  facet normal 1.000000e+00 9.748032e-17 -7.237787e-17
    outer loop
      vertex   4.499286e+00 6.329114e+00 1.940067e+00
      vertex   4.499286e+00 1.400000e+01 0.000000e+00
      vertex   4.499286e+00 6.399073e+00 2.034290e+00
    endloop
  endfacet
  facet normal 1.000000e+00 9.975296e-17 -6.388637e-17
    outer loop
      vertex   4.499286e+00 6.399073e+00 2.034290e+00
      vertex   4.499286e+00 1.400000e+01 0.000000e+00
      vertex   4.499286e+00 6.462364e+00 2.133115e+00
    endloop
  endfacet
  facet normal 1.000000e+00 1.020358e-16 -5.581973e-17
    outer loop
      vertex   4.499286e+00 6.462364e+00 2.133115e+00
      vertex   4.499286e+00 1.400000e+01 0.000000e+00
      vertex   4.499286e+00 6.518687e+00 2.236070e+00
    endloop
  endfacet
  facet normal 1.000000e+00 1.043567e-16 -4.805451e-17
    outer loop
      vertex   4.499286e+00 6.518687e+00 2.236070e+00
      vertex   4.499286e+00 1.400000e+01 0.000000e+00
      vertex   4.499286e+00 6.567773e+00 2.342667e+00
    endloop
  endfacet
  facet normal 1.000000e+00 1.067434e-16 -4.048245e-17
    outer loop
      vertex   4.499286e+00 6.567773e+00 2.342667e+00
      vertex   4.499286e+00 1.400000e+01 0.000000e+00
      vertex   4.499286e+00 6.609388e+00 2.452395e+00
    endloop
  endfacet
  facet normal 1.000000e+00 1.092249e-16 -3.300436e-17
    outer loop
      vertex   4.499286e+00 6.609388e+00 2.452395e+00
      vertex   4.499286e+00 1.400000e+01 0.000000e+00
      vertex   4.499286e+00 6.643333e+00 2.564734e+00
    endloop
  endfacet
  facet normal 1.000000e+00 1.118324e-16 -2.552501e-17
    outer loop
      vertex   4.499286e+00 6.643333e+00 2.564734e+00
      vertex   4.499286e+00 1.400000e+01 0.000000e+00
      vertex   4.499286e+00 6.669447e+00 2.679146e+00
    endloop
  endfacet
  facet normal 1.000000e+00 1.146015e-16 -1.794836e-17
    outer loop
      vertex   4.499286e+00 6.669447e+00 2.679146e+00
      vertex   4.499286e+00 1.400000e+01 0.000000e+00
      vertex   4.499286e+00 6.687605e+00 2.795088e+00
    endloop
  endfacet
  facet normal 1.000000e+00 1.175736e-16 -1.017275e-17
    outer loop
      vertex   4.499286e+00 6.687605e+00 2.795088e+00
      vertex   4.499286e+00 1.400000e+01 0.000000e+00
      vertex   4.499286e+00 6.697721e+00 2.912006e+00
    endloop
  endfacet
  facet normal 1.000000e+00 1.207987e-16 -2.085374e-18
    outer loop
      vertex   4.499286e+00 6.697721e+00 2.912006e+00
      vertex   4.499286e+00 1.400000e+01 0.000000e+00
      vertex   4.499286e+00 6.699747e+00 3.029343e+00
    endloop
  endfacet
  facet normal 1.000000e+00 1.243383e-16 6.444558e-18
    outer loop
      vertex   4.499286e+00 6.699747e+00 3.029343e+00
      vertex   4.499286e+00 1.400000e+01 0.000000e+00
      vertex   4.499286e+00 6.693672e+00 3.146541e+00
    endloop
  endfacet
  facet normal 1.000000e+00 1.282704e-16 1.557484e-17
    outer loop
      vertex   4.499286e+00 6.693672e+00 3.146541e+00
      vertex   4.499286e+00 1.400000e+01 0.000000e+00
      vertex   4.499286e+00 6.679527e+00 3.263040e+00
    endloop
  endfacet
  facet normal 1.000000e+00 1.213280e-16 0.000000e+00
    outer loop
      vertex   4.499286e+00 6.679527e+00 3.263040e+00
      vertex   4.499286e+00 1.400000e+01 0.000000e+00
      vertex   4.499286e+00 1.400000e+01 7.000000e+00
    endloop
  endfacet
  facet normal 1.000000e+00 1.104880e-16 2.123488e-17
    outer loop
      vertex   4.499286e+00 6.679527e+00 3.263040e+00
      vertex   4.499286e+00 1.400000e+01 7.000000e+00
      vertex   4.499286e+00 6.657378e+00 3.378286e+00
    endloop
  endfacet
  facet normal 1.000000e+00 1.069850e-16 2.833690e-17
    outer loop
      vertex   4.499286e+00 6.657378e+00 3.378286e+00
      vertex   4.499286e+00 1.400000e+01 7.000000e+00
      vertex   4.499286e+00 6.627330e+00 3.491729e+00
    endloop
  endfacet
  facet normal 1.000000e+00 1.036819e-16 3.527843e-17
    outer loop
      vertex   4.499286e+00 6.627330e+00 3.491729e+00
      vertex   4.499286e+00 1.400000e+01 7.000000e+00
      vertex   4.499286e+00 6.589528e+00 3.602828e+00
    endloop
  endfacet
  facet normal 1.000000e+00 1.005314e-16 4.215066e-17
    outer loop
      vertex   4.499286e+00 6.589528e+00 3.602828e+00
      vertex   4.499286e+00 1.400000e+01 7.000000e+00
      vertex   4.499286e+00 6.544150e+00 3.711055e+00
    endloop
  endfacet
  facet normal 1.000000e+00 9.749217e-17 4.904048e-17
    outer loop
      vertex   4.499286e+00 6.544150e+00 3.711055e+00
      vertex   4.499286e+00 1.400000e+01 7.000000e+00
      vertex   4.499286e+00 6.491415e+00 3.815894e+00
    endloop
  endfacet
  facet normal 1.000000e+00 9.452614e-17 5.603482e-17
    outer loop
      vertex   4.499286e+00 6.491415e+00 3.815894e+00
      vertex   4.499286e+00 1.400000e+01 7.000000e+00
      vertex   4.499286e+00 6.431572e+00 3.916844e+00
    endloop
  endfacet
  facet normal 1.000000e+00 9.159710e-17 6.322492e-17
    outer loop
      vertex   4.499286e+00 6.431572e+00 3.916844e+00
      vertex   4.499286e+00 1.400000e+01 7.000000e+00
      vertex   4.499286e+00 6.364906e+00 4.013425e+00
    endloop
  endfacet
  facet normal 1.000000e+00 8.866881e-17 7.071102e-17
    outer loop
      vertex   4.499286e+00 6.364906e+00 4.013425e+00
      vertex   4.499286e+00 1.400000e+01 7.000000e+00
      vertex   4.499286e+00 6.291737e+00 4.105177e+00
    endloop
  endfacet
  facet normal 1.000000e+00 8.570310e-17 7.860805e-17
    outer loop
      vertex   4.499286e+00 6.291737e+00 4.105177e+00
      vertex   4.499286e+00 1.400000e+01 7.000000e+00
      vertex   4.499286e+00 6.212412e+00 4.191662e+00
    endloop
  endfacet
  facet normal 1.000000e+00 8.265774e-17 8.705291e-17
    outer loop
      vertex   4.499286e+00 6.212412e+00 4.191662e+00
      vertex   4.499286e+00 1.400000e+01 7.000000e+00
      vertex   4.499286e+00 6.127309e+00 4.272468e+00
    endloop
  endfacet
  facet normal 1.000000e+00 7.948368e-17 9.621444e-17
    outer loop
      vertex   4.499286e+00 6.127309e+00 4.272468e+00
      vertex   4.499286e+00 1.400000e+01 7.000000e+00
      vertex   4.499286e+00 6.036833e+00 4.347211e+00
    endloop
  endfacet
  facet normal 1.000000e+00 7.612125e-17 1.063078e-16
    outer loop
      vertex   4.499286e+00 6.036833e+00 4.347211e+00
      vertex   4.499286e+00 1.400000e+01 7.000000e+00
      vertex   4.499286e+00 5.941417e+00 4.415533e+00
    endloop
  endfacet
  facet normal 1.000000e+00 7.249465e-17 1.176159e-16
    outer loop
      vertex   4.499286e+00 5.941417e+00 4.415533e+00
      vertex   4.499286e+00 1.400000e+01 7.000000e+00
      vertex   4.499286e+00 5.841515e+00 4.477110e+00
    endloop
  endfacet
  facet normal 1.000000e+00 6.850347e-17 1.305225e-16
    outer loop
      vertex   4.499286e+00 5.841515e+00 4.477110e+00
      vertex   4.499286e+00 1.400000e+01 7.000000e+00
      vertex   4.499286e+00 5.737602e+00 4.531647e+00
    endloop
  endfacet
  facet normal 1.000000e+00 6.400914e-17 1.455665e-16
    outer loop
      vertex   4.499286e+00 5.737602e+00 4.531647e+00
      vertex   4.499286e+00 1.400000e+01 7.000000e+00
      vertex   4.499286e+00 5.630175e+00 4.578886e+00
    endloop
  endfacet
  facet normal 1.000000e+00 5.881189e-17 1.635334e-16
    outer loop
      vertex   4.499286e+00 5.630175e+00 4.578886e+00
      vertex   4.499286e+00 1.400000e+01 7.000000e+00
      vertex   4.499286e+00 5.519744e+00 4.618600e+00
    endloop
  endfacet
  facet normal 1.000000e+00 5.260969e-17 1.856197e-16
    outer loop
      vertex   4.499286e+00 5.519744e+00 4.618600e+00
      vertex   4.499286e+00 1.400000e+01 7.000000e+00
      vertex   4.499286e+00 5.406837e+00 4.650601e+00
    endloop
  endfacet
  facet normal 1.000000e+00 4.491949e-17 2.137474e-16
    outer loop
      vertex   4.499286e+00 5.406837e+00 4.650601e+00
      vertex   4.499286e+00 1.400000e+01 7.000000e+00
      vertex   4.499286e+00 5.291990e+00 4.674736e+00
    endloop
  endfacet
  facet normal 1.000000e+00 3.491356e-17 2.512192e-16
    outer loop
      vertex   4.499286e+00 5.291990e+00 4.674736e+00
      vertex   4.499286e+00 1.400000e+01 7.000000e+00
      vertex   4.499286e+00 5.175753e+00 4.690891e+00
    endloop
  endfacet
  facet normal 1.000000e+00 2.103983e-17 3.042375e-16
    outer loop
      vertex   4.499286e+00 5.175753e+00 4.690891e+00
      vertex   4.499286e+00 1.400000e+01 7.000000e+00
      vertex   4.499286e+00 5.058678e+00 4.698987e+00
    endloop
  endfacet
  facet normal 1.000000e+00 0.000000e+00 3.859945e-16
    outer loop
      vertex   4.499286e+00 5.058678e+00 4.698987e+00
      vertex   4.499286e+00 1.400000e+01 7.000000e+00
      vertex   4.499286e+00 -3.000000e+00 7.000000e+00
    endloop
  endfacet
  facet normal 1.000000e+00 0.000000e+00 3.859945e-16
    outer loop
      vertex   4.499286e+00 5.058678e+00 4.698987e+00
      vertex   4.499286e+00 -3.000000e+00 7.000000e+00
      vertex   4.499286e+00 4.941323e+00 4.698987e+00
    endloop
  endfacet
  facet normal 1.000000e+00 -2.155033e-17 3.116194e-16
    outer loop
      vertex   4.499286e+00 4.941323e+00 4.698987e+00
      vertex   4.499286e+00 -3.000000e+00 7.000000e+00
      vertex   4.499286e+00 4.824247e+00 4.690891e+00
    endloop
  endfacet
  facet normal 1.000000e+00 -3.634214e-17 2.614984e-16
    outer loop
      vertex   4.499286e+00 4.824247e+00 4.690891e+00
      vertex   4.499286e+00 -3.000000e+00 7.000000e+00
      vertex   4.499286e+00 4.708010e+00 4.674736e+00
    endloop
  endfacet
  facet normal 1.000000e+00 -4.731230e-17 2.251335e-16
    outer loop
      vertex   4.499286e+00 4.708010e+00 4.674736e+00
      vertex   4.499286e+00 -3.000000e+00 7.000000e+00
      vertex   4.499286e+00 4.593163e+00 4.650601e+00
    endloop
  endfacet
  facet normal 1.000000e+00 -5.592214e-17 1.973068e-16
    outer loop
      vertex   4.499286e+00 4.593163e+00 4.650601e+00
      vertex   4.499286e+00 -3.000000e+00 7.000000e+00
      vertex   4.499286e+00 4.480256e+00 4.618600e+00
    endloop
  endfacet
  facet normal 1.000000e+00 -6.298235e-17 1.751299e-16
    outer loop
      vertex   4.499286e+00 4.480256e+00 4.618600e+00
      vertex   4.499286e+00 -3.000000e+00 7.000000e+00
      vertex   4.499286e+00 4.369825e+00 4.578886e+00
    endloop
  endfacet
  facet normal 1.000000e+00 -6.898041e-17 1.568719e-16
    outer loop
      vertex   4.499286e+00 4.369825e+00 4.578886e+00
      vertex   4.499286e+00 -3.000000e+00 7.000000e+00
      vertex   4.499286e+00 4.262398e+00 4.531647e+00
    endloop
  endfacet
  facet normal 1.000000e+00 -7.422858e-17 1.414307e-16
    outer loop
      vertex   4.499286e+00 4.262398e+00 4.531647e+00
      vertex   4.499286e+00 -3.000000e+00 7.000000e+00
      vertex   4.499286e+00 4.158485e+00 4.477110e+00
    endloop
  endfacet
  facet normal 1.000000e+00 -7.893768e-17 1.280691e-16
    outer loop
      vertex   4.499286e+00 4.158485e+00 4.477110e+00
      vertex   4.499286e+00 -3.000000e+00 7.000000e+00
      vertex   4.499286e+00 4.058583e+00 4.415533e+00
    endloop
  endfacet
  facet normal 1.000000e+00 -8.325676e-17 1.162730e-16
    outer loop
      vertex   4.499286e+00 4.058583e+00 4.415533e+00
      vertex   4.499286e+00 -3.000000e+00 7.000000e+00
      vertex   4.499286e+00 3.963167e+00 4.347211e+00
    endloop
  endfacet
  facet normal 1.000000e+00 -8.729584e-17 1.056710e-16
    outer loop
      vertex   4.499286e+00 3.963167e+00 4.347211e+00
      vertex   4.499286e+00 -3.000000e+00 7.000000e+00
      vertex   4.499286e+00 3.872692e+00 4.272468e+00
    endloop
  endfacet
  facet normal 1.000000e+00 -9.113958e-17 9.598576e-17
    outer loop
      vertex   4.499286e+00 3.872692e+00 4.272468e+00
      vertex   4.499286e+00 -3.000000e+00 7.000000e+00
      vertex   4.499286e+00 3.787589e+00 4.191662e+00
    endloop
  endfacet
  facet normal 1.000000e+00 -9.485605e-17 8.700326e-17
    outer loop
      vertex   4.499286e+00 3.787589e+00 4.191662e+00
      vertex   4.499286e+00 -3.000000e+00 7.000000e+00
      vertex   4.499286e+00 3.708263e+00 4.105177e+00
    endloop
  endfacet
  facet normal 1.000000e+00 -9.850254e-17 7.855315e-17
    outer loop
      vertex   4.499286e+00 3.708263e+00 4.105177e+00
      vertex   4.499286e+00 -3.000000e+00 7.000000e+00
      vertex   4.499286e+00 3.635094e+00 4.013425e+00
    endloop
  endfacet
  facet normal 1.000000e+00 -1.021297e-16 7.049501e-17
    outer loop
      vertex   4.499286e+00 3.635094e+00 4.013425e+00
      vertex   4.499286e+00 -3.000000e+00 7.000000e+00
      vertex   4.499286e+00 3.568429e+00 3.916844e+00
    endloop
  endfacet
  facet normal 1.000000e+00 -1.057845e-16 6.270872e-17
    outer loop
      vertex   4.499286e+00 3.568429e+00 3.916844e+00
      vertex   4.499286e+00 -3.000000e+00 7.000000e+00
      vertex   4.499286e+00 3.508585e+00 3.815894e+00
    endloop
  endfacet
  facet normal 1.000000e+00 -1.095130e-16 5.508721e-17
    outer loop
      vertex   4.499286e+00 3.508585e+00 3.815894e+00
      vertex   4.499286e+00 -3.000000e+00 7.000000e+00
      vertex   4.499286e+00 3.455850e+00 3.711055e+00
    endloop
  endfacet
  facet normal 1.000000e+00 -1.133628e-16 4.753056e-17
    outer loop
      vertex   4.499286e+00 3.455850e+00 3.711055e+00
      vertex   4.499286e+00 -3.000000e+00 7.000000e+00
      vertex   4.499286e+00 3.410472e+00 3.602828e+00
    endloop
  endfacet
  facet normal 1.000000e+00 -1.173848e-16 3.994095e-17
    outer loop
      vertex   4.499286e+00 3.410472e+00 3.602828e+00
      vertex   4.499286e+00 -3.000000e+00 7.000000e+00
      vertex   4.499286e+00 3.372670e+00 3.491729e+00
    endloop
  endfacet
  facet normal 1.000000e+00 -1.216366e-16 3.221766e-17
    outer loop
      vertex   4.499286e+00 3.372670e+00 3.491729e+00
      vertex   4.499286e+00 -3.000000e+00 7.000000e+00
      vertex   4.499286e+00 3.342623e+00 3.378286e+00
    endloop
  endfacet
  facet normal 1.000000e+00 -1.261853e-16 2.425176e-17
    outer loop
      vertex   4.499286e+00 3.342623e+00 3.378286e+00
      vertex   4.499286e+00 -3.000000e+00 7.000000e+00
      vertex   4.499286e+00 3.320473e+00 3.263040e+00
    endloop
  endfacet
  facet normal 1.000000e+00 -6.550508e-17 1.268826e-16
    outer loop
      vertex   4.499286e+00 3.320473e+00 3.263040e+00
      vertex   4.499286e+00 -3.000000e+00 7.000000e+00
      vertex   4.499286e+00 -3.000000e+00 0.000000e+00
    endloop
  endfacet
  facet normal 1.000000e+00 0.000000e+00 0.000000e+00
    outer loop
      vertex   4.499286e+00 3.320473e+00 3.263040e+00
      vertex   4.499286e+00 -3.000000e+00 0.000000e+00
      vertex   4.499286e+00 3.306328e+00 3.146541e+00
    endloop
  endfacet
  facet normal 1.000000e+00 0.000000e+00 0.000000e+00
    outer loop
      vertex   4.499286e+00 3.306328e+00 3.146541e+00
      vertex   4.499286e+00 -3.000000e+00 0.000000e+00
      vertex   4.499286e+00 3.300253e+00 3.029343e+00
    endloop
  endfacet
  facet normal 1.000000e+00 0.000000e+00 0.000000e+00
    outer loop
      vertex   4.499286e+00 3.300253e+00 3.029343e+00
      vertex   4.499286e+00 -3.000000e+00 0.000000e+00
      vertex   4.499286e+00 3.302279e+00 2.912006e+00
    endloop
  endfacet
  facet normal 1.000000e+00 0.000000e+00 0.000000e+00
    outer loop
      vertex   4.499286e+00 3.302279e+00 2.912006e+00
      vertex   4.499286e+00 -3.000000e+00 0.000000e+00
      vertex   4.499286e+00 3.312395e+00 2.795088e+00
    endloop
  endfacet
  facet normal 1.000000e+00 0.000000e+00 0.000000e+00
    outer loop
      vertex   4.499286e+00 3.312395e+00 2.795088e+00
      vertex   4.499286e+00 -3.000000e+00 0.000000e+00
      vertex   4.499286e+00 3.330553e+00 2.679146e+00
    endloop
  endfacet
  facet normal 1.000000e+00 0.000000e+00 0.000000e+00
    outer loop
      vertex   4.499286e+00 3.330553e+00 2.679146e+00
      vertex   4.499286e+00 -3.000000e+00 0.000000e+00
      vertex   4.499286e+00 3.356667e+00 2.564734e+00
    endloop
  endfacet
  facet normal 1.000000e+00 0.000000e+00 0.000000e+00
    outer loop
      vertex   4.499286e+00 3.356667e+00 2.564734e+00
      vertex   4.499286e+00 -3.000000e+00 0.000000e+00
      vertex   4.499286e+00 3.390612e+00 2.452395e+00
    endloop
  endfacet
  facet normal 1.000000e+00 0.000000e+00 0.000000e+00
    outer loop
      vertex   4.499286e+00 3.390612e+00 2.452395e+00
      vertex   4.499286e+00 -3.000000e+00 0.000000e+00
      vertex   4.499286e+00 3.432227e+00 2.342667e+00
    endloop
  endfacet
  facet normal 1.000000e+00 0.000000e+00 0.000000e+00
    outer loop
      vertex   4.499286e+00 3.432227e+00 2.342667e+00
      vertex   4.499286e+00 -3.000000e+00 0.000000e+00
      vertex   4.499286e+00 3.481313e+00 2.236070e+00
    endloop
  endfacet
  facet normal 1.000000e+00 0.000000e+00 0.000000e+00
    outer loop
      vertex   4.499286e+00 3.481313e+00 2.236070e+00
      vertex   4.499286e+00 -3.000000e+00 0.000000e+00
      vertex   4.499286e+00 3.537636e+00 2.133115e+00
    endloop
  endfacet
  facet normal 1.000000e+00 0.000000e+00 0.000000e+00
    outer loop
      vertex   4.499286e+00 3.537636e+00 2.133115e+00
      vertex   4.499286e+00 -3.000000e+00 0.000000e+00
      vertex   4.499286e+00 3.600928e+00 2.034290e+00
    endloop
  endfacet
  facet normal 1.000000e+00 0.000000e+00 0.000000e+00
    outer loop
      vertex   4.499286e+00 3.600928e+00 2.034290e+00
      vertex   4.499286e+00 -3.000000e+00 0.000000e+00
      vertex   4.499286e+00 3.670887e+00 1.940067e+00
    endloop
  endfacet
  facet normal 1.000000e+00 0.000000e+00 0.000000e+00
    outer loop
      vertex   4.499286e+00 3.670887e+00 1.940067e+00
      vertex   4.499286e+00 -3.000000e+00 0.000000e+00
      vertex   4.499286e+00 3.747179e+00 1.850896e+00
    endloop
  endfacet
  facet normal 1.000000e+00 0.000000e+00 0.000000e+00
    outer loop
      vertex   4.499286e+00 3.747179e+00 1.850896e+00
      vertex   4.499286e+00 -3.000000e+00 0.000000e+00
      vertex   4.499286e+00 3.829443e+00 1.767200e+00
    endloop
  endfacet
  facet normal 1.000000e+00 0.000000e+00 0.000000e+00
    outer loop
      vertex   4.499286e+00 3.829443e+00 1.767200e+00
      vertex   4.499286e+00 -3.000000e+00 0.000000e+00
      vertex   4.499286e+00 3.917284e+00 1.689380e+00
    endloop
  endfacet
  facet normal 1.000000e+00 0.000000e+00 0.000000e+00
    outer loop
      vertex   4.499286e+00 3.917284e+00 1.689380e+00
      vertex   4.499286e+00 -3.000000e+00 0.000000e+00
      vertex   4.499286e+00 4.010285e+00 1.617805e+00
    endloop
  endfacet
  facet normal 1.000000e+00 0.000000e+00 0.000000e+00
    outer loop
      vertex   4.499286e+00 4.010285e+00 1.617805e+00
      vertex   4.499286e+00 -3.000000e+00 0.000000e+00
      vertex   4.499286e+00 4.108002e+00 1.552816e+00
    endloop
  endfacet
  facet normal 1.000000e+00 0.000000e+00 0.000000e+00
    outer loop
      vertex   4.499286e+00 4.108002e+00 1.552816e+00
      vertex   4.499286e+00 -3.000000e+00 0.000000e+00
      vertex   4.499286e+00 4.209971e+00 1.494725e+00
    endloop
  endfacet
  facet normal 1.000000e+00 0.000000e+00 0.000000e+00
    outer loop
      vertex   4.499286e+00 4.209971e+00 1.494725e+00
      vertex   4.499286e+00 -3.000000e+00 0.000000e+00
      vertex   4.499286e+00 4.315704e+00 1.443806e+00
    endloop
  endfacet
  facet normal 1.000000e+00 0.000000e+00 0.000000e+00
    outer loop
      vertex   4.499286e+00 4.315704e+00 1.443806e+00
      vertex   4.499286e+00 -3.000000e+00 0.000000e+00
      vertex   4.499286e+00 4.424698e+00 1.400304e+00
    endloop
  endfacet
  facet normal 1.000000e+00 0.000000e+00 0.000000e+00
    outer loop
      vertex   4.499286e+00 4.424698e+00 1.400304e+00
      vertex   4.499286e+00 -3.000000e+00 0.000000e+00
      vertex   4.499286e+00 4.536433e+00 1.364425e+00
    endloop
  endfacet
  facet normal 1.000000e+00 0.000000e+00 0.000000e+00
    outer loop
      vertex   4.499286e+00 4.536433e+00 1.364425e+00
      vertex   4.499286e+00 -3.000000e+00 0.000000e+00
      vertex   4.499286e+00 4.650378e+00 1.336340e+00
    endloop
  endfacet
  facet normal 1.000000e+00 0.000000e+00 0.000000e+00
    outer loop
      vertex   4.499286e+00 4.650378e+00 1.336340e+00
      vertex   4.499286e+00 -3.000000e+00 0.000000e+00
      vertex   4.499286e+00 4.765989e+00 1.316183e+00
    endloop
  endfacet
  facet normal 1.000000e+00 0.000000e+00 0.000000e+00
    outer loop
      vertex   4.499286e+00 4.765989e+00 1.316183e+00
      vertex   4.499286e+00 -3.000000e+00 0.000000e+00
      vertex   4.499286e+00 4.882715e+00 1.304051e+00
    endloop
  endfacet
  facet normal 1.000000e+00 -1.064553e-14 0.000000e+00
    outer loop
      vertex   -2.600000e+00 6.241824e+00 1.839021e+00
      vertex   -2.600000e+00 6.158392e+00 1.755762e+00
      vertex   -2.600000e+00 6.241824e+00 5.000000e-01
    endloop
  endfacet
  facet normal 1.000000e+00 -5.806220e-16 6.687061e-16
    outer loop
      vertex   -2.600000e+00 6.241824e+00 5.000000e-01
      vertex   -2.600000e+00 6.158392e+00 1.755762e+00
      vertex   -2.600000e+00 6.069392e+00 1.678485e+00
    endloop
  endfacet
  facet normal 1.000000e+00 -5.114188e-16 6.788317e-16
    outer loop
      vertex   -2.600000e+00 6.241824e+00 5.000000e-01
      vertex   -2.600000e+00 6.069392e+00 1.678485e+00
      vertex   -2.600000e+00 5.975250e+00 1.607561e+00
    endloop
  endfacet
  facet normal 1.000000e+00 -4.506816e-16 6.934503e-16
    outer loop
      vertex   -2.600000e+00 5.975250e+00 1.607561e+00
      vertex   -2.600000e+00 5.876420e+00 1.543330e+00
      vertex   -2.600000e+00 6.241824e+00 5.000000e-01
    endloop
  endfacet
  facet normal 1.000000e+00 -3.958035e-16 7.126702e-16
    outer loop
      vertex   -2.600000e+00 6.241824e+00 5.000000e-01
      vertex   -2.600000e+00 5.876420e+00 1.543330e+00
      vertex   -2.600000e+00 5.773377e+00 1.486102e+00
    endloop
  endfacet
  facet normal 1.000000e+00 -3.447796e-16 7.369091e-16
    outer loop
      vertex   -2.600000e+00 6.241824e+00 5.000000e-01
      vertex   -2.600000e+00 5.773377e+00 1.486102e+00
      vertex   -2.600000e+00 5.666616e+00 1.436151e+00
    endloop
  endfacet
  facet normal 1.000000e+00 -2.959343e-16 7.669216e-16
    outer loop
      vertex   -2.600000e+00 5.666616e+00 1.436151e+00
      vertex   -2.600000e+00 5.556651e+00 1.393719e+00
      vertex   -2.600000e+00 6.241824e+00 5.000000e-01
    endloop
  endfacet
  facet normal 1.000000e+00 -2.477204e-16 8.038849e-16
    outer loop
      vertex   -2.600000e+00 6.241824e+00 5.000000e-01
      vertex   -2.600000e+00 5.556651e+00 1.393719e+00
      vertex   -2.600000e+00 5.444010e+00 1.359008e+00
    endloop
  endfacet
  facet normal 1.000000e+00 -1.985369e-16 8.495647e-16
    outer loop
      vertex   -2.600000e+00 6.241824e+00 5.000000e-01
      vertex   -2.600000e+00 5.444010e+00 1.359008e+00
      vertex   -2.600000e+00 5.329234e+00 1.332186e+00
    endloop
  endfacet
  facet normal 1.000000e+00 -1.465171e-16 9.066106e-16
    outer loop
      vertex   -2.600000e+00 5.329234e+00 1.332186e+00
      vertex   -2.600000e+00 5.212875e+00 1.313381e+00
      vertex   -2.600000e+00 6.241824e+00 5.000000e-01
    endloop
  endfacet
  facet normal 1.000000e+00 -8.922190e-17 9.790906e-16
    outer loop
      vertex   -2.600000e+00 6.241824e+00 5.000000e-01
      vertex   -2.600000e+00 5.212875e+00 1.313381e+00
      vertex   -2.600000e+00 5.095494e+00 1.302684e+00
    endloop
  endfacet
  facet normal 1.000000e+00 -2.311410e-17 1.073501e-15
    outer loop
      vertex   -2.600000e+00 6.241824e+00 5.000000e-01
      vertex   -2.600000e+00 5.095494e+00 1.302684e+00
      vertex   -2.600000e+00 4.977653e+00 1.300147e+00
    endloop
  endfacet
  facet normal 1.000000e+00 3.533295e-16 1.668253e-15
    outer loop
      vertex   -2.600000e+00 6.241824e+00 5.000000e-01
      vertex   -2.600000e+00 4.977653e+00 1.300147e+00
      vertex   -2.600000e+00 3.728084e+00 5.000000e-01
    endloop
  endfacet
  facet normal 1.000000e+00 9.885505e-17 2.065659e-15
    outer loop
      vertex   -2.600000e+00 3.728084e+00 5.000000e-01
      vertex   -2.600000e+00 4.977653e+00 1.300147e+00
      vertex   -2.600000e+00 4.859919e+00 1.305781e+00
    endloop
  endfacet
  facet normal 1.000000e+00 2.226715e-16 1.891741e-15
    outer loop
      vertex   -2.600000e+00 3.728084e+00 5.000000e-01
      vertex   -2.600000e+00 4.859919e+00 1.305781e+00
      vertex   -2.600000e+00 4.742859e+00 1.319560e+00
    endloop
  endfacet
  facet normal 1.000000e+00 3.315494e-16 1.756929e-15
    outer loop
      vertex   -2.600000e+00 4.742859e+00 1.319560e+00
      vertex   -2.600000e+00 4.627035e+00 1.341417e+00
      vertex   -2.600000e+00 3.728084e+00 5.000000e-01
    endloop
  endfacet
  facet normal 1.000000e+00 4.316363e-16 1.649998e-15
    outer loop
      vertex   -2.600000e+00 3.728084e+00 5.000000e-01
      vertex   -2.600000e+00 4.627035e+00 1.341417e+00
      vertex   -2.600000e+00 4.513004e+00 1.371247e+00
    endloop
  endfacet
  facet normal 1.000000e+00 5.272950e-16 1.563818e-15
    outer loop
      vertex   -2.600000e+00 3.728084e+00 5.000000e-01
      vertex   -2.600000e+00 4.513004e+00 1.371247e+00
      vertex   -2.600000e+00 4.401314e+00 1.408907e+00
    endloop
  endfacet
  facet normal 1.000000e+00 6.219682e-16 1.493693e-15
    outer loop
      vertex   -2.600000e+00 4.401314e+00 1.408907e+00
      vertex   -2.600000e+00 4.292503e+00 1.454216e+00
      vertex   -2.600000e+00 3.728084e+00 5.000000e-01
    endloop
  endfacet
  facet normal 1.000000e+00 7.187056e-16 1.436473e-15
    outer loop
      vertex   -2.600000e+00 3.728084e+00 5.000000e-01
      vertex   -2.600000e+00 4.292503e+00 1.454216e+00
      vertex   -2.600000e+00 4.187092e+00 1.506956e+00
    endloop
  endfacet
  facet normal 1.000000e+00 8.205471e-16 1.390050e-15
    outer loop
      vertex   -2.600000e+00 3.728084e+00 5.000000e-01
      vertex   -2.600000e+00 4.187092e+00 1.506956e+00
      vertex   -2.600000e+00 4.085589e+00 1.566873e+00
    endloop
  endfacet
  facet normal 1.000000e+00 9.308753e-16 1.353080e-15
    outer loop
      vertex   -2.600000e+00 4.085589e+00 1.566873e+00
      vertex   -2.600000e+00 3.988482e+00 1.633680e+00
      vertex   -2.600000e+00 3.728084e+00 5.000000e-01
    endloop
  endfacet
  facet normal 1.000000e+00 1.053827e-15 1.324839e-15
    outer loop
      vertex   -2.600000e+00 3.728084e+00 5.000000e-01
      vertex   -2.600000e+00 3.988482e+00 1.633680e+00
      vertex   -2.600000e+00 3.896237e+00 1.707055e+00
    endloop
  endfacet
  facet normal 1.000000e+00 1.194873e-15 1.305190e-15
    outer loop
      vertex   -2.600000e+00 3.728084e+00 5.000000e-01
      vertex   -2.600000e+00 3.896237e+00 1.707055e+00
      vertex   -2.600000e+00 3.809299e+00 1.786645e+00
    endloop
  endfacet
  facet normal 1.000000e+00 2.187241e-14 0.000000e+00
    outer loop
      vertex   -2.600000e+00 3.809299e+00 1.786645e+00
      vertex   -2.600000e+00 3.728084e+00 1.872068e+00
      vertex   -2.600000e+00 3.728084e+00 5.000000e-01
    endloop
  endfacet
  facet normal 1.000000e+00 1.263865e-16 -1.902743e-15
    outer loop
      vertex   -2.600000e+00 3.228084e+00 0.000000e+00
      vertex   -2.600000e+00 6.741824e+00 0.000000e+00
      vertex   -2.600000e+00 3.728084e+00 5.000000e-01
    endloop
  endfacet
  facet normal 1.000000e+00 3.533295e-16 -5.348490e-16
    outer loop
      vertex   -2.600000e+00 3.728084e+00 5.000000e-01
      vertex   -2.600000e+00 6.741824e+00 0.000000e+00
      vertex   -2.600000e+00 6.241824e+00 5.000000e-01
    endloop
  endfacet
  facet normal -0.000000e+00 1.000000e+00 0.000000e+00
    outer loop
      vertex   -2.600000e+00 3.728084e+00 1.872068e+00
      vertex   2.599286e+00 3.728084e+00 1.872068e+00
      vertex   -2.600000e+00 3.728084e+00 5.000000e-01
    endloop
  endfacet
  facet normal 0.000000e+00 1.000000e+00 0.000000e+00
    outer loop
      vertex   -2.600000e+00 3.728084e+00 5.000000e-01
      vertex   2.599286e+00 3.728084e+00 1.872068e+00
      vertex   2.599286e+00 3.728084e+00 5.000000e-01
    endloop
  endfacet
  facet normal -1.000000e+00 -5.468104e-15 -0.000000e+00
    outer loop
      vertex   2.599286e+00 3.728084e+00 1.872068e+00
      vertex   2.599286e+00 3.809299e+00 1.786645e+00
      vertex   2.599286e+00 3.728084e+00 5.000000e-01
    endloop
  endfacet
  facet normal -1.000000e+00 -2.987183e-16 -3.262974e-16
    outer loop
      vertex   2.599286e+00 3.728084e+00 5.000000e-01
      vertex   2.599286e+00 3.809299e+00 1.786645e+00
      vertex   2.599286e+00 3.896237e+00 1.707055e+00
    endloop
  endfacet
  facet normal -1.000000e+00 -2.634568e-16 -3.312097e-16
    outer loop
      vertex   2.599286e+00 3.728084e+00 5.000000e-01
      vertex   2.599286e+00 3.896237e+00 1.707055e+00
      vertex   2.599286e+00 3.988482e+00 1.633680e+00
    endloop
  endfacet
  facet normal -1.000000e+00 -2.327188e-16 -3.382699e-16
    outer loop
      vertex   2.599286e+00 3.988482e+00 1.633680e+00
      vertex   2.599286e+00 4.085589e+00 1.566873e+00
      vertex   2.599286e+00 3.728084e+00 5.000000e-01
    endloop
  endfacet
  facet normal -1.000000e+00 -2.051368e-16 -3.475126e-16
    outer loop
      vertex   2.599286e+00 3.728084e+00 5.000000e-01
      vertex   2.599286e+00 4.085589e+00 1.566873e+00
      vertex   2.599286e+00 4.187092e+00 1.506956e+00
    endloop
  endfacet
  facet normal -1.000000e+00 -1.796764e-16 -3.591183e-16
    outer loop
      vertex   2.599286e+00 3.728084e+00 5.000000e-01
      vertex   2.599286e+00 4.187092e+00 1.506956e+00
      vertex   2.599286e+00 4.292503e+00 1.454216e+00
    endloop
  endfacet
  facet normal -1.000000e+00 -1.554920e-16 -3.734234e-16
    outer loop
      vertex   2.599286e+00 4.292503e+00 1.454216e+00
      vertex   2.599286e+00 4.401314e+00 1.408907e+00
      vertex   2.599286e+00 3.728084e+00 5.000000e-01
    endloop
  endfacet
  facet normal -1.000000e+00 -1.318237e-16 -3.909545e-16
    outer loop
      vertex   2.599286e+00 3.728084e+00 5.000000e-01
      vertex   2.599286e+00 4.401314e+00 1.408907e+00
      vertex   2.599286e+00 4.513004e+00 1.371247e+00
    endloop
  endfacet
  facet normal -1.000000e+00 -1.079091e-16 -4.124996e-16
    outer loop
      vertex   2.599286e+00 3.728084e+00 5.000000e-01
      vertex   2.599286e+00 4.513004e+00 1.371247e+00
      vertex   2.599286e+00 4.627035e+00 1.341417e+00
    endloop
  endfacet
  facet normal -1.000000e+00 -8.288734e-17 -4.392323e-16
    outer loop
      vertex   2.599286e+00 4.627035e+00 1.341417e+00
      vertex   2.599286e+00 4.742859e+00 1.319560e+00
      vertex   2.599286e+00 3.728084e+00 5.000000e-01
    endloop
  endfacet
  facet normal -1.000000e+00 -5.566789e-17 -4.729352e-16
    outer loop
      vertex   2.599286e+00 3.728084e+00 5.000000e-01
      vertex   2.599286e+00 4.742859e+00 1.319560e+00
      vertex   2.599286e+00 4.859919e+00 1.305781e+00
    endloop
  endfacet
  facet normal -1.000000e+00 -2.471376e-17 -5.164147e-16
    outer loop
      vertex   2.599286e+00 3.728084e+00 5.000000e-01
      vertex   2.599286e+00 4.859919e+00 1.305781e+00
      vertex   2.599286e+00 4.977653e+00 1.300147e+00
    endloop
  endfacet
  facet normal -1.000000e+00 -1.766647e-16 -2.791169e-16
    outer loop
      vertex   2.599286e+00 3.728084e+00 5.000000e-01
      vertex   2.599286e+00 4.977653e+00 1.300147e+00
      vertex   2.599286e+00 6.241824e+00 5.000000e-01
    endloop
  endfacet
  facet normal -1.000000e+00 0.000000e+00 0.000000e+00
    outer loop
      vertex   2.599286e+00 6.241824e+00 5.000000e-01
      vertex   2.599286e+00 4.977653e+00 1.300147e+00
      vertex   2.599286e+00 5.095494e+00 1.302684e+00
    endloop
  endfacet
  facet normal -1.000000e+00 0.000000e+00 0.000000e+00
    outer loop
      vertex   2.599286e+00 6.241824e+00 5.000000e-01
      vertex   2.599286e+00 5.095494e+00 1.302684e+00
      vertex   2.599286e+00 5.212875e+00 1.313381e+00
    endloop
  endfacet
  facet normal -1.000000e+00 0.000000e+00 0.000000e+00
    outer loop
      vertex   2.599286e+00 5.212875e+00 1.313381e+00
      vertex   2.599286e+00 5.329234e+00 1.332186e+00
      vertex   2.599286e+00 6.241824e+00 5.000000e-01
    endloop
  endfacet
  facet normal -1.000000e+00 0.000000e+00 0.000000e+00
    outer loop
      vertex   2.599286e+00 6.241824e+00 5.000000e-01
      vertex   2.599286e+00 5.329234e+00 1.332186e+00
      vertex   2.599286e+00 5.444010e+00 1.359008e+00
    endloop
  endfacet
  facet normal -1.000000e+00 0.000000e+00 0.000000e+00
    outer loop
      vertex   2.599286e+00 6.241824e+00 5.000000e-01
      vertex   2.599286e+00 5.444010e+00 1.359008e+00
      vertex   2.599286e+00 5.556651e+00 1.393719e+00
    endloop
  endfacet
  facet normal -1.000000e+00 0.000000e+00 0.000000e+00
    outer loop
      vertex   2.599286e+00 5.556651e+00 1.393719e+00
      vertex   2.599286e+00 5.666616e+00 1.436151e+00
      vertex   2.599286e+00 6.241824e+00 5.000000e-01
    endloop
  endfacet
  facet normal -1.000000e+00 0.000000e+00 0.000000e+00
    outer loop
      vertex   2.599286e+00 6.241824e+00 5.000000e-01
      vertex   2.599286e+00 5.666616e+00 1.436151e+00
      vertex   2.599286e+00 5.773377e+00 1.486102e+00
    endloop
  endfacet
  facet normal -1.000000e+00 0.000000e+00 0.000000e+00
    outer loop
      vertex   2.599286e+00 6.241824e+00 5.000000e-01
      vertex   2.599286e+00 5.773377e+00 1.486102e+00
      vertex   2.599286e+00 5.876420e+00 1.543330e+00
    endloop
  endfacet
  facet normal -1.000000e+00 0.000000e+00 0.000000e+00
    outer loop
      vertex   2.599286e+00 5.876420e+00 1.543330e+00
      vertex   2.599286e+00 5.975250e+00 1.607561e+00
      vertex   2.599286e+00 6.241824e+00 5.000000e-01
    endloop
  endfacet
  facet normal -1.000000e+00 0.000000e+00 0.000000e+00
    outer loop
      vertex   2.599286e+00 6.241824e+00 5.000000e-01
      vertex   2.599286e+00 5.975250e+00 1.607561e+00
      vertex   2.599286e+00 6.069392e+00 1.678485e+00
    endloop
  endfacet
  facet normal -1.000000e+00 0.000000e+00 0.000000e+00
    outer loop
      vertex   2.599286e+00 6.241824e+00 5.000000e-01
      vertex   2.599286e+00 6.069392e+00 1.678485e+00
      vertex   2.599286e+00 6.158392e+00 1.755762e+00
    endloop
  endfacet
  facet normal -1.000000e+00 0.000000e+00 0.000000e+00
    outer loop
      vertex   2.599286e+00 6.158392e+00 1.755762e+00
      vertex   2.599286e+00 6.241824e+00 1.839021e+00
      vertex   2.599286e+00 6.241824e+00 5.000000e-01
    endloop
  endfacet
  facet normal -1.000000e+00 -1.263865e-16 7.617919e-16
    outer loop
      vertex   2.599286e+00 6.741824e+00 0.000000e+00
      vertex   2.599286e+00 3.228084e+00 0.000000e+00
      vertex   2.599286e+00 6.241824e+00 5.000000e-01
    endloop
  endfacet
  facet normal -1.000000e+00 -1.766647e-16 1.064843e-15
    outer loop
      vertex   2.599286e+00 6.241824e+00 5.000000e-01
      vertex   2.599286e+00 3.228084e+00 0.000000e+00
      vertex   2.599286e+00 3.728084e+00 5.000000e-01
    endloop
  endfacet
  facet normal -0.000000e+00 -1.000000e+00 -0.000000e+00
    outer loop
      vertex   2.599286e+00 6.241824e+00 1.839021e+00
      vertex   -2.600000e+00 6.241824e+00 1.839021e+00
      vertex   2.599286e+00 6.241824e+00 5.000000e-01
    endloop
  endfacet
  facet normal 0.000000e+00 -1.000000e+00 0.000000e+00
    outer loop
      vertex   2.599286e+00 6.241824e+00 5.000000e-01
      vertex   -2.600000e+00 6.241824e+00 1.839021e+00
      vertex   -2.600000e+00 6.241824e+00 5.000000e-01
    endloop
  endfacet
  facet normal 8.479983e-01 0.000000e+00 5.299989e-01
    outer loop
      vertex   0.000000e+00 1.400000e+01 1.000000e+00
      vertex   -2.500000e+00 1.400000e+01 5.000000e+00
      vertex   0.000000e+00 1.380000e+01 1.000000e+00
    endloop
  endfacet
  facet normal 8.479983e-01 0.000000e+00 5.299989e-01
    outer loop
      vertex   0.000000e+00 1.380000e+01 1.000000e+00
      vertex   -2.500000e+00 1.400000e+01 5.000000e+00
      vertex   -2.500000e+00 1.380000e+01 5.000000e+00
    endloop
  endfacet
  facet normal 0.000000e+00 0.000000e+00 -1.000000e+00
    outer loop
      vertex   -2.500000e+00 1.400000e+01 5.000000e+00
      vertex   2.500000e+00 1.400000e+01 5.000000e+00
      vertex   -2.500000e+00 1.380000e+01 5.000000e+00
    endloop
  endfacet
  facet normal 0.000000e+00 0.000000e+00 -1.000000e+00
    outer loop
      vertex   -2.500000e+00 1.380000e+01 5.000000e+00
      vertex   2.500000e+00 1.400000e+01 5.000000e+00
      vertex   2.500000e+00 1.380000e+01 5.000000e+00
    endloop
  endfacet
  facet normal -8.479983e-01 0.000000e+00 5.299989e-01
    outer loop
      vertex   2.500000e+00 1.400000e+01 5.000000e+00
      vertex   0.000000e+00 1.400000e+01 1.000000e+00
      vertex   2.500000e+00 1.380000e+01 5.000000e+00
    endloop
  endfacet
  facet normal -8.479983e-01 0.000000e+00 5.299989e-01
    outer loop
      vertex   2.500000e+00 1.380000e+01 5.000000e+00
      vertex   0.000000e+00 1.400000e+01 1.000000e+00
      vertex   0.000000e+00 1.380000e+01 1.000000e+00
    endloop
  endfacet
  facet normal 0.000000e+00 1.000000e+00 0.000000e+00
    outer loop
      vertex   2.500000e+00 1.380000e+01 5.000000e+00
      vertex   0.000000e+00 1.380000e+01 1.000000e+00
      vertex   -2.500000e+00 1.380000e+01 5.000000e+00
    endloop
  endfacet
  facet normal 2.908472e-02 9.995770e-01 -8.476263e-18
    outer loop
      vertex   -1.395476e-01 -2.095940e+00 3.000000e+00
      vertex   -1.395476e-01 -2.095940e+00 5.000000e+00
      vertex   0.000000e+00 -2.100000e+00 3.000000e+00
    endloop
  endfacet
  facet normal 2.908472e-02 9.995770e-01 2.137110e-18
    outer loop
      vertex   0.000000e+00 -2.100000e+00 3.000000e+00
      vertex   -1.395476e-01 -2.095940e+00 5.000000e+00
      vertex   -1.469576e-16 -2.100000e+00 5.000000e+00
    endloop
  endfacet
  facet normal -2.908472e-02 9.995770e-01 -2.137110e-18
    outer loop
      vertex   0.000000e+00 -2.100000e+00 3.000000e+00
      vertex   -1.469576e-16 -2.100000e+00 5.000000e+00
      vertex   1.395476e-01 -2.095940e+00 3.000000e+00
    endloop
  endfacet
  facet normal -2.908472e-02 9.995770e-01 7.669000e-18
    outer loop
      vertex   1.395476e-01 -2.095940e+00 3.000000e+00
      vertex   -1.469576e-16 -2.100000e+00 5.000000e+00
      vertex   1.395476e-01 -2.095940e+00 5.000000e+00
    endloop
  endfacet
  facet normal -8.715574e-02 9.961947e-01 2.298105e-17
    outer loop
      vertex   1.395476e-01 -2.095940e+00 3.000000e+00
      vertex   1.395476e-01 -2.095940e+00 5.000000e+00
      vertex   2.786230e-01 -2.083772e+00 3.000000e+00
    endloop
  endfacet
  facet normal -8.715574e-02 9.961947e-01 0.000000e+00
    outer loop
      vertex   2.786230e-01 -2.083772e+00 3.000000e+00
      vertex   1.395476e-01 -2.095940e+00 5.000000e+00
      vertex   2.786230e-01 -2.083772e+00 5.000000e+00
    endloop
  endfacet
  facet normal -1.449319e-01 9.894416e-01 0.000000e+00
    outer loop
      vertex   2.786230e-01 -2.083772e+00 3.000000e+00
      vertex   2.786230e-01 -2.083772e+00 5.000000e+00
      vertex   4.167556e-01 -2.063539e+00 3.000000e+00
    endloop
  endfacet
  facet normal -1.449319e-01 9.894416e-01 0.000000e+00
    outer loop
      vertex   4.167556e-01 -2.063539e+00 3.000000e+00
      vertex   2.786230e-01 -2.083772e+00 5.000000e+00
      vertex   4.167556e-01 -2.063539e+00 5.000000e+00
    endloop
  endfacet
  facet normal -2.022176e-01 9.793406e-01 0.000000e+00
    outer loop
      vertex   4.167556e-01 -2.063539e+00 3.000000e+00
      vertex   4.167556e-01 -2.063539e+00 5.000000e+00
      vertex   5.534781e-01 -2.035308e+00 3.000000e+00
    endloop
  endfacet
  facet normal -2.022176e-01 9.793406e-01 0.000000e+00
    outer loop
      vertex   5.534781e-01 -2.035308e+00 3.000000e+00
      vertex   4.167556e-01 -2.063539e+00 5.000000e+00
      vertex   5.534781e-01 -2.035308e+00 5.000000e+00
    endloop
  endfacet
  facet normal -2.588190e-01 9.659258e-01 0.000000e+00
    outer loop
      vertex   5.534781e-01 -2.035308e+00 3.000000e+00
      vertex   5.534781e-01 -2.035308e+00 5.000000e+00
      vertex   6.883278e-01 -1.999175e+00 3.000000e+00
    endloop
  endfacet
  facet normal -2.588190e-01 9.659258e-01 -3.540259e-17
    outer loop
      vertex   6.883278e-01 -1.999175e+00 3.000000e+00
      vertex   5.534781e-01 -2.035308e+00 5.000000e+00
      vertex   6.883278e-01 -1.999175e+00 5.000000e+00
    endloop
  endfacet
  facet normal -3.145448e-01 9.492426e-01 -1.808340e-17
    outer loop
      vertex   6.883278e-01 -1.999175e+00 3.000000e+00
      vertex   6.883278e-01 -1.999175e+00 5.000000e+00
      vertex   8.208483e-01 -1.955262e+00 3.000000e+00
    endloop
  endfacet
  facet normal -3.145448e-01 9.492426e-01 0.000000e+00
    outer loop
      vertex   8.208483e-01 -1.955262e+00 3.000000e+00
      vertex   6.883278e-01 -1.999175e+00 5.000000e+00
      vertex   8.208483e-01 -1.955262e+00 5.000000e+00
    endloop
  endfacet
  facet normal -3.692061e-01 9.293475e-01 0.000000e+00
    outer loop
      vertex   8.208483e-01 -1.955262e+00 3.000000e+00
      vertex   8.208483e-01 -1.955262e+00 5.000000e+00
      vertex   9.505914e-01 -1.903719e+00 3.000000e+00
    endloop
  endfacet
  facet normal -3.692061e-01 9.293475e-01 0.000000e+00
    outer loop
      vertex   9.505914e-01 -1.903719e+00 3.000000e+00
      vertex   8.208483e-01 -1.955262e+00 5.000000e+00
      vertex   9.505914e-01 -1.903719e+00 5.000000e+00
    endloop
  endfacet
  facet normal -4.226183e-01 9.063078e-01 0.000000e+00
    outer loop
      vertex   9.505914e-01 -1.903719e+00 3.000000e+00
      vertex   9.505914e-01 -1.903719e+00 5.000000e+00
      vertex   1.077118e+00 -1.844718e+00 3.000000e+00
    endloop
  endfacet
  facet normal -4.226183e-01 9.063078e-01 0.000000e+00
    outer loop
      vertex   1.077118e+00 -1.844718e+00 3.000000e+00
      vertex   9.505914e-01 -1.903719e+00 5.000000e+00
      vertex   1.077118e+00 -1.844718e+00 5.000000e+00
    endloop
  endfacet
  facet normal -4.746004e-01 8.802014e-01 0.000000e+00
    outer loop
      vertex   1.077118e+00 -1.844718e+00 3.000000e+00
      vertex   1.077118e+00 -1.844718e+00 5.000000e+00
      vertex   1.200000e+00 -1.778461e+00 3.000000e+00
    endloop
  endfacet
  facet normal -4.746004e-01 8.802014e-01 2.184254e-16
    outer loop
      vertex   1.200000e+00 -1.778461e+00 3.000000e+00
      vertex   1.077118e+00 -1.844718e+00 5.000000e+00
      vertex   1.200000e+00 -1.778461e+00 5.000000e+00
    endloop
  endfacet
  facet normal -5.249766e-01 8.511167e-01 2.552117e-16
    outer loop
      vertex   1.200000e+00 -1.778461e+00 3.000000e+00
      vertex   1.200000e+00 -1.778461e+00 5.000000e+00
      vertex   1.318822e+00 -1.705171e+00 3.000000e+00
    endloop
  endfacet
  facet normal -5.249766e-01 8.511167e-01 0.000000e+00
    outer loop
      vertex   1.318822e+00 -1.705171e+00 3.000000e+00
      vertex   1.200000e+00 -1.778461e+00 5.000000e+00
      vertex   1.318822e+00 -1.705171e+00 5.000000e+00
    endloop
  endfacet
  facet normal -5.735764e-01 8.191520e-01 0.000000e+00
    outer loop
      vertex   1.318822e+00 -1.705171e+00 3.000000e+00
      vertex   1.318822e+00 -1.705171e+00 5.000000e+00
      vertex   1.433181e+00 -1.625096e+00 3.000000e+00
    endloop
  endfacet
  facet normal -5.735764e-01 8.191520e-01 0.000000e+00
    outer loop
      vertex   1.433181e+00 -1.625096e+00 3.000000e+00
      vertex   1.318822e+00 -1.705171e+00 5.000000e+00
      vertex   1.433181e+00 -1.625096e+00 5.000000e+00
    endloop
  endfacet
  facet normal -6.202355e-01 7.844157e-01 0.000000e+00
    outer loop
      vertex   1.433181e+00 -1.625096e+00 3.000000e+00
      vertex   1.433181e+00 -1.625096e+00 5.000000e+00
      vertex   1.542690e+00 -1.538507e+00 3.000000e+00
    endloop
  endfacet
  facet normal -6.202355e-01 7.844157e-01 0.000000e+00
    outer loop
      vertex   1.542690e+00 -1.538507e+00 3.000000e+00
      vertex   1.433181e+00 -1.625096e+00 5.000000e+00
      vertex   1.542690e+00 -1.538507e+00 5.000000e+00
    endloop
  endfacet
  facet normal -6.647959e-01 7.470251e-01 0.000000e+00
    outer loop
      vertex   1.542690e+00 -1.538507e+00 3.000000e+00
      vertex   1.542690e+00 -1.538507e+00 5.000000e+00
      vertex   1.646980e+00 -1.445697e+00 3.000000e+00
    endloop
  endfacet
  facet normal -6.647959e-01 7.470251e-01 0.000000e+00
    outer loop
      vertex   1.646980e+00 -1.445697e+00 3.000000e+00
      vertex   1.542690e+00 -1.538507e+00 5.000000e+00
      vertex   1.646980e+00 -1.445697e+00 5.000000e+00
    endloop
  endfacet
  facet normal -7.071068e-01 7.071068e-01 0.000000e+00
    outer loop
      vertex   1.646980e+00 -1.445697e+00 3.000000e+00
      vertex   1.646980e+00 -1.445697e+00 5.000000e+00
      vertex   1.745697e+00 -1.346980e+00 3.000000e+00
    endloop
  endfacet
  facet normal -7.071068e-01 7.071068e-01 0.000000e+00
    outer loop
      vertex   1.745697e+00 -1.346980e+00 3.000000e+00
      vertex   1.646980e+00 -1.445697e+00 5.000000e+00
      vertex   1.745697e+00 -1.346980e+00 5.000000e+00
    endloop
  endfacet
  facet normal -7.470251e-01 6.647959e-01 0.000000e+00
    outer loop
      vertex   1.745697e+00 -1.346980e+00 3.000000e+00
      vertex   1.745697e+00 -1.346980e+00 5.000000e+00
      vertex   1.838507e+00 -1.242690e+00 3.000000e+00
    endloop
  endfacet
  facet normal -7.470251e-01 6.647959e-01 0.000000e+00
    outer loop
      vertex   1.838507e+00 -1.242690e+00 3.000000e+00
      vertex   1.745697e+00 -1.346980e+00 5.000000e+00
      vertex   1.838507e+00 -1.242690e+00 5.000000e+00
    endloop
  endfacet
  facet normal -7.844157e-01 6.202355e-01 0.000000e+00
    outer loop
      vertex   1.838507e+00 -1.242690e+00 3.000000e+00
      vertex   1.838507e+00 -1.242690e+00 5.000000e+00
      vertex   1.925096e+00 -1.133181e+00 3.000000e+00
    endloop
  endfacet
  facet normal -7.844157e-01 6.202355e-01 0.000000e+00
    outer loop
      vertex   1.925096e+00 -1.133181e+00 3.000000e+00
      vertex   1.838507e+00 -1.242690e+00 5.000000e+00
      vertex   1.925096e+00 -1.133181e+00 5.000000e+00
    endloop
  endfacet
  facet normal -8.191520e-01 5.735764e-01 0.000000e+00
    outer loop
      vertex   1.925096e+00 -1.133181e+00 3.000000e+00
      vertex   1.925096e+00 -1.133181e+00 5.000000e+00
      vertex   2.005171e+00 -1.018822e+00 3.000000e+00
    endloop
  endfacet
  facet normal -8.191520e-01 5.735764e-01 0.000000e+00
    outer loop
      vertex   2.005171e+00 -1.018822e+00 3.000000e+00
      vertex   1.925096e+00 -1.133181e+00 5.000000e+00
      vertex   2.005171e+00 -1.018822e+00 5.000000e+00
    endloop
  endfacet
  facet normal -8.511167e-01 5.249766e-01 0.000000e+00
    outer loop
      vertex   2.005171e+00 -1.018822e+00 3.000000e+00
      vertex   2.005171e+00 -1.018822e+00 5.000000e+00
      vertex   2.078461e+00 -9.000000e-01 3.000000e+00
    endloop
  endfacet
  facet normal -8.511167e-01 5.249766e-01 0.000000e+00
    outer loop
      vertex   2.078461e+00 -9.000000e-01 3.000000e+00
      vertex   2.005171e+00 -1.018822e+00 5.000000e+00
      vertex   2.078461e+00 -9.000000e-01 5.000000e+00
    endloop
  endfacet
  facet normal -8.802014e-01 4.746004e-01 0.000000e+00
    outer loop
      vertex   2.078461e+00 -9.000000e-01 3.000000e+00
      vertex   2.078461e+00 -9.000000e-01 5.000000e+00
      vertex   2.144718e+00 -7.771181e-01 3.000000e+00
    endloop
  endfacet
  facet normal -8.802014e-01 4.746004e-01 0.000000e+00
    outer loop
      vertex   2.144718e+00 -7.771181e-01 3.000000e+00
      vertex   2.078461e+00 -9.000000e-01 5.000000e+00
      vertex   2.144718e+00 -7.771181e-01 5.000000e+00
    endloop
  endfacet
  facet normal -9.063078e-01 4.226183e-01 0.000000e+00
    outer loop
      vertex   2.144718e+00 -7.771181e-01 3.000000e+00
      vertex   2.144718e+00 -7.771181e-01 5.000000e+00
      vertex   2.203719e+00 -6.505915e-01 3.000000e+00
    endloop
  endfacet
  facet normal -9.063078e-01 4.226183e-01 0.000000e+00
    outer loop
      vertex   2.203719e+00 -6.505915e-01 3.000000e+00
      vertex   2.144718e+00 -7.771181e-01 5.000000e+00
      vertex   2.203719e+00 -6.505915e-01 5.000000e+00
    endloop
  endfacet
  facet normal -9.293475e-01 3.692061e-01 0.000000e+00
    outer loop
      vertex   2.203719e+00 -6.505915e-01 3.000000e+00
      vertex   2.203719e+00 -6.505915e-01 5.000000e+00
      vertex   2.255262e+00 -5.208484e-01 3.000000e+00
    endloop
  endfacet
  facet normal -9.293475e-01 3.692061e-01 0.000000e+00
    outer loop
      vertex   2.255262e+00 -5.208484e-01 3.000000e+00
      vertex   2.203719e+00 -6.505915e-01 5.000000e+00
      vertex   2.255262e+00 -5.208484e-01 5.000000e+00
    endloop
  endfacet
  facet normal -9.492426e-01 3.145448e-01 0.000000e+00
    outer loop
      vertex   2.255262e+00 -5.208484e-01 3.000000e+00
      vertex   2.255262e+00 -5.208484e-01 5.000000e+00
      vertex   2.299175e+00 -3.883278e-01 3.000000e+00
    endloop
  endfacet
  facet normal -9.492426e-01 3.145448e-01 0.000000e+00
    outer loop
      vertex   2.299175e+00 -3.883278e-01 3.000000e+00
      vertex   2.255262e+00 -5.208484e-01 5.000000e+00
      vertex   2.299175e+00 -3.883278e-01 5.000000e+00
    endloop
  endfacet
  facet normal -9.659258e-01 2.588190e-01 0.000000e+00
    outer loop
      vertex   2.299175e+00 -3.883278e-01 3.000000e+00
      vertex   2.299175e+00 -3.883278e-01 5.000000e+00
      vertex   2.335308e+00 -2.534781e-01 3.000000e+00
    endloop
  endfacet
  facet normal -9.659258e-01 2.588190e-01 0.000000e+00
    outer loop
      vertex   2.335308e+00 -2.534781e-01 3.000000e+00
      vertex   2.299175e+00 -3.883278e-01 5.000000e+00
      vertex   2.335308e+00 -2.534781e-01 5.000000e+00
    endloop
  endfacet
  facet normal -9.793406e-01 2.022176e-01 0.000000e+00
    outer loop
      vertex   2.335308e+00 -2.534781e-01 3.000000e+00
      vertex   2.335308e+00 -2.534781e-01 5.000000e+00
      vertex   2.363539e+00 -1.167557e-01 3.000000e+00
    endloop
  endfacet
  facet normal -9.793406e-01 2.022176e-01 0.000000e+00
    outer loop
      vertex   2.363539e+00 -1.167557e-01 3.000000e+00
      vertex   2.335308e+00 -2.534781e-01 5.000000e+00
      vertex   2.363539e+00 -1.167557e-01 5.000000e+00
    endloop
  endfacet
  facet normal -9.894416e-01 1.449319e-01 0.000000e+00
    outer loop
      vertex   2.363539e+00 -1.167557e-01 3.000000e+00
      vertex   2.363539e+00 -1.167557e-01 5.000000e+00
      vertex   2.383772e+00 2.137696e-02 3.000000e+00
    endloop
  endfacet
  facet normal -9.894416e-01 1.449319e-01 0.000000e+00
    outer loop
      vertex   2.383772e+00 2.137696e-02 3.000000e+00
      vertex   2.363539e+00 -1.167557e-01 5.000000e+00
      vertex   2.383772e+00 2.137696e-02 5.000000e+00
    endloop
  endfacet
  facet normal -9.961947e-01 8.715574e-02 0.000000e+00
    outer loop
      vertex   2.383772e+00 2.137696e-02 3.000000e+00
      vertex   2.383772e+00 2.137696e-02 5.000000e+00
      vertex   2.395940e+00 1.604524e-01 3.000000e+00
    endloop
  endfacet
  facet normal -9.961947e-01 8.715574e-02 0.000000e+00
    outer loop
      vertex   2.395940e+00 1.604524e-01 3.000000e+00
      vertex   2.383772e+00 2.137696e-02 5.000000e+00
      vertex   2.395940e+00 1.604524e-01 5.000000e+00
    endloop
  endfacet
  facet normal -9.995770e-01 2.908472e-02 0.000000e+00
    outer loop
      vertex   2.395940e+00 1.604524e-01 3.000000e+00
      vertex   2.395940e+00 1.604524e-01 5.000000e+00
      vertex   2.400000e+00 3.000000e-01 3.000000e+00
    endloop
  endfacet
  facet normal -9.995770e-01 2.908472e-02 -8.072631e-18
    outer loop
      vertex   2.400000e+00 3.000000e-01 3.000000e+00
      vertex   2.395940e+00 1.604524e-01 5.000000e+00
      vertex   2.400000e+00 3.000000e-01 5.000000e+00
    endloop
  endfacet
  facet normal -9.995770e-01 -2.908472e-02 8.072631e-18
    outer loop
      vertex   2.400000e+00 3.000000e-01 3.000000e+00
      vertex   2.400000e+00 3.000000e-01 5.000000e+00
      vertex   2.395940e+00 4.395475e-01 3.000000e+00
    endloop
  endfacet
  facet normal -9.995770e-01 -2.908472e-02 8.072631e-18
    outer loop
      vertex   2.395940e+00 4.395475e-01 3.000000e+00
      vertex   2.400000e+00 3.000000e-01 5.000000e+00
      vertex   2.395940e+00 4.395475e-01 5.000000e+00
    endloop
  endfacet
  facet normal -9.961947e-01 -8.715574e-02 2.419058e-17
    outer loop
      vertex   2.395940e+00 4.395475e-01 3.000000e+00
      vertex   2.395940e+00 4.395475e-01 5.000000e+00
      vertex   2.383772e+00 5.786229e-01 3.000000e+00
    endloop
  endfacet
  facet normal -9.961947e-01 -8.715574e-02 -2.419058e-17
    outer loop
      vertex   2.383772e+00 5.786229e-01 3.000000e+00
      vertex   2.395940e+00 4.395475e-01 5.000000e+00
      vertex   2.383772e+00 5.786229e-01 5.000000e+00
    endloop
  endfacet
  facet normal -9.894416e-01 -1.449319e-01 -4.022667e-17
    outer loop
      vertex   2.383772e+00 5.786229e-01 3.000000e+00
      vertex   2.383772e+00 5.786229e-01 5.000000e+00
      vertex   2.363539e+00 7.167556e-01 3.000000e+00
    endloop
  endfacet
  facet normal -9.894416e-01 -1.449319e-01 -1.714282e-16
    outer loop
      vertex   2.363539e+00 7.167556e-01 3.000000e+00
      vertex   2.383772e+00 5.786229e-01 5.000000e+00
      vertex   2.363539e+00 7.167556e-01 5.000000e+00
    endloop
  endfacet
  facet normal -9.793406e-01 -2.022176e-01 -1.501053e-16
    outer loop
      vertex   2.363539e+00 7.167556e-01 3.000000e+00
      vertex   2.363539e+00 7.167556e-01 5.000000e+00
      vertex   2.335308e+00 8.534780e-01 3.000000e+00
    endloop
  endfacet
  facet normal -9.793406e-01 -2.022176e-01 -1.501053e-16
    outer loop
      vertex   2.335308e+00 8.534780e-01 3.000000e+00
      vertex   2.363539e+00 7.167556e-01 5.000000e+00
      vertex   2.335308e+00 8.534780e-01 5.000000e+00
    endloop
  endfacet
  facet normal -9.659258e-01 -2.588190e-01 -1.282746e-16
    outer loop
      vertex   2.335308e+00 8.534780e-01 3.000000e+00
      vertex   2.335308e+00 8.534780e-01 5.000000e+00
      vertex   2.299175e+00 9.883277e-01 3.000000e+00
    endloop
  endfacet
  facet normal -9.659258e-01 -2.588190e-01 4.310203e-17
    outer loop
      vertex   2.299175e+00 9.883277e-01 3.000000e+00
      vertex   2.335308e+00 8.534780e-01 5.000000e+00
      vertex   2.299175e+00 9.883277e-01 5.000000e+00
    endloop
  endfacet
  facet normal -9.492426e-01 -3.145448e-01 5.238222e-17
    outer loop
      vertex   2.299175e+00 9.883277e-01 3.000000e+00
      vertex   2.299175e+00 9.883277e-01 5.000000e+00
      vertex   2.255262e+00 1.120848e+00 3.000000e+00
    endloop
  endfacet
  facet normal -9.492426e-01 -3.145448e-01 -6.984297e-17
    outer loop
      vertex   2.255262e+00 1.120848e+00 3.000000e+00
      vertex   2.299175e+00 9.883277e-01 5.000000e+00
      vertex   2.255262e+00 1.120848e+00 5.000000e+00
    endloop
  endfacet
  facet normal -9.293475e-01 -3.692061e-01 -8.198023e-17
    outer loop
      vertex   2.255262e+00 1.120848e+00 3.000000e+00
      vertex   2.255262e+00 1.120848e+00 5.000000e+00
      vertex   2.203719e+00 1.250591e+00 3.000000e+00
    endloop
  endfacet
  facet normal -9.293475e-01 -3.692061e-01 1.229703e-16
    outer loop
      vertex   2.203719e+00 1.250591e+00 3.000000e+00
      vertex   2.255262e+00 1.120848e+00 5.000000e+00
      vertex   2.203719e+00 1.250591e+00 5.000000e+00
    endloop
  endfacet
  facet normal -9.063078e-01 -4.226183e-01 1.407602e-16
    outer loop
      vertex   2.203719e+00 1.250591e+00 3.000000e+00
      vertex   2.203719e+00 1.250591e+00 5.000000e+00
      vertex   2.144718e+00 1.377118e+00 3.000000e+00
    endloop
  endfacet
  facet normal -9.063078e-01 -4.226183e-01 1.407602e-16
    outer loop
      vertex   2.144718e+00 1.377118e+00 3.000000e+00
      vertex   2.203719e+00 1.250591e+00 5.000000e+00
      vertex   2.144718e+00 1.377118e+00 5.000000e+00
    endloop
  endfacet
  facet normal -8.802014e-01 -4.746004e-01 1.580737e-16
    outer loop
      vertex   2.144718e+00 1.377118e+00 3.000000e+00
      vertex   2.144718e+00 1.377118e+00 5.000000e+00
      vertex   2.078461e+00 1.500000e+00 3.000000e+00
    endloop
  endfacet
  facet normal -8.802014e-01 -4.746004e-01 1.580737e-16
    outer loop
      vertex   2.078461e+00 1.500000e+00 3.000000e+00
      vertex   2.144718e+00 1.377118e+00 5.000000e+00
      vertex   2.078461e+00 1.500000e+00 5.000000e+00
    endloop
  endfacet
  facet normal -8.511167e-01 -5.249766e-01 1.748523e-16
    outer loop
      vertex   2.078461e+00 1.500000e+00 3.000000e+00
      vertex   2.078461e+00 1.500000e+00 5.000000e+00
      vertex   2.005171e+00 1.618822e+00 3.000000e+00
    endloop
  endfacet
  facet normal -8.511167e-01 -5.249766e-01 1.413354e-17
    outer loop
      vertex   2.005171e+00 1.618822e+00 3.000000e+00
      vertex   2.078461e+00 1.500000e+00 5.000000e+00
      vertex   2.005171e+00 1.618822e+00 5.000000e+00
    endloop
  endfacet
  facet normal -8.191520e-01 -5.735764e-01 -9.151038e-18
    outer loop
      vertex   2.005171e+00 1.618822e+00 3.000000e+00
      vertex   2.005171e+00 1.618822e+00 5.000000e+00
      vertex   1.925096e+00 1.733181e+00 3.000000e+00
    endloop
  endfacet
  facet normal -8.191520e-01 -5.735764e-01 1.000952e-16
    outer loop
      vertex   1.925096e+00 1.733181e+00 3.000000e+00
      vertex   2.005171e+00 1.618822e+00 5.000000e+00
      vertex   1.925096e+00 1.733181e+00 5.000000e+00
    endloop
  endfacet
  facet normal -7.844157e-01 -6.202355e-01 1.194923e-16
    outer loop
      vertex   1.925096e+00 1.733181e+00 3.000000e+00
      vertex   1.925096e+00 1.733181e+00 5.000000e+00
      vertex   1.838507e+00 1.842690e+00 3.000000e+00
    endloop
  endfacet
  facet normal -7.844157e-01 -6.202355e-01 -3.645532e-17
    outer loop
      vertex   1.838507e+00 1.842690e+00 3.000000e+00
      vertex   1.925096e+00 1.733181e+00 5.000000e+00
      vertex   1.838507e+00 1.842690e+00 5.000000e+00
    endloop
  endfacet
  facet normal -7.470251e-01 -6.647959e-01 -1.825855e-17
    outer loop
      vertex   1.838507e+00 1.842690e+00 3.000000e+00
      vertex   1.838507e+00 1.842690e+00 5.000000e+00
      vertex   1.745697e+00 1.946980e+00 3.000000e+00
    endloop
  endfacet
  facet normal -7.470251e-01 -6.647959e-01 9.129276e-18
    outer loop
      vertex   1.745697e+00 1.946980e+00 3.000000e+00
      vertex   1.838507e+00 1.842690e+00 5.000000e+00
      vertex   1.745697e+00 1.946980e+00 5.000000e+00
    endloop
  endfacet
  facet normal -7.071068e-01 -7.071068e-01 0.000000e+00
    outer loop
      vertex   1.745697e+00 1.946980e+00 3.000000e+00
      vertex   1.745697e+00 1.946980e+00 5.000000e+00
      vertex   1.646980e+00 2.045697e+00 3.000000e+00
    endloop
  endfacet
  facet normal -7.071068e-01 -7.071068e-01 -7.850462e-17
    outer loop
      vertex   1.646980e+00 2.045697e+00 3.000000e+00
      vertex   1.745697e+00 1.946980e+00 5.000000e+00
      vertex   1.646980e+00 2.045697e+00 5.000000e+00
    endloop
  endfacet
  facet normal -6.647959e-01 -7.470251e-01 -9.206572e-17
    outer loop
      vertex   1.646980e+00 2.045697e+00 3.000000e+00
      vertex   1.646980e+00 2.045697e+00 5.000000e+00
      vertex   1.542690e+00 2.138507e+00 3.000000e+00
    endloop
  endfacet
  facet normal -6.647959e-01 -7.470251e-01 9.206572e-17
    outer loop
      vertex   1.542690e+00 2.138507e+00 3.000000e+00
      vertex   1.646980e+00 2.045697e+00 5.000000e+00
      vertex   1.542690e+00 2.138507e+00 5.000000e+00
    endloop
  endfacet
  facet normal -6.202355e-01 -7.844157e-01 1.053153e-16
    outer loop
      vertex   1.542690e+00 2.138507e+00 3.000000e+00
      vertex   1.542690e+00 2.138507e+00 5.000000e+00
      vertex   1.433181e+00 2.225096e+00 3.000000e+00
    endloop
  endfacet
  facet normal -6.202355e-01 -7.844157e-01 -3.240465e-17
    outer loop
      vertex   1.433181e+00 2.225096e+00 3.000000e+00
      vertex   1.542690e+00 2.138507e+00 5.000000e+00
      vertex   1.433181e+00 2.225096e+00 5.000000e+00
    endloop
  endfacet
  facet normal -5.735764e-01 -8.191520e-01 -9.151038e-18
    outer loop
      vertex   1.433181e+00 2.225096e+00 3.000000e+00
      vertex   1.433181e+00 2.225096e+00 5.000000e+00
      vertex   1.318822e+00 2.305171e+00 3.000000e+00
    endloop
  endfacet
  facet normal -5.735764e-01 -8.191520e-01 -1.273596e-16
    outer loop
      vertex   1.318822e+00 2.305171e+00 3.000000e+00
      vertex   1.433181e+00 2.225096e+00 5.000000e+00
      vertex   1.318822e+00 2.305171e+00 5.000000e+00
    endloop
  endfacet
  facet normal -5.249766e-01 -8.511167e-01 -1.165682e-16
    outer loop
      vertex   1.318822e+00 2.305171e+00 3.000000e+00
      vertex   1.318822e+00 2.305171e+00 5.000000e+00
      vertex   1.200000e+00 2.378461e+00 3.000000e+00
    endloop
  endfacet
  facet normal -5.249766e-01 -8.511167e-01 2.190029e-16
    outer loop
      vertex   1.200000e+00 2.378461e+00 3.000000e+00
      vertex   1.318822e+00 2.305171e+00 5.000000e+00
      vertex   1.200000e+00 2.378461e+00 5.000000e+00
    endloop
  endfacet
  facet normal -4.746004e-01 -8.802014e-01 1.733946e-16
    outer loop
      vertex   1.200000e+00 2.378461e+00 3.000000e+00
      vertex   1.200000e+00 2.378461e+00 5.000000e+00
      vertex   1.077118e+00 2.444718e+00 3.000000e+00
    endloop
  endfacet
  facet normal -4.746004e-01 -8.802014e-01 -1.580737e-16
    outer loop
      vertex   1.077118e+00 2.444718e+00 3.000000e+00
      vertex   1.200000e+00 2.378461e+00 5.000000e+00
      vertex   1.077118e+00 2.444718e+00 5.000000e+00
    endloop
  endfacet
  facet normal -4.226183e-01 -9.063078e-01 -1.407602e-16
    outer loop
      vertex   1.077118e+00 2.444718e+00 3.000000e+00
      vertex   1.077118e+00 2.444718e+00 5.000000e+00
      vertex   9.505914e-01 2.503719e+00 3.000000e+00
    endloop
  endfacet
  facet normal -4.226183e-01 -9.063078e-01 9.384010e-17
    outer loop
      vertex   9.505914e-01 2.503719e+00 3.000000e+00
      vertex   1.077118e+00 2.444718e+00 5.000000e+00
      vertex   9.505914e-01 2.503719e+00 5.000000e+00
    endloop
  endfacet
  facet normal -3.692061e-01 -9.293475e-01 8.198023e-17
    outer loop
      vertex   9.505914e-01 2.503719e+00 3.000000e+00
      vertex   9.505914e-01 2.503719e+00 5.000000e+00
      vertex   8.208483e-01 2.555262e+00 3.000000e+00
    endloop
  endfacet
  facet normal -3.692061e-01 -9.293475e-01 8.198023e-17
    outer loop
      vertex   8.208483e-01 2.555262e+00 3.000000e+00
      vertex   9.505914e-01 2.503719e+00 5.000000e+00
      vertex   8.208483e-01 2.555262e+00 5.000000e+00
    endloop
  endfacet
  facet normal -3.145448e-01 -9.492426e-01 6.984297e-17
    outer loop
      vertex   8.208483e-01 2.555262e+00 3.000000e+00
      vertex   8.208483e-01 2.555262e+00 5.000000e+00
      vertex   6.883278e-01 2.599175e+00 3.000000e+00
    endloop
  endfacet
  facet normal -3.145448e-01 -9.492426e-01 -5.238222e-17
    outer loop
      vertex   6.883278e-01 2.599175e+00 3.000000e+00
      vertex   8.208483e-01 2.555262e+00 5.000000e+00
      vertex   6.883278e-01 2.599175e+00 5.000000e+00
    endloop
  endfacet
  facet normal -2.588190e-01 -9.659258e-01 -4.310203e-17
    outer loop
      vertex   6.883278e-01 2.599175e+00 3.000000e+00
      vertex   6.883278e-01 2.599175e+00 5.000000e+00
      vertex   5.534781e-01 2.635308e+00 3.000000e+00
    endloop
  endfacet
  facet normal -2.588190e-01 -9.659258e-01 -7.183672e-17
    outer loop
      vertex   5.534781e-01 2.635308e+00 3.000000e+00
      vertex   6.883278e-01 2.599175e+00 5.000000e+00
      vertex   5.534781e-01 2.635308e+00 5.000000e+00
    endloop
  endfacet
  facet normal -2.022176e-01 -9.793406e-01 -5.612665e-17
    outer loop
      vertex   5.534781e-01 2.635308e+00 3.000000e+00
      vertex   5.534781e-01 2.635308e+00 5.000000e+00
      vertex   4.167556e-01 2.663539e+00 3.000000e+00
    endloop
  endfacet
  facet normal -2.022176e-01 -9.793406e-01 4.490132e-17
    outer loop
      vertex   4.167556e-01 2.663539e+00 3.000000e+00
      vertex   5.534781e-01 2.635308e+00 5.000000e+00
      vertex   4.167556e-01 2.663539e+00 5.000000e+00
    endloop
  endfacet
  facet normal -1.449319e-01 -9.894416e-01 3.218134e-17
    outer loop
      vertex   4.167556e-01 2.663539e+00 3.000000e+00
      vertex   4.167556e-01 2.663539e+00 5.000000e+00
      vertex   2.786230e-01 2.683772e+00 3.000000e+00
    endloop
  endfacet
  facet normal -1.449319e-01 -9.894416e-01 -4.022667e-17
    outer loop
      vertex   2.786230e-01 2.683772e+00 3.000000e+00
      vertex   4.167556e-01 2.663539e+00 5.000000e+00
      vertex   2.786230e-01 2.683772e+00 5.000000e+00
    endloop
  endfacet
  facet normal -8.715574e-02 -9.961947e-01 -2.419058e-17
    outer loop
      vertex   2.786230e-01 2.683772e+00 3.000000e+00
      vertex   2.786230e-01 2.683772e+00 5.000000e+00
      vertex   1.395476e-01 2.695940e+00 3.000000e+00
    endloop
  endfacet
  facet normal -8.715574e-02 -9.961947e-01 -1.994281e-16
    outer loop
      vertex   1.395476e-01 2.695940e+00 3.000000e+00
      vertex   2.786230e-01 2.683772e+00 5.000000e+00
      vertex   1.395476e-01 2.695940e+00 5.000000e+00
    endloop
  endfacet
  facet normal -2.908472e-02 -9.995770e-01 -2.146853e-16
    outer loop
      vertex   1.395476e-01 2.695940e+00 3.000000e+00
      vertex   1.395476e-01 2.695940e+00 5.000000e+00
      vertex   4.408728e-16 2.700000e+00 3.000000e+00
    endloop
  endfacet
  facet normal -2.908472e-02 -9.995770e-01 -8.548442e-18
    outer loop
      vertex   4.408728e-16 2.700000e+00 3.000000e+00
      vertex   1.395476e-01 2.695940e+00 5.000000e+00
      vertex   -1.469576e-16 2.700000e+00 5.000000e+00
    endloop
  endfacet
  facet normal 2.908472e-02 -9.995770e-01 8.548442e-18
    outer loop
      vertex   4.408728e-16 2.700000e+00 3.000000e+00
      vertex   -1.469576e-16 2.700000e+00 5.000000e+00
      vertex   -1.395476e-01 2.695940e+00 3.000000e+00
    endloop
  endfacet
  facet normal 2.908472e-02 -9.995770e-01 -6.861736e-18
    outer loop
      vertex   -1.395476e-01 2.695940e+00 3.000000e+00
      vertex   -1.469576e-16 2.700000e+00 5.000000e+00
      vertex   -1.395476e-01 2.695940e+00 5.000000e+00
    endloop
  endfacet
  facet normal 8.715574e-02 -9.961947e-01 -2.056199e-17
    outer loop
      vertex   -1.395476e-01 2.695940e+00 3.000000e+00
      vertex   -1.395476e-01 2.695940e+00 5.000000e+00
      vertex   -2.786230e-01 2.683772e+00 3.000000e+00
    endloop
  endfacet
  facet normal 8.715574e-02 -9.961947e-01 -1.935246e-17
    outer loop
      vertex   -2.786230e-01 2.683772e+00 3.000000e+00
      vertex   -1.395476e-01 2.695940e+00 5.000000e+00
      vertex   -2.786230e-01 2.683772e+00 5.000000e+00
    endloop
  endfacet
  facet normal 1.449319e-01 -9.894416e-01 -3.218134e-17
    outer loop
      vertex   -2.786230e-01 2.683772e+00 3.000000e+00
      vertex   -2.786230e-01 2.683772e+00 5.000000e+00
      vertex   -4.167556e-01 2.663539e+00 3.000000e+00
    endloop
  endfacet
  facet normal 1.449319e-01 -9.894416e-01 4.424934e-17
    outer loop
      vertex   -4.167556e-01 2.663539e+00 3.000000e+00
      vertex   -2.786230e-01 2.683772e+00 5.000000e+00
      vertex   -4.167556e-01 2.663539e+00 5.000000e+00
    endloop
  endfacet
  facet normal 2.022176e-01 -9.793406e-01 6.173932e-17
    outer loop
      vertex   -4.167556e-01 2.663539e+00 3.000000e+00
      vertex   -4.167556e-01 2.663539e+00 5.000000e+00
      vertex   -5.534781e-01 2.635308e+00 3.000000e+00
    endloop
  endfacet
  facet normal 2.022176e-01 -9.793406e-01 4.490132e-17
    outer loop
      vertex   -5.534781e-01 2.635308e+00 3.000000e+00
      vertex   -4.167556e-01 2.663539e+00 5.000000e+00
      vertex   -5.534781e-01 2.635308e+00 5.000000e+00
    endloop
  endfacet
  facet normal 2.588190e-01 -9.659258e-01 5.746937e-17
    outer loop
      vertex   -5.534781e-01 2.635308e+00 3.000000e+00
      vertex   -5.534781e-01 2.635308e+00 5.000000e+00
      vertex   -6.883278e-01 2.599175e+00 3.000000e+00
    endloop
  endfacet
  facet normal 2.588190e-01 -9.659258e-01 -5.746937e-17
    outer loop
      vertex   -6.883278e-01 2.599175e+00 3.000000e+00
      vertex   -5.534781e-01 2.635308e+00 5.000000e+00
      vertex   -6.883278e-01 2.599175e+00 5.000000e+00
    endloop
  endfacet
  facet normal 3.145448e-01 -9.492426e-01 -6.984297e-17
    outer loop
      vertex   -6.883278e-01 2.599175e+00 3.000000e+00
      vertex   -6.883278e-01 2.599175e+00 5.000000e+00
      vertex   -8.208483e-01 2.555262e+00 3.000000e+00
    endloop
  endfacet
  facet normal 3.145448e-01 -9.492426e-01 6.984297e-17
    outer loop
      vertex   -8.208483e-01 2.555262e+00 3.000000e+00
      vertex   -6.883278e-01 2.599175e+00 5.000000e+00
      vertex   -8.208483e-01 2.555262e+00 5.000000e+00
    endloop
  endfacet
  facet normal 3.692061e-01 -9.293475e-01 8.198023e-17
    outer loop
      vertex   -8.208483e-01 2.555262e+00 3.000000e+00
      vertex   -8.208483e-01 2.555262e+00 5.000000e+00
      vertex   -9.505914e-01 2.503719e+00 3.000000e+00
    endloop
  endfacet
  facet normal 3.692061e-01 -9.293475e-01 3.512280e-16
    outer loop
      vertex   -9.505914e-01 2.503719e+00 3.000000e+00
      vertex   -8.208483e-01 2.555262e+00 5.000000e+00
      vertex   -9.505914e-01 2.503719e+00 5.000000e+00
    endloop
  endfacet
  facet normal 4.226183e-01 -9.063078e-01 3.321014e-16
    outer loop
      vertex   -9.505914e-01 2.503719e+00 3.000000e+00
      vertex   -9.505914e-01 2.503719e+00 5.000000e+00
      vertex   -1.077118e+00 2.444718e+00 3.000000e+00
    endloop
  endfacet
  facet normal 4.226183e-01 -9.063078e-01 9.384010e-17
    outer loop
      vertex   -1.077118e+00 2.444718e+00 3.000000e+00
      vertex   -9.505914e-01 2.503719e+00 5.000000e+00
      vertex   -1.077118e+00 2.444718e+00 5.000000e+00
    endloop
  endfacet
  facet normal 4.746004e-01 -8.802014e-01 1.053825e-16
    outer loop
      vertex   -1.077118e+00 2.444718e+00 3.000000e+00
      vertex   -1.077118e+00 2.444718e+00 5.000000e+00
      vertex   -1.200000e+00 2.378461e+00 3.000000e+00
    endloop
  endfacet
  facet normal 4.746004e-01 -8.802014e-01 9.006152e-17
    outer loop
      vertex   -1.200000e+00 2.378461e+00 3.000000e+00
      vertex   -1.077118e+00 2.444718e+00 5.000000e+00
      vertex   -1.200000e+00 2.378461e+00 5.000000e+00
    endloop
  endfacet
  facet normal 5.249766e-01 -8.511167e-01 7.241765e-17
    outer loop
      vertex   -1.200000e+00 2.378461e+00 3.000000e+00
      vertex   -1.200000e+00 2.378461e+00 5.000000e+00
      vertex   -1.318822e+00 2.305171e+00 3.000000e+00
    endloop
  endfacet
  facet normal 5.249766e-01 -8.511167e-01 -5.828411e-17
    outer loop
      vertex   -1.318822e+00 2.305171e+00 3.000000e+00
      vertex   -1.200000e+00 2.378461e+00 5.000000e+00
      vertex   -1.318822e+00 2.305171e+00 5.000000e+00
    endloop
  endfacet
  facet normal 5.735764e-01 -8.191520e-01 -6.367978e-17
    outer loop
      vertex   -1.318822e+00 2.305171e+00 3.000000e+00
      vertex   -1.318822e+00 2.305171e+00 5.000000e+00
      vertex   -1.433181e+00 2.225096e+00 3.000000e+00
    endloop
  endfacet
  facet normal 5.735764e-01 -8.191520e-01 6.367978e-17
    outer loop
      vertex   -1.433181e+00 2.225096e+00 3.000000e+00
      vertex   -1.318822e+00 2.305171e+00 5.000000e+00
      vertex   -1.433181e+00 2.225096e+00 5.000000e+00
    endloop
  endfacet
  facet normal 6.202355e-01 -7.844157e-01 6.885997e-17
    outer loop
      vertex   -1.433181e+00 2.225096e+00 3.000000e+00
      vertex   -1.433181e+00 2.225096e+00 5.000000e+00
      vertex   -1.542690e+00 2.138507e+00 3.000000e+00
    endloop
  endfacet
  facet normal 6.202355e-01 -7.844157e-01 -3.645532e-17
    outer loop
      vertex   -1.542690e+00 2.138507e+00 3.000000e+00
      vertex   -1.433181e+00 2.225096e+00 5.000000e+00
      vertex   -1.542690e+00 2.138507e+00 5.000000e+00
    endloop
  endfacet
  facet normal 6.647959e-01 -7.470251e-01 -1.825855e-17
    outer loop
      vertex   -1.542690e+00 2.138507e+00 3.000000e+00
      vertex   -1.542690e+00 2.138507e+00 5.000000e+00
      vertex   -1.646980e+00 2.045697e+00 3.000000e+00
    endloop
  endfacet
  facet normal 6.647959e-01 -7.470251e-01 1.825855e-17
    outer loop
      vertex   -1.646980e+00 2.045697e+00 3.000000e+00
      vertex   -1.542690e+00 2.138507e+00 5.000000e+00
      vertex   -1.646980e+00 2.045697e+00 5.000000e+00
    endloop
  endfacet
  facet normal 7.071068e-01 -7.071068e-01 0.000000e+00
    outer loop
      vertex   -1.646980e+00 2.045697e+00 3.000000e+00
      vertex   -1.646980e+00 2.045697e+00 5.000000e+00
      vertex   -1.745697e+00 1.946980e+00 3.000000e+00
    endloop
  endfacet
  facet normal 7.071068e-01 -7.071068e-01 0.000000e+00
    outer loop
      vertex   -1.745697e+00 1.946980e+00 3.000000e+00
      vertex   -1.646980e+00 2.045697e+00 5.000000e+00
      vertex   -1.745697e+00 1.946980e+00 5.000000e+00
    endloop
  endfacet
  facet normal 7.470251e-01 -6.647959e-01 2.738783e-17
    outer loop
      vertex   -1.745697e+00 1.946980e+00 3.000000e+00
      vertex   -1.745697e+00 1.946980e+00 5.000000e+00
      vertex   -1.838507e+00 1.842690e+00 3.000000e+00
    endloop
  endfacet
  facet normal 7.470251e-01 -6.647959e-01 8.293644e-17
    outer loop
      vertex   -1.838507e+00 1.842690e+00 3.000000e+00
      vertex   -1.745697e+00 1.946980e+00 5.000000e+00
      vertex   -1.838507e+00 1.842690e+00 5.000000e+00
    endloop
  endfacet
  facet normal 7.844157e-01 -6.202355e-01 8.708763e-17
    outer loop
      vertex   -1.838507e+00 1.842690e+00 3.000000e+00
      vertex   -1.838507e+00 1.842690e+00 5.000000e+00
      vertex   -1.925096e+00 1.733181e+00 3.000000e+00
    endloop
  endfacet
  facet normal 7.844157e-01 -6.202355e-01 8.708763e-17
    outer loop
      vertex   -1.925096e+00 1.733181e+00 3.000000e+00
      vertex   -1.838507e+00 1.842690e+00 5.000000e+00
      vertex   -1.925096e+00 1.733181e+00 5.000000e+00
    endloop
  endfacet
  facet normal 8.191520e-01 -5.735764e-01 9.094415e-17
    outer loop
      vertex   -1.925096e+00 1.733181e+00 3.000000e+00
      vertex   -1.925096e+00 1.733181e+00 5.000000e+00
      vertex   -2.005171e+00 1.618822e+00 3.000000e+00
    endloop
  endfacet
  facet normal 8.191520e-01 -5.735764e-01 9.151038e-18
    outer loop
      vertex   -2.005171e+00 1.618822e+00 3.000000e+00
      vertex   -1.925096e+00 1.733181e+00 5.000000e+00
      vertex   -2.005171e+00 1.618822e+00 5.000000e+00
    endloop
  endfacet
  facet normal 8.511167e-01 -5.249766e-01 -1.413354e-17
    outer loop
      vertex   -2.005171e+00 1.618822e+00 3.000000e+00
      vertex   -2.005171e+00 1.618822e+00 5.000000e+00
      vertex   -2.078461e+00 1.500000e+00 3.000000e+00
    endloop
  endfacet
  facet normal 8.511167e-01 -5.249766e-01 -1.165682e-16
    outer loop
      vertex   -2.078461e+00 1.500000e+00 3.000000e+00
      vertex   -2.005171e+00 1.618822e+00 5.000000e+00
      vertex   -2.078461e+00 1.500000e+00 5.000000e+00
    endloop
  endfacet
  facet normal 8.802014e-01 -4.746004e-01 -1.053825e-16
    outer loop
      vertex   -2.078461e+00 1.500000e+00 3.000000e+00
      vertex   -2.078461e+00 1.500000e+00 5.000000e+00
      vertex   -2.144718e+00 1.377118e+00 3.000000e+00
    endloop
  endfacet
  facet normal 8.802014e-01 -4.746004e-01 0.000000e+00
    outer loop
      vertex   -2.144718e+00 1.377118e+00 3.000000e+00
      vertex   -2.078461e+00 1.500000e+00 5.000000e+00
      vertex   -2.144718e+00 1.377118e+00 5.000000e+00
    endloop
  endfacet
  facet normal 9.063078e-01 -4.226183e-01 0.000000e+00
    outer loop
      vertex   -2.144718e+00 1.377118e+00 3.000000e+00
      vertex   -2.144718e+00 1.377118e+00 5.000000e+00
      vertex   -2.203719e+00 1.250591e+00 3.000000e+00
    endloop
  endfacet
  facet normal 9.063078e-01 -4.226183e-01 -4.692005e-17
    outer loop
      vertex   -2.203719e+00 1.250591e+00 3.000000e+00
      vertex   -2.144718e+00 1.377118e+00 5.000000e+00
      vertex   -2.203719e+00 1.250591e+00 5.000000e+00
    endloop
  endfacet
  facet normal 9.293475e-01 -3.692061e-01 -4.099012e-17
    outer loop
      vertex   -2.203719e+00 1.250591e+00 3.000000e+00
      vertex   -2.203719e+00 1.250591e+00 5.000000e+00
      vertex   -2.255262e+00 1.120848e+00 3.000000e+00
    endloop
  endfacet
  facet normal 9.293475e-01 -3.692061e-01 4.099012e-17
    outer loop
      vertex   -2.255262e+00 1.120848e+00 3.000000e+00
      vertex   -2.203719e+00 1.250591e+00 5.000000e+00
      vertex   -2.255262e+00 1.120848e+00 5.000000e+00
    endloop
  endfacet
  facet normal 9.492426e-01 -3.145448e-01 3.492148e-17
    outer loop
      vertex   -2.255262e+00 1.120848e+00 3.000000e+00
      vertex   -2.255262e+00 1.120848e+00 5.000000e+00
      vertex   -2.299175e+00 9.883277e-01 3.000000e+00
    endloop
  endfacet
  facet normal 9.492426e-01 -3.145448e-01 1.234705e-16
    outer loop
      vertex   -2.299175e+00 9.883277e-01 3.000000e+00
      vertex   -2.255262e+00 1.120848e+00 5.000000e+00
      vertex   -2.299175e+00 9.883277e-01 5.000000e+00
    endloop
  endfacet
  facet normal 9.659258e-01 -2.588190e-01 1.426419e-16
    outer loop
      vertex   -2.299175e+00 9.883277e-01 3.000000e+00
      vertex   -2.299175e+00 9.883277e-01 5.000000e+00
      vertex   -2.335308e+00 8.534780e-01 3.000000e+00
    endloop
  endfacet
  facet normal 9.659258e-01 -2.588190e-01 -2.873469e-17
    outer loop
      vertex   -2.335308e+00 8.534780e-01 3.000000e+00
      vertex   -2.299175e+00 9.883277e-01 5.000000e+00
      vertex   -2.335308e+00 8.534780e-01 5.000000e+00
    endloop
  endfacet
  facet normal 9.793406e-01 -2.022176e-01 -2.245066e-17
    outer loop
      vertex   -2.335308e+00 8.534780e-01 3.000000e+00
      vertex   -2.335308e+00 8.534780e-01 5.000000e+00
      vertex   -2.363539e+00 7.167556e-01 3.000000e+00
    endloop
  endfacet
  facet normal 9.793406e-01 -2.022176e-01 -1.122533e-17
    outer loop
      vertex   -2.363539e+00 7.167556e-01 3.000000e+00
      vertex   -2.335308e+00 8.534780e-01 5.000000e+00
      vertex   -2.363539e+00 7.167556e-01 5.000000e+00
    endloop
  endfacet
  facet normal 9.894416e-01 -1.449319e-01 -8.045334e-18
    outer loop
      vertex   -2.363539e+00 7.167556e-01 3.000000e+00
      vertex   -2.363539e+00 7.167556e-01 5.000000e+00
      vertex   -2.383772e+00 5.786229e-01 3.000000e+00
    endloop
  endfacet
  facet normal 9.894416e-01 -1.449319e-01 2.413600e-17
    outer loop
      vertex   -2.383772e+00 5.786229e-01 3.000000e+00
      vertex   -2.363539e+00 7.167556e-01 5.000000e+00
      vertex   -2.383772e+00 5.786229e-01 5.000000e+00
    endloop
  endfacet
  facet normal 9.961947e-01 -8.715574e-02 1.451435e-17
    outer loop
      vertex   -2.383772e+00 5.786229e-01 3.000000e+00
      vertex   -2.383772e+00 5.786229e-01 5.000000e+00
      vertex   -2.395940e+00 4.395475e-01 3.000000e+00
    endloop
  endfacet
  facet normal 9.961947e-01 -8.715574e-02 -2.419058e-17
    outer loop
      vertex   -2.395940e+00 4.395475e-01 3.000000e+00
      vertex   -2.383772e+00 5.786229e-01 5.000000e+00
      vertex   -2.395940e+00 4.395475e-01 5.000000e+00
    endloop
  endfacet
  facet normal 9.995770e-01 -2.908472e-02 -8.072631e-18
    outer loop
      vertex   -2.395940e+00 4.395475e-01 3.000000e+00
      vertex   -2.395940e+00 4.395475e-01 5.000000e+00
      vertex   -2.400000e+00 3.000000e-01 3.000000e+00
    endloop
  endfacet
  facet normal 9.995770e-01 -2.908472e-02 -4.843579e-18
    outer loop
      vertex   -2.400000e+00 3.000000e-01 3.000000e+00
      vertex   -2.395940e+00 4.395475e-01 5.000000e+00
      vertex   -2.400000e+00 3.000000e-01 5.000000e+00
    endloop
  endfacet
  facet normal 9.995770e-01 2.908472e-02 4.843579e-18
    outer loop
      vertex   -2.400000e+00 3.000000e-01 3.000000e+00
      vertex   -2.400000e+00 3.000000e-01 5.000000e+00
      vertex   -2.395940e+00 1.604524e-01 3.000000e+00
    endloop
  endfacet
  facet normal 9.995770e-01 2.908472e-02 4.036316e-19
    outer loop
      vertex   -2.395940e+00 1.604524e-01 3.000000e+00
      vertex   -2.400000e+00 3.000000e-01 5.000000e+00
      vertex   -2.395940e+00 1.604524e-01 5.000000e+00
    endloop
  endfacet
  facet normal 9.961947e-01 8.715574e-02 1.209529e-18
    outer loop
      vertex   -2.395940e+00 1.604524e-01 3.000000e+00
      vertex   -2.395940e+00 1.604524e-01 5.000000e+00
      vertex   -2.383772e+00 2.137696e-02 3.000000e+00
    endloop
  endfacet
  facet normal 9.961947e-01 8.715574e-02 2.121282e-16
    outer loop
      vertex   -2.383772e+00 2.137696e-02 3.000000e+00
      vertex   -2.395940e+00 1.604524e-01 5.000000e+00
      vertex   -2.383772e+00 2.137696e-02 5.000000e+00
    endloop
  endfacet
  facet normal 9.894416e-01 1.449319e-01 2.046152e-16
    outer loop
      vertex   -2.383772e+00 2.137696e-02 3.000000e+00
      vertex   -2.383772e+00 2.137696e-02 5.000000e+00
      vertex   -2.363539e+00 -1.167557e-01 3.000000e+00
    endloop
  endfacet
  facet normal 9.894416e-01 1.449319e-01 4.022667e-17
    outer loop
      vertex   -2.363539e+00 -1.167557e-01 3.000000e+00
      vertex   -2.383772e+00 2.137696e-02 5.000000e+00
      vertex   -2.363539e+00 -1.167557e-01 5.000000e+00
    endloop
  endfacet
  facet normal 9.793406e-01 2.022176e-01 5.612665e-17
    outer loop
      vertex   -2.363539e+00 -1.167557e-01 3.000000e+00
      vertex   -2.363539e+00 -1.167557e-01 5.000000e+00
      vertex   -2.335308e+00 -2.534781e-01 3.000000e+00
    endloop
  endfacet
  facet normal 9.793406e-01 2.022176e-01 -1.893940e-16
    outer loop
      vertex   -2.335308e+00 -2.534781e-01 3.000000e+00
      vertex   -2.363539e+00 -1.167557e-01 5.000000e+00
      vertex   -2.335308e+00 -2.534781e-01 5.000000e+00
    endloop
  endfacet
  facet normal 9.659258e-01 2.588190e-01 -1.785603e-16
    outer loop
      vertex   -2.335308e+00 -2.534781e-01 3.000000e+00
      vertex   -2.335308e+00 -2.534781e-01 5.000000e+00
      vertex   -2.299175e+00 -3.883278e-01 3.000000e+00
    endloop
  endfacet
  facet normal 9.659258e-01 2.588190e-01 -0.000000e+00
    outer loop
      vertex   -2.299175e+00 -3.883278e-01 3.000000e+00
      vertex   -2.335308e+00 -2.534781e-01 5.000000e+00
      vertex   -2.299175e+00 -3.883278e-01 5.000000e+00
    endloop
  endfacet
  facet normal 9.492426e-01 3.145448e-01 -0.000000e+00
    outer loop
      vertex   -2.299175e+00 -3.883278e-01 3.000000e+00
      vertex   -2.299175e+00 -3.883278e-01 5.000000e+00
      vertex   -2.255262e+00 -5.208484e-01 3.000000e+00
    endloop
  endfacet
  facet normal 9.492426e-01 3.145448e-01 -3.492148e-17
    outer loop
      vertex   -2.255262e+00 -5.208484e-01 3.000000e+00
      vertex   -2.299175e+00 -3.883278e-01 5.000000e+00
      vertex   -2.255262e+00 -5.208484e-01 5.000000e+00
    endloop
  endfacet
  facet normal 9.293475e-01 3.692061e-01 -4.099012e-17
    outer loop
      vertex   -2.255262e+00 -5.208484e-01 3.000000e+00
      vertex   -2.255262e+00 -5.208484e-01 5.000000e+00
      vertex   -2.203719e+00 -6.505915e-01 3.000000e+00
    endloop
  endfacet
  facet normal 9.293475e-01 3.692061e-01 8.198023e-17
    outer loop
      vertex   -2.203719e+00 -6.505915e-01 3.000000e+00
      vertex   -2.255262e+00 -5.208484e-01 5.000000e+00
      vertex   -2.203719e+00 -6.505915e-01 5.000000e+00
    endloop
  endfacet
  facet normal 9.063078e-01 4.226183e-01 9.384010e-17
    outer loop
      vertex   -2.203719e+00 -6.505915e-01 3.000000e+00
      vertex   -2.203719e+00 -6.505915e-01 5.000000e+00
      vertex   -2.144718e+00 -7.771181e-01 3.000000e+00
    endloop
  endfacet
  facet normal 9.063078e-01 4.226183e-01 -1.308607e-16
    outer loop
      vertex   -2.144718e+00 -7.771181e-01 3.000000e+00
      vertex   -2.203719e+00 -6.505915e-01 5.000000e+00
      vertex   -2.144718e+00 -7.771181e-01 5.000000e+00
    endloop
  endfacet
  facet normal 8.802014e-01 4.746004e-01 -1.164071e-16
    outer loop
      vertex   -2.144718e+00 -7.771181e-01 3.000000e+00
      vertex   -2.144718e+00 -7.771181e-01 5.000000e+00
      vertex   -2.078461e+00 -9.000000e-01 3.000000e+00
    endloop
  endfacet
  facet normal 8.802014e-01 4.746004e-01 -0.000000e+00
    outer loop
      vertex   -2.078461e+00 -9.000000e-01 3.000000e+00
      vertex   -2.144718e+00 -7.771181e-01 5.000000e+00
      vertex   -2.078461e+00 -9.000000e-01 5.000000e+00
    endloop
  endfacet
  facet normal 8.511167e-01 5.249766e-01 -0.000000e+00
    outer loop
      vertex   -2.078461e+00 -9.000000e-01 3.000000e+00
      vertex   -2.078461e+00 -9.000000e-01 5.000000e+00
      vertex   -2.005171e+00 -1.018822e+00 3.000000e+00
    endloop
  endfacet
  facet normal 8.511167e-01 5.249766e-01 -5.828411e-17
    outer loop
      vertex   -2.005171e+00 -1.018822e+00 3.000000e+00
      vertex   -2.078461e+00 -9.000000e-01 5.000000e+00
      vertex   -2.005171e+00 -1.018822e+00 5.000000e+00
    endloop
  endfacet
  facet normal 8.191520e-01 5.735764e-01 -6.367978e-17
    outer loop
      vertex   -2.005171e+00 -1.018822e+00 3.000000e+00
      vertex   -2.005171e+00 -1.018822e+00 5.000000e+00
      vertex   -1.925096e+00 -1.133181e+00 3.000000e+00
    endloop
  endfacet
  facet normal 8.191520e-01 5.735764e-01 -1.182085e-16
    outer loop
      vertex   -1.925096e+00 -1.133181e+00 3.000000e+00
      vertex   -2.005171e+00 -1.018822e+00 5.000000e+00
      vertex   -1.925096e+00 -1.133181e+00 5.000000e+00
    endloop
  endfacet
  facet normal 7.844157e-01 6.202355e-01 -1.053153e-16
    outer loop
      vertex   -1.925096e+00 -1.133181e+00 3.000000e+00
      vertex   -1.925096e+00 -1.133181e+00 5.000000e+00
      vertex   -1.838507e+00 -1.242690e+00 3.000000e+00
    endloop
  endfacet
  facet normal 7.844157e-01 6.202355e-01 -0.000000e+00
    outer loop
      vertex   -1.838507e+00 -1.242690e+00 3.000000e+00
      vertex   -1.925096e+00 -1.133181e+00 5.000000e+00
      vertex   -1.838507e+00 -1.242690e+00 5.000000e+00
    endloop
  endfacet
  facet normal 7.470251e-01 6.647959e-01 -0.000000e+00
    outer loop
      vertex   -1.838507e+00 -1.242690e+00 3.000000e+00
      vertex   -1.838507e+00 -1.242690e+00 5.000000e+00
      vertex   -1.745697e+00 -1.346980e+00 3.000000e+00
    endloop
  endfacet
  facet normal 7.470251e-01 6.647959e-01 1.825855e-17
    outer loop
      vertex   -1.745697e+00 -1.346980e+00 3.000000e+00
      vertex   -1.838507e+00 -1.242690e+00 5.000000e+00
      vertex   -1.745697e+00 -1.346980e+00 5.000000e+00
    endloop
  endfacet
  facet normal 7.071068e-01 7.071068e-01 0.000000e+00
    outer loop
      vertex   -1.745697e+00 -1.346980e+00 3.000000e+00
      vertex   -1.745697e+00 -1.346980e+00 5.000000e+00
      vertex   -1.646980e+00 -1.445697e+00 3.000000e+00
    endloop
  endfacet
  facet normal 7.071068e-01 7.071068e-01 -7.850462e-17
    outer loop
      vertex   -1.646980e+00 -1.445697e+00 3.000000e+00
      vertex   -1.745697e+00 -1.346980e+00 5.000000e+00
      vertex   -1.646980e+00 -1.445697e+00 5.000000e+00
    endloop
  endfacet
  facet normal 6.647959e-01 7.470251e-01 -8.293644e-17
    outer loop
      vertex   -1.646980e+00 -1.445697e+00 3.000000e+00
      vertex   -1.646980e+00 -1.445697e+00 5.000000e+00
      vertex   -1.542690e+00 -1.538507e+00 3.000000e+00
    endloop
  endfacet
  facet normal 6.647959e-01 7.470251e-01 9.129276e-18
    outer loop
      vertex   -1.542690e+00 -1.538507e+00 3.000000e+00
      vertex   -1.646980e+00 -1.445697e+00 5.000000e+00
      vertex   -1.542690e+00 -1.538507e+00 5.000000e+00
    endloop
  endfacet
  facet normal 6.202355e-01 7.844157e-01 1.822766e-17
    outer loop
      vertex   -1.542690e+00 -1.538507e+00 3.000000e+00
      vertex   -1.542690e+00 -1.538507e+00 5.000000e+00
      vertex   -1.433181e+00 -1.625096e+00 3.000000e+00
    endloop
  endfacet
  facet normal 6.202355e-01 7.844157e-01 -0.000000e+00
    outer loop
      vertex   -1.433181e+00 -1.625096e+00 3.000000e+00
      vertex   -1.542690e+00 -1.538507e+00 5.000000e+00
      vertex   -1.433181e+00 -1.625096e+00 5.000000e+00
    endloop
  endfacet
  facet normal 5.735764e-01 8.191520e-01 -0.000000e+00
    outer loop
      vertex   -1.433181e+00 -1.625096e+00 3.000000e+00
      vertex   -1.433181e+00 -1.625096e+00 5.000000e+00
      vertex   -1.318822e+00 -1.705171e+00 3.000000e+00
    endloop
  endfacet
  facet normal 5.735764e-01 8.191520e-01 -9.094415e-17
    outer loop
      vertex   -1.318822e+00 -1.705171e+00 3.000000e+00
      vertex   -1.433181e+00 -1.625096e+00 5.000000e+00
      vertex   -1.318822e+00 -1.705171e+00 5.000000e+00
    endloop
  endfacet
  facet normal 5.249766e-01 8.511167e-01 -9.449293e-17
    outer loop
      vertex   -1.318822e+00 -1.705171e+00 3.000000e+00
      vertex   -1.318822e+00 -1.705171e+00 5.000000e+00
      vertex   -1.200000e+00 -1.778461e+00 3.000000e+00
    endloop
  endfacet
  facet normal 5.249766e-01 8.511167e-01 3.620882e-17
    outer loop
      vertex   -1.200000e+00 -1.778461e+00 3.000000e+00
      vertex   -1.318822e+00 -1.705171e+00 5.000000e+00
      vertex   -1.200000e+00 -1.778461e+00 5.000000e+00
    endloop
  endfacet
  facet normal 4.746004e-01 8.802014e-01 4.503076e-17
    outer loop
      vertex   -1.200000e+00 -1.778461e+00 3.000000e+00
      vertex   -1.200000e+00 -1.778461e+00 5.000000e+00
      vertex   -1.077118e+00 -1.844718e+00 3.000000e+00
    endloop
  endfacet
  facet normal 4.746004e-01 8.802014e-01 -6.035169e-17
    outer loop
      vertex   -1.077118e+00 -1.844718e+00 3.000000e+00
      vertex   -1.200000e+00 -1.778461e+00 5.000000e+00
      vertex   -1.077118e+00 -1.844718e+00 5.000000e+00
    endloop
  endfacet
  facet normal 4.226183e-01 9.063078e-01 -4.013978e-17
    outer loop
      vertex   -1.077118e+00 -1.844718e+00 3.000000e+00
      vertex   -1.077118e+00 -1.844718e+00 5.000000e+00
      vertex   -9.505914e-01 -1.903719e+00 3.000000e+00
    endloop
  endfacet
  facet normal 4.226183e-01 9.063078e-01 -4.692005e-17
    outer loop
      vertex   -9.505914e-01 -1.903719e+00 3.000000e+00
      vertex   -1.077118e+00 -1.844718e+00 5.000000e+00
      vertex   -9.505914e-01 -1.903719e+00 5.000000e+00
    endloop
  endfacet
  facet normal 3.692061e-01 9.293475e-01 -4.099012e-17
    outer loop
      vertex   -9.505914e-01 -1.903719e+00 3.000000e+00
      vertex   -9.505914e-01 -1.903719e+00 5.000000e+00
      vertex   -8.208483e-01 -1.955262e+00 3.000000e+00
    endloop
  endfacet
  facet normal 3.692061e-01 9.293475e-01 -4.169313e-17
    outer loop
      vertex   -8.208483e-01 -1.955262e+00 3.000000e+00
      vertex   -9.505914e-01 -1.903719e+00 5.000000e+00
      vertex   -8.208483e-01 -1.955262e+00 5.000000e+00
    endloop
  endfacet
  facet normal 3.145448e-01 9.492426e-01 -5.300488e-17
    outer loop
      vertex   -8.208483e-01 -1.955262e+00 3.000000e+00
      vertex   -8.208483e-01 -1.955262e+00 5.000000e+00
      vertex   -6.883278e-01 -1.999175e+00 3.000000e+00
    endloop
  endfacet
  facet normal 3.145448e-01 9.492426e-01 1.234705e-16
    outer loop
      vertex   -6.883278e-01 -1.999175e+00 3.000000e+00
      vertex   -8.208483e-01 -1.955262e+00 5.000000e+00
      vertex   -6.883278e-01 -1.999175e+00 5.000000e+00
    endloop
  endfacet
  facet normal 2.588190e-01 9.659258e-01 1.426419e-16
    outer loop
      vertex   -6.883278e-01 -1.999175e+00 3.000000e+00
      vertex   -6.883278e-01 -1.999175e+00 5.000000e+00
      vertex   -5.534781e-01 -2.035308e+00 3.000000e+00
    endloop
  endfacet
  facet normal 2.588190e-01 9.659258e-01 -8.620406e-17
    outer loop
      vertex   -5.534781e-01 -2.035308e+00 3.000000e+00
      vertex   -6.883278e-01 -1.999175e+00 5.000000e+00
      vertex   -5.534781e-01 -2.035308e+00 5.000000e+00
    endloop
  endfacet
  facet normal 2.022176e-01 9.793406e-01 -6.735198e-17
    outer loop
      vertex   -5.534781e-01 -2.035308e+00 3.000000e+00
      vertex   -5.534781e-01 -2.035308e+00 5.000000e+00
      vertex   -4.167556e-01 -2.063539e+00 3.000000e+00
    endloop
  endfacet
  facet normal 2.022176e-01 9.793406e-01 -5.612665e-18
    outer loop
      vertex   -4.167556e-01 -2.063539e+00 3.000000e+00
      vertex   -5.534781e-01 -2.035308e+00 5.000000e+00
      vertex   -4.167556e-01 -2.063539e+00 5.000000e+00
    endloop
  endfacet
  facet normal 1.449319e-01 9.894416e-01 -4.022667e-18
    outer loop
      vertex   -4.167556e-01 -2.063539e+00 3.000000e+00
      vertex   -4.167556e-01 -2.063539e+00 5.000000e+00
      vertex   -2.786230e-01 -2.083772e+00 3.000000e+00
    endloop
  endfacet
  facet normal 1.449319e-01 9.894416e-01 3.620400e-17
    outer loop
      vertex   -2.786230e-01 -2.083772e+00 3.000000e+00
      vertex   -4.167556e-01 -2.063539e+00 5.000000e+00
      vertex   -2.786230e-01 -2.083772e+00 5.000000e+00
    endloop
  endfacet
  facet normal 8.715574e-02 9.961947e-01 2.177152e-17
    outer loop
      vertex   -2.786230e-01 -2.083772e+00 3.000000e+00
      vertex   -2.786230e-01 -2.083772e+00 5.000000e+00
      vertex   -1.395476e-01 -2.095940e+00 3.000000e+00
    endloop
  endfacet
  facet normal 8.715574e-02 9.961947e-01 -2.540011e-17
    outer loop
      vertex   -1.395476e-01 -2.095940e+00 3.000000e+00
      vertex   -2.786230e-01 -2.083772e+00 5.000000e+00
      vertex   -1.395476e-01 -2.095940e+00 5.000000e+00
    endloop
  endfacet
  facet normal -2.908440e-02 9.995770e-01 8.476169e-18
    outer loop
      vertex   1.395476e-01 -2.095940e+00 7.000000e+00
      vertex   1.395476e-01 -2.095940e+00 5.000000e+00
      vertex   0.000000e+00 -2.100000e+00 7.000000e+00
    endloop
  endfacet
  facet normal -2.908472e-02 9.995770e-01 -2.234229e-08
    outer loop
      vertex   0.000000e+00 -2.100000e+00 7.000000e+00
      vertex   1.395476e-01 -2.095940e+00 5.000000e+00
      vertex   -1.469576e-16 -2.100000e+00 5.000000e+00
    endloop
  endfacet
  facet normal 2.908440e-02 9.995770e-01 -2.234229e-08
    outer loop
      vertex   0.000000e+00 -2.100000e+00 7.000000e+00
      vertex   -1.469576e-16 -2.100000e+00 5.000000e+00
      vertex   -1.395476e-01 -2.095940e+00 7.000000e+00
    endloop
  endfacet
  facet normal 2.908472e-02 9.995770e-01 -7.669000e-18
    outer loop
      vertex   -1.395476e-01 -2.095940e+00 7.000000e+00
      vertex   -1.469576e-16 -2.100000e+00 5.000000e+00
      vertex   -1.395476e-01 -2.095940e+00 5.000000e+00
    endloop
  endfacet
  facet normal 8.715574e-02 9.961947e-01 -2.298105e-17
    outer loop
      vertex   -1.395476e-01 -2.095940e+00 7.000000e+00
      vertex   -1.395476e-01 -2.095940e+00 5.000000e+00
      vertex   -2.786230e-01 -2.083772e+00 7.000000e+00
    endloop
  endfacet
  facet normal 8.715574e-02 9.961947e-01 0.000000e+00
    outer loop
      vertex   -2.786230e-01 -2.083772e+00 7.000000e+00
      vertex   -1.395476e-01 -2.095940e+00 5.000000e+00
      vertex   -2.786230e-01 -2.083772e+00 5.000000e+00
    endloop
  endfacet
  facet normal 1.449319e-01 9.894416e-01 0.000000e+00
    outer loop
      vertex   -2.786230e-01 -2.083772e+00 7.000000e+00
      vertex   -2.786230e-01 -2.083772e+00 5.000000e+00
      vertex   -4.167556e-01 -2.063539e+00 7.000000e+00
    endloop
  endfacet
  facet normal 1.449319e-01 9.894416e-01 0.000000e+00
    outer loop
      vertex   -4.167556e-01 -2.063539e+00 7.000000e+00
      vertex   -2.786230e-01 -2.083772e+00 5.000000e+00
      vertex   -4.167556e-01 -2.063539e+00 5.000000e+00
    endloop
  endfacet
  facet normal 2.022176e-01 9.793406e-01 0.000000e+00
    outer loop
      vertex   -4.167556e-01 -2.063539e+00 7.000000e+00
      vertex   -4.167556e-01 -2.063539e+00 5.000000e+00
      vertex   -5.534781e-01 -2.035308e+00 7.000000e+00
    endloop
  endfacet
  facet normal 2.022176e-01 9.793406e-01 0.000000e+00
    outer loop
      vertex   -5.534781e-01 -2.035308e+00 7.000000e+00
      vertex   -4.167556e-01 -2.063539e+00 5.000000e+00
      vertex   -5.534781e-01 -2.035308e+00 5.000000e+00
    endloop
  endfacet
  facet normal 2.588190e-01 9.659258e-01 0.000000e+00
    outer loop
      vertex   -5.534781e-01 -2.035308e+00 7.000000e+00
      vertex   -5.534781e-01 -2.035308e+00 5.000000e+00
      vertex   -6.883278e-01 -1.999175e+00 7.000000e+00
    endloop
  endfacet
  facet normal 2.588190e-01 9.659258e-01 4.976994e-17
    outer loop
      vertex   -6.883278e-01 -1.999175e+00 7.000000e+00
      vertex   -5.534781e-01 -2.035308e+00 5.000000e+00
      vertex   -6.883278e-01 -1.999175e+00 5.000000e+00
    endloop
  endfacet
  facet normal 3.145448e-01 9.492426e-01 3.554414e-17
    outer loop
      vertex   -6.883278e-01 -1.999175e+00 7.000000e+00
      vertex   -6.883278e-01 -1.999175e+00 5.000000e+00
      vertex   -8.208483e-01 -1.955262e+00 7.000000e+00
    endloop
  endfacet
  facet normal 3.145448e-01 9.492426e-01 0.000000e+00
    outer loop
      vertex   -8.208483e-01 -1.955262e+00 7.000000e+00
      vertex   -6.883278e-01 -1.999175e+00 5.000000e+00
      vertex   -8.208483e-01 -1.955262e+00 5.000000e+00
    endloop
  endfacet
  facet normal 3.692061e-01 9.293475e-01 0.000000e+00
    outer loop
      vertex   -8.208483e-01 -1.955262e+00 7.000000e+00
      vertex   -8.208483e-01 -1.955262e+00 5.000000e+00
      vertex   -9.505914e-01 -1.903719e+00 7.000000e+00
    endloop
  endfacet
  facet normal 3.692061e-01 9.293475e-01 0.000000e+00
    outer loop
      vertex   -9.505914e-01 -1.903719e+00 7.000000e+00
      vertex   -8.208483e-01 -1.955262e+00 5.000000e+00
      vertex   -9.505914e-01 -1.903719e+00 5.000000e+00
    endloop
  endfacet
  facet normal 4.226183e-01 9.063078e-01 0.000000e+00
    outer loop
      vertex   -9.505914e-01 -1.903719e+00 7.000000e+00
      vertex   -9.505914e-01 -1.903719e+00 5.000000e+00
      vertex   -1.077118e+00 -1.844718e+00 7.000000e+00
    endloop
  endfacet
  facet normal 4.226183e-01 9.063078e-01 0.000000e+00
    outer loop
      vertex   -1.077118e+00 -1.844718e+00 7.000000e+00
      vertex   -9.505914e-01 -1.903719e+00 5.000000e+00
      vertex   -1.077118e+00 -1.844718e+00 5.000000e+00
    endloop
  endfacet
  facet normal 4.746004e-01 8.802014e-01 0.000000e+00
    outer loop
      vertex   -1.077118e+00 -1.844718e+00 7.000000e+00
      vertex   -1.077118e+00 -1.844718e+00 5.000000e+00
      vertex   -1.200000e+00 -1.778461e+00 7.000000e+00
    endloop
  endfacet
  facet normal 4.746004e-01 8.802014e-01 2.970983e-17
    outer loop
      vertex   -1.200000e+00 -1.778461e+00 7.000000e+00
      vertex   -1.077118e+00 -1.844718e+00 5.000000e+00
      vertex   -1.200000e+00 -1.778461e+00 5.000000e+00
    endloop
  endfacet
  facet normal 5.249766e-01 8.511167e-01 -7.941746e-18
    outer loop
      vertex   -1.200000e+00 -1.778461e+00 7.000000e+00
      vertex   -1.200000e+00 -1.778461e+00 5.000000e+00
      vertex   -1.318822e+00 -1.705171e+00 7.000000e+00
    endloop
  endfacet
  facet normal 5.249766e-01 8.511167e-01 0.000000e+00
    outer loop
      vertex   -1.318822e+00 -1.705171e+00 7.000000e+00
      vertex   -1.200000e+00 -1.778461e+00 5.000000e+00
      vertex   -1.318822e+00 -1.705171e+00 5.000000e+00
    endloop
  endfacet
  facet normal 5.735764e-01 8.191520e-01 0.000000e+00
    outer loop
      vertex   -1.318822e+00 -1.705171e+00 7.000000e+00
      vertex   -1.318822e+00 -1.705171e+00 5.000000e+00
      vertex   -1.433181e+00 -1.625096e+00 7.000000e+00
    endloop
  endfacet
  facet normal 5.735764e-01 8.191520e-01 -6.367978e-17
    outer loop
      vertex   -1.433181e+00 -1.625096e+00 7.000000e+00
      vertex   -1.318822e+00 -1.705171e+00 5.000000e+00
      vertex   -1.433181e+00 -1.625096e+00 5.000000e+00
    endloop
  endfacet
  facet normal 6.202355e-01 7.844157e-01 -6.885997e-17
    outer loop
      vertex   -1.433181e+00 -1.625096e+00 7.000000e+00
      vertex   -1.433181e+00 -1.625096e+00 5.000000e+00
      vertex   -1.542690e+00 -1.538507e+00 7.000000e+00
    endloop
  endfacet
  facet normal 6.202355e-01 7.844157e-01 1.053153e-16
    outer loop
      vertex   -1.542690e+00 -1.538507e+00 7.000000e+00
      vertex   -1.433181e+00 -1.625096e+00 5.000000e+00
      vertex   -1.542690e+00 -1.538507e+00 5.000000e+00
    endloop
  endfacet
  facet normal 6.647959e-01 7.470251e-01 9.206572e-17
    outer loop
      vertex   -1.542690e+00 -1.538507e+00 7.000000e+00
      vertex   -1.542690e+00 -1.538507e+00 5.000000e+00
      vertex   -1.646980e+00 -1.445697e+00 7.000000e+00
    endloop
  endfacet
  facet normal 6.647959e-01 7.470251e-01 2.214215e-16
    outer loop
      vertex   -1.646980e+00 -1.445697e+00 7.000000e+00
      vertex   -1.542690e+00 -1.538507e+00 5.000000e+00
      vertex   -1.646980e+00 -1.445697e+00 5.000000e+00
    endloop
  endfacet
  facet normal 7.071068e-01 7.071068e-01 2.355139e-16
    outer loop
      vertex   -1.646980e+00 -1.445697e+00 7.000000e+00
      vertex   -1.646980e+00 -1.445697e+00 5.000000e+00
      vertex   -1.745697e+00 -1.346980e+00 7.000000e+00
    endloop
  endfacet
  facet normal 7.071068e-01 7.071068e-01 0.000000e+00
    outer loop
      vertex   -1.745697e+00 -1.346980e+00 7.000000e+00
      vertex   -1.646980e+00 -1.445697e+00 5.000000e+00
      vertex   -1.745697e+00 -1.346980e+00 5.000000e+00
    endloop
  endfacet
  facet normal 7.470251e-01 6.647959e-01 0.000000e+00
    outer loop
      vertex   -1.745697e+00 -1.346980e+00 7.000000e+00
      vertex   -1.745697e+00 -1.346980e+00 5.000000e+00
      vertex   -1.838507e+00 -1.242690e+00 7.000000e+00
    endloop
  endfacet
  facet normal 7.470251e-01 6.647959e-01 -8.293644e-17
    outer loop
      vertex   -1.838507e+00 -1.242690e+00 7.000000e+00
      vertex   -1.745697e+00 -1.346980e+00 5.000000e+00
      vertex   -1.838507e+00 -1.242690e+00 5.000000e+00
    endloop
  endfacet
  facet normal 7.844157e-01 6.202355e-01 -8.708763e-17
    outer loop
      vertex   -1.838507e+00 -1.242690e+00 7.000000e+00
      vertex   -1.838507e+00 -1.242690e+00 5.000000e+00
      vertex   -1.925096e+00 -1.133181e+00 7.000000e+00
    endloop
  endfacet
  facet normal 7.844157e-01 6.202355e-01 1.194923e-16
    outer loop
      vertex   -1.925096e+00 -1.133181e+00 7.000000e+00
      vertex   -1.838507e+00 -1.242690e+00 5.000000e+00
      vertex   -1.925096e+00 -1.133181e+00 5.000000e+00
    endloop
  endfacet
  facet normal 8.191520e-01 5.735764e-01 1.000952e-16
    outer loop
      vertex   -1.925096e+00 -1.133181e+00 7.000000e+00
      vertex   -1.925096e+00 -1.133181e+00 5.000000e+00
      vertex   -2.005171e+00 -1.018822e+00 7.000000e+00
    endloop
  endfacet
  facet normal 8.191520e-01 5.735764e-01 1.182085e-16
    outer loop
      vertex   -2.005171e+00 -1.018822e+00 7.000000e+00
      vertex   -1.925096e+00 -1.133181e+00 5.000000e+00
      vertex   -2.005171e+00 -1.018822e+00 5.000000e+00
    endloop
  endfacet
  facet normal 8.511167e-01 5.249766e-01 1.307018e-16
    outer loop
      vertex   -2.005171e+00 -1.018822e+00 7.000000e+00
      vertex   -2.005171e+00 -1.018822e+00 5.000000e+00
      vertex   -2.078461e+00 -9.000000e-01 7.000000e+00
    endloop
  endfacet
  facet normal 8.511167e-01 5.249766e-01 0.000000e+00
    outer loop
      vertex   -2.078461e+00 -9.000000e-01 7.000000e+00
      vertex   -2.005171e+00 -1.018822e+00 5.000000e+00
      vertex   -2.078461e+00 -9.000000e-01 5.000000e+00
    endloop
  endfacet
  facet normal 8.802014e-01 4.746004e-01 0.000000e+00
    outer loop
      vertex   -2.078461e+00 -9.000000e-01 7.000000e+00
      vertex   -2.078461e+00 -9.000000e-01 5.000000e+00
      vertex   -2.144718e+00 -7.771181e-01 7.000000e+00
    endloop
  endfacet
  facet normal 8.802014e-01 4.746004e-01 5.269123e-17
    outer loop
      vertex   -2.144718e+00 -7.771181e-01 7.000000e+00
      vertex   -2.078461e+00 -9.000000e-01 5.000000e+00
      vertex   -2.144718e+00 -7.771181e-01 5.000000e+00
    endloop
  endfacet
  facet normal 9.063078e-01 4.226183e-01 4.692005e-17
    outer loop
      vertex   -2.144718e+00 -7.771181e-01 7.000000e+00
      vertex   -2.144718e+00 -7.771181e-01 5.000000e+00
      vertex   -2.203719e+00 -6.505915e-01 7.000000e+00
    endloop
  endfacet
  facet normal 9.063078e-01 4.226183e-01 7.038008e-17
    outer loop
      vertex   -2.203719e+00 -6.505915e-01 7.000000e+00
      vertex   -2.144718e+00 -7.771181e-01 5.000000e+00
      vertex   -2.203719e+00 -6.505915e-01 5.000000e+00
    endloop
  endfacet
  facet normal 9.293475e-01 3.692061e-01 6.148517e-17
    outer loop
      vertex   -2.203719e+00 -6.505915e-01 7.000000e+00
      vertex   -2.203719e+00 -6.505915e-01 5.000000e+00
      vertex   -2.255262e+00 -5.208484e-01 7.000000e+00
    endloop
  endfacet
  facet normal 9.293475e-01 3.692061e-01 -4.099012e-17
    outer loop
      vertex   -2.255262e+00 -5.208484e-01 7.000000e+00
      vertex   -2.203719e+00 -6.505915e-01 5.000000e+00
      vertex   -2.255262e+00 -5.208484e-01 5.000000e+00
    endloop
  endfacet
  facet normal 9.492426e-01 3.145448e-01 -3.492148e-17
    outer loop
      vertex   -2.255262e+00 -5.208484e-01 7.000000e+00
      vertex   -2.255262e+00 -5.208484e-01 5.000000e+00
      vertex   -2.299175e+00 -3.883278e-01 7.000000e+00
    endloop
  endfacet
  facet normal 9.492426e-01 3.145448e-01 0.000000e+00
    outer loop
      vertex   -2.299175e+00 -3.883278e-01 7.000000e+00
      vertex   -2.255262e+00 -5.208484e-01 5.000000e+00
      vertex   -2.299175e+00 -3.883278e-01 5.000000e+00
    endloop
  endfacet
  facet normal 9.659258e-01 2.588190e-01 0.000000e+00
    outer loop
      vertex   -2.299175e+00 -3.883278e-01 7.000000e+00
      vertex   -2.299175e+00 -3.883278e-01 5.000000e+00
      vertex   -2.335308e+00 -2.534781e-01 7.000000e+00
    endloop
  endfacet
  facet normal 9.659258e-01 2.588190e-01 2.873469e-17
    outer loop
      vertex   -2.335308e+00 -2.534781e-01 7.000000e+00
      vertex   -2.299175e+00 -3.883278e-01 5.000000e+00
      vertex   -2.335308e+00 -2.534781e-01 5.000000e+00
    endloop
  endfacet
  facet normal 9.793406e-01 2.022176e-01 2.245066e-17
    outer loop
      vertex   -2.335308e+00 -2.534781e-01 7.000000e+00
      vertex   -2.335308e+00 -2.534781e-01 5.000000e+00
      vertex   -2.363539e+00 -1.167557e-01 7.000000e+00
    endloop
  endfacet
  facet normal 9.793406e-01 2.022176e-01 -1.613307e-16
    outer loop
      vertex   -2.363539e+00 -1.167557e-01 7.000000e+00
      vertex   -2.335308e+00 -2.534781e-01 5.000000e+00
      vertex   -2.363539e+00 -1.167557e-01 5.000000e+00
    endloop
  endfacet
  facet normal 9.894416e-01 1.449319e-01 -1.794735e-16
    outer loop
      vertex   -2.363539e+00 -1.167557e-01 7.000000e+00
      vertex   -2.363539e+00 -1.167557e-01 5.000000e+00
      vertex   -2.383772e+00 2.137696e-02 7.000000e+00
    endloop
  endfacet
  facet normal 9.894416e-01 1.449319e-01 -1.759917e-17
    outer loop
      vertex   -2.383772e+00 2.137696e-02 7.000000e+00
      vertex   -2.363539e+00 -1.167557e-01 5.000000e+00
      vertex   -2.383772e+00 2.137696e-02 5.000000e+00
    endloop
  endfacet
  facet normal 9.961947e-01 8.715574e-02 -1.058338e-17
    outer loop
      vertex   -2.383772e+00 2.137696e-02 7.000000e+00
      vertex   -2.383772e+00 2.137696e-02 5.000000e+00
      vertex   -2.395940e+00 1.604524e-01 7.000000e+00
    endloop
  endfacet
  facet normal 9.961947e-01 8.715574e-02 1.209529e-18
    outer loop
      vertex   -2.395940e+00 1.604524e-01 7.000000e+00
      vertex   -2.383772e+00 2.137696e-02 5.000000e+00
      vertex   -2.395940e+00 1.604524e-01 5.000000e+00
    endloop
  endfacet
  facet normal 9.995770e-01 2.908472e-02 4.036316e-19
    outer loop
      vertex   -2.395940e+00 1.604524e-01 7.000000e+00
      vertex   -2.395940e+00 1.604524e-01 5.000000e+00
      vertex   -2.400000e+00 3.000000e-01 7.000000e+00
    endloop
  endfacet
  facet normal 9.995770e-01 2.908472e-02 4.036316e-18
    outer loop
      vertex   -2.400000e+00 3.000000e-01 7.000000e+00
      vertex   -2.395940e+00 1.604524e-01 5.000000e+00
      vertex   -2.400000e+00 3.000000e-01 5.000000e+00
    endloop
  endfacet
  facet normal 9.995770e-01 -2.908472e-02 -4.036316e-18
    outer loop
      vertex   -2.400000e+00 3.000000e-01 7.000000e+00
      vertex   -2.400000e+00 3.000000e-01 5.000000e+00
      vertex   -2.395940e+00 4.395475e-01 7.000000e+00
    endloop
  endfacet
  facet normal 9.995770e-01 -2.908472e-02 -8.072631e-18
    outer loop
      vertex   -2.395940e+00 4.395475e-01 7.000000e+00
      vertex   -2.400000e+00 3.000000e-01 5.000000e+00
      vertex   -2.395940e+00 4.395475e-01 5.000000e+00
    endloop
  endfacet
  facet normal 9.961947e-01 -8.715574e-02 -2.419058e-17
    outer loop
      vertex   -2.395940e+00 4.395475e-01 7.000000e+00
      vertex   -2.395940e+00 4.395475e-01 5.000000e+00
      vertex   -2.383772e+00 5.786229e-01 7.000000e+00
    endloop
  endfacet
  facet normal 9.961947e-01 -8.715574e-02 9.676231e-18
    outer loop
      vertex   -2.383772e+00 5.786229e-01 7.000000e+00
      vertex   -2.395940e+00 4.395475e-01 5.000000e+00
      vertex   -2.383772e+00 5.786229e-01 5.000000e+00
    endloop
  endfacet
  facet normal 9.894416e-01 -1.449319e-01 1.609067e-17
    outer loop
      vertex   -2.383772e+00 5.786229e-01 7.000000e+00
      vertex   -2.383772e+00 5.786229e-01 5.000000e+00
      vertex   -2.363539e+00 7.167556e-01 7.000000e+00
    endloop
  endfacet
  facet normal 9.894416e-01 -1.449319e-01 0.000000e+00
    outer loop
      vertex   -2.363539e+00 7.167556e-01 7.000000e+00
      vertex   -2.383772e+00 5.786229e-01 5.000000e+00
      vertex   -2.363539e+00 7.167556e-01 5.000000e+00
    endloop
  endfacet
  facet normal 9.793406e-01 -2.022176e-01 0.000000e+00
    outer loop
      vertex   -2.363539e+00 7.167556e-01 7.000000e+00
      vertex   -2.363539e+00 7.167556e-01 5.000000e+00
      vertex   -2.335308e+00 8.534780e-01 7.000000e+00
    endloop
  endfacet
  facet normal 9.793406e-01 -2.022176e-01 -3.367599e-17
    outer loop
      vertex   -2.335308e+00 8.534780e-01 7.000000e+00
      vertex   -2.363539e+00 7.167556e-01 5.000000e+00
      vertex   -2.335308e+00 8.534780e-01 5.000000e+00
    endloop
  endfacet
  facet normal 9.659258e-01 -2.588190e-01 -4.310203e-17
    outer loop
      vertex   -2.335308e+00 8.534780e-01 7.000000e+00
      vertex   -2.335308e+00 8.534780e-01 5.000000e+00
      vertex   -2.299175e+00 9.883277e-01 7.000000e+00
    endloop
  endfacet
  facet normal 9.659258e-01 -2.588190e-01 -5.746937e-17
    outer loop
      vertex   -2.299175e+00 9.883277e-01 7.000000e+00
      vertex   -2.335308e+00 8.534780e-01 5.000000e+00
      vertex   -2.299175e+00 9.883277e-01 5.000000e+00
    endloop
  endfacet
  facet normal 9.492426e-01 -3.145448e-01 -6.984297e-17
    outer loop
      vertex   -2.299175e+00 9.883277e-01 7.000000e+00
      vertex   -2.299175e+00 9.883277e-01 5.000000e+00
      vertex   -2.255262e+00 1.120848e+00 7.000000e+00
    endloop
  endfacet
  facet normal 9.492426e-01 -3.145448e-01 3.492148e-17
    outer loop
      vertex   -2.255262e+00 1.120848e+00 7.000000e+00
      vertex   -2.299175e+00 9.883277e-01 5.000000e+00
      vertex   -2.255262e+00 1.120848e+00 5.000000e+00
    endloop
  endfacet
  facet normal 9.293475e-01 -3.692061e-01 4.099012e-17
    outer loop
      vertex   -2.255262e+00 1.120848e+00 7.000000e+00
      vertex   -2.255262e+00 1.120848e+00 5.000000e+00
      vertex   -2.203719e+00 1.250591e+00 7.000000e+00
    endloop
  endfacet
  facet normal 9.293475e-01 -3.692061e-01 0.000000e+00
    outer loop
      vertex   -2.203719e+00 1.250591e+00 7.000000e+00
      vertex   -2.255262e+00 1.120848e+00 5.000000e+00
      vertex   -2.203719e+00 1.250591e+00 5.000000e+00
    endloop
  endfacet
  facet normal 9.063078e-01 -4.226183e-01 0.000000e+00
    outer loop
      vertex   -2.203719e+00 1.250591e+00 7.000000e+00
      vertex   -2.203719e+00 1.250591e+00 5.000000e+00
      vertex   -2.144718e+00 1.377118e+00 7.000000e+00
    endloop
  endfacet
  facet normal 9.063078e-01 -4.226183e-01 -1.407602e-16
    outer loop
      vertex   -2.144718e+00 1.377118e+00 7.000000e+00
      vertex   -2.203719e+00 1.250591e+00 5.000000e+00
      vertex   -2.144718e+00 1.377118e+00 5.000000e+00
    endloop
  endfacet
  facet normal 8.802014e-01 -4.746004e-01 -1.580737e-16
    outer loop
      vertex   -2.144718e+00 1.377118e+00 7.000000e+00
      vertex   -2.144718e+00 1.377118e+00 5.000000e+00
      vertex   -2.078461e+00 1.500000e+00 7.000000e+00
    endloop
  endfacet
  facet normal 8.802014e-01 -4.746004e-01 7.474059e-17
    outer loop
      vertex   -2.078461e+00 1.500000e+00 7.000000e+00
      vertex   -2.144718e+00 1.377118e+00 5.000000e+00
      vertex   -2.078461e+00 1.500000e+00 5.000000e+00
    endloop
  endfacet
  facet normal 8.511167e-01 -5.249766e-01 2.826708e-17
    outer loop
      vertex   -2.078461e+00 1.500000e+00 7.000000e+00
      vertex   -2.078461e+00 1.500000e+00 5.000000e+00
      vertex   -2.005171e+00 1.618822e+00 7.000000e+00
    endloop
  endfacet
  facet normal 8.511167e-01 -5.249766e-01 0.000000e+00
    outer loop
      vertex   -2.005171e+00 1.618822e+00 7.000000e+00
      vertex   -2.078461e+00 1.500000e+00 5.000000e+00
      vertex   -2.005171e+00 1.618822e+00 5.000000e+00
    endloop
  endfacet
  facet normal 8.191520e-01 -5.735764e-01 0.000000e+00
    outer loop
      vertex   -2.005171e+00 1.618822e+00 7.000000e+00
      vertex   -2.005171e+00 1.618822e+00 5.000000e+00
      vertex   -1.925096e+00 1.733181e+00 7.000000e+00
    endloop
  endfacet
  facet normal 8.191520e-01 -5.735764e-01 -6.367978e-17
    outer loop
      vertex   -1.925096e+00 1.733181e+00 7.000000e+00
      vertex   -2.005171e+00 1.618822e+00 5.000000e+00
      vertex   -1.925096e+00 1.733181e+00 5.000000e+00
    endloop
  endfacet
  facet normal 7.844157e-01 -6.202355e-01 -6.885997e-17
    outer loop
      vertex   -1.925096e+00 1.733181e+00 7.000000e+00
      vertex   -1.925096e+00 1.733181e+00 5.000000e+00
      vertex   -1.838507e+00 1.842690e+00 7.000000e+00
    endloop
  endfacet
  facet normal 7.844157e-01 -6.202355e-01 3.645532e-17
    outer loop
      vertex   -1.838507e+00 1.842690e+00 7.000000e+00
      vertex   -1.925096e+00 1.733181e+00 5.000000e+00
      vertex   -1.838507e+00 1.842690e+00 5.000000e+00
    endloop
  endfacet
  facet normal 7.470251e-01 -6.647959e-01 1.825855e-17
    outer loop
      vertex   -1.838507e+00 1.842690e+00 7.000000e+00
      vertex   -1.838507e+00 1.842690e+00 5.000000e+00
      vertex   -1.745697e+00 1.946980e+00 7.000000e+00
    endloop
  endfacet
  facet normal 7.470251e-01 -6.647959e-01 2.738783e-17
    outer loop
      vertex   -1.745697e+00 1.946980e+00 7.000000e+00
      vertex   -1.838507e+00 1.842690e+00 5.000000e+00
      vertex   -1.745697e+00 1.946980e+00 5.000000e+00
    endloop
  endfacet
  facet normal 7.071068e-01 -7.071068e-01 0.000000e+00
    outer loop
      vertex   -1.745697e+00 1.946980e+00 7.000000e+00
      vertex   -1.745697e+00 1.946980e+00 5.000000e+00
      vertex   -1.646980e+00 2.045697e+00 7.000000e+00
    endloop
  endfacet
  facet normal 7.071068e-01 -7.071068e-01 0.000000e+00
    outer loop
      vertex   -1.646980e+00 2.045697e+00 7.000000e+00
      vertex   -1.745697e+00 1.946980e+00 5.000000e+00
      vertex   -1.646980e+00 2.045697e+00 5.000000e+00
    endloop
  endfacet
  facet normal 6.647959e-01 -7.470251e-01 0.000000e+00
    outer loop
      vertex   -1.646980e+00 2.045697e+00 7.000000e+00
      vertex   -1.646980e+00 2.045697e+00 5.000000e+00
      vertex   -1.542690e+00 2.138507e+00 7.000000e+00
    endloop
  endfacet
  facet normal 6.647959e-01 -7.470251e-01 0.000000e+00
    outer loop
      vertex   -1.542690e+00 2.138507e+00 7.000000e+00
      vertex   -1.646980e+00 2.045697e+00 5.000000e+00
      vertex   -1.542690e+00 2.138507e+00 5.000000e+00
    endloop
  endfacet
  facet normal 6.202355e-01 -7.844157e-01 0.000000e+00
    outer loop
      vertex   -1.542690e+00 2.138507e+00 7.000000e+00
      vertex   -1.542690e+00 2.138507e+00 5.000000e+00
      vertex   -1.433181e+00 2.225096e+00 7.000000e+00
    endloop
  endfacet
  facet normal 6.202355e-01 -7.844157e-01 1.377199e-16
    outer loop
      vertex   -1.433181e+00 2.225096e+00 7.000000e+00
      vertex   -1.542690e+00 2.138507e+00 5.000000e+00
      vertex   -1.433181e+00 2.225096e+00 5.000000e+00
    endloop
  endfacet
  facet normal 5.735764e-01 -8.191520e-01 1.273596e-16
    outer loop
      vertex   -1.433181e+00 2.225096e+00 7.000000e+00
      vertex   -1.433181e+00 2.225096e+00 5.000000e+00
      vertex   -1.318822e+00 2.305171e+00 7.000000e+00
    endloop
  endfacet
  facet normal 5.735764e-01 -8.191520e-01 -6.367978e-17
    outer loop
      vertex   -1.318822e+00 2.305171e+00 7.000000e+00
      vertex   -1.433181e+00 2.225096e+00 5.000000e+00
      vertex   -1.318822e+00 2.305171e+00 5.000000e+00
    endloop
  endfacet
  facet normal 5.249766e-01 -8.511167e-01 -5.828411e-17
    outer loop
      vertex   -1.318822e+00 2.305171e+00 7.000000e+00
      vertex   -1.318822e+00 2.305171e+00 5.000000e+00
      vertex   -1.200000e+00 2.378461e+00 7.000000e+00
    endloop
  endfacet
  facet normal 5.249766e-01 -8.511167e-01 0.000000e+00
    outer loop
      vertex   -1.200000e+00 2.378461e+00 7.000000e+00
      vertex   -1.318822e+00 2.305171e+00 5.000000e+00
      vertex   -1.200000e+00 2.378461e+00 5.000000e+00
    endloop
  endfacet
  facet normal 4.746004e-01 -8.802014e-01 0.000000e+00
    outer loop
      vertex   -1.200000e+00 2.378461e+00 7.000000e+00
      vertex   -1.200000e+00 2.378461e+00 5.000000e+00
      vertex   -1.077118e+00 2.444718e+00 7.000000e+00
    endloop
  endfacet
  facet normal 4.746004e-01 -8.802014e-01 0.000000e+00
    outer loop
      vertex   -1.077118e+00 2.444718e+00 7.000000e+00
      vertex   -1.200000e+00 2.378461e+00 5.000000e+00
      vertex   -1.077118e+00 2.444718e+00 5.000000e+00
    endloop
  endfacet
  facet normal 4.226183e-01 -9.063078e-01 0.000000e+00
    outer loop
      vertex   -1.077118e+00 2.444718e+00 7.000000e+00
      vertex   -1.077118e+00 2.444718e+00 5.000000e+00
      vertex   -9.505914e-01 2.503719e+00 7.000000e+00
    endloop
  endfacet
  facet normal 4.226183e-01 -9.063078e-01 -2.111402e-16
    outer loop
      vertex   -9.505914e-01 2.503719e+00 7.000000e+00
      vertex   -1.077118e+00 2.444718e+00 5.000000e+00
      vertex   -9.505914e-01 2.503719e+00 5.000000e+00
    endloop
  endfacet
  facet normal 3.692061e-01 -9.293475e-01 -1.844555e-16
    outer loop
      vertex   -9.505914e-01 2.503719e+00 7.000000e+00
      vertex   -9.505914e-01 2.503719e+00 5.000000e+00
      vertex   -8.208483e-01 2.555262e+00 7.000000e+00
    endloop
  endfacet
  facet normal 3.692061e-01 -9.293475e-01 -4.346143e-16
    outer loop
      vertex   -8.208483e-01 2.555262e+00 7.000000e+00
      vertex   -9.505914e-01 2.503719e+00 5.000000e+00
      vertex   -8.208483e-01 2.555262e+00 5.000000e+00
    endloop
  endfacet
  facet normal 3.145448e-01 -9.492426e-01 -4.751759e-16
    outer loop
      vertex   -8.208483e-01 2.555262e+00 7.000000e+00
      vertex   -8.208483e-01 2.555262e+00 5.000000e+00
      vertex   -6.883278e-01 2.599175e+00 7.000000e+00
    endloop
  endfacet
  facet normal 3.145448e-01 -9.492426e-01 0.000000e+00
    outer loop
      vertex   -6.883278e-01 2.599175e+00 7.000000e+00
      vertex   -8.208483e-01 2.555262e+00 5.000000e+00
      vertex   -6.883278e-01 2.599175e+00 5.000000e+00
    endloop
  endfacet
  facet normal 2.588190e-01 -9.659258e-01 0.000000e+00
    outer loop
      vertex   -6.883278e-01 2.599175e+00 7.000000e+00
      vertex   -6.883278e-01 2.599175e+00 5.000000e+00
      vertex   -5.534781e-01 2.635308e+00 7.000000e+00
    endloop
  endfacet
  facet normal 2.588190e-01 -9.659258e-01 0.000000e+00
    outer loop
      vertex   -5.534781e-01 2.635308e+00 7.000000e+00
      vertex   -6.883278e-01 2.599175e+00 5.000000e+00
      vertex   -5.534781e-01 2.635308e+00 5.000000e+00
    endloop
  endfacet
  facet normal 2.022176e-01 -9.793406e-01 0.000000e+00
    outer loop
      vertex   -5.534781e-01 2.635308e+00 7.000000e+00
      vertex   -5.534781e-01 2.635308e+00 5.000000e+00
      vertex   -4.167556e-01 2.663539e+00 7.000000e+00
    endloop
  endfacet
  facet normal 2.022176e-01 -9.793406e-01 0.000000e+00
    outer loop
      vertex   -4.167556e-01 2.663539e+00 7.000000e+00
      vertex   -5.534781e-01 2.635308e+00 5.000000e+00
      vertex   -4.167556e-01 2.663539e+00 5.000000e+00
    endloop
  endfacet
  facet normal 1.449319e-01 -9.894416e-01 0.000000e+00
    outer loop
      vertex   -4.167556e-01 2.663539e+00 7.000000e+00
      vertex   -4.167556e-01 2.663539e+00 5.000000e+00
      vertex   -2.786230e-01 2.683772e+00 7.000000e+00
    endloop
  endfacet
  facet normal 1.449319e-01 -9.894416e-01 0.000000e+00
    outer loop
      vertex   -2.786230e-01 2.683772e+00 7.000000e+00
      vertex   -4.167556e-01 2.663539e+00 5.000000e+00
      vertex   -2.786230e-01 2.683772e+00 5.000000e+00
    endloop
  endfacet
  facet normal 8.715574e-02 -9.961947e-01 0.000000e+00
    outer loop
      vertex   -2.786230e-01 2.683772e+00 7.000000e+00
      vertex   -2.786230e-01 2.683772e+00 5.000000e+00
      vertex   -1.395476e-01 2.695940e+00 7.000000e+00
    endloop
  endfacet
  facet normal 8.715574e-02 -9.961947e-01 0.000000e+00
    outer loop
      vertex   -1.395476e-01 2.695940e+00 7.000000e+00
      vertex   -2.786230e-01 2.683772e+00 5.000000e+00
      vertex   -1.395476e-01 2.695940e+00 5.000000e+00
    endloop
  endfacet
  facet normal 2.908472e-02 -9.995770e-01 0.000000e+00
    outer loop
      vertex   -1.395476e-01 2.695940e+00 7.000000e+00
      vertex   -1.395476e-01 2.695940e+00 5.000000e+00
      vertex   -1.469576e-16 2.700000e+00 7.000000e+00
    endloop
  endfacet
  facet normal 2.908472e-02 -9.995770e-01 0.000000e+00
    outer loop
      vertex   -1.469576e-16 2.700000e+00 7.000000e+00
      vertex   -1.395476e-01 2.695940e+00 5.000000e+00
      vertex   -1.469576e-16 2.700000e+00 5.000000e+00
    endloop
  endfacet
  facet normal -2.908472e-02 -9.995770e-01 -0.000000e+00
    outer loop
      vertex   -1.469576e-16 2.700000e+00 7.000000e+00
      vertex   -1.469576e-16 2.700000e+00 5.000000e+00
      vertex   1.395476e-01 2.695940e+00 7.000000e+00
    endloop
  endfacet
  facet normal -2.908472e-02 -9.995770e-01 1.533800e-17
    outer loop
      vertex   1.395476e-01 2.695940e+00 7.000000e+00
      vertex   -1.469576e-16 2.700000e+00 5.000000e+00
      vertex   1.395476e-01 2.695940e+00 5.000000e+00
    endloop
  endfacet
  facet normal -8.715574e-02 -9.961947e-01 4.596210e-17
    outer loop
      vertex   1.395476e-01 2.695940e+00 7.000000e+00
      vertex   1.395476e-01 2.695940e+00 5.000000e+00
      vertex   2.786230e-01 2.683772e+00 7.000000e+00
    endloop
  endfacet
  facet normal -8.715574e-02 -9.961947e-01 -4.838116e-17
    outer loop
      vertex   2.786230e-01 2.683772e+00 7.000000e+00
      vertex   1.395476e-01 2.695940e+00 5.000000e+00
      vertex   2.786230e-01 2.683772e+00 5.000000e+00
    endloop
  endfacet
  facet normal -1.449319e-01 -9.894416e-01 -8.045334e-17
    outer loop
      vertex   2.786230e-01 2.683772e+00 7.000000e+00
      vertex   2.786230e-01 2.683772e+00 5.000000e+00
      vertex   4.167556e-01 2.663539e+00 7.000000e+00
    endloop
  endfacet
  facet normal -1.449319e-01 -9.894416e-01 -0.000000e+00
    outer loop
      vertex   4.167556e-01 2.663539e+00 7.000000e+00
      vertex   2.786230e-01 2.683772e+00 5.000000e+00
      vertex   4.167556e-01 2.663539e+00 5.000000e+00
    endloop
  endfacet
  facet normal -2.022176e-01 -9.793406e-01 -0.000000e+00
    outer loop
      vertex   4.167556e-01 2.663539e+00 7.000000e+00
      vertex   4.167556e-01 2.663539e+00 5.000000e+00
      vertex   5.534781e-01 2.635308e+00 7.000000e+00
    endloop
  endfacet
  facet normal -2.022176e-01 -9.793406e-01 -0.000000e+00
    outer loop
      vertex   5.534781e-01 2.635308e+00 7.000000e+00
      vertex   4.167556e-01 2.663539e+00 5.000000e+00
      vertex   5.534781e-01 2.635308e+00 5.000000e+00
    endloop
  endfacet
  facet normal -2.588190e-01 -9.659258e-01 -0.000000e+00
    outer loop
      vertex   5.534781e-01 2.635308e+00 7.000000e+00
      vertex   5.534781e-01 2.635308e+00 5.000000e+00
      vertex   6.883278e-01 2.599175e+00 7.000000e+00
    endloop
  endfacet
  facet normal -2.588190e-01 -9.659258e-01 -0.000000e+00
    outer loop
      vertex   6.883278e-01 2.599175e+00 7.000000e+00
      vertex   5.534781e-01 2.635308e+00 5.000000e+00
      vertex   6.883278e-01 2.599175e+00 5.000000e+00
    endloop
  endfacet
  facet normal -3.145448e-01 -9.492426e-01 -0.000000e+00
    outer loop
      vertex   6.883278e-01 2.599175e+00 7.000000e+00
      vertex   6.883278e-01 2.599175e+00 5.000000e+00
      vertex   8.208483e-01 2.555262e+00 7.000000e+00
    endloop
  endfacet
  facet normal -3.145448e-01 -9.492426e-01 -0.000000e+00
    outer loop
      vertex   8.208483e-01 2.555262e+00 7.000000e+00
      vertex   6.883278e-01 2.599175e+00 5.000000e+00
      vertex   8.208483e-01 2.555262e+00 5.000000e+00
    endloop
  endfacet
  facet normal -3.692061e-01 -9.293475e-01 -0.000000e+00
    outer loop
      vertex   8.208483e-01 2.555262e+00 7.000000e+00
      vertex   8.208483e-01 2.555262e+00 5.000000e+00
      vertex   9.505914e-01 2.503719e+00 7.000000e+00
    endloop
  endfacet
  facet normal -3.692061e-01 -9.293475e-01 -0.000000e+00
    outer loop
      vertex   9.505914e-01 2.503719e+00 7.000000e+00
      vertex   8.208483e-01 2.555262e+00 5.000000e+00
      vertex   9.505914e-01 2.503719e+00 5.000000e+00
    endloop
  endfacet
  facet normal -4.226183e-01 -9.063078e-01 -0.000000e+00
    outer loop
      vertex   9.505914e-01 2.503719e+00 7.000000e+00
      vertex   9.505914e-01 2.503719e+00 5.000000e+00
      vertex   1.077118e+00 2.444718e+00 7.000000e+00
    endloop
  endfacet
  facet normal -4.226183e-01 -9.063078e-01 -0.000000e+00
    outer loop
      vertex   1.077118e+00 2.444718e+00 7.000000e+00
      vertex   9.505914e-01 2.503719e+00 5.000000e+00
      vertex   1.077118e+00 2.444718e+00 5.000000e+00
    endloop
  endfacet
  facet normal -4.746004e-01 -8.802014e-01 -0.000000e+00
    outer loop
      vertex   1.077118e+00 2.444718e+00 7.000000e+00
      vertex   1.077118e+00 2.444718e+00 5.000000e+00
      vertex   1.200000e+00 2.378461e+00 7.000000e+00
    endloop
  endfacet
  facet normal -4.746004e-01 -8.802014e-01 -0.000000e+00
    outer loop
      vertex   1.200000e+00 2.378461e+00 7.000000e+00
      vertex   1.077118e+00 2.444718e+00 5.000000e+00
      vertex   1.200000e+00 2.378461e+00 5.000000e+00
    endloop
  endfacet
  facet normal -5.249766e-01 -8.511167e-01 -0.000000e+00
    outer loop
      vertex   1.200000e+00 2.378461e+00 7.000000e+00
      vertex   1.200000e+00 2.378461e+00 5.000000e+00
      vertex   1.318822e+00 2.305171e+00 7.000000e+00
    endloop
  endfacet
  facet normal -5.249766e-01 -8.511167e-01 -4.415057e-17
    outer loop
      vertex   1.318822e+00 2.305171e+00 7.000000e+00
      vertex   1.200000e+00 2.378461e+00 5.000000e+00
      vertex   1.318822e+00 2.305171e+00 5.000000e+00
    endloop
  endfacet
  facet normal -5.735764e-01 -8.191520e-01 -7.283081e-17
    outer loop
      vertex   1.318822e+00 2.305171e+00 7.000000e+00
      vertex   1.318822e+00 2.305171e+00 5.000000e+00
      vertex   1.433181e+00 2.225096e+00 7.000000e+00
    endloop
  endfacet
  facet normal -5.735764e-01 -8.191520e-01 -0.000000e+00
    outer loop
      vertex   1.433181e+00 2.225096e+00 7.000000e+00
      vertex   1.318822e+00 2.305171e+00 5.000000e+00
      vertex   1.433181e+00 2.225096e+00 5.000000e+00
    endloop
  endfacet
  facet normal -6.202355e-01 -7.844157e-01 -0.000000e+00
    outer loop
      vertex   1.433181e+00 2.225096e+00 7.000000e+00
      vertex   1.433181e+00 2.225096e+00 5.000000e+00
      vertex   1.542690e+00 2.138507e+00 7.000000e+00
    endloop
  endfacet
  facet normal -6.202355e-01 -7.844157e-01 -0.000000e+00
    outer loop
      vertex   1.542690e+00 2.138507e+00 7.000000e+00
      vertex   1.433181e+00 2.225096e+00 5.000000e+00
      vertex   1.542690e+00 2.138507e+00 5.000000e+00
    endloop
  endfacet
  facet normal -6.647959e-01 -7.470251e-01 -0.000000e+00
    outer loop
      vertex   1.542690e+00 2.138507e+00 7.000000e+00
      vertex   1.542690e+00 2.138507e+00 5.000000e+00
      vertex   1.646980e+00 2.045697e+00 7.000000e+00
    endloop
  endfacet
  facet normal -6.647959e-01 -7.470251e-01 1.103243e-16
    outer loop
      vertex   1.646980e+00 2.045697e+00 7.000000e+00
      vertex   1.542690e+00 2.138507e+00 5.000000e+00
      vertex   1.646980e+00 2.045697e+00 5.000000e+00
    endloop
  endfacet
  facet normal -7.071068e-01 -7.071068e-01 7.850462e-17
    outer loop
      vertex   1.646980e+00 2.045697e+00 7.000000e+00
      vertex   1.646980e+00 2.045697e+00 5.000000e+00
      vertex   1.745697e+00 1.946980e+00 7.000000e+00
    endloop
  endfacet
  facet normal -7.071068e-01 -7.071068e-01 3.531623e-31
    outer loop
      vertex   1.745697e+00 1.946980e+00 7.000000e+00
      vertex   1.646980e+00 2.045697e+00 5.000000e+00
      vertex   1.745697e+00 1.946980e+00 5.000000e+00
    endloop
  endfacet
  facet normal -7.470251e-01 -6.647959e-01 -1.825855e-17
    outer loop
      vertex   1.745697e+00 1.946980e+00 7.000000e+00
      vertex   1.745697e+00 1.946980e+00 5.000000e+00
      vertex   1.838507e+00 1.842690e+00 7.000000e+00
    endloop
  endfacet
  facet normal -7.470251e-01 -6.647959e-01 -0.000000e+00
    outer loop
      vertex   1.838507e+00 1.842690e+00 7.000000e+00
      vertex   1.745697e+00 1.946980e+00 5.000000e+00
      vertex   1.838507e+00 1.842690e+00 5.000000e+00
    endloop
  endfacet
  facet normal -7.844157e-01 -6.202355e-01 -0.000000e+00
    outer loop
      vertex   1.838507e+00 1.842690e+00 7.000000e+00
      vertex   1.838507e+00 1.842690e+00 5.000000e+00
      vertex   1.925096e+00 1.733181e+00 7.000000e+00
    endloop
  endfacet
  facet normal -7.844157e-01 -6.202355e-01 -0.000000e+00
    outer loop
      vertex   1.925096e+00 1.733181e+00 7.000000e+00
      vertex   1.838507e+00 1.842690e+00 5.000000e+00
      vertex   1.925096e+00 1.733181e+00 5.000000e+00
    endloop
  endfacet
  facet normal -8.191520e-01 -5.735764e-01 -0.000000e+00
    outer loop
      vertex   1.925096e+00 1.733181e+00 7.000000e+00
      vertex   1.925096e+00 1.733181e+00 5.000000e+00
      vertex   2.005171e+00 1.618822e+00 7.000000e+00
    endloop
  endfacet
  facet normal -8.191520e-01 -5.735764e-01 -0.000000e+00
    outer loop
      vertex   2.005171e+00 1.618822e+00 7.000000e+00
      vertex   1.925096e+00 1.733181e+00 5.000000e+00
      vertex   2.005171e+00 1.618822e+00 5.000000e+00
    endloop
  endfacet
  facet normal -8.511167e-01 -5.249766e-01 -0.000000e+00
    outer loop
      vertex   2.005171e+00 1.618822e+00 7.000000e+00
      vertex   2.005171e+00 1.618822e+00 5.000000e+00
      vertex   2.078461e+00 1.500000e+00 7.000000e+00
    endloop
  endfacet
  facet normal -8.511167e-01 -5.249766e-01 -1.448353e-16
    outer loop
      vertex   2.078461e+00 1.500000e+00 7.000000e+00
      vertex   2.005171e+00 1.618822e+00 5.000000e+00
      vertex   2.078461e+00 1.500000e+00 5.000000e+00
    endloop
  endfacet
  facet normal -8.802014e-01 -4.746004e-01 -1.801230e-16
    outer loop
      vertex   2.078461e+00 1.500000e+00 7.000000e+00
      vertex   2.078461e+00 1.500000e+00 5.000000e+00
      vertex   2.144718e+00 1.377118e+00 7.000000e+00
    endloop
  endfacet
  facet normal -8.802014e-01 -4.746004e-01 -0.000000e+00
    outer loop
      vertex   2.144718e+00 1.377118e+00 7.000000e+00
      vertex   2.078461e+00 1.500000e+00 5.000000e+00
      vertex   2.144718e+00 1.377118e+00 5.000000e+00
    endloop
  endfacet
  facet normal -9.063078e-01 -4.226183e-01 -0.000000e+00
    outer loop
      vertex   2.144718e+00 1.377118e+00 7.000000e+00
      vertex   2.144718e+00 1.377118e+00 5.000000e+00
      vertex   2.203719e+00 1.250591e+00 7.000000e+00
    endloop
  endfacet
  facet normal -9.063078e-01 -4.226183e-01 -0.000000e+00
    outer loop
      vertex   2.203719e+00 1.250591e+00 7.000000e+00
      vertex   2.144718e+00 1.377118e+00 5.000000e+00
      vertex   2.203719e+00 1.250591e+00 5.000000e+00
    endloop
  endfacet
  facet normal -9.293475e-01 -3.692061e-01 -0.000000e+00
    outer loop
      vertex   2.203719e+00 1.250591e+00 7.000000e+00
      vertex   2.203719e+00 1.250591e+00 5.000000e+00
      vertex   2.255262e+00 1.120848e+00 7.000000e+00
    endloop
  endfacet
  facet normal -9.293475e-01 -3.692061e-01 -0.000000e+00
    outer loop
      vertex   2.255262e+00 1.120848e+00 7.000000e+00
      vertex   2.203719e+00 1.250591e+00 5.000000e+00
      vertex   2.255262e+00 1.120848e+00 5.000000e+00
    endloop
  endfacet
  facet normal -9.492426e-01 -3.145448e-01 -0.000000e+00
    outer loop
      vertex   2.255262e+00 1.120848e+00 7.000000e+00
      vertex   2.255262e+00 1.120848e+00 5.000000e+00
      vertex   2.299175e+00 9.883277e-01 7.000000e+00
    endloop
  endfacet
  facet normal -9.492426e-01 -3.145448e-01 -0.000000e+00
    outer loop
      vertex   2.299175e+00 9.883277e-01 7.000000e+00
      vertex   2.255262e+00 1.120848e+00 5.000000e+00
      vertex   2.299175e+00 9.883277e-01 5.000000e+00
    endloop
  endfacet
  facet normal -9.659258e-01 -2.588190e-01 -0.000000e+00
    outer loop
      vertex   2.299175e+00 9.883277e-01 7.000000e+00
      vertex   2.299175e+00 9.883277e-01 5.000000e+00
      vertex   2.335308e+00 8.534780e-01 7.000000e+00
    endloop
  endfacet
  facet normal -9.659258e-01 -2.588190e-01 -0.000000e+00
    outer loop
      vertex   2.335308e+00 8.534780e-01 7.000000e+00
      vertex   2.299175e+00 9.883277e-01 5.000000e+00
      vertex   2.335308e+00 8.534780e-01 5.000000e+00
    endloop
  endfacet
  facet normal -9.793406e-01 -2.022176e-01 -0.000000e+00
    outer loop
      vertex   2.335308e+00 8.534780e-01 7.000000e+00
      vertex   2.335308e+00 8.534780e-01 5.000000e+00
      vertex   2.363539e+00 7.167556e-01 7.000000e+00
    endloop
  endfacet
  facet normal -9.793406e-01 -2.022176e-01 -0.000000e+00
    outer loop
      vertex   2.363539e+00 7.167556e-01 7.000000e+00
      vertex   2.335308e+00 8.534780e-01 5.000000e+00
      vertex   2.363539e+00 7.167556e-01 5.000000e+00
    endloop
  endfacet
  facet normal -9.894416e-01 -1.449319e-01 -0.000000e+00
    outer loop
      vertex   2.363539e+00 7.167556e-01 7.000000e+00
      vertex   2.363539e+00 7.167556e-01 5.000000e+00
      vertex   2.383772e+00 5.786229e-01 7.000000e+00
    endloop
  endfacet
  facet normal -9.894416e-01 -1.449319e-01 -0.000000e+00
    outer loop
      vertex   2.383772e+00 5.786229e-01 7.000000e+00
      vertex   2.363539e+00 7.167556e-01 5.000000e+00
      vertex   2.383772e+00 5.786229e-01 5.000000e+00
    endloop
  endfacet
  facet normal -9.961947e-01 -8.715574e-02 -0.000000e+00
    outer loop
      vertex   2.383772e+00 5.786229e-01 7.000000e+00
      vertex   2.383772e+00 5.786229e-01 5.000000e+00
      vertex   2.395940e+00 4.395475e-01 7.000000e+00
    endloop
  endfacet
  facet normal -9.961947e-01 -8.715574e-02 -0.000000e+00
    outer loop
      vertex   2.395940e+00 4.395475e-01 7.000000e+00
      vertex   2.383772e+00 5.786229e-01 5.000000e+00
      vertex   2.395940e+00 4.395475e-01 5.000000e+00
    endloop
  endfacet
  facet normal -9.995770e-01 -2.908472e-02 -0.000000e+00
    outer loop
      vertex   2.395940e+00 4.395475e-01 7.000000e+00
      vertex   2.395940e+00 4.395475e-01 5.000000e+00
      vertex   2.400000e+00 3.000000e-01 7.000000e+00
    endloop
  endfacet
  facet normal -9.995770e-01 -2.908472e-02 -0.000000e+00
    outer loop
      vertex   2.400000e+00 3.000000e-01 7.000000e+00
      vertex   2.395940e+00 4.395475e-01 5.000000e+00
      vertex   2.400000e+00 3.000000e-01 5.000000e+00
    endloop
  endfacet
  facet normal -9.995770e-01 2.908472e-02 0.000000e+00
    outer loop
      vertex   2.400000e+00 3.000000e-01 7.000000e+00
      vertex   2.400000e+00 3.000000e-01 5.000000e+00
      vertex   2.395940e+00 1.604524e-01 7.000000e+00
    endloop
  endfacet
  facet normal -9.995770e-01 2.908472e-02 -8.476263e-18
    outer loop
      vertex   2.395940e+00 1.604524e-01 7.000000e+00
      vertex   2.400000e+00 3.000000e-01 5.000000e+00
      vertex   2.395940e+00 1.604524e-01 5.000000e+00
    endloop
  endfacet
  facet normal -9.961947e-01 8.715574e-02 -2.540011e-17
    outer loop
      vertex   2.395940e+00 1.604524e-01 7.000000e+00
      vertex   2.395940e+00 1.604524e-01 5.000000e+00
      vertex   2.383772e+00 2.137696e-02 7.000000e+00
    endloop
  endfacet
  facet normal -9.961947e-01 8.715574e-02 -2.000329e-16
    outer loop
      vertex   2.383772e+00 2.137696e-02 7.000000e+00
      vertex   2.395940e+00 1.604524e-01 5.000000e+00
      vertex   2.383772e+00 2.137696e-02 5.000000e+00
    endloop
  endfacet
  facet normal -9.894416e-01 1.449319e-01 -1.845018e-16
    outer loop
      vertex   2.383772e+00 2.137696e-02 7.000000e+00
      vertex   2.383772e+00 2.137696e-02 5.000000e+00
      vertex   2.363539e+00 -1.167557e-01 7.000000e+00
    endloop
  endfacet
  facet normal -9.894416e-01 1.449319e-01 1.744452e-16
    outer loop
      vertex   2.363539e+00 -1.167557e-01 7.000000e+00
      vertex   2.383772e+00 2.137696e-02 5.000000e+00
      vertex   2.363539e+00 -1.167557e-01 5.000000e+00
    endloop
  endfacet
  facet normal -9.793406e-01 2.022176e-01 1.543148e-16
    outer loop
      vertex   2.363539e+00 -1.167557e-01 7.000000e+00
      vertex   2.363539e+00 -1.167557e-01 5.000000e+00
      vertex   2.335308e+00 -2.534781e-01 7.000000e+00
    endloop
  endfacet
  facet normal -9.793406e-01 2.022176e-01 1.613307e-16
    outer loop
      vertex   2.335308e+00 -2.534781e-01 7.000000e+00
      vertex   2.363539e+00 -1.167557e-01 5.000000e+00
      vertex   2.335308e+00 -2.534781e-01 5.000000e+00
    endloop
  endfacet
  facet normal -9.659258e-01 2.588190e-01 1.426419e-16
    outer loop
      vertex   2.335308e+00 -2.534781e-01 7.000000e+00
      vertex   2.335308e+00 -2.534781e-01 5.000000e+00
      vertex   2.299175e+00 -3.883278e-01 7.000000e+00
    endloop
  endfacet
  facet normal -9.659258e-01 2.588190e-01 -5.028570e-17
    outer loop
      vertex   2.299175e+00 -3.883278e-01 7.000000e+00
      vertex   2.335308e+00 -2.534781e-01 5.000000e+00
      vertex   2.299175e+00 -3.883278e-01 5.000000e+00
    endloop
  endfacet
  facet normal -9.492426e-01 3.145448e-01 -6.111260e-17
    outer loop
      vertex   2.299175e+00 -3.883278e-01 7.000000e+00
      vertex   2.299175e+00 -3.883278e-01 5.000000e+00
      vertex   2.255262e+00 -5.208484e-01 7.000000e+00
    endloop
  endfacet
  facet normal -9.492426e-01 3.145448e-01 6.984297e-17
    outer loop
      vertex   2.255262e+00 -5.208484e-01 7.000000e+00
      vertex   2.299175e+00 -3.883278e-01 5.000000e+00
      vertex   2.255262e+00 -5.208484e-01 5.000000e+00
    endloop
  endfacet
  facet normal -9.293475e-01 3.692061e-01 8.198023e-17
    outer loop
      vertex   2.255262e+00 -5.208484e-01 7.000000e+00
      vertex   2.255262e+00 -5.208484e-01 5.000000e+00
      vertex   2.203719e+00 -6.505915e-01 7.000000e+00
    endloop
  endfacet
  facet normal -9.293475e-01 3.692061e-01 -8.198023e-17
    outer loop
      vertex   2.203719e+00 -6.505915e-01 7.000000e+00
      vertex   2.255262e+00 -5.208484e-01 5.000000e+00
      vertex   2.203719e+00 -6.505915e-01 5.000000e+00
    endloop
  endfacet
  facet normal -9.063078e-01 4.226183e-01 -9.384010e-17
    outer loop
      vertex   2.203719e+00 -6.505915e-01 7.000000e+00
      vertex   2.203719e+00 -6.505915e-01 5.000000e+00
      vertex   2.144718e+00 -7.771181e-01 7.000000e+00
    endloop
  endfacet
  facet normal -9.063078e-01 4.226183e-01 -1.173001e-16
    outer loop
      vertex   2.144718e+00 -7.771181e-01 7.000000e+00
      vertex   2.203719e+00 -6.505915e-01 5.000000e+00
      vertex   2.144718e+00 -7.771181e-01 5.000000e+00
    endloop
  endfacet
  facet normal -8.802014e-01 4.746004e-01 -1.317281e-16
    outer loop
      vertex   2.144718e+00 -7.771181e-01 7.000000e+00
      vertex   2.144718e+00 -7.771181e-01 5.000000e+00
      vertex   2.078461e+00 -9.000000e-01 7.000000e+00
    endloop
  endfacet
  facet normal -8.802014e-01 4.746004e-01 3.737029e-17
    outer loop
      vertex   2.078461e+00 -9.000000e-01 7.000000e+00
      vertex   2.144718e+00 -7.771181e-01 5.000000e+00
      vertex   2.078461e+00 -9.000000e-01 5.000000e+00
    endloop
  endfacet
  facet normal -8.511167e-01 5.249766e-01 1.413354e-17
    outer loop
      vertex   2.078461e+00 -9.000000e-01 7.000000e+00
      vertex   2.078461e+00 -9.000000e-01 5.000000e+00
      vertex   2.005171e+00 -1.018822e+00 7.000000e+00
    endloop
  endfacet
  facet normal -8.511167e-01 5.249766e-01 5.828411e-17
    outer loop
      vertex   2.005171e+00 -1.018822e+00 7.000000e+00
      vertex   2.078461e+00 -9.000000e-01 5.000000e+00
      vertex   2.005171e+00 -1.018822e+00 5.000000e+00
    endloop
  endfacet
  facet normal -8.191520e-01 5.735764e-01 6.367978e-17
    outer loop
      vertex   2.005171e+00 -1.018822e+00 7.000000e+00
      vertex   2.005171e+00 -1.018822e+00 5.000000e+00
      vertex   1.925096e+00 -1.133181e+00 7.000000e+00
    endloop
  endfacet
  facet normal -8.191520e-01 5.735764e-01 -1.000952e-16
    outer loop
      vertex   1.925096e+00 -1.133181e+00 7.000000e+00
      vertex   2.005171e+00 -1.018822e+00 5.000000e+00
      vertex   1.925096e+00 -1.133181e+00 5.000000e+00
    endloop
  endfacet
  facet normal -7.844157e-01 6.202355e-01 -1.194923e-16
    outer loop
      vertex   1.925096e+00 -1.133181e+00 7.000000e+00
      vertex   1.925096e+00 -1.133181e+00 5.000000e+00
      vertex   1.838507e+00 -1.242690e+00 7.000000e+00
    endloop
  endfacet
  facet normal -7.844157e-01 6.202355e-01 3.645532e-17
    outer loop
      vertex   1.838507e+00 -1.242690e+00 7.000000e+00
      vertex   1.925096e+00 -1.133181e+00 5.000000e+00
      vertex   1.838507e+00 -1.242690e+00 5.000000e+00
    endloop
  endfacet
  facet normal -7.470251e-01 6.647959e-01 1.825855e-17
    outer loop
      vertex   1.838507e+00 -1.242690e+00 7.000000e+00
      vertex   1.838507e+00 -1.242690e+00 5.000000e+00
      vertex   1.745697e+00 -1.346980e+00 7.000000e+00
    endloop
  endfacet
  facet normal -7.470251e-01 6.647959e-01 -2.738783e-17
    outer loop
      vertex   1.745697e+00 -1.346980e+00 7.000000e+00
      vertex   1.838507e+00 -1.242690e+00 5.000000e+00
      vertex   1.745697e+00 -1.346980e+00 5.000000e+00
    endloop
  endfacet
  facet normal -7.071068e-01 7.071068e-01 5.297435e-31
    outer loop
      vertex   1.745697e+00 -1.346980e+00 7.000000e+00
      vertex   1.745697e+00 -1.346980e+00 5.000000e+00
      vertex   1.646980e+00 -1.445697e+00 7.000000e+00
    endloop
  endfacet
  facet normal -7.071068e-01 7.071068e-01 -7.850462e-17
    outer loop
      vertex   1.646980e+00 -1.445697e+00 7.000000e+00
      vertex   1.745697e+00 -1.346980e+00 5.000000e+00
      vertex   1.646980e+00 -1.445697e+00 5.000000e+00
    endloop
  endfacet
  facet normal -6.647959e-01 7.470251e-01 -6.467789e-17
    outer loop
      vertex   1.646980e+00 -1.445697e+00 7.000000e+00
      vertex   1.646980e+00 -1.445697e+00 5.000000e+00
      vertex   1.542690e+00 -1.538507e+00 7.000000e+00
    endloop
  endfacet
  facet normal -6.647959e-01 7.470251e-01 -9.206572e-17
    outer loop
      vertex   1.542690e+00 -1.538507e+00 7.000000e+00
      vertex   1.646980e+00 -1.445697e+00 5.000000e+00
      vertex   1.542690e+00 -1.538507e+00 5.000000e+00
    endloop
  endfacet
  facet normal -6.202355e-01 7.844157e-01 -1.053153e-16
    outer loop
      vertex   1.542690e+00 -1.538507e+00 7.000000e+00
      vertex   1.542690e+00 -1.538507e+00 5.000000e+00
      vertex   1.433181e+00 -1.625096e+00 7.000000e+00
    endloop
  endfacet
  facet normal -6.202355e-01 7.844157e-01 3.240465e-17
    outer loop
      vertex   1.433181e+00 -1.625096e+00 7.000000e+00
      vertex   1.542690e+00 -1.538507e+00 5.000000e+00
      vertex   1.433181e+00 -1.625096e+00 5.000000e+00
    endloop
  endfacet
  facet normal -5.735764e-01 8.191520e-01 9.151038e-18
    outer loop
      vertex   1.433181e+00 -1.625096e+00 7.000000e+00
      vertex   1.433181e+00 -1.625096e+00 5.000000e+00
      vertex   1.318822e+00 -1.705171e+00 7.000000e+00
    endloop
  endfacet
  facet normal -5.735764e-01 8.191520e-01 -3.641541e-17
    outer loop
      vertex   1.318822e+00 -1.705171e+00 7.000000e+00
      vertex   1.433181e+00 -1.625096e+00 5.000000e+00
      vertex   1.318822e+00 -1.705171e+00 5.000000e+00
    endloop
  endfacet
  facet normal -5.249766e-01 8.511167e-01 -2.207528e-17
    outer loop
      vertex   1.318822e+00 -1.705171e+00 7.000000e+00
      vertex   1.318822e+00 -1.705171e+00 5.000000e+00
      vertex   1.200000e+00 -1.778461e+00 7.000000e+00
    endloop
  endfacet
  facet normal -5.249766e-01 8.511167e-01 -1.669106e-16
    outer loop
      vertex   1.200000e+00 -1.778461e+00 7.000000e+00
      vertex   1.318822e+00 -1.705171e+00 5.000000e+00
      vertex   1.200000e+00 -1.778461e+00 5.000000e+00
    endloop
  endfacet
  facet normal -4.746004e-01 8.802014e-01 -1.877835e-16
    outer loop
      vertex   1.200000e+00 -1.778461e+00 7.000000e+00
      vertex   1.200000e+00 -1.778461e+00 5.000000e+00
      vertex   1.077118e+00 -1.844718e+00 7.000000e+00
    endloop
  endfacet
  facet normal -4.746004e-01 8.802014e-01 6.035169e-17
    outer loop
      vertex   1.077118e+00 -1.844718e+00 7.000000e+00
      vertex   1.200000e+00 -1.778461e+00 5.000000e+00
      vertex   1.077118e+00 -1.844718e+00 5.000000e+00
    endloop
  endfacet
  facet normal -4.226183e-01 9.063078e-01 4.013978e-17
    outer loop
      vertex   1.077118e+00 -1.844718e+00 7.000000e+00
      vertex   1.077118e+00 -1.844718e+00 5.000000e+00
      vertex   9.505914e-01 -1.903719e+00 7.000000e+00
    endloop
  endfacet
  facet normal -4.226183e-01 9.063078e-01 2.346003e-17
    outer loop
      vertex   9.505914e-01 -1.903719e+00 7.000000e+00
      vertex   1.077118e+00 -1.844718e+00 5.000000e+00
      vertex   9.505914e-01 -1.903719e+00 5.000000e+00
    endloop
  endfacet
  facet normal -3.692061e-01 9.293475e-01 2.049506e-17
    outer loop
      vertex   9.505914e-01 -1.903719e+00 7.000000e+00
      vertex   9.505914e-01 -1.903719e+00 5.000000e+00
      vertex   8.208483e-01 -1.955262e+00 7.000000e+00
    endloop
  endfacet
  facet normal -3.692061e-01 9.293475e-01 -8.198023e-17
    outer loop
      vertex   8.208483e-01 -1.955262e+00 7.000000e+00
      vertex   9.505914e-01 -1.903719e+00 5.000000e+00
      vertex   8.208483e-01 -1.955262e+00 5.000000e+00
    endloop
  endfacet
  facet normal -3.145448e-01 9.492426e-01 -6.984297e-17
    outer loop
      vertex   8.208483e-01 -1.955262e+00 7.000000e+00
      vertex   8.208483e-01 -1.955262e+00 5.000000e+00
      vertex   6.883278e-01 -1.999175e+00 7.000000e+00
    endloop
  endfacet
  facet normal -3.145448e-01 9.492426e-01 5.238222e-17
    outer loop
      vertex   6.883278e-01 -1.999175e+00 7.000000e+00
      vertex   8.208483e-01 -1.955262e+00 5.000000e+00
      vertex   6.883278e-01 -1.999175e+00 5.000000e+00
    endloop
  endfacet
  facet normal -2.588190e-01 9.659258e-01 4.310203e-17
    outer loop
      vertex   6.883278e-01 -1.999175e+00 7.000000e+00
      vertex   6.883278e-01 -1.999175e+00 5.000000e+00
      vertex   5.534781e-01 -2.035308e+00 7.000000e+00
    endloop
  endfacet
  facet normal -2.588190e-01 9.659258e-01 7.183672e-17
    outer loop
      vertex   5.534781e-01 -2.035308e+00 7.000000e+00
      vertex   6.883278e-01 -1.999175e+00 5.000000e+00
      vertex   5.534781e-01 -2.035308e+00 5.000000e+00
    endloop
  endfacet
  facet normal -2.022176e-01 9.793406e-01 5.612665e-17
    outer loop
      vertex   5.534781e-01 -2.035308e+00 7.000000e+00
      vertex   5.534781e-01 -2.035308e+00 5.000000e+00
      vertex   4.167556e-01 -2.063539e+00 7.000000e+00
    endloop
  endfacet
  facet normal -2.022176e-01 9.793406e-01 5.612665e-18
    outer loop
      vertex   4.167556e-01 -2.063539e+00 7.000000e+00
      vertex   5.534781e-01 -2.035308e+00 5.000000e+00
      vertex   4.167556e-01 -2.063539e+00 5.000000e+00
    endloop
  endfacet
  facet normal -1.449319e-01 9.894416e-01 4.022667e-18
    outer loop
      vertex   4.167556e-01 -2.063539e+00 7.000000e+00
      vertex   4.167556e-01 -2.063539e+00 5.000000e+00
      vertex   2.786230e-01 -2.083772e+00 7.000000e+00
    endloop
  endfacet
  facet normal -1.449319e-01 9.894416e-01 -3.218134e-17
    outer loop
      vertex   2.786230e-01 -2.083772e+00 7.000000e+00
      vertex   4.167556e-01 -2.063539e+00 5.000000e+00
      vertex   2.786230e-01 -2.083772e+00 5.000000e+00
    endloop
  endfacet
  facet normal -8.715574e-02 9.961947e-01 -1.935246e-17
    outer loop
      vertex   2.786230e-01 -2.083772e+00 7.000000e+00
      vertex   2.786230e-01 -2.083772e+00 5.000000e+00
      vertex   1.395476e-01 -2.095940e+00 7.000000e+00
    endloop
  endfacet
  facet normal -8.715574e-02 9.961947e-01 2.540011e-17
    outer loop
      vertex   1.395476e-01 -2.095940e+00 7.000000e+00
      vertex   2.786230e-01 -2.083772e+00 5.000000e+00
      vertex   1.395476e-01 -2.095940e+00 5.000000e+00
    endloop
  endfacet
  facet normal 0.000000e+00 -7.071068e-01 -7.071068e-01
    outer loop
      vertex   -2.600000e+00 3.228084e+00 0.000000e+00
      vertex   2.599286e+00 3.228084e+00 0.000000e+00
      vertex   -2.600000e+00 2.728084e+00 5.000000e-01
    endloop
  endfacet
  facet normal 0.000000e+00 -7.071068e-01 -7.071068e-01
    outer loop
      vertex   -2.600000e+00 2.728084e+00 5.000000e-01
      vertex   2.599286e+00 3.228084e+00 0.000000e+00
      vertex   2.599286e+00 2.728084e+00 5.000000e-01
    endloop
  endfacet
  facet normal 0.000000e+00 0.000000e+00 -1.000000e+00
    outer loop
      vertex   -4.500000e+00 -3.000000e+00 0.000000e+00
      vertex   2.599286e+00 -2.100000e+00 0.000000e+00
      vertex   4.499286e+00 -3.000000e+00 0.000000e+00
    endloop
  endfacet
  facet normal 0.000000e+00 0.000000e+00 -1.000000e+00
    outer loop
      vertex   4.499286e+00 -3.000000e+00 0.000000e+00
      vertex   2.599286e+00 -2.100000e+00 0.000000e+00
      vertex   2.599286e+00 3.228084e+00 0.000000e+00
    endloop
  endfacet
  facet normal 0.000000e+00 0.000000e+00 -1.000000e+00
    outer loop
      vertex   4.499286e+00 -3.000000e+00 0.000000e+00
      vertex   2.599286e+00 3.228084e+00 0.000000e+00
      vertex   2.599286e+00 6.741824e+00 0.000000e+00
    endloop
  endfacet
  facet normal 0.000000e+00 0.000000e+00 -1.000000e+00
    outer loop
      vertex   -4.500000e+00 1.400000e+01 0.000000e+00
      vertex   -2.600000e+00 6.741824e+00 0.000000e+00
      vertex   -4.500000e+00 -3.000000e+00 0.000000e+00
    endloop
  endfacet
  facet normal 0.000000e+00 0.000000e+00 -1.000000e+00
    outer loop
      vertex   -4.500000e+00 -3.000000e+00 0.000000e+00
      vertex   -2.600000e+00 6.741824e+00 0.000000e+00
      vertex   -2.600000e+00 3.228084e+00 0.000000e+00
    endloop
  endfacet
  facet normal 0.000000e+00 0.000000e+00 -1.000000e+00
    outer loop
      vertex   -4.500000e+00 -3.000000e+00 0.000000e+00
      vertex   -2.600000e+00 3.228084e+00 0.000000e+00
      vertex   -2.600000e+00 -2.100000e+00 0.000000e+00
    endloop
  endfacet
  facet normal 0.000000e+00 0.000000e+00 -1.000000e+00
    outer loop
      vertex   -2.600000e+00 6.741824e+00 0.000000e+00
      vertex   -4.500000e+00 1.400000e+01 0.000000e+00
      vertex   -2.600000e+00 1.310000e+01 0.000000e+00
    endloop
  endfacet
  facet normal 0.000000e+00 0.000000e+00 -1.000000e+00
    outer loop
      vertex   -2.600000e+00 1.310000e+01 0.000000e+00
      vertex   -4.500000e+00 1.400000e+01 0.000000e+00
      vertex   4.499286e+00 1.400000e+01 0.000000e+00
    endloop
  endfacet
  facet normal 0.000000e+00 0.000000e+00 -1.000000e+00
    outer loop
      vertex   -2.600000e+00 1.310000e+01 0.000000e+00
      vertex   4.499286e+00 1.400000e+01 0.000000e+00
      vertex   2.599286e+00 1.310000e+01 0.000000e+00
    endloop
  endfacet
  facet normal 0.000000e+00 0.000000e+00 -1.000000e+00
    outer loop
      vertex   2.599286e+00 1.310000e+01 0.000000e+00
      vertex   4.499286e+00 1.400000e+01 0.000000e+00
      vertex   2.599286e+00 6.741824e+00 0.000000e+00
    endloop
  endfacet
  facet normal 0.000000e+00 0.000000e+00 -1.000000e+00
    outer loop
      vertex   2.599286e+00 6.741824e+00 0.000000e+00
      vertex   4.499286e+00 1.400000e+01 0.000000e+00
      vertex   4.499286e+00 -3.000000e+00 0.000000e+00
    endloop
  endfacet
  facet normal 0.000000e+00 -0.000000e+00 -1.000000e+00
    outer loop
      vertex   -2.600000e+00 -2.100000e+00 0.000000e+00
      vertex   2.599286e+00 -2.100000e+00 0.000000e+00
      vertex   -4.500000e+00 -3.000000e+00 0.000000e+00
    endloop
  endfacet
  facet normal 0.000000e+00 -1.000000e+00 0.000000e+00
    outer loop
      vertex   -2.600000e+00 2.728084e+00 5.000000e-01
      vertex   2.599286e+00 2.728084e+00 5.000000e-01
      vertex   -2.600000e+00 2.728084e+00 3.000000e+00
    endloop
  endfacet
  facet normal 0.000000e+00 -1.000000e+00 0.000000e+00
    outer loop
      vertex   -2.600000e+00 2.728084e+00 3.000000e+00
      vertex   2.599286e+00 2.728084e+00 5.000000e-01
      vertex   2.599286e+00 2.728084e+00 3.000000e+00
    endloop
  endfacet
  facet normal 0.000000e+00 7.071068e-01 -7.071068e-01
    outer loop
      vertex   -2.600000e+00 3.728084e+00 5.000000e-01
      vertex   2.599286e+00 3.728084e+00 5.000000e-01
      vertex   -2.600000e+00 3.228084e+00 0.000000e+00
    endloop
  endfacet
  facet normal 0.000000e+00 7.071068e-01 -7.071068e-01
    outer loop
      vertex   -2.600000e+00 3.228084e+00 0.000000e+00
      vertex   2.599286e+00 3.728084e+00 5.000000e-01
      vertex   2.599286e+00 3.228084e+00 0.000000e+00
    endloop
  endfacet
  facet normal 0.000000e+00 -7.071068e-01 -7.071068e-01
    outer loop
      vertex   -2.600000e+00 6.741824e+00 0.000000e+00
      vertex   2.599286e+00 6.741824e+00 0.000000e+00
      vertex   -2.600000e+00 6.241824e+00 5.000000e-01
    endloop
  endfacet
  facet normal 0.000000e+00 -7.071068e-01 -7.071068e-01
    outer loop
      vertex   -2.600000e+00 6.241824e+00 5.000000e-01
      vertex   2.599286e+00 6.741824e+00 0.000000e+00
      vertex   2.599286e+00 6.241824e+00 5.000000e-01
    endloop
  endfacet
  facet normal 0.000000e+00 7.071068e-01 -7.071068e-01
    outer loop
      vertex   -2.600000e+00 7.241824e+00 5.000000e-01
      vertex   2.599286e+00 7.241824e+00 5.000000e-01
      vertex   -2.600000e+00 6.741824e+00 0.000000e+00
    endloop
  endfacet
  facet normal 0.000000e+00 7.071068e-01 -7.071068e-01
    outer loop
      vertex   -2.600000e+00 6.741824e+00 0.000000e+00
      vertex   2.599286e+00 7.241824e+00 5.000000e-01
      vertex   2.599286e+00 6.741824e+00 0.000000e+00
    endloop
  endfacet
  facet normal 0.000000e+00 1.000000e+00 -0.000000e+00
    outer loop
      vertex   2.599286e+00 7.241824e+00 5.000000e-01
      vertex   -2.600000e+00 7.241824e+00 5.000000e-01
      vertex   2.599286e+00 7.241824e+00 3.000000e+00
    endloop
  endfacet
  facet normal 0.000000e+00 1.000000e+00 0.000000e+00
    outer loop
      vertex   2.599286e+00 7.241824e+00 3.000000e+00
      vertex   -2.600000e+00 7.241824e+00 5.000000e-01
      vertex   -2.600000e+00 7.241824e+00 3.000000e+00
    endloop
  endfacet
  facet normal 1.000000e+00 0.000000e+00 -5.329071e-16
    outer loop
      vertex   -2.600000e+00 2.728084e+00 3.000000e+00
      vertex   -2.600000e+00 -2.100000e+00 3.000000e+00
      vertex   -2.600000e+00 2.728084e+00 5.000000e-01
    endloop
  endfacet
  facet normal 1.000000e+00 2.759412e-16 -1.089267e-31
    outer loop
      vertex   -2.600000e+00 2.728084e+00 5.000000e-01
      vertex   -2.600000e+00 -2.100000e+00 3.000000e+00
      vertex   -2.600000e+00 -2.100000e+00 0.000000e+00
    endloop
  endfacet
  facet normal 1.000000e+00 1.666975e-16 1.054876e-15
    outer loop
      vertex   -2.600000e+00 2.728084e+00 5.000000e-01
      vertex   -2.600000e+00 -2.100000e+00 0.000000e+00
      vertex   -2.600000e+00 3.228084e+00 0.000000e+00
    endloop
  endfacet
  facet normal 0.000000e+00 0.000000e+00 -1.000000e+00
    outer loop
      vertex   0.000000e+00 -2.100000e+00 3.000000e+00
      vertex   1.395476e-01 -2.095940e+00 3.000000e+00
      vertex   2.599286e+00 -2.100000e+00 3.000000e+00
    endloop
  endfacet
  facet normal 0.000000e+00 0.000000e+00 -1.000000e+00
    outer loop
      vertex   2.599286e+00 -2.100000e+00 3.000000e+00
      vertex   1.395476e-01 -2.095940e+00 3.000000e+00
      vertex   2.786230e-01 -2.083772e+00 3.000000e+00
    endloop
  endfacet
  facet normal 0.000000e+00 0.000000e+00 -1.000000e+00
    outer loop
      vertex   2.599286e+00 -2.100000e+00 3.000000e+00
      vertex   2.786230e-01 -2.083772e+00 3.000000e+00
      vertex   4.167556e-01 -2.063539e+00 3.000000e+00
    endloop
  endfacet
  facet normal 0.000000e+00 0.000000e+00 -1.000000e+00
    outer loop
      vertex   4.167556e-01 -2.063539e+00 3.000000e+00
      vertex   5.534781e-01 -2.035308e+00 3.000000e+00
      vertex   2.599286e+00 -2.100000e+00 3.000000e+00
    endloop
  endfacet
  facet normal 0.000000e+00 0.000000e+00 -1.000000e+00
    outer loop
      vertex   2.599286e+00 -2.100000e+00 3.000000e+00
      vertex   5.534781e-01 -2.035308e+00 3.000000e+00
      vertex   6.883278e-01 -1.999175e+00 3.000000e+00
    endloop
  endfacet
  facet normal 0.000000e+00 0.000000e+00 -1.000000e+00
    outer loop
      vertex   2.599286e+00 -2.100000e+00 3.000000e+00
      vertex   6.883278e-01 -1.999175e+00 3.000000e+00
      vertex   8.208483e-01 -1.955262e+00 3.000000e+00
    endloop
  endfacet
  facet normal 0.000000e+00 0.000000e+00 -1.000000e+00
    outer loop
      vertex   8.208483e-01 -1.955262e+00 3.000000e+00
      vertex   9.505914e-01 -1.903719e+00 3.000000e+00
      vertex   2.599286e+00 -2.100000e+00 3.000000e+00
    endloop
  endfacet
  facet normal 0.000000e+00 0.000000e+00 -1.000000e+00
    outer loop
      vertex   2.599286e+00 -2.100000e+00 3.000000e+00
      vertex   9.505914e-01 -1.903719e+00 3.000000e+00
      vertex   1.077118e+00 -1.844718e+00 3.000000e+00
    endloop
  endfacet
  facet normal 0.000000e+00 0.000000e+00 -1.000000e+00
    outer loop
      vertex   2.599286e+00 -2.100000e+00 3.000000e+00
      vertex   1.077118e+00 -1.844718e+00 3.000000e+00
      vertex   1.200000e+00 -1.778461e+00 3.000000e+00
    endloop
  endfacet
  facet normal 0.000000e+00 0.000000e+00 -1.000000e+00
    outer loop
      vertex   1.200000e+00 -1.778461e+00 3.000000e+00
      vertex   1.318822e+00 -1.705171e+00 3.000000e+00
      vertex   2.599286e+00 -2.100000e+00 3.000000e+00
    endloop
  endfacet
  facet normal 0.000000e+00 0.000000e+00 -1.000000e+00
    outer loop
      vertex   2.599286e+00 -2.100000e+00 3.000000e+00
      vertex   1.318822e+00 -1.705171e+00 3.000000e+00
      vertex   1.433181e+00 -1.625096e+00 3.000000e+00
    endloop
  endfacet
  facet normal 0.000000e+00 0.000000e+00 -1.000000e+00
    outer loop
      vertex   2.599286e+00 -2.100000e+00 3.000000e+00
      vertex   1.433181e+00 -1.625096e+00 3.000000e+00
      vertex   1.542690e+00 -1.538507e+00 3.000000e+00
    endloop
  endfacet
  facet normal 0.000000e+00 0.000000e+00 -1.000000e+00
    outer loop
      vertex   1.542690e+00 -1.538507e+00 3.000000e+00
      vertex   1.646980e+00 -1.445697e+00 3.000000e+00
      vertex   2.599286e+00 -2.100000e+00 3.000000e+00
    endloop
  endfacet
  facet normal 0.000000e+00 0.000000e+00 -1.000000e+00
    outer loop
      vertex   2.599286e+00 -2.100000e+00 3.000000e+00
      vertex   1.646980e+00 -1.445697e+00 3.000000e+00
      vertex   1.745697e+00 -1.346980e+00 3.000000e+00
    endloop
  endfacet
  facet normal 0.000000e+00 0.000000e+00 -1.000000e+00
    outer loop
      vertex   2.599286e+00 -2.100000e+00 3.000000e+00
      vertex   1.745697e+00 -1.346980e+00 3.000000e+00
      vertex   1.838507e+00 -1.242690e+00 3.000000e+00
    endloop
  endfacet
  facet normal 0.000000e+00 0.000000e+00 -1.000000e+00
    outer loop
      vertex   1.838507e+00 -1.242690e+00 3.000000e+00
      vertex   1.925096e+00 -1.133181e+00 3.000000e+00
      vertex   2.599286e+00 -2.100000e+00 3.000000e+00
    endloop
  endfacet
  facet normal 0.000000e+00 0.000000e+00 -1.000000e+00
    outer loop
      vertex   2.599286e+00 -2.100000e+00 3.000000e+00
      vertex   1.925096e+00 -1.133181e+00 3.000000e+00
      vertex   2.005171e+00 -1.018822e+00 3.000000e+00
    endloop
  endfacet
  facet normal 0.000000e+00 0.000000e+00 -1.000000e+00
    outer loop
      vertex   2.599286e+00 -2.100000e+00 3.000000e+00
      vertex   2.005171e+00 -1.018822e+00 3.000000e+00
      vertex   2.078461e+00 -9.000000e-01 3.000000e+00
    endloop
  endfacet
  facet normal 0.000000e+00 0.000000e+00 -1.000000e+00
    outer loop
      vertex   2.078461e+00 -9.000000e-01 3.000000e+00
      vertex   2.144718e+00 -7.771181e-01 3.000000e+00
      vertex   2.599286e+00 -2.100000e+00 3.000000e+00
    endloop
  endfacet
  facet normal 0.000000e+00 0.000000e+00 -1.000000e+00
    outer loop
      vertex   2.599286e+00 -2.100000e+00 3.000000e+00
      vertex   2.144718e+00 -7.771181e-01 3.000000e+00
      vertex   2.203719e+00 -6.505915e-01 3.000000e+00
    endloop
  endfacet
  facet normal 0.000000e+00 0.000000e+00 -1.000000e+00
    outer loop
      vertex   2.599286e+00 -2.100000e+00 3.000000e+00
      vertex   2.203719e+00 -6.505915e-01 3.000000e+00
      vertex   2.255262e+00 -5.208484e-01 3.000000e+00
    endloop
  endfacet
  facet normal 0.000000e+00 0.000000e+00 -1.000000e+00
    outer loop
      vertex   2.255262e+00 -5.208484e-01 3.000000e+00
      vertex   2.299175e+00 -3.883278e-01 3.000000e+00
      vertex   2.599286e+00 -2.100000e+00 3.000000e+00
    endloop
  endfacet
  facet normal 0.000000e+00 0.000000e+00 -1.000000e+00
    outer loop
      vertex   2.599286e+00 -2.100000e+00 3.000000e+00
      vertex   2.299175e+00 -3.883278e-01 3.000000e+00
      vertex   2.335308e+00 -2.534781e-01 3.000000e+00
    endloop
  endfacet
  facet normal 0.000000e+00 0.000000e+00 -1.000000e+00
    outer loop
      vertex   2.599286e+00 -2.100000e+00 3.000000e+00
      vertex   2.335308e+00 -2.534781e-01 3.000000e+00
      vertex   2.363539e+00 -1.167557e-01 3.000000e+00
    endloop
  endfacet
  facet normal 0.000000e+00 0.000000e+00 -1.000000e+00
    outer loop
      vertex   2.363539e+00 -1.167557e-01 3.000000e+00
      vertex   2.383772e+00 2.137696e-02 3.000000e+00
      vertex   2.599286e+00 -2.100000e+00 3.000000e+00
    endloop
  endfacet
  facet normal 0.000000e+00 0.000000e+00 -1.000000e+00
    outer loop
      vertex   2.599286e+00 -2.100000e+00 3.000000e+00
      vertex   2.383772e+00 2.137696e-02 3.000000e+00
      vertex   2.395940e+00 1.604524e-01 3.000000e+00
    endloop
  endfacet
  facet normal 0.000000e+00 0.000000e+00 -1.000000e+00
    outer loop
      vertex   2.599286e+00 -2.100000e+00 3.000000e+00
      vertex   2.395940e+00 1.604524e-01 3.000000e+00
      vertex   2.400000e+00 3.000000e-01 3.000000e+00
    endloop
  endfacet
  facet normal 0.000000e+00 0.000000e+00 -1.000000e+00
    outer loop
      vertex   2.599286e+00 -2.100000e+00 3.000000e+00
      vertex   2.400000e+00 3.000000e-01 3.000000e+00
      vertex   2.599286e+00 2.728084e+00 3.000000e+00
    endloop
  endfacet
  facet normal 0.000000e+00 0.000000e+00 -1.000000e+00
    outer loop
      vertex   2.599286e+00 2.728084e+00 3.000000e+00
      vertex   2.400000e+00 3.000000e-01 3.000000e+00
      vertex   2.395940e+00 4.395475e-01 3.000000e+00
    endloop
  endfacet
  facet normal 0.000000e+00 0.000000e+00 -1.000000e+00
    outer loop
      vertex   2.599286e+00 2.728084e+00 3.000000e+00
      vertex   2.395940e+00 4.395475e-01 3.000000e+00
      vertex   2.383772e+00 5.786229e-01 3.000000e+00
    endloop
  endfacet
  facet normal 0.000000e+00 0.000000e+00 -1.000000e+00
    outer loop
      vertex   2.383772e+00 5.786229e-01 3.000000e+00
      vertex   2.363539e+00 7.167556e-01 3.000000e+00
      vertex   2.599286e+00 2.728084e+00 3.000000e+00
    endloop
  endfacet
  facet normal 0.000000e+00 0.000000e+00 -1.000000e+00
    outer loop
      vertex   2.599286e+00 2.728084e+00 3.000000e+00
      vertex   2.363539e+00 7.167556e-01 3.000000e+00
      vertex   2.335308e+00 8.534780e-01 3.000000e+00
    endloop
  endfacet
  facet normal 0.000000e+00 0.000000e+00 -1.000000e+00
    outer loop
      vertex   2.599286e+00 2.728084e+00 3.000000e+00
      vertex   2.335308e+00 8.534780e-01 3.000000e+00
      vertex   2.299175e+00 9.883277e-01 3.000000e+00
    endloop
  endfacet
  facet normal 0.000000e+00 0.000000e+00 -1.000000e+00
    outer loop
      vertex   2.299175e+00 9.883277e-01 3.000000e+00
      vertex   2.255262e+00 1.120848e+00 3.000000e+00
      vertex   2.599286e+00 2.728084e+00 3.000000e+00
    endloop
  endfacet
  facet normal 0.000000e+00 0.000000e+00 -1.000000e+00
    outer loop
      vertex   2.599286e+00 2.728084e+00 3.000000e+00
      vertex   2.255262e+00 1.120848e+00 3.000000e+00
      vertex   2.203719e+00 1.250591e+00 3.000000e+00
    endloop
  endfacet
  facet normal 0.000000e+00 0.000000e+00 -1.000000e+00
    outer loop
      vertex   2.599286e+00 2.728084e+00 3.000000e+00
      vertex   2.203719e+00 1.250591e+00 3.000000e+00
      vertex   2.144718e+00 1.377118e+00 3.000000e+00
    endloop
  endfacet
  facet normal 0.000000e+00 0.000000e+00 -1.000000e+00
    outer loop
      vertex   2.144718e+00 1.377118e+00 3.000000e+00
      vertex   2.078461e+00 1.500000e+00 3.000000e+00
      vertex   2.599286e+00 2.728084e+00 3.000000e+00
    endloop
  endfacet
  facet normal 0.000000e+00 0.000000e+00 -1.000000e+00
    outer loop
      vertex   2.599286e+00 2.728084e+00 3.000000e+00
      vertex   2.078461e+00 1.500000e+00 3.000000e+00
      vertex   2.005171e+00 1.618822e+00 3.000000e+00
    endloop
  endfacet
  facet normal 0.000000e+00 0.000000e+00 -1.000000e+00
    outer loop
      vertex   2.599286e+00 2.728084e+00 3.000000e+00
      vertex   2.005171e+00 1.618822e+00 3.000000e+00
      vertex   1.925096e+00 1.733181e+00 3.000000e+00
    endloop
  endfacet
  facet normal 0.000000e+00 0.000000e+00 -1.000000e+00
    outer loop
      vertex   1.925096e+00 1.733181e+00 3.000000e+00
      vertex   1.838507e+00 1.842690e+00 3.000000e+00
      vertex   2.599286e+00 2.728084e+00 3.000000e+00
    endloop
  endfacet
  facet normal 0.000000e+00 0.000000e+00 -1.000000e+00
    outer loop
      vertex   2.599286e+00 2.728084e+00 3.000000e+00
      vertex   1.838507e+00 1.842690e+00 3.000000e+00
      vertex   1.745697e+00 1.946980e+00 3.000000e+00
    endloop
  endfacet
  facet normal 0.000000e+00 0.000000e+00 -1.000000e+00
    outer loop
      vertex   2.599286e+00 2.728084e+00 3.000000e+00
      vertex   1.745697e+00 1.946980e+00 3.000000e+00
      vertex   1.646980e+00 2.045697e+00 3.000000e+00
    endloop
  endfacet
  facet normal 0.000000e+00 0.000000e+00 -1.000000e+00
    outer loop
      vertex   1.646980e+00 2.045697e+00 3.000000e+00
      vertex   1.542690e+00 2.138507e+00 3.000000e+00
      vertex   2.599286e+00 2.728084e+00 3.000000e+00
    endloop
  endfacet
  facet normal 0.000000e+00 0.000000e+00 -1.000000e+00
    outer loop
      vertex   2.599286e+00 2.728084e+00 3.000000e+00
      vertex   1.542690e+00 2.138507e+00 3.000000e+00
      vertex   1.433181e+00 2.225096e+00 3.000000e+00
    endloop
  endfacet
  facet normal 0.000000e+00 0.000000e+00 -1.000000e+00
    outer loop
      vertex   2.599286e+00 2.728084e+00 3.000000e+00
      vertex   1.433181e+00 2.225096e+00 3.000000e+00
      vertex   1.318822e+00 2.305171e+00 3.000000e+00
    endloop
  endfacet
  facet normal 0.000000e+00 0.000000e+00 -1.000000e+00
    outer loop
      vertex   1.318822e+00 2.305171e+00 3.000000e+00
      vertex   1.200000e+00 2.378461e+00 3.000000e+00
      vertex   2.599286e+00 2.728084e+00 3.000000e+00
    endloop
  endfacet
  facet normal 0.000000e+00 0.000000e+00 -1.000000e+00
    outer loop
      vertex   2.599286e+00 2.728084e+00 3.000000e+00
      vertex   1.200000e+00 2.378461e+00 3.000000e+00
      vertex   1.077118e+00 2.444718e+00 3.000000e+00
    endloop
  endfacet
  facet normal 0.000000e+00 0.000000e+00 -1.000000e+00
    outer loop
      vertex   2.599286e+00 2.728084e+00 3.000000e+00
      vertex   1.077118e+00 2.444718e+00 3.000000e+00
      vertex   9.505914e-01 2.503719e+00 3.000000e+00
    endloop
  endfacet
  facet normal 0.000000e+00 0.000000e+00 -1.000000e+00
    outer loop
      vertex   9.505914e-01 2.503719e+00 3.000000e+00
      vertex   8.208483e-01 2.555262e+00 3.000000e+00
      vertex   2.599286e+00 2.728084e+00 3.000000e+00
    endloop
  endfacet
  facet normal 0.000000e+00 0.000000e+00 -1.000000e+00
    outer loop
      vertex   2.599286e+00 2.728084e+00 3.000000e+00
      vertex   8.208483e-01 2.555262e+00 3.000000e+00
      vertex   6.883278e-01 2.599175e+00 3.000000e+00
    endloop
  endfacet
  facet normal 0.000000e+00 0.000000e+00 -1.000000e+00
    outer loop
      vertex   2.599286e+00 2.728084e+00 3.000000e+00
      vertex   6.883278e-01 2.599175e+00 3.000000e+00
      vertex   5.534781e-01 2.635308e+00 3.000000e+00
    endloop
  endfacet
  facet normal 0.000000e+00 0.000000e+00 -1.000000e+00
    outer loop
      vertex   5.534781e-01 2.635308e+00 3.000000e+00
      vertex   4.167556e-01 2.663539e+00 3.000000e+00
      vertex   2.599286e+00 2.728084e+00 3.000000e+00
    endloop
  endfacet
  facet normal 0.000000e+00 0.000000e+00 -1.000000e+00
    outer loop
      vertex   2.599286e+00 2.728084e+00 3.000000e+00
      vertex   4.167556e-01 2.663539e+00 3.000000e+00
      vertex   2.786230e-01 2.683772e+00 3.000000e+00
    endloop
  endfacet
  facet normal 0.000000e+00 0.000000e+00 -1.000000e+00
    outer loop
      vertex   2.599286e+00 2.728084e+00 3.000000e+00
      vertex   2.786230e-01 2.683772e+00 3.000000e+00
      vertex   1.395476e-01 2.695940e+00 3.000000e+00
    endloop
  endfacet
  facet normal 0.000000e+00 0.000000e+00 -1.000000e+00
    outer loop
      vertex   1.395476e-01 2.695940e+00 3.000000e+00
      vertex   4.408728e-16 2.700000e+00 3.000000e+00
      vertex   2.599286e+00 2.728084e+00 3.000000e+00
    endloop
  endfacet
  facet normal -0.000000e+00 0.000000e+00 -1.000000e+00
    outer loop
      vertex   2.599286e+00 2.728084e+00 3.000000e+00
      vertex   4.408728e-16 2.700000e+00 3.000000e+00
      vertex   -2.600000e+00 2.728084e+00 3.000000e+00
    endloop
  endfacet
  facet normal 0.000000e+00 0.000000e+00 -1.000000e+00
    outer loop
      vertex   -2.600000e+00 2.728084e+00 3.000000e+00
      vertex   4.408728e-16 2.700000e+00 3.000000e+00
      vertex   -1.395476e-01 2.695940e+00 3.000000e+00
    endloop
  endfacet
  facet normal 0.000000e+00 0.000000e+00 -1.000000e+00
    outer loop
      vertex   -2.600000e+00 2.728084e+00 3.000000e+00
      vertex   -1.395476e-01 2.695940e+00 3.000000e+00
      vertex   -2.786230e-01 2.683772e+00 3.000000e+00
    endloop
  endfacet
  facet normal -0.000000e+00 0.000000e+00 -1.000000e+00
    outer loop
      vertex   -2.786230e-01 2.683772e+00 3.000000e+00
      vertex   -4.167556e-01 2.663539e+00 3.000000e+00
      vertex   -2.600000e+00 2.728084e+00 3.000000e+00
    endloop
  endfacet
  facet normal 0.000000e+00 0.000000e+00 -1.000000e+00
    outer loop
      vertex   -2.600000e+00 2.728084e+00 3.000000e+00
      vertex   -4.167556e-01 2.663539e+00 3.000000e+00
      vertex   -5.534781e-01 2.635308e+00 3.000000e+00
    endloop
  endfacet
  facet normal 0.000000e+00 0.000000e+00 -1.000000e+00
    outer loop
      vertex   -2.600000e+00 2.728084e+00 3.000000e+00
      vertex   -5.534781e-01 2.635308e+00 3.000000e+00
      vertex   -6.883278e-01 2.599175e+00 3.000000e+00
    endloop
  endfacet
  facet normal -0.000000e+00 0.000000e+00 -1.000000e+00
    outer loop
      vertex   -6.883278e-01 2.599175e+00 3.000000e+00
      vertex   -8.208483e-01 2.555262e+00 3.000000e+00
      vertex   -2.600000e+00 2.728084e+00 3.000000e+00
    endloop
  endfacet
  facet normal 0.000000e+00 0.000000e+00 -1.000000e+00
    outer loop
      vertex   -2.600000e+00 2.728084e+00 3.000000e+00
      vertex   -8.208483e-01 2.555262e+00 3.000000e+00
      vertex   -9.505914e-01 2.503719e+00 3.000000e+00
    endloop
  endfacet
  facet normal 0.000000e+00 0.000000e+00 -1.000000e+00
    outer loop
      vertex   -2.600000e+00 2.728084e+00 3.000000e+00
      vertex   -9.505914e-01 2.503719e+00 3.000000e+00
      vertex   -1.077118e+00 2.444718e+00 3.000000e+00
    endloop
  endfacet
  facet normal -0.000000e+00 0.000000e+00 -1.000000e+00
    outer loop
      vertex   -1.077118e+00 2.444718e+00 3.000000e+00
      vertex   -1.200000e+00 2.378461e+00 3.000000e+00
      vertex   -2.600000e+00 2.728084e+00 3.000000e+00
    endloop
  endfacet
  facet normal 0.000000e+00 0.000000e+00 -1.000000e+00
    outer loop
      vertex   -2.600000e+00 2.728084e+00 3.000000e+00
      vertex   -1.200000e+00 2.378461e+00 3.000000e+00
      vertex   -1.318822e+00 2.305171e+00 3.000000e+00
    endloop
  endfacet
  facet normal 0.000000e+00 0.000000e+00 -1.000000e+00
    outer loop
      vertex   -2.600000e+00 2.728084e+00 3.000000e+00
      vertex   -1.318822e+00 2.305171e+00 3.000000e+00
      vertex   -1.433181e+00 2.225096e+00 3.000000e+00
    endloop
  endfacet
  facet normal -0.000000e+00 0.000000e+00 -1.000000e+00
    outer loop
      vertex   -1.433181e+00 2.225096e+00 3.000000e+00
      vertex   -1.542690e+00 2.138507e+00 3.000000e+00
      vertex   -2.600000e+00 2.728084e+00 3.000000e+00
    endloop
  endfacet
  facet normal 0.000000e+00 0.000000e+00 -1.000000e+00
    outer loop
      vertex   -2.600000e+00 2.728084e+00 3.000000e+00
      vertex   -1.542690e+00 2.138507e+00 3.000000e+00
      vertex   -1.646980e+00 2.045697e+00 3.000000e+00
    endloop
  endfacet
  facet normal 0.000000e+00 0.000000e+00 -1.000000e+00
    outer loop
      vertex   -2.600000e+00 2.728084e+00 3.000000e+00
      vertex   -1.646980e+00 2.045697e+00 3.000000e+00
      vertex   -1.745697e+00 1.946980e+00 3.000000e+00
    endloop
  endfacet
  facet normal -0.000000e+00 0.000000e+00 -1.000000e+00
    outer loop
      vertex   -1.745697e+00 1.946980e+00 3.000000e+00
      vertex   -1.838507e+00 1.842690e+00 3.000000e+00
      vertex   -2.600000e+00 2.728084e+00 3.000000e+00
    endloop
  endfacet
  facet normal 0.000000e+00 0.000000e+00 -1.000000e+00
    outer loop
      vertex   -2.600000e+00 2.728084e+00 3.000000e+00
      vertex   -1.838507e+00 1.842690e+00 3.000000e+00
      vertex   -1.925096e+00 1.733181e+00 3.000000e+00
    endloop
  endfacet
  facet normal 0.000000e+00 0.000000e+00 -1.000000e+00
    outer loop
      vertex   -2.600000e+00 2.728084e+00 3.000000e+00
      vertex   -1.925096e+00 1.733181e+00 3.000000e+00
      vertex   -2.005171e+00 1.618822e+00 3.000000e+00
    endloop
  endfacet
  facet normal -0.000000e+00 0.000000e+00 -1.000000e+00
    outer loop
      vertex   -2.005171e+00 1.618822e+00 3.000000e+00
      vertex   -2.078461e+00 1.500000e+00 3.000000e+00
      vertex   -2.600000e+00 2.728084e+00 3.000000e+00
    endloop
  endfacet
  facet normal 0.000000e+00 0.000000e+00 -1.000000e+00
    outer loop
      vertex   -2.600000e+00 2.728084e+00 3.000000e+00
      vertex   -2.078461e+00 1.500000e+00 3.000000e+00
      vertex   -2.144718e+00 1.377118e+00 3.000000e+00
    endloop
  endfacet
  facet normal 0.000000e+00 0.000000e+00 -1.000000e+00
    outer loop
      vertex   -2.600000e+00 2.728084e+00 3.000000e+00
      vertex   -2.144718e+00 1.377118e+00 3.000000e+00
      vertex   -2.203719e+00 1.250591e+00 3.000000e+00
    endloop
  endfacet
  facet normal -0.000000e+00 0.000000e+00 -1.000000e+00
    outer loop
      vertex   -2.203719e+00 1.250591e+00 3.000000e+00
      vertex   -2.255262e+00 1.120848e+00 3.000000e+00
      vertex   -2.600000e+00 2.728084e+00 3.000000e+00
    endloop
  endfacet
  facet normal 0.000000e+00 0.000000e+00 -1.000000e+00
    outer loop
      vertex   -2.600000e+00 2.728084e+00 3.000000e+00
      vertex   -2.255262e+00 1.120848e+00 3.000000e+00
      vertex   -2.299175e+00 9.883277e-01 3.000000e+00
    endloop
  endfacet
  facet normal 0.000000e+00 0.000000e+00 -1.000000e+00
    outer loop
      vertex   -2.600000e+00 2.728084e+00 3.000000e+00
      vertex   -2.299175e+00 9.883277e-01 3.000000e+00
      vertex   -2.335308e+00 8.534780e-01 3.000000e+00
    endloop
  endfacet
  facet normal -0.000000e+00 0.000000e+00 -1.000000e+00
    outer loop
      vertex   -2.335308e+00 8.534780e-01 3.000000e+00
      vertex   -2.363539e+00 7.167556e-01 3.000000e+00
      vertex   -2.600000e+00 2.728084e+00 3.000000e+00
    endloop
  endfacet
  facet normal 0.000000e+00 0.000000e+00 -1.000000e+00
    outer loop
      vertex   -2.600000e+00 2.728084e+00 3.000000e+00
      vertex   -2.363539e+00 7.167556e-01 3.000000e+00
      vertex   -2.383772e+00 5.786229e-01 3.000000e+00
    endloop
  endfacet
  facet normal 0.000000e+00 0.000000e+00 -1.000000e+00
    outer loop
      vertex   -2.600000e+00 2.728084e+00 3.000000e+00
      vertex   -2.383772e+00 5.786229e-01 3.000000e+00
      vertex   -2.395940e+00 4.395475e-01 3.000000e+00
    endloop
  endfacet
  facet normal -0.000000e+00 0.000000e+00 -1.000000e+00
    outer loop
      vertex   -2.395940e+00 4.395475e-01 3.000000e+00
      vertex   -2.400000e+00 3.000000e-01 3.000000e+00
      vertex   -2.600000e+00 2.728084e+00 3.000000e+00
    endloop
  endfacet
  facet normal 0.000000e+00 0.000000e+00 -1.000000e+00
    outer loop
      vertex   -2.600000e+00 2.728084e+00 3.000000e+00
      vertex   -2.400000e+00 3.000000e-01 3.000000e+00
      vertex   -2.600000e+00 -2.100000e+00 3.000000e+00
    endloop
  endfacet
  facet normal 0.000000e+00 0.000000e+00 -1.000000e+00
    outer loop
      vertex   -2.600000e+00 -2.100000e+00 3.000000e+00
      vertex   -2.400000e+00 3.000000e-01 3.000000e+00
      vertex   -2.395940e+00 1.604524e-01 3.000000e+00
    endloop
  endfacet
  facet normal 0.000000e+00 0.000000e+00 -1.000000e+00
    outer loop
      vertex   -2.600000e+00 -2.100000e+00 3.000000e+00
      vertex   -2.395940e+00 1.604524e-01 3.000000e+00
      vertex   -2.383772e+00 2.137696e-02 3.000000e+00
    endloop
  endfacet
  facet normal 0.000000e+00 -0.000000e+00 -1.000000e+00
    outer loop
      vertex   -2.383772e+00 2.137696e-02 3.000000e+00
      vertex   -2.363539e+00 -1.167557e-01 3.000000e+00
      vertex   -2.600000e+00 -2.100000e+00 3.000000e+00
    endloop
  endfacet
  facet normal 0.000000e+00 0.000000e+00 -1.000000e+00
    outer loop
      vertex   -2.600000e+00 -2.100000e+00 3.000000e+00
      vertex   -2.363539e+00 -1.167557e-01 3.000000e+00
      vertex   -2.335308e+00 -2.534781e-01 3.000000e+00
    endloop
  endfacet
  facet normal 0.000000e+00 0.000000e+00 -1.000000e+00
    outer loop
      vertex   -2.600000e+00 -2.100000e+00 3.000000e+00
      vertex   -2.335308e+00 -2.534781e-01 3.000000e+00
      vertex   -2.299175e+00 -3.883278e-01 3.000000e+00
    endloop
  endfacet
  facet normal 0.000000e+00 -0.000000e+00 -1.000000e+00
    outer loop
      vertex   -2.299175e+00 -3.883278e-01 3.000000e+00
      vertex   -2.255262e+00 -5.208484e-01 3.000000e+00
      vertex   -2.600000e+00 -2.100000e+00 3.000000e+00
    endloop
  endfacet
  facet normal 0.000000e+00 0.000000e+00 -1.000000e+00
    outer loop
      vertex   -2.600000e+00 -2.100000e+00 3.000000e+00
      vertex   -2.255262e+00 -5.208484e-01 3.000000e+00
      vertex   -2.203719e+00 -6.505915e-01 3.000000e+00
    endloop
  endfacet
  facet normal 0.000000e+00 0.000000e+00 -1.000000e+00
    outer loop
      vertex   -2.600000e+00 -2.100000e+00 3.000000e+00
      vertex   -2.203719e+00 -6.505915e-01 3.000000e+00
      vertex   -2.144718e+00 -7.771181e-01 3.000000e+00
    endloop
  endfacet
  facet normal 0.000000e+00 -0.000000e+00 -1.000000e+00
    outer loop
      vertex   -2.144718e+00 -7.771181e-01 3.000000e+00
      vertex   -2.078461e+00 -9.000000e-01 3.000000e+00
      vertex   -2.600000e+00 -2.100000e+00 3.000000e+00
    endloop
  endfacet
  facet normal 0.000000e+00 0.000000e+00 -1.000000e+00
    outer loop
      vertex   -2.600000e+00 -2.100000e+00 3.000000e+00
      vertex   -2.078461e+00 -9.000000e-01 3.000000e+00
      vertex   -2.005171e+00 -1.018822e+00 3.000000e+00
    endloop
  endfacet
  facet normal 0.000000e+00 0.000000e+00 -1.000000e+00
    outer loop
      vertex   -2.600000e+00 -2.100000e+00 3.000000e+00
      vertex   -2.005171e+00 -1.018822e+00 3.000000e+00
      vertex   -1.925096e+00 -1.133181e+00 3.000000e+00
    endloop
  endfacet
  facet normal 0.000000e+00 -0.000000e+00 -1.000000e+00
    outer loop
      vertex   -1.925096e+00 -1.133181e+00 3.000000e+00
      vertex   -1.838507e+00 -1.242690e+00 3.000000e+00
      vertex   -2.600000e+00 -2.100000e+00 3.000000e+00
    endloop
  endfacet
  facet normal 0.000000e+00 0.000000e+00 -1.000000e+00
    outer loop
      vertex   -2.600000e+00 -2.100000e+00 3.000000e+00
      vertex   -1.838507e+00 -1.242690e+00 3.000000e+00
      vertex   -1.745697e+00 -1.346980e+00 3.000000e+00
    endloop
  endfacet
  facet normal 0.000000e+00 0.000000e+00 -1.000000e+00
    outer loop
      vertex   -2.600000e+00 -2.100000e+00 3.000000e+00
      vertex   -1.745697e+00 -1.346980e+00 3.000000e+00
      vertex   -1.646980e+00 -1.445697e+00 3.000000e+00
    endloop
  endfacet
  facet normal 0.000000e+00 -0.000000e+00 -1.000000e+00
    outer loop
      vertex   -1.646980e+00 -1.445697e+00 3.000000e+00
      vertex   -1.542690e+00 -1.538507e+00 3.000000e+00
      vertex   -2.600000e+00 -2.100000e+00 3.000000e+00
    endloop
  endfacet
  facet normal 0.000000e+00 0.000000e+00 -1.000000e+00
    outer loop
      vertex   -2.600000e+00 -2.100000e+00 3.000000e+00
      vertex   -1.542690e+00 -1.538507e+00 3.000000e+00
      vertex   -1.433181e+00 -1.625096e+00 3.000000e+00
    endloop
  endfacet
  facet normal 0.000000e+00 0.000000e+00 -1.000000e+00
    outer loop
      vertex   -2.600000e+00 -2.100000e+00 3.000000e+00
      vertex   -1.433181e+00 -1.625096e+00 3.000000e+00
      vertex   -1.318822e+00 -1.705171e+00 3.000000e+00
    endloop
  endfacet
  facet normal 0.000000e+00 -0.000000e+00 -1.000000e+00
    outer loop
      vertex   -1.318822e+00 -1.705171e+00 3.000000e+00
      vertex   -1.200000e+00 -1.778461e+00 3.000000e+00
      vertex   -2.600000e+00 -2.100000e+00 3.000000e+00
    endloop
  endfacet
  facet normal 0.000000e+00 0.000000e+00 -1.000000e+00
    outer loop
      vertex   -2.600000e+00 -2.100000e+00 3.000000e+00
      vertex   -1.200000e+00 -1.778461e+00 3.000000e+00
      vertex   -1.077118e+00 -1.844718e+00 3.000000e+00
    endloop
  endfacet
  facet normal 0.000000e+00 0.000000e+00 -1.000000e+00
    outer loop
      vertex   -2.600000e+00 -2.100000e+00 3.000000e+00
      vertex   -1.077118e+00 -1.844718e+00 3.000000e+00
      vertex   -9.505914e-01 -1.903719e+00 3.000000e+00
    endloop
  endfacet
  facet normal 0.000000e+00 -0.000000e+00 -1.000000e+00
    outer loop
      vertex   -9.505914e-01 -1.903719e+00 3.000000e+00
      vertex   -8.208483e-01 -1.955262e+00 3.000000e+00
      vertex   -2.600000e+00 -2.100000e+00 3.000000e+00
    endloop
  endfacet
  facet normal 0.000000e+00 0.000000e+00 -1.000000e+00
    outer loop
      vertex   -2.600000e+00 -2.100000e+00 3.000000e+00
      vertex   -8.208483e-01 -1.955262e+00 3.000000e+00
      vertex   -6.883278e-01 -1.999175e+00 3.000000e+00
    endloop
  endfacet
  facet normal 0.000000e+00 0.000000e+00 -1.000000e+00
    outer loop
      vertex   -2.600000e+00 -2.100000e+00 3.000000e+00
      vertex   -6.883278e-01 -1.999175e+00 3.000000e+00
      vertex   -5.534781e-01 -2.035308e+00 3.000000e+00
    endloop
  endfacet
  facet normal 0.000000e+00 -0.000000e+00 -1.000000e+00
    outer loop
      vertex   -5.534781e-01 -2.035308e+00 3.000000e+00
      vertex   -4.167556e-01 -2.063539e+00 3.000000e+00
      vertex   -2.600000e+00 -2.100000e+00 3.000000e+00
    endloop
  endfacet
  facet normal 0.000000e+00 0.000000e+00 -1.000000e+00
    outer loop
      vertex   -2.600000e+00 -2.100000e+00 3.000000e+00
      vertex   -4.167556e-01 -2.063539e+00 3.000000e+00
      vertex   -2.786230e-01 -2.083772e+00 3.000000e+00
    endloop
  endfacet
  facet normal 0.000000e+00 0.000000e+00 -1.000000e+00
    outer loop
      vertex   -2.600000e+00 -2.100000e+00 3.000000e+00
      vertex   -2.786230e-01 -2.083772e+00 3.000000e+00
      vertex   -1.395476e-01 -2.095940e+00 3.000000e+00
    endloop
  endfacet
  facet normal 0.000000e+00 -0.000000e+00 -1.000000e+00
    outer loop
      vertex   -1.395476e-01 -2.095940e+00 3.000000e+00
      vertex   0.000000e+00 -2.100000e+00 3.000000e+00
      vertex   -2.600000e+00 -2.100000e+00 3.000000e+00
    endloop
  endfacet
  facet normal -1.000000e+00 0.000000e+00 1.776357e-16
    outer loop
      vertex   2.599286e+00 2.728084e+00 3.000000e+00
      vertex   2.599286e+00 2.728084e+00 5.000000e-01
      vertex   2.599286e+00 -2.100000e+00 3.000000e+00
    endloop
  endfacet
  facet normal -1.000000e+00 -9.198042e-17 -0.000000e+00
    outer loop
      vertex   2.599286e+00 -2.100000e+00 3.000000e+00
      vertex   2.599286e+00 2.728084e+00 5.000000e-01
      vertex   2.599286e+00 -2.100000e+00 0.000000e+00
    endloop
  endfacet
  facet normal -1.000000e+00 -8.334876e-17 -8.334876e-17
    outer loop
      vertex   2.599286e+00 -2.100000e+00 0.000000e+00
      vertex   2.599286e+00 2.728084e+00 5.000000e-01
      vertex   2.599286e+00 3.228084e+00 0.000000e+00
    endloop
  endfacet
  facet normal -1.000000e+00 -7.580674e-17 -0.000000e+00
    outer loop
      vertex   2.599286e+00 7.241824e+00 3.000000e+00
      vertex   2.599286e+00 1.310000e+01 3.000000e+00
      vertex   2.599286e+00 7.241824e+00 5.000000e-01
    endloop
  endfacet
  facet normal -1.000000e+00 -7.580674e-17 0.000000e+00
    outer loop
      vertex   2.599286e+00 7.241824e+00 5.000000e-01
      vertex   2.599286e+00 1.310000e+01 3.000000e+00
      vertex   2.599286e+00 1.310000e+01 0.000000e+00
    endloop
  endfacet
  facet normal -1.000000e+00 -6.984538e-17 6.984538e-17
    outer loop
      vertex   2.599286e+00 7.241824e+00 5.000000e-01
      vertex   2.599286e+00 1.310000e+01 0.000000e+00
      vertex   2.599286e+00 6.741824e+00 0.000000e+00
    endloop
  endfacet
  facet normal 0.000000e+00 0.000000e+00 -1.000000e+00
    outer loop
      vertex   2.495923e+00 1.014272e+01 3.000000e+00
      vertex   2.599286e+00 1.310000e+01 3.000000e+00
      vertex   2.500000e+00 1.000000e+01 3.000000e+00
    endloop
  endfacet
  facet normal 0.000000e+00 0.000000e+00 -1.000000e+00
    outer loop
      vertex   2.500000e+00 1.000000e+01 3.000000e+00
      vertex   2.599286e+00 1.310000e+01 3.000000e+00
      vertex   2.599286e+00 7.241824e+00 3.000000e+00
    endloop
  endfacet
  facet normal 0.000000e+00 -0.000000e+00 -1.000000e+00
    outer loop
      vertex   2.500000e+00 1.000000e+01 3.000000e+00
      vertex   2.599286e+00 7.241824e+00 3.000000e+00
      vertex   2.495923e+00 9.857278e+00 3.000000e+00
    endloop
  endfacet
  facet normal 0.000000e+00 -0.000000e+00 -1.000000e+00
    outer loop
      vertex   2.495923e+00 9.857278e+00 3.000000e+00
      vertex   2.599286e+00 7.241824e+00 3.000000e+00
      vertex   2.483704e+00 9.715021e+00 3.000000e+00
    endloop
  endfacet
  facet normal 0.000000e+00 -0.000000e+00 -1.000000e+00
    outer loop
      vertex   2.483704e+00 9.715021e+00 3.000000e+00
      vertex   2.599286e+00 7.241824e+00 3.000000e+00
      vertex   2.463385e+00 9.573695e+00 3.000000e+00
    endloop
  endfacet
  facet normal 0.000000e+00 -0.000000e+00 -1.000000e+00
    outer loop
      vertex   2.463385e+00 9.573695e+00 3.000000e+00
      vertex   2.599286e+00 7.241824e+00 3.000000e+00
      vertex   2.435030e+00 9.433758e+00 3.000000e+00
    endloop
  endfacet
  facet normal 0.000000e+00 -0.000000e+00 -1.000000e+00
    outer loop
      vertex   2.435030e+00 9.433758e+00 3.000000e+00
      vertex   2.599286e+00 7.241824e+00 3.000000e+00
      vertex   2.398732e+00 9.295669e+00 3.000000e+00
    endloop
  endfacet
  facet normal 0.000000e+00 -0.000000e+00 -1.000000e+00
    outer loop
      vertex   2.398732e+00 9.295669e+00 3.000000e+00
      vertex   2.599286e+00 7.241824e+00 3.000000e+00
      vertex   2.354611e+00 9.159877e+00 3.000000e+00
    endloop
  endfacet
  facet normal 0.000000e+00 -0.000000e+00 -1.000000e+00
    outer loop
      vertex   2.354611e+00 9.159877e+00 3.000000e+00
      vertex   2.599286e+00 7.241824e+00 3.000000e+00
      vertex   2.302809e+00 9.026825e+00 3.000000e+00
    endloop
  endfacet
  facet normal 0.000000e+00 -0.000000e+00 -1.000000e+00
    outer loop
      vertex   2.302809e+00 9.026825e+00 3.000000e+00
      vertex   2.599286e+00 7.241824e+00 3.000000e+00
      vertex   2.243496e+00 8.896947e+00 3.000000e+00
    endloop
  endfacet
  facet normal 0.000000e+00 -0.000000e+00 -1.000000e+00
    outer loop
      vertex   2.243496e+00 8.896947e+00 3.000000e+00
      vertex   2.599286e+00 7.241824e+00 3.000000e+00
      vertex   2.176865e+00 8.770668e+00 3.000000e+00
    endloop
  endfacet
  facet normal 0.000000e+00 -0.000000e+00 -1.000000e+00
    outer loop
      vertex   2.176865e+00 8.770668e+00 3.000000e+00
      vertex   2.599286e+00 7.241824e+00 3.000000e+00
      vertex   2.103134e+00 8.648398e+00 3.000000e+00
    endloop
  endfacet
  facet normal 0.000000e+00 -0.000000e+00 -1.000000e+00
    outer loop
      vertex   2.103134e+00 8.648398e+00 3.000000e+00
      vertex   2.599286e+00 7.241824e+00 3.000000e+00
      vertex   2.022542e+00 8.530537e+00 3.000000e+00
    endloop
  endfacet
  facet normal 0.000000e+00 -0.000000e+00 -1.000000e+00
    outer loop
      vertex   2.022542e+00 8.530537e+00 3.000000e+00
      vertex   2.599286e+00 7.241824e+00 3.000000e+00
      vertex   1.935354e+00 8.417469e+00 3.000000e+00
    endloop
  endfacet
  facet normal 0.000000e+00 -0.000000e+00 -1.000000e+00
    outer loop
      vertex   1.935354e+00 8.417469e+00 3.000000e+00
      vertex   2.599286e+00 7.241824e+00 3.000000e+00
      vertex   1.841853e+00 8.309563e+00 3.000000e+00
    endloop
  endfacet
  facet normal 0.000000e+00 -0.000000e+00 -1.000000e+00
    outer loop
      vertex   1.841853e+00 8.309563e+00 3.000000e+00
      vertex   2.599286e+00 7.241824e+00 3.000000e+00
      vertex   1.742344e+00 8.207170e+00 3.000000e+00
    endloop
  endfacet
  facet normal 0.000000e+00 -0.000000e+00 -1.000000e+00
    outer loop
      vertex   1.742344e+00 8.207170e+00 3.000000e+00
      vertex   2.599286e+00 7.241824e+00 3.000000e+00
      vertex   1.637152e+00 8.110626e+00 3.000000e+00
    endloop
  endfacet
  facet normal 0.000000e+00 -0.000000e+00 -1.000000e+00
    outer loop
      vertex   1.637152e+00 8.110626e+00 3.000000e+00
      vertex   2.599286e+00 7.241824e+00 3.000000e+00
      vertex   1.526620e+00 8.020244e+00 3.000000e+00
    endloop
  endfacet
  facet normal 0.000000e+00 -0.000000e+00 -1.000000e+00
    outer loop
      vertex   1.526620e+00 8.020244e+00 3.000000e+00
      vertex   2.599286e+00 7.241824e+00 3.000000e+00
      vertex   1.411108e+00 7.936320e+00 3.000000e+00
    endloop
  endfacet
  facet normal 0.000000e+00 -0.000000e+00 -1.000000e+00
    outer loop
      vertex   1.411108e+00 7.936320e+00 3.000000e+00
      vertex   2.599286e+00 7.241824e+00 3.000000e+00
      vertex   1.290994e+00 7.859127e+00 3.000000e+00
    endloop
  endfacet
  facet normal 0.000000e+00 -0.000000e+00 -1.000000e+00
    outer loop
      vertex   1.290994e+00 7.859127e+00 3.000000e+00
      vertex   2.599286e+00 7.241824e+00 3.000000e+00
      vertex   1.166668e+00 7.788918e+00 3.000000e+00
    endloop
  endfacet
  facet normal 0.000000e+00 -0.000000e+00 -1.000000e+00
    outer loop
      vertex   1.166668e+00 7.788918e+00 3.000000e+00
      vertex   2.599286e+00 7.241824e+00 3.000000e+00
      vertex   1.038538e+00 7.725920e+00 3.000000e+00
    endloop
  endfacet
  facet normal 0.000000e+00 -0.000000e+00 -1.000000e+00
    outer loop
      vertex   1.038538e+00 7.725920e+00 3.000000e+00
      vertex   2.599286e+00 7.241824e+00 3.000000e+00
      vertex   9.070193e-01 7.670340e+00 3.000000e+00
    endloop
  endfacet
  facet normal 0.000000e+00 -0.000000e+00 -1.000000e+00
    outer loop
      vertex   9.070193e-01 7.670340e+00 3.000000e+00
      vertex   2.599286e+00 7.241824e+00 3.000000e+00
      vertex   7.725425e-01 7.622359e+00 3.000000e+00
    endloop
  endfacet
  facet normal 0.000000e+00 -0.000000e+00 -1.000000e+00
    outer loop
      vertex   7.725425e-01 7.622359e+00 3.000000e+00
      vertex   2.599286e+00 7.241824e+00 3.000000e+00
      vertex   6.355458e-01 7.582133e+00 3.000000e+00
    endloop
  endfacet
  facet normal 0.000000e+00 -0.000000e+00 -1.000000e+00
    outer loop
      vertex   6.355458e-01 7.582133e+00 3.000000e+00
      vertex   2.599286e+00 7.241824e+00 3.000000e+00
      vertex   4.964762e-01 7.549794e+00 3.000000e+00
    endloop
  endfacet
  facet normal 0.000000e+00 -0.000000e+00 -1.000000e+00
    outer loop
      vertex   4.964762e-01 7.549794e+00 3.000000e+00
      vertex   2.599286e+00 7.241824e+00 3.000000e+00
      vertex   3.557871e-01 7.525446e+00 3.000000e+00
    endloop
  endfacet
  facet normal 0.000000e+00 -0.000000e+00 -1.000000e+00
    outer loop
      vertex   3.557871e-01 7.525446e+00 3.000000e+00
      vertex   2.599286e+00 7.241824e+00 3.000000e+00
      vertex   2.139375e-01 7.509171e+00 3.000000e+00
    endloop
  endfacet
  facet normal 0.000000e+00 -0.000000e+00 -1.000000e+00
    outer loop
      vertex   2.139375e-01 7.509171e+00 3.000000e+00
      vertex   2.599286e+00 7.241824e+00 3.000000e+00
      vertex   7.139013e-02 7.501020e+00 3.000000e+00
    endloop
  endfacet
  facet normal -0.000000e+00 -0.000000e+00 -1.000000e+00
    outer loop
      vertex   7.139013e-02 7.501020e+00 3.000000e+00
      vertex   2.599286e+00 7.241824e+00 3.000000e+00
      vertex   -7.139013e-02 7.501020e+00 3.000000e+00
    endloop
  endfacet
  facet normal 0.000000e+00 -0.000000e+00 -1.000000e+00
    outer loop
      vertex   -7.139013e-02 7.501020e+00 3.000000e+00
      vertex   2.599286e+00 7.241824e+00 3.000000e+00
      vertex   -2.600000e+00 7.241824e+00 3.000000e+00
    endloop
  endfacet
  facet normal -0.000000e+00 0.000000e+00 -1.000000e+00
    outer loop
      vertex   -7.139013e-02 7.501020e+00 3.000000e+00
      vertex   -2.600000e+00 7.241824e+00 3.000000e+00
      vertex   -2.139375e-01 7.509171e+00 3.000000e+00
    endloop
  endfacet
  facet normal -0.000000e+00 0.000000e+00 -1.000000e+00
    outer loop
      vertex   -2.139375e-01 7.509171e+00 3.000000e+00
      vertex   -2.600000e+00 7.241824e+00 3.000000e+00
      vertex   -3.557871e-01 7.525446e+00 3.000000e+00
    endloop
  endfacet
  facet normal -0.000000e+00 0.000000e+00 -1.000000e+00
    outer loop
      vertex   -3.557871e-01 7.525446e+00 3.000000e+00
      vertex   -2.600000e+00 7.241824e+00 3.000000e+00
      vertex   -4.964762e-01 7.549794e+00 3.000000e+00
    endloop
  endfacet
  facet normal -0.000000e+00 0.000000e+00 -1.000000e+00
    outer loop
      vertex   -4.964762e-01 7.549794e+00 3.000000e+00
      vertex   -2.600000e+00 7.241824e+00 3.000000e+00
      vertex   -6.355458e-01 7.582133e+00 3.000000e+00
    endloop
  endfacet
  facet normal -0.000000e+00 0.000000e+00 -1.000000e+00
    outer loop
      vertex   -6.355458e-01 7.582133e+00 3.000000e+00
      vertex   -2.600000e+00 7.241824e+00 3.000000e+00
      vertex   -7.725425e-01 7.622359e+00 3.000000e+00
    endloop
  endfacet
  facet normal -0.000000e+00 0.000000e+00 -1.000000e+00
    outer loop
      vertex   -7.725425e-01 7.622359e+00 3.000000e+00
      vertex   -2.600000e+00 7.241824e+00 3.000000e+00
      vertex   -9.070193e-01 7.670340e+00 3.000000e+00
    endloop
  endfacet
  facet normal -0.000000e+00 0.000000e+00 -1.000000e+00
    outer loop
      vertex   -9.070193e-01 7.670340e+00 3.000000e+00
      vertex   -2.600000e+00 7.241824e+00 3.000000e+00
      vertex   -1.038538e+00 7.725920e+00 3.000000e+00
    endloop
  endfacet
  facet normal -0.000000e+00 0.000000e+00 -1.000000e+00
    outer loop
      vertex   -1.038538e+00 7.725920e+00 3.000000e+00
      vertex   -2.600000e+00 7.241824e+00 3.000000e+00
      vertex   -1.166668e+00 7.788918e+00 3.000000e+00
    endloop
  endfacet
  facet normal -0.000000e+00 0.000000e+00 -1.000000e+00
    outer loop
      vertex   -1.166668e+00 7.788918e+00 3.000000e+00
      vertex   -2.600000e+00 7.241824e+00 3.000000e+00
      vertex   -1.290994e+00 7.859127e+00 3.000000e+00
    endloop
  endfacet
  facet normal -0.000000e+00 0.000000e+00 -1.000000e+00
    outer loop
      vertex   -1.290994e+00 7.859127e+00 3.000000e+00
      vertex   -2.600000e+00 7.241824e+00 3.000000e+00
      vertex   -1.411108e+00 7.936320e+00 3.000000e+00
    endloop
  endfacet
  facet normal -0.000000e+00 0.000000e+00 -1.000000e+00
    outer loop
      vertex   -1.411108e+00 7.936320e+00 3.000000e+00
      vertex   -2.600000e+00 7.241824e+00 3.000000e+00
      vertex   -1.526620e+00 8.020244e+00 3.000000e+00
    endloop
  endfacet
  facet normal -0.000000e+00 0.000000e+00 -1.000000e+00
    outer loop
      vertex   -1.526620e+00 8.020244e+00 3.000000e+00
      vertex   -2.600000e+00 7.241824e+00 3.000000e+00
      vertex   -1.637152e+00 8.110626e+00 3.000000e+00
    endloop
  endfacet
  facet normal -0.000000e+00 0.000000e+00 -1.000000e+00
    outer loop
      vertex   -1.637152e+00 8.110626e+00 3.000000e+00
      vertex   -2.600000e+00 7.241824e+00 3.000000e+00
      vertex   -1.742344e+00 8.207170e+00 3.000000e+00
    endloop
  endfacet
  facet normal -0.000000e+00 0.000000e+00 -1.000000e+00
    outer loop
      vertex   -1.742344e+00 8.207170e+00 3.000000e+00
      vertex   -2.600000e+00 7.241824e+00 3.000000e+00
      vertex   -1.841853e+00 8.309563e+00 3.000000e+00
    endloop
  endfacet
  facet normal -0.000000e+00 0.000000e+00 -1.000000e+00
    outer loop
      vertex   -1.841853e+00 8.309563e+00 3.000000e+00
      vertex   -2.600000e+00 7.241824e+00 3.000000e+00
      vertex   -1.935354e+00 8.417469e+00 3.000000e+00
    endloop
  endfacet
  facet normal -0.000000e+00 0.000000e+00 -1.000000e+00
    outer loop
      vertex   -1.935354e+00 8.417469e+00 3.000000e+00
      vertex   -2.600000e+00 7.241824e+00 3.000000e+00
      vertex   -2.022542e+00 8.530537e+00 3.000000e+00
    endloop
  endfacet
  facet normal -0.000000e+00 0.000000e+00 -1.000000e+00
    outer loop
      vertex   -2.022542e+00 8.530537e+00 3.000000e+00
      vertex   -2.600000e+00 7.241824e+00 3.000000e+00
      vertex   -2.103134e+00 8.648398e+00 3.000000e+00
    endloop
  endfacet
  facet normal -0.000000e+00 0.000000e+00 -1.000000e+00
    outer loop
      vertex   -2.103134e+00 8.648398e+00 3.000000e+00
      vertex   -2.600000e+00 7.241824e+00 3.000000e+00
      vertex   -2.176865e+00 8.770668e+00 3.000000e+00
    endloop
  endfacet
  facet normal -0.000000e+00 0.000000e+00 -1.000000e+00
    outer loop
      vertex   -2.176865e+00 8.770668e+00 3.000000e+00
      vertex   -2.600000e+00 7.241824e+00 3.000000e+00
      vertex   -2.243496e+00 8.896947e+00 3.000000e+00
    endloop
  endfacet
  facet normal -0.000000e+00 0.000000e+00 -1.000000e+00
    outer loop
      vertex   -2.243496e+00 8.896947e+00 3.000000e+00
      vertex   -2.600000e+00 7.241824e+00 3.000000e+00
      vertex   -2.302809e+00 9.026825e+00 3.000000e+00
    endloop
  endfacet
  facet normal -0.000000e+00 0.000000e+00 -1.000000e+00
    outer loop
      vertex   -2.302809e+00 9.026825e+00 3.000000e+00
      vertex   -2.600000e+00 7.241824e+00 3.000000e+00
      vertex   -2.354611e+00 9.159877e+00 3.000000e+00
    endloop
  endfacet
  facet normal -0.000000e+00 0.000000e+00 -1.000000e+00
    outer loop
      vertex   -2.354611e+00 9.159877e+00 3.000000e+00
      vertex   -2.600000e+00 7.241824e+00 3.000000e+00
      vertex   -2.398732e+00 9.295669e+00 3.000000e+00
    endloop
  endfacet
  facet normal -0.000000e+00 0.000000e+00 -1.000000e+00
    outer loop
      vertex   -2.398732e+00 9.295669e+00 3.000000e+00
      vertex   -2.600000e+00 7.241824e+00 3.000000e+00
      vertex   -2.435030e+00 9.433758e+00 3.000000e+00
    endloop
  endfacet
  facet normal -0.000000e+00 0.000000e+00 -1.000000e+00
    outer loop
      vertex   -2.435030e+00 9.433758e+00 3.000000e+00
      vertex   -2.600000e+00 7.241824e+00 3.000000e+00
      vertex   -2.463385e+00 9.573695e+00 3.000000e+00
    endloop
  endfacet
  facet normal -0.000000e+00 0.000000e+00 -1.000000e+00
    outer loop
      vertex   -2.463385e+00 9.573695e+00 3.000000e+00
      vertex   -2.600000e+00 7.241824e+00 3.000000e+00
      vertex   -2.483704e+00 9.715021e+00 3.000000e+00
    endloop
  endfacet
  facet normal -0.000000e+00 0.000000e+00 -1.000000e+00
    outer loop
      vertex   -2.483704e+00 9.715021e+00 3.000000e+00
      vertex   -2.600000e+00 7.241824e+00 3.000000e+00
      vertex   -2.495923e+00 9.857278e+00 3.000000e+00
    endloop
  endfacet
  facet normal -0.000000e+00 0.000000e+00 -1.000000e+00
    outer loop
      vertex   -2.495923e+00 9.857278e+00 3.000000e+00
      vertex   -2.600000e+00 7.241824e+00 3.000000e+00
      vertex   -2.500000e+00 1.000000e+01 3.000000e+00
    endloop
  endfacet
  facet normal -0.000000e+00 0.000000e+00 -1.000000e+00
    outer loop
      vertex   -2.500000e+00 1.000000e+01 3.000000e+00
      vertex   -2.600000e+00 7.241824e+00 3.000000e+00
      vertex   -2.600000e+00 1.310000e+01 3.000000e+00
    endloop
  endfacet
  facet normal 0.000000e+00 0.000000e+00 -1.000000e+00
    outer loop
      vertex   -2.500000e+00 1.000000e+01 3.000000e+00
      vertex   -2.600000e+00 1.310000e+01 3.000000e+00
      vertex   -2.495923e+00 1.014272e+01 3.000000e+00
    endloop
  endfacet
  facet normal 0.000000e+00 0.000000e+00 -1.000000e+00
    outer loop
      vertex   -2.495923e+00 1.014272e+01 3.000000e+00
      vertex   -2.600000e+00 1.310000e+01 3.000000e+00
      vertex   -2.483704e+00 1.028498e+01 3.000000e+00
    endloop
  endfacet
  facet normal 0.000000e+00 0.000000e+00 -1.000000e+00
    outer loop
      vertex   -2.483704e+00 1.028498e+01 3.000000e+00
      vertex   -2.600000e+00 1.310000e+01 3.000000e+00
      vertex   -2.463385e+00 1.042631e+01 3.000000e+00
    endloop
  endfacet
  facet normal 0.000000e+00 0.000000e+00 -1.000000e+00
    outer loop
      vertex   -2.463385e+00 1.042631e+01 3.000000e+00
      vertex   -2.600000e+00 1.310000e+01 3.000000e+00
      vertex   -2.435030e+00 1.056624e+01 3.000000e+00
    endloop
  endfacet
  facet normal 0.000000e+00 0.000000e+00 -1.000000e+00
    outer loop
      vertex   -2.435030e+00 1.056624e+01 3.000000e+00
      vertex   -2.600000e+00 1.310000e+01 3.000000e+00
      vertex   -2.398732e+00 1.070433e+01 3.000000e+00
    endloop
  endfacet
  facet normal 0.000000e+00 0.000000e+00 -1.000000e+00
    outer loop
      vertex   -2.398732e+00 1.070433e+01 3.000000e+00
      vertex   -2.600000e+00 1.310000e+01 3.000000e+00
      vertex   -2.354611e+00 1.084012e+01 3.000000e+00
    endloop
  endfacet
  facet normal 0.000000e+00 0.000000e+00 -1.000000e+00
    outer loop
      vertex   -2.354611e+00 1.084012e+01 3.000000e+00
      vertex   -2.600000e+00 1.310000e+01 3.000000e+00
      vertex   -2.302809e+00 1.097318e+01 3.000000e+00
    endloop
  endfacet
  facet normal 0.000000e+00 0.000000e+00 -1.000000e+00
    outer loop
      vertex   -2.302809e+00 1.097318e+01 3.000000e+00
      vertex   -2.600000e+00 1.310000e+01 3.000000e+00
      vertex   -2.243496e+00 1.110305e+01 3.000000e+00
    endloop
  endfacet
  facet normal 0.000000e+00 0.000000e+00 -1.000000e+00
    outer loop
      vertex   -2.243496e+00 1.110305e+01 3.000000e+00
      vertex   -2.600000e+00 1.310000e+01 3.000000e+00
      vertex   -2.176865e+00 1.122933e+01 3.000000e+00
    endloop
  endfacet
  facet normal 0.000000e+00 0.000000e+00 -1.000000e+00
    outer loop
      vertex   -2.176865e+00 1.122933e+01 3.000000e+00
      vertex   -2.600000e+00 1.310000e+01 3.000000e+00
      vertex   -2.103134e+00 1.135160e+01 3.000000e+00
    endloop
  endfacet
  facet normal 0.000000e+00 0.000000e+00 -1.000000e+00
    outer loop
      vertex   -2.103134e+00 1.135160e+01 3.000000e+00
      vertex   -2.600000e+00 1.310000e+01 3.000000e+00
      vertex   -2.022542e+00 1.146946e+01 3.000000e+00
    endloop
  endfacet
  facet normal 0.000000e+00 0.000000e+00 -1.000000e+00
    outer loop
      vertex   -2.022542e+00 1.146946e+01 3.000000e+00
      vertex   -2.600000e+00 1.310000e+01 3.000000e+00
      vertex   -1.935354e+00 1.158253e+01 3.000000e+00
    endloop
  endfacet
  facet normal 0.000000e+00 0.000000e+00 -1.000000e+00
    outer loop
      vertex   -1.935354e+00 1.158253e+01 3.000000e+00
      vertex   -2.600000e+00 1.310000e+01 3.000000e+00
      vertex   -1.841853e+00 1.169044e+01 3.000000e+00
    endloop
  endfacet
  facet normal 0.000000e+00 0.000000e+00 -1.000000e+00
    outer loop
      vertex   -1.841853e+00 1.169044e+01 3.000000e+00
      vertex   -2.600000e+00 1.310000e+01 3.000000e+00
      vertex   -1.742344e+00 1.179283e+01 3.000000e+00
    endloop
  endfacet
  facet normal 0.000000e+00 0.000000e+00 -1.000000e+00
    outer loop
      vertex   -1.742344e+00 1.179283e+01 3.000000e+00
      vertex   -2.600000e+00 1.310000e+01 3.000000e+00
      vertex   -1.637152e+00 1.188937e+01 3.000000e+00
    endloop
  endfacet
  facet normal 0.000000e+00 0.000000e+00 -1.000000e+00
    outer loop
      vertex   -1.637152e+00 1.188937e+01 3.000000e+00
      vertex   -2.600000e+00 1.310000e+01 3.000000e+00
      vertex   -1.526620e+00 1.197976e+01 3.000000e+00
    endloop
  endfacet
  facet normal 0.000000e+00 0.000000e+00 -1.000000e+00
    outer loop
      vertex   -1.526620e+00 1.197976e+01 3.000000e+00
      vertex   -2.600000e+00 1.310000e+01 3.000000e+00
      vertex   -1.411108e+00 1.206368e+01 3.000000e+00
    endloop
  endfacet
  facet normal 0.000000e+00 0.000000e+00 -1.000000e+00
    outer loop
      vertex   -1.411108e+00 1.206368e+01 3.000000e+00
      vertex   -2.600000e+00 1.310000e+01 3.000000e+00
      vertex   -1.290994e+00 1.214087e+01 3.000000e+00
    endloop
  endfacet
  facet normal 0.000000e+00 0.000000e+00 -1.000000e+00
    outer loop
      vertex   -1.290994e+00 1.214087e+01 3.000000e+00
      vertex   -2.600000e+00 1.310000e+01 3.000000e+00
      vertex   -1.166668e+00 1.221108e+01 3.000000e+00
    endloop
  endfacet
  facet normal 0.000000e+00 0.000000e+00 -1.000000e+00
    outer loop
      vertex   -1.166668e+00 1.221108e+01 3.000000e+00
      vertex   -2.600000e+00 1.310000e+01 3.000000e+00
      vertex   -1.038538e+00 1.227408e+01 3.000000e+00
    endloop
  endfacet
  facet normal 0.000000e+00 0.000000e+00 -1.000000e+00
    outer loop
      vertex   -1.038538e+00 1.227408e+01 3.000000e+00
      vertex   -2.600000e+00 1.310000e+01 3.000000e+00
      vertex   -9.070193e-01 1.232966e+01 3.000000e+00
    endloop
  endfacet
  facet normal 0.000000e+00 0.000000e+00 -1.000000e+00
    outer loop
      vertex   -9.070193e-01 1.232966e+01 3.000000e+00
      vertex   -2.600000e+00 1.310000e+01 3.000000e+00
      vertex   -7.725425e-01 1.237764e+01 3.000000e+00
    endloop
  endfacet
  facet normal 0.000000e+00 0.000000e+00 -1.000000e+00
    outer loop
      vertex   -7.725425e-01 1.237764e+01 3.000000e+00
      vertex   -2.600000e+00 1.310000e+01 3.000000e+00
      vertex   -6.355458e-01 1.241787e+01 3.000000e+00
    endloop
  endfacet
  facet normal 0.000000e+00 0.000000e+00 -1.000000e+00
    outer loop
      vertex   -6.355458e-01 1.241787e+01 3.000000e+00
      vertex   -2.600000e+00 1.310000e+01 3.000000e+00
      vertex   -4.964762e-01 1.245021e+01 3.000000e+00
    endloop
  endfacet
  facet normal 0.000000e+00 0.000000e+00 -1.000000e+00
    outer loop
      vertex   -4.964762e-01 1.245021e+01 3.000000e+00
      vertex   -2.600000e+00 1.310000e+01 3.000000e+00
      vertex   -3.557871e-01 1.247455e+01 3.000000e+00
    endloop
  endfacet
  facet normal 0.000000e+00 0.000000e+00 -1.000000e+00
    outer loop
      vertex   -3.557871e-01 1.247455e+01 3.000000e+00
      vertex   -2.600000e+00 1.310000e+01 3.000000e+00
      vertex   -2.139375e-01 1.249083e+01 3.000000e+00
    endloop
  endfacet
  facet normal 0.000000e+00 0.000000e+00 -1.000000e+00
    outer loop
      vertex   -2.139375e-01 1.249083e+01 3.000000e+00
      vertex   -2.600000e+00 1.310000e+01 3.000000e+00
      vertex   -7.139013e-02 1.249898e+01 3.000000e+00
    endloop
  endfacet
  facet normal 0.000000e+00 0.000000e+00 -1.000000e+00
    outer loop
      vertex   -7.139013e-02 1.249898e+01 3.000000e+00
      vertex   -2.600000e+00 1.310000e+01 3.000000e+00
      vertex   2.599286e+00 1.310000e+01 3.000000e+00
    endloop
  endfacet
  facet normal 0.000000e+00 0.000000e+00 -1.000000e+00
    outer loop
      vertex   -7.139013e-02 1.249898e+01 3.000000e+00
      vertex   2.599286e+00 1.310000e+01 3.000000e+00
      vertex   7.139013e-02 1.249898e+01 3.000000e+00
    endloop
  endfacet
  facet normal 0.000000e+00 0.000000e+00 -1.000000e+00
    outer loop
      vertex   7.139013e-02 1.249898e+01 3.000000e+00
      vertex   2.599286e+00 1.310000e+01 3.000000e+00
      vertex   2.139375e-01 1.249083e+01 3.000000e+00
    endloop
  endfacet
  facet normal 0.000000e+00 0.000000e+00 -1.000000e+00
    outer loop
      vertex   2.139375e-01 1.249083e+01 3.000000e+00
      vertex   2.599286e+00 1.310000e+01 3.000000e+00
      vertex   3.557871e-01 1.247455e+01 3.000000e+00
    endloop
  endfacet
  facet normal 0.000000e+00 0.000000e+00 -1.000000e+00
    outer loop
      vertex   3.557871e-01 1.247455e+01 3.000000e+00
      vertex   2.599286e+00 1.310000e+01 3.000000e+00
      vertex   4.964762e-01 1.245021e+01 3.000000e+00
    endloop
  endfacet
  facet normal 0.000000e+00 0.000000e+00 -1.000000e+00
    outer loop
      vertex   4.964762e-01 1.245021e+01 3.000000e+00
      vertex   2.599286e+00 1.310000e+01 3.000000e+00
      vertex   6.355458e-01 1.241787e+01 3.000000e+00
    endloop
  endfacet
  facet normal 0.000000e+00 0.000000e+00 -1.000000e+00
    outer loop
      vertex   6.355458e-01 1.241787e+01 3.000000e+00
      vertex   2.599286e+00 1.310000e+01 3.000000e+00
      vertex   7.725425e-01 1.237764e+01 3.000000e+00
    endloop
  endfacet
  facet normal 0.000000e+00 0.000000e+00 -1.000000e+00
    outer loop
      vertex   7.725425e-01 1.237764e+01 3.000000e+00
      vertex   2.599286e+00 1.310000e+01 3.000000e+00
      vertex   9.070193e-01 1.232966e+01 3.000000e+00
    endloop
  endfacet
  facet normal 0.000000e+00 0.000000e+00 -1.000000e+00
    outer loop
      vertex   9.070193e-01 1.232966e+01 3.000000e+00
      vertex   2.599286e+00 1.310000e+01 3.000000e+00
      vertex   1.038538e+00 1.227408e+01 3.000000e+00
    endloop
  endfacet
  facet normal 0.000000e+00 0.000000e+00 -1.000000e+00
    outer loop
      vertex   1.038538e+00 1.227408e+01 3.000000e+00
      vertex   2.599286e+00 1.310000e+01 3.000000e+00
      vertex   1.166668e+00 1.221108e+01 3.000000e+00
    endloop
  endfacet
  facet normal 0.000000e+00 0.000000e+00 -1.000000e+00
    outer loop
      vertex   1.166668e+00 1.221108e+01 3.000000e+00
      vertex   2.599286e+00 1.310000e+01 3.000000e+00
      vertex   1.290994e+00 1.214087e+01 3.000000e+00
    endloop
  endfacet
  facet normal 0.000000e+00 0.000000e+00 -1.000000e+00
    outer loop
      vertex   1.290994e+00 1.214087e+01 3.000000e+00
      vertex   2.599286e+00 1.310000e+01 3.000000e+00
      vertex   1.411108e+00 1.206368e+01 3.000000e+00
    endloop
  endfacet
  facet normal 0.000000e+00 0.000000e+00 -1.000000e+00
    outer loop
      vertex   1.411108e+00 1.206368e+01 3.000000e+00
      vertex   2.599286e+00 1.310000e+01 3.000000e+00
      vertex   1.526620e+00 1.197976e+01 3.000000e+00
    endloop
  endfacet
  facet normal 0.000000e+00 0.000000e+00 -1.000000e+00
    outer loop
      vertex   1.526620e+00 1.197976e+01 3.000000e+00
      vertex   2.599286e+00 1.310000e+01 3.000000e+00
      vertex   1.637152e+00 1.188937e+01 3.000000e+00
    endloop
  endfacet
  facet normal 0.000000e+00 0.000000e+00 -1.000000e+00
    outer loop
      vertex   1.637152e+00 1.188937e+01 3.000000e+00
      vertex   2.599286e+00 1.310000e+01 3.000000e+00
      vertex   1.742344e+00 1.179283e+01 3.000000e+00
    endloop
  endfacet
  facet normal 0.000000e+00 0.000000e+00 -1.000000e+00
    outer loop
      vertex   1.742344e+00 1.179283e+01 3.000000e+00
      vertex   2.599286e+00 1.310000e+01 3.000000e+00
      vertex   1.841853e+00 1.169044e+01 3.000000e+00
    endloop
  endfacet
  facet normal 0.000000e+00 0.000000e+00 -1.000000e+00
    outer loop
      vertex   1.841853e+00 1.169044e+01 3.000000e+00
      vertex   2.599286e+00 1.310000e+01 3.000000e+00
      vertex   1.935354e+00 1.158253e+01 3.000000e+00
    endloop
  endfacet
  facet normal 0.000000e+00 0.000000e+00 -1.000000e+00
    outer loop
      vertex   1.935354e+00 1.158253e+01 3.000000e+00
      vertex   2.599286e+00 1.310000e+01 3.000000e+00
      vertex   2.022542e+00 1.146946e+01 3.000000e+00
    endloop
  endfacet
  facet normal 0.000000e+00 0.000000e+00 -1.000000e+00
    outer loop
      vertex   2.022542e+00 1.146946e+01 3.000000e+00
      vertex   2.599286e+00 1.310000e+01 3.000000e+00
      vertex   2.103134e+00 1.135160e+01 3.000000e+00
    endloop
  endfacet
  facet normal 0.000000e+00 0.000000e+00 -1.000000e+00
    outer loop
      vertex   2.103134e+00 1.135160e+01 3.000000e+00
      vertex   2.599286e+00 1.310000e+01 3.000000e+00
      vertex   2.176865e+00 1.122933e+01 3.000000e+00
    endloop
  endfacet
  facet normal 0.000000e+00 0.000000e+00 -1.000000e+00
    outer loop
      vertex   2.176865e+00 1.122933e+01 3.000000e+00
      vertex   2.599286e+00 1.310000e+01 3.000000e+00
      vertex   2.243496e+00 1.110305e+01 3.000000e+00
    endloop
  endfacet
  facet normal 0.000000e+00 0.000000e+00 -1.000000e+00
    outer loop
      vertex   2.243496e+00 1.110305e+01 3.000000e+00
      vertex   2.599286e+00 1.310000e+01 3.000000e+00
      vertex   2.302809e+00 1.097318e+01 3.000000e+00
    endloop
  endfacet
  facet normal 0.000000e+00 0.000000e+00 -1.000000e+00
    outer loop
      vertex   2.302809e+00 1.097318e+01 3.000000e+00
      vertex   2.599286e+00 1.310000e+01 3.000000e+00
      vertex   2.354611e+00 1.084012e+01 3.000000e+00
    endloop
  endfacet
  facet normal 0.000000e+00 0.000000e+00 -1.000000e+00
    outer loop
      vertex   2.354611e+00 1.084012e+01 3.000000e+00
      vertex   2.599286e+00 1.310000e+01 3.000000e+00
      vertex   2.398732e+00 1.070433e+01 3.000000e+00
    endloop
  endfacet
  facet normal 0.000000e+00 0.000000e+00 -1.000000e+00
    outer loop
      vertex   2.398732e+00 1.070433e+01 3.000000e+00
      vertex   2.599286e+00 1.310000e+01 3.000000e+00
      vertex   2.435030e+00 1.056624e+01 3.000000e+00
    endloop
  endfacet
  facet normal 0.000000e+00 0.000000e+00 -1.000000e+00
    outer loop
      vertex   2.435030e+00 1.056624e+01 3.000000e+00
      vertex   2.599286e+00 1.310000e+01 3.000000e+00
      vertex   2.463385e+00 1.042631e+01 3.000000e+00
    endloop
  endfacet
  facet normal 0.000000e+00 0.000000e+00 -1.000000e+00
    outer loop
      vertex   2.463385e+00 1.042631e+01 3.000000e+00
      vertex   2.599286e+00 1.310000e+01 3.000000e+00
      vertex   2.483704e+00 1.028498e+01 3.000000e+00
    endloop
  endfacet
  facet normal 0.000000e+00 0.000000e+00 -1.000000e+00
    outer loop
      vertex   2.483704e+00 1.028498e+01 3.000000e+00
      vertex   2.599286e+00 1.310000e+01 3.000000e+00
      vertex   2.495923e+00 1.014272e+01 3.000000e+00
    endloop
  endfacet
  facet normal 1.000000e+00 -0.000000e+00 0.000000e+00
    outer loop
      vertex   -2.600000e+00 7.241824e+00 3.000000e+00
      vertex   -2.600000e+00 7.241824e+00 5.000000e-01
      vertex   -2.600000e+00 1.310000e+01 3.000000e+00
    endloop
  endfacet
  facet normal 1.000000e+00 6.317228e-17 -1.480297e-16
    outer loop
      vertex   -2.600000e+00 1.310000e+01 3.000000e+00
      vertex   -2.600000e+00 7.241824e+00 5.000000e-01
      vertex   -2.600000e+00 1.310000e+01 0.000000e+00
    endloop
  endfacet
  facet normal 1.000000e+00 6.984538e-17 -6.984538e-17
    outer loop
      vertex   -2.600000e+00 1.310000e+01 0.000000e+00
      vertex   -2.600000e+00 7.241824e+00 5.000000e-01
      vertex   -2.600000e+00 6.741824e+00 0.000000e+00
    endloop
  endfacet
  facet normal 0.000000e+00 1.000000e+00 0.000000e+00
    outer loop
      vertex   2.599286e+00 -2.100000e+00 3.000000e+00
      vertex   2.599286e+00 -2.100000e+00 0.000000e+00
      vertex   0.000000e+00 -2.100000e+00 3.000000e+00
    endloop
  endfacet
  facet normal -8.541350e-17 1.000000e+00 -7.400471e-17
    outer loop
      vertex   0.000000e+00 -2.100000e+00 3.000000e+00
      vertex   2.599286e+00 -2.100000e+00 0.000000e+00
      vertex   -2.600000e+00 -2.100000e+00 0.000000e+00
    endloop
  endfacet
  facet normal 0.000000e+00 1.000000e+00 -1.480297e-16
    outer loop
      vertex   0.000000e+00 -2.100000e+00 3.000000e+00
      vertex   -2.600000e+00 -2.100000e+00 0.000000e+00
      vertex   -2.600000e+00 -2.100000e+00 3.000000e+00
    endloop
  endfacet
  facet normal 0.000000e+00 -1.000000e+00 0.000000e+00
    outer loop
      vertex   -2.600000e+00 1.310000e+01 0.000000e+00
      vertex   2.599286e+00 1.310000e+01 0.000000e+00
      vertex   -2.600000e+00 1.310000e+01 3.000000e+00
    endloop
  endfacet
  facet normal 0.000000e+00 -1.000000e+00 0.000000e+00
    outer loop
      vertex   -2.600000e+00 1.310000e+01 3.000000e+00
      vertex   2.599286e+00 1.310000e+01 0.000000e+00
      vertex   2.599286e+00 1.310000e+01 3.000000e+00
    endloop
  endfacet
  facet normal -9.995922e-01 2.855605e-02 0.000000e+00
    outer loop
      vertex   2.495923e+00 9.857278e+00 3.000000e+00
      vertex   2.495923e+00 9.857278e+00 5.000000e+00
      vertex   2.500000e+00 1.000000e+01 3.000000e+00
    endloop
  endfacet
  facet normal -9.995922e-01 2.855605e-02 0.000000e+00
    outer loop
      vertex   2.500000e+00 1.000000e+01 3.000000e+00
      vertex   2.495923e+00 9.857278e+00 5.000000e+00
      vertex   2.500000e+00 1.000000e+01 5.000000e+00
    endloop
  endfacet
  facet normal -9.995922e-01 -2.855605e-02 0.000000e+00
    outer loop
      vertex   2.500000e+00 1.000000e+01 3.000000e+00
      vertex   2.500000e+00 1.000000e+01 5.000000e+00
      vertex   2.495923e+00 1.014272e+01 3.000000e+00
    endloop
  endfacet
  facet normal -9.995922e-01 -2.855605e-02 0.000000e+00
    outer loop
      vertex   2.495923e+00 1.014272e+01 3.000000e+00
      vertex   2.500000e+00 1.000000e+01 5.000000e+00
      vertex   2.495923e+00 1.014272e+01 5.000000e+00
    endloop
  endfacet
  facet normal -9.963317e-01 -8.557501e-02 0.000000e+00
    outer loop
      vertex   2.495923e+00 1.014272e+01 3.000000e+00
      vertex   2.495923e+00 1.014272e+01 5.000000e+00
      vertex   2.483704e+00 1.028498e+01 3.000000e+00
    endloop
  endfacet
  facet normal -9.963317e-01 -8.557501e-02 0.000000e+00
    outer loop
      vertex   2.483704e+00 1.028498e+01 3.000000e+00
      vertex   2.495923e+00 1.014272e+01 5.000000e+00
      vertex   2.483704e+00 1.028498e+01 5.000000e+00
    endloop
  endfacet
  facet normal -9.898214e-01 -1.423148e-01 0.000000e+00
    outer loop
      vertex   2.483704e+00 1.028498e+01 3.000000e+00
      vertex   2.483704e+00 1.028498e+01 5.000000e+00
      vertex   2.463385e+00 1.042631e+01 3.000000e+00
    endloop
  endfacet
  facet normal -9.898214e-01 -1.423148e-01 0.000000e+00
    outer loop
      vertex   2.463385e+00 1.042631e+01 3.000000e+00
      vertex   2.483704e+00 1.028498e+01 5.000000e+00
      vertex   2.463385e+00 1.042631e+01 5.000000e+00
    endloop
  endfacet
  facet normal -9.800826e-01 -1.985905e-01 0.000000e+00
    outer loop
      vertex   2.463385e+00 1.042631e+01 3.000000e+00
      vertex   2.463385e+00 1.042631e+01 5.000000e+00
      vertex   2.435030e+00 1.056624e+01 3.000000e+00
    endloop
  endfacet
  facet normal -9.800826e-01 -1.985905e-01 0.000000e+00
    outer loop
      vertex   2.435030e+00 1.056624e+01 3.000000e+00
      vertex   2.463385e+00 1.042631e+01 5.000000e+00
      vertex   2.435030e+00 1.056624e+01 5.000000e+00
    endloop
  endfacet
  facet normal -9.671469e-01 -2.542183e-01 0.000000e+00
    outer loop
      vertex   2.435030e+00 1.056624e+01 3.000000e+00
      vertex   2.435030e+00 1.056624e+01 5.000000e+00
      vertex   2.398732e+00 1.070433e+01 3.000000e+00
    endloop
  endfacet
  facet normal -9.671469e-01 -2.542183e-01 -1.104150e-17
    outer loop
      vertex   2.398732e+00 1.070433e+01 3.000000e+00
      vertex   2.435030e+00 1.056624e+01 5.000000e+00
      vertex   2.398732e+00 1.070433e+01 5.000000e+00
    endloop
  endfacet
  facet normal -9.510565e-01 -3.090170e-01 -6.328526e-17
    outer loop
      vertex   2.398732e+00 1.070433e+01 3.000000e+00
      vertex   2.398732e+00 1.070433e+01 5.000000e+00
      vertex   2.354611e+00 1.084012e+01 3.000000e+00
    endloop
  endfacet
  facet normal -9.510565e-01 -3.090170e-01 0.000000e+00
    outer loop
      vertex   2.354611e+00 1.084012e+01 3.000000e+00
      vertex   2.398732e+00 1.070433e+01 5.000000e+00
      vertex   2.354611e+00 1.084012e+01 5.000000e+00
    endloop
  endfacet
  facet normal -9.318640e-01 -3.628077e-01 0.000000e+00
    outer loop
      vertex   2.354611e+00 1.084012e+01 3.000000e+00
      vertex   2.354611e+00 1.084012e+01 5.000000e+00
      vertex   2.302809e+00 1.097318e+01 3.000000e+00
    endloop
  endfacet
  facet normal -9.318640e-01 -3.628077e-01 4.138308e-16
    outer loop
      vertex   2.302809e+00 1.097318e+01 3.000000e+00
      vertex   2.354611e+00 1.084012e+01 5.000000e+00
      vertex   2.302809e+00 1.097318e+01 5.000000e+00
    endloop
  endfacet
  facet normal -9.096320e-01 -4.154150e-01 4.039578e-16
    outer loop
      vertex   2.302809e+00 1.097318e+01 3.000000e+00
      vertex   2.302809e+00 1.097318e+01 5.000000e+00
      vertex   2.243496e+00 1.110305e+01 3.000000e+00
    endloop
  endfacet
  facet normal -9.096320e-01 -4.154150e-01 0.000000e+00
    outer loop
      vertex   2.243496e+00 1.110305e+01 3.000000e+00
      vertex   2.302809e+00 1.097318e+01 5.000000e+00
      vertex   2.243496e+00 1.110305e+01 5.000000e+00
    endloop
  endfacet
  facet normal -8.844329e-01 -4.666673e-01 0.000000e+00
    outer loop
      vertex   2.243496e+00 1.110305e+01 3.000000e+00
      vertex   2.243496e+00 1.110305e+01 5.000000e+00
      vertex   2.176865e+00 1.122933e+01 3.000000e+00
    endloop
  endfacet
  facet normal -8.844329e-01 -4.666673e-01 -1.963836e-16
    outer loop
      vertex   2.176865e+00 1.122933e+01 3.000000e+00
      vertex   2.243496e+00 1.110305e+01 5.000000e+00
      vertex   2.176865e+00 1.122933e+01 5.000000e+00
    endloop
  endfacet
  facet normal -8.563490e-01 -5.163975e-01 -1.901477e-16
    outer loop
      vertex   2.176865e+00 1.122933e+01 3.000000e+00
      vertex   2.176865e+00 1.122933e+01 5.000000e+00
      vertex   2.103134e+00 1.135160e+01 3.000000e+00
    endloop
  endfacet
  facet normal -8.563490e-01 -5.163975e-01 0.000000e+00
    outer loop
      vertex   2.103134e+00 1.135160e+01 3.000000e+00
      vertex   2.176865e+00 1.122933e+01 5.000000e+00
      vertex   2.103134e+00 1.135160e+01 5.000000e+00
    endloop
  endfacet
  facet normal -8.254719e-01 -5.644432e-01 0.000000e+00
    outer loop
      vertex   2.103134e+00 1.135160e+01 3.000000e+00
      vertex   2.103134e+00 1.135160e+01 5.000000e+00
      vertex   2.022542e+00 1.146946e+01 3.000000e+00
    endloop
  endfacet
  facet normal -8.254719e-01 -5.644432e-01 0.000000e+00
    outer loop
      vertex   2.022542e+00 1.146946e+01 3.000000e+00
      vertex   2.103134e+00 1.135160e+01 5.000000e+00
      vertex   2.022542e+00 1.146946e+01 5.000000e+00
    endloop
  endfacet
  facet normal -7.919022e-01 -6.106479e-01 0.000000e+00
    outer loop
      vertex   2.022542e+00 1.146946e+01 3.000000e+00
      vertex   2.022542e+00 1.146946e+01 5.000000e+00
      vertex   1.935354e+00 1.158253e+01 3.000000e+00
    endloop
  endfacet
  facet normal -7.919022e-01 -6.106479e-01 3.516752e-16
    outer loop
      vertex   1.935354e+00 1.158253e+01 3.000000e+00
      vertex   2.022542e+00 1.146946e+01 5.000000e+00
      vertex   1.935354e+00 1.158253e+01 5.000000e+00
    endloop
  endfacet
  facet normal -7.557496e-01 -6.548607e-01 3.356202e-16
    outer loop
      vertex   1.935354e+00 1.158253e+01 3.000000e+00
      vertex   1.935354e+00 1.158253e+01 5.000000e+00
      vertex   1.841853e+00 1.169044e+01 3.000000e+00
    endloop
  endfacet
  facet normal -7.557496e-01 -6.548607e-01 1.678101e-16
    outer loop
      vertex   1.841853e+00 1.169044e+01 3.000000e+00
      vertex   1.935354e+00 1.158253e+01 5.000000e+00
      vertex   1.841853e+00 1.169044e+01 5.000000e+00
    endloop
  endfacet
  facet normal -7.171318e-01 -6.969376e-01 1.592352e-16
    outer loop
      vertex   1.841853e+00 1.169044e+01 3.000000e+00
      vertex   1.841853e+00 1.169044e+01 5.000000e+00
      vertex   1.742344e+00 1.179283e+01 3.000000e+00
    endloop
  endfacet
  facet normal -7.171318e-01 -6.969376e-01 0.000000e+00
    outer loop
      vertex   1.742344e+00 1.179283e+01 3.000000e+00
      vertex   1.841853e+00 1.169044e+01 5.000000e+00
      vertex   1.742344e+00 1.179283e+01 5.000000e+00
    endloop
  endfacet
  facet normal -6.761749e-01 -7.367411e-01 0.000000e+00
    outer loop
      vertex   1.742344e+00 1.179283e+01 3.000000e+00
      vertex   1.742344e+00 1.179283e+01 5.000000e+00
      vertex   1.637152e+00 1.188937e+01 3.000000e+00
    endloop
  endfacet
  facet normal -6.761749e-01 -7.367411e-01 -5.042166e-16
    outer loop
      vertex   1.637152e+00 1.188937e+01 3.000000e+00
      vertex   1.742344e+00 1.179283e+01 5.000000e+00
      vertex   1.637152e+00 1.188937e+01 5.000000e+00
    endloop
  endfacet
  facet normal -6.330125e-01 -7.741416e-01 -5.470189e-16
    outer loop
      vertex   1.637152e+00 1.188937e+01 3.000000e+00
      vertex   1.637152e+00 1.188937e+01 5.000000e+00
      vertex   1.526620e+00 1.197976e+01 3.000000e+00
    endloop
  endfacet
  facet normal -6.330125e-01 -7.741416e-01 2.108355e-16
    outer loop
      vertex   1.526620e+00 1.197976e+01 3.000000e+00
      vertex   1.637152e+00 1.188937e+01 5.000000e+00
      vertex   1.526620e+00 1.197976e+01 5.000000e+00
    endloop
  endfacet
  facet normal -5.877853e-01 -8.090170e-01 1.957718e-16
    outer loop
      vertex   1.526620e+00 1.197976e+01 3.000000e+00
      vertex   1.526620e+00 1.197976e+01 5.000000e+00
      vertex   1.411108e+00 1.206368e+01 3.000000e+00
    endloop
  endfacet
  facet normal -5.877853e-01 -8.090170e-01 6.525727e-17
    outer loop
      vertex   1.411108e+00 1.206368e+01 3.000000e+00
      vertex   1.526620e+00 1.197976e+01 5.000000e+00
      vertex   1.411108e+00 1.206368e+01 5.000000e+00
    endloop
  endfacet
  facet normal -5.406408e-01 -8.412535e-01 6.002319e-17
    outer loop
      vertex   1.411108e+00 1.206368e+01 3.000000e+00
      vertex   1.411108e+00 1.206368e+01 5.000000e+00
      vertex   1.290994e+00 1.214087e+01 3.000000e+00
    endloop
  endfacet
  facet normal -5.406408e-01 -8.412535e-01 1.200464e-16
    outer loop
      vertex   1.290994e+00 1.214087e+01 3.000000e+00
      vertex   1.411108e+00 1.206368e+01 5.000000e+00
      vertex   1.290994e+00 1.214087e+01 5.000000e+00
    endloop
  endfacet
  facet normal -4.917329e-01 -8.707461e-01 1.091866e-16
    outer loop
      vertex   1.290994e+00 1.214087e+01 3.000000e+00
      vertex   1.290994e+00 1.214087e+01 5.000000e+00
      vertex   1.166668e+00 1.221108e+01 3.000000e+00
    endloop
  endfacet
  facet normal -4.917329e-01 -8.707461e-01 0.000000e+00
    outer loop
      vertex   1.166668e+00 1.221108e+01 3.000000e+00
      vertex   1.290994e+00 1.214087e+01 5.000000e+00
      vertex   1.166668e+00 1.221108e+01 5.000000e+00
    endloop
  endfacet
  facet normal -4.412211e-01 -8.973984e-01 0.000000e+00
    outer loop
      vertex   1.166668e+00 1.221108e+01 3.000000e+00
      vertex   1.166668e+00 1.221108e+01 5.000000e+00
      vertex   1.038538e+00 1.227408e+01 3.000000e+00
    endloop
  endfacet
  facet normal -4.412211e-01 -8.973984e-01 -1.447144e-15
    outer loop
      vertex   1.038538e+00 1.227408e+01 3.000000e+00
      vertex   1.166668e+00 1.221108e+01 5.000000e+00
      vertex   1.038538e+00 1.227408e+01 5.000000e+00
    endloop
  endfacet
  facet normal -3.892701e-01 -9.211237e-01 -1.506591e-15
    outer loop
      vertex   1.038538e+00 1.227408e+01 3.000000e+00
      vertex   1.038538e+00 1.227408e+01 5.000000e+00
      vertex   9.070193e-01 1.232966e+01 3.000000e+00
    endloop
  endfacet
  facet normal -3.892701e-01 -9.211237e-01 1.512618e-16
    outer loop
      vertex   9.070193e-01 1.232966e+01 3.000000e+00
      vertex   1.038538e+00 1.227408e+01 5.000000e+00
      vertex   9.070193e-01 1.232966e+01 5.000000e+00
    endloop
  endfacet
  facet normal -3.360494e-01 -9.418444e-01 1.305814e-16
    outer loop
      vertex   9.070193e-01 1.232966e+01 3.000000e+00
      vertex   9.070193e-01 1.232966e+01 5.000000e+00
      vertex   7.725425e-01 1.237764e+01 3.000000e+00
    endloop
  endfacet
  facet normal -3.360494e-01 -9.418444e-01 1.865449e-17
    outer loop
      vertex   7.725425e-01 1.237764e+01 3.000000e+00
      vertex   9.070193e-01 1.232966e+01 5.000000e+00
      vertex   7.725425e-01 1.237764e+01 5.000000e+00
    endloop
  endfacet
  facet normal -2.817326e-01 -9.594930e-01 1.563930e-17
    outer loop
      vertex   7.725425e-01 1.237764e+01 3.000000e+00
      vertex   7.725425e-01 1.237764e+01 5.000000e+00
      vertex   6.355458e-01 1.241787e+01 3.000000e+00
    endloop
  endfacet
  facet normal -2.817326e-01 -9.594930e-01 7.819649e-17
    outer loop
      vertex   6.355458e-01 1.241787e+01 3.000000e+00
      vertex   7.725425e-01 1.237764e+01 5.000000e+00
      vertex   6.355458e-01 1.241787e+01 5.000000e+00
    endloop
  endfacet
  facet normal -2.264968e-01 -9.740119e-01 6.286548e-17
    outer loop
      vertex   6.355458e-01 1.241787e+01 3.000000e+00
      vertex   6.355458e-01 1.241787e+01 5.000000e+00
      vertex   4.964762e-01 1.245021e+01 3.000000e+00
    endloop
  endfacet
  facet normal -2.264968e-01 -9.740119e-01 6.915203e-17
    outer loop
      vertex   4.964762e-01 1.245021e+01 3.000000e+00
      vertex   6.355458e-01 1.241787e+01 5.000000e+00
      vertex   4.964762e-01 1.245021e+01 5.000000e+00
    endloop
  endfacet
  facet normal -1.705222e-01 -9.853538e-01 5.206236e-17
    outer loop
      vertex   4.964762e-01 1.245021e+01 3.000000e+00
      vertex   4.964762e-01 1.245021e+01 5.000000e+00
      vertex   3.557871e-01 1.247455e+01 3.000000e+00
    endloop
  endfacet
  facet normal -1.705222e-01 -9.853538e-01 4.732942e-18
    outer loop
      vertex   3.557871e-01 1.247455e+01 3.000000e+00
      vertex   4.964762e-01 1.245021e+01 5.000000e+00
      vertex   3.557871e-01 1.247455e+01 5.000000e+00
    endloop
  endfacet
  facet normal -1.139914e-01 -9.934817e-01 3.163897e-18
    outer loop
      vertex   3.557871e-01 1.247455e+01 3.000000e+00
      vertex   3.557871e-01 1.247455e+01 5.000000e+00
      vertex   2.139375e-01 1.249083e+01 3.000000e+00
    endloop
  endfacet
  facet normal -1.139914e-01 -9.934817e-01 3.322092e-17
    outer loop
      vertex   2.139375e-01 1.249083e+01 3.000000e+00
      vertex   3.557871e-01 1.247455e+01 5.000000e+00
      vertex   2.139375e-01 1.249083e+01 5.000000e+00
    endloop
  endfacet
  facet normal -5.708881e-02 -9.983691e-01 1.663759e-17
    outer loop
      vertex   2.139375e-01 1.249083e+01 3.000000e+00
      vertex   2.139375e-01 1.249083e+01 5.000000e+00
      vertex   7.139013e-02 1.249898e+01 3.000000e+00
    endloop
  endfacet
  facet normal -5.708881e-02 -9.983691e-01 1.584533e-18
    outer loop
      vertex   7.139013e-02 1.249898e+01 3.000000e+00
      vertex   2.139375e-01 1.249083e+01 5.000000e+00
      vertex   7.139013e-02 1.249898e+01 5.000000e+00
    endloop
  endfacet
  facet normal 0.000000e+00 -1.000000e+00 0.000000e+00
    outer loop
      vertex   7.139013e-02 1.249898e+01 3.000000e+00
      vertex   7.139013e-02 1.249898e+01 5.000000e+00
      vertex   -7.139013e-02 1.249898e+01 3.000000e+00
    endloop
  endfacet
  facet normal 0.000000e+00 -1.000000e+00 0.000000e+00
    outer loop
      vertex   -7.139013e-02 1.249898e+01 3.000000e+00
      vertex   7.139013e-02 1.249898e+01 5.000000e+00
      vertex   -7.139013e-02 1.249898e+01 5.000000e+00
    endloop
  endfacet
  facet normal 5.708881e-02 -9.983691e-01 -1.584533e-18
    outer loop
      vertex   -7.139013e-02 1.249898e+01 3.000000e+00
      vertex   -7.139013e-02 1.249898e+01 5.000000e+00
      vertex   -2.139375e-01 1.249083e+01 3.000000e+00
    endloop
  endfacet
  facet normal 5.708881e-02 -9.983691e-01 -1.822213e-17
    outer loop
      vertex   -2.139375e-01 1.249083e+01 3.000000e+00
      vertex   -7.139013e-02 1.249898e+01 5.000000e+00
      vertex   -2.139375e-01 1.249083e+01 5.000000e+00
    endloop
  endfacet
  facet normal 1.139914e-01 -9.934817e-01 -3.638482e-17
    outer loop
      vertex   -2.139375e-01 1.249083e+01 3.000000e+00
      vertex   -2.139375e-01 1.249083e+01 5.000000e+00
      vertex   -3.557871e-01 1.247455e+01 3.000000e+00
    endloop
  endfacet
  facet normal 1.139914e-01 -9.934817e-01 0.000000e+00
    outer loop
      vertex   -3.557871e-01 1.247455e+01 3.000000e+00
      vertex   -2.139375e-01 1.249083e+01 5.000000e+00
      vertex   -3.557871e-01 1.247455e+01 5.000000e+00
    endloop
  endfacet
  facet normal 1.705222e-01 -9.853538e-01 0.000000e+00
    outer loop
      vertex   -3.557871e-01 1.247455e+01 3.000000e+00
      vertex   -3.557871e-01 1.247455e+01 5.000000e+00
      vertex   -4.964762e-01 1.245021e+01 3.000000e+00
    endloop
  endfacet
  facet normal 1.705222e-01 -9.853538e-01 -4.732942e-17
    outer loop
      vertex   -4.964762e-01 1.245021e+01 3.000000e+00
      vertex   -3.557871e-01 1.247455e+01 5.000000e+00
      vertex   -4.964762e-01 1.245021e+01 5.000000e+00
    endloop
  endfacet
  facet normal 2.264968e-01 -9.740119e-01 -6.286548e-17
    outer loop
      vertex   -4.964762e-01 1.245021e+01 3.000000e+00
      vertex   -4.964762e-01 1.245021e+01 5.000000e+00
      vertex   -6.355458e-01 1.241787e+01 3.000000e+00
    endloop
  endfacet
  facet normal 2.264968e-01 -9.740119e-01 -7.543858e-17
    outer loop
      vertex   -6.355458e-01 1.241787e+01 3.000000e+00
      vertex   -4.964762e-01 1.245021e+01 5.000000e+00
      vertex   -6.355458e-01 1.241787e+01 5.000000e+00
    endloop
  endfacet
  facet normal 2.817326e-01 -9.594930e-01 -9.383579e-17
    outer loop
      vertex   -6.355458e-01 1.241787e+01 3.000000e+00
      vertex   -6.355458e-01 1.241787e+01 5.000000e+00
      vertex   -7.725425e-01 1.237764e+01 3.000000e+00
    endloop
  endfacet
  facet normal 2.817326e-01 -9.594930e-01 0.000000e+00
    outer loop
      vertex   -7.725425e-01 1.237764e+01 3.000000e+00
      vertex   -6.355458e-01 1.241787e+01 5.000000e+00
      vertex   -7.725425e-01 1.237764e+01 5.000000e+00
    endloop
  endfacet
  facet normal 3.360494e-01 -9.418444e-01 0.000000e+00
    outer loop
      vertex   -7.725425e-01 1.237764e+01 3.000000e+00
      vertex   -7.725425e-01 1.237764e+01 5.000000e+00
      vertex   -9.070193e-01 1.232966e+01 3.000000e+00
    endloop
  endfacet
  facet normal 3.360494e-01 -9.418444e-01 0.000000e+00
    outer loop
      vertex   -9.070193e-01 1.232966e+01 3.000000e+00
      vertex   -7.725425e-01 1.237764e+01 5.000000e+00
      vertex   -9.070193e-01 1.232966e+01 5.000000e+00
    endloop
  endfacet
  facet normal 3.892701e-01 -9.211237e-01 0.000000e+00
    outer loop
      vertex   -9.070193e-01 1.232966e+01 3.000000e+00
      vertex   -9.070193e-01 1.232966e+01 5.000000e+00
      vertex   -1.038538e+00 1.227408e+01 3.000000e+00
    endloop
  endfacet
  facet normal 3.892701e-01 -9.211237e-01 -1.296530e-16
    outer loop
      vertex   -1.038538e+00 1.227408e+01 3.000000e+00
      vertex   -9.070193e-01 1.232966e+01 5.000000e+00
      vertex   -1.038538e+00 1.227408e+01 5.000000e+00
    endloop
  endfacet
  facet normal 4.412211e-01 -8.973984e-01 -1.469561e-16
    outer loop
      vertex   -1.038538e+00 1.227408e+01 3.000000e+00
      vertex   -1.038538e+00 1.227408e+01 5.000000e+00
      vertex   -1.166668e+00 1.221108e+01 3.000000e+00
    endloop
  endfacet
  facet normal 4.412211e-01 -8.973984e-01 -4.898538e-17
    outer loop
      vertex   -1.166668e+00 1.221108e+01 3.000000e+00
      vertex   -1.038538e+00 1.227408e+01 5.000000e+00
      vertex   -1.166668e+00 1.221108e+01 5.000000e+00
    endloop
  endfacet
  facet normal 4.917329e-01 -8.707461e-01 -5.459332e-17
    outer loop
      vertex   -1.166668e+00 1.221108e+01 3.000000e+00
      vertex   -1.166668e+00 1.221108e+01 5.000000e+00
      vertex   -1.290994e+00 1.214087e+01 3.000000e+00
    endloop
  endfacet
  facet normal 4.917329e-01 -8.707461e-01 -1.091866e-16
    outer loop
      vertex   -1.290994e+00 1.214087e+01 3.000000e+00
      vertex   -1.166668e+00 1.221108e+01 5.000000e+00
      vertex   -1.290994e+00 1.214087e+01 5.000000e+00
    endloop
  endfacet
  facet normal 5.406408e-01 -8.412535e-01 -1.200464e-16
    outer loop
      vertex   -1.290994e+00 1.214087e+01 3.000000e+00
      vertex   -1.290994e+00 1.214087e+01 5.000000e+00
      vertex   -1.411108e+00 1.206368e+01 3.000000e+00
    endloop
  endfacet
  facet normal 5.406408e-01 -8.412535e-01 6.271369e-16
    outer loop
      vertex   -1.411108e+00 1.206368e+01 3.000000e+00
      vertex   -1.290994e+00 1.214087e+01 5.000000e+00
      vertex   -1.411108e+00 1.206368e+01 5.000000e+00
    endloop
  endfacet
  facet normal 5.877853e-01 -8.090170e-01 5.880369e-16
    outer loop
      vertex   -1.411108e+00 1.206368e+01 3.000000e+00
      vertex   -1.411108e+00 1.206368e+01 5.000000e+00
      vertex   -1.526620e+00 1.197976e+01 3.000000e+00
    endloop
  endfacet
  facet normal 5.877853e-01 -8.090170e-01 6.525727e-17
    outer loop
      vertex   -1.526620e+00 1.197976e+01 3.000000e+00
      vertex   -1.411108e+00 1.206368e+01 5.000000e+00
      vertex   -1.526620e+00 1.197976e+01 5.000000e+00
    endloop
  endfacet
  facet normal 6.330125e-01 -7.741416e-01 7.027850e-17
    outer loop
      vertex   -1.526620e+00 1.197976e+01 3.000000e+00
      vertex   -1.526620e+00 1.197976e+01 5.000000e+00
      vertex   -1.637152e+00 1.188937e+01 3.000000e+00
    endloop
  endfacet
  facet normal 6.330125e-01 -7.741416e-01 7.027850e-17
    outer loop
      vertex   -1.637152e+00 1.188937e+01 3.000000e+00
      vertex   -1.526620e+00 1.197976e+01 5.000000e+00
      vertex   -1.637152e+00 1.188937e+01 5.000000e+00
    endloop
  endfacet
  facet normal 6.761749e-01 -7.367411e-01 7.507049e-17
    outer loop
      vertex   -1.637152e+00 1.188937e+01 3.000000e+00
      vertex   -1.637152e+00 1.188937e+01 5.000000e+00
      vertex   -1.742344e+00 1.179283e+01 3.000000e+00
    endloop
  endfacet
  facet normal 6.761749e-01 -7.367411e-01 5.792871e-16
    outer loop
      vertex   -1.742344e+00 1.179283e+01 3.000000e+00
      vertex   -1.637152e+00 1.188937e+01 5.000000e+00
      vertex   -1.742344e+00 1.179283e+01 5.000000e+00
    endloop
  endfacet
  facet normal 7.171318e-01 -6.969376e-01 5.393873e-16
    outer loop
      vertex   -1.742344e+00 1.179283e+01 3.000000e+00
      vertex   -1.742344e+00 1.179283e+01 5.000000e+00
      vertex   -1.841853e+00 1.169044e+01 3.000000e+00
    endloop
  endfacet
  facet normal 7.171318e-01 -6.969376e-01 -1.592352e-16
    outer loop
      vertex   -1.841853e+00 1.169044e+01 3.000000e+00
      vertex   -1.742344e+00 1.179283e+01 5.000000e+00
      vertex   -1.841853e+00 1.169044e+01 5.000000e+00
    endloop
  endfacet
  facet normal 7.557496e-01 -6.548607e-01 -1.678101e-16
    outer loop
      vertex   -1.841853e+00 1.169044e+01 3.000000e+00
      vertex   -1.841853e+00 1.169044e+01 5.000000e+00
      vertex   -1.935354e+00 1.158253e+01 3.000000e+00
    endloop
  endfacet
  facet normal 7.557496e-01 -6.548607e-01 -8.390506e-17
    outer loop
      vertex   -1.935354e+00 1.158253e+01 3.000000e+00
      vertex   -1.841853e+00 1.169044e+01 5.000000e+00
      vertex   -1.935354e+00 1.158253e+01 5.000000e+00
    endloop
  endfacet
  facet normal 7.919022e-01 -6.106479e-01 -8.791881e-17
    outer loop
      vertex   -1.935354e+00 1.158253e+01 3.000000e+00
      vertex   -1.935354e+00 1.158253e+01 5.000000e+00
      vertex   -2.022542e+00 1.146946e+01 3.000000e+00
    endloop
  endfacet
  facet normal 7.919022e-01 -6.106479e-01 -1.758376e-16
    outer loop
      vertex   -2.022542e+00 1.146946e+01 3.000000e+00
      vertex   -1.935354e+00 1.158253e+01 5.000000e+00
      vertex   -2.022542e+00 1.146946e+01 5.000000e+00
    endloop
  endfacet
  facet normal 8.254719e-01 -5.644432e-01 -1.832916e-16
    outer loop
      vertex   -2.022542e+00 1.146946e+01 3.000000e+00
      vertex   -2.022542e+00 1.146946e+01 5.000000e+00
      vertex   -2.103134e+00 1.135160e+01 3.000000e+00
    endloop
  endfacet
  facet normal 8.254719e-01 -5.644432e-01 1.347431e-16
    outer loop
      vertex   -2.103134e+00 1.135160e+01 3.000000e+00
      vertex   -2.022542e+00 1.146946e+01 5.000000e+00
      vertex   -2.103134e+00 1.135160e+01 5.000000e+00
    endloop
  endfacet
  facet normal 8.563490e-01 -5.163975e-01 7.835772e-17
    outer loop
      vertex   -2.103134e+00 1.135160e+01 3.000000e+00
      vertex   -2.103134e+00 1.135160e+01 5.000000e+00
      vertex   -2.176865e+00 1.122933e+01 3.000000e+00
    endloop
  endfacet
  facet normal 8.563490e-01 -5.163975e-01 0.000000e+00
    outer loop
      vertex   -2.176865e+00 1.122933e+01 3.000000e+00
      vertex   -2.103134e+00 1.135160e+01 5.000000e+00
      vertex   -2.176865e+00 1.122933e+01 5.000000e+00
    endloop
  endfacet
  facet normal 8.844329e-01 -4.666673e-01 0.000000e+00
    outer loop
      vertex   -2.176865e+00 1.122933e+01 3.000000e+00
      vertex   -2.176865e+00 1.122933e+01 5.000000e+00
      vertex   -2.243496e+00 1.110305e+01 3.000000e+00
    endloop
  endfacet
  facet normal 8.844329e-01 -4.666673e-01 -1.963836e-16
    outer loop
      vertex   -2.243496e+00 1.110305e+01 3.000000e+00
      vertex   -2.176865e+00 1.122933e+01 5.000000e+00
      vertex   -2.243496e+00 1.110305e+01 5.000000e+00
    endloop
  endfacet
  facet normal 9.096320e-01 -4.154150e-01 -2.019789e-16
    outer loop
      vertex   -2.243496e+00 1.110305e+01 3.000000e+00
      vertex   -2.243496e+00 1.110305e+01 5.000000e+00
      vertex   -2.302809e+00 1.097318e+01 3.000000e+00
    endloop
  endfacet
  facet normal 9.096320e-01 -4.154150e-01 -3.499510e-17
    outer loop
      vertex   -2.302809e+00 1.097318e+01 3.000000e+00
      vertex   -2.243496e+00 1.110305e+01 5.000000e+00
      vertex   -2.302809e+00 1.097318e+01 5.000000e+00
    endloop
  endfacet
  facet normal 9.318640e-01 -3.628077e-01 -9.159279e-17
    outer loop
      vertex   -2.302809e+00 1.097318e+01 3.000000e+00
      vertex   -2.302809e+00 1.097318e+01 5.000000e+00
      vertex   -2.354611e+00 1.084012e+01 3.000000e+00
    endloop
  endfacet
  facet normal 9.318640e-01 -3.628077e-01 -2.069154e-16
    outer loop
      vertex   -2.354611e+00 1.084012e+01 3.000000e+00
      vertex   -2.302809e+00 1.097318e+01 5.000000e+00
      vertex   -2.354611e+00 1.084012e+01 5.000000e+00
    endloop
  endfacet
  facet normal 9.510565e-01 -3.090170e-01 -2.111770e-16
    outer loop
      vertex   -2.354611e+00 1.084012e+01 3.000000e+00
      vertex   -2.354611e+00 1.084012e+01 5.000000e+00
      vertex   -2.398732e+00 1.070433e+01 3.000000e+00
    endloop
  endfacet
  facet normal 9.510565e-01 -3.090170e-01 -2.111770e-16
    outer loop
      vertex   -2.398732e+00 1.070433e+01 3.000000e+00
      vertex   -2.354611e+00 1.084012e+01 5.000000e+00
      vertex   -2.398732e+00 1.070433e+01 5.000000e+00
    endloop
  endfacet
  facet normal 9.671469e-01 -2.542183e-01 -2.147497e-16
    outer loop
      vertex   -2.398732e+00 1.070433e+01 3.000000e+00
      vertex   -2.398732e+00 1.070433e+01 5.000000e+00
      vertex   -2.435030e+00 1.056624e+01 3.000000e+00
    endloop
  endfacet
  facet normal 9.671469e-01 -2.542183e-01 1.104150e-17
    outer loop
      vertex   -2.435030e+00 1.056624e+01 3.000000e+00
      vertex   -2.398732e+00 1.070433e+01 5.000000e+00
      vertex   -2.435030e+00 1.056624e+01 5.000000e+00
    endloop
  endfacet
  facet normal 9.800826e-01 -1.985905e-01 -4.123828e-17
    outer loop
      vertex   -2.435030e+00 1.056624e+01 3.000000e+00
      vertex   -2.435030e+00 1.056624e+01 5.000000e+00
      vertex   -2.463385e+00 1.042631e+01 3.000000e+00
    endloop
  endfacet
  facet normal 9.800826e-01 -1.985905e-01 0.000000e+00
    outer loop
      vertex   -2.463385e+00 1.042631e+01 3.000000e+00
      vertex   -2.435030e+00 1.056624e+01 5.000000e+00
      vertex   -2.463385e+00 1.042631e+01 5.000000e+00
    endloop
  endfacet
  facet normal 9.898214e-01 -1.423148e-01 0.000000e+00
    outer loop
      vertex   -2.463385e+00 1.042631e+01 3.000000e+00
      vertex   -2.463385e+00 1.042631e+01 5.000000e+00
      vertex   -2.483704e+00 1.028498e+01 3.000000e+00
    endloop
  endfacet
  facet normal 9.898214e-01 -1.423148e-01 0.000000e+00
    outer loop
      vertex   -2.483704e+00 1.028498e+01 3.000000e+00
      vertex   -2.463385e+00 1.042631e+01 5.000000e+00
      vertex   -2.483704e+00 1.028498e+01 5.000000e+00
    endloop
  endfacet
  facet normal 9.963317e-01 -8.557501e-02 0.000000e+00
    outer loop
      vertex   -2.483704e+00 1.028498e+01 3.000000e+00
      vertex   -2.483704e+00 1.028498e+01 5.000000e+00
      vertex   -2.495923e+00 1.014272e+01 3.000000e+00
    endloop
  endfacet
  facet normal 9.963317e-01 -8.557501e-02 1.520118e-16
    outer loop
      vertex   -2.495923e+00 1.014272e+01 3.000000e+00
      vertex   -2.483704e+00 1.028498e+01 5.000000e+00
      vertex   -2.495923e+00 1.014272e+01 5.000000e+00
    endloop
  endfacet
  facet normal 9.995922e-01 -2.855605e-02 5.072574e-17
    outer loop
      vertex   -2.495923e+00 1.014272e+01 3.000000e+00
      vertex   -2.495923e+00 1.014272e+01 5.000000e+00
      vertex   -2.500000e+00 1.000000e+01 3.000000e+00
    endloop
  endfacet
  facet normal 9.995922e-01 -2.855605e-02 0.000000e+00
    outer loop
      vertex   -2.500000e+00 1.000000e+01 3.000000e+00
      vertex   -2.495923e+00 1.014272e+01 5.000000e+00
      vertex   -2.500000e+00 1.000000e+01 5.000000e+00
    endloop
  endfacet
  facet normal 9.995922e-01 2.855605e-02 -0.000000e+00
    outer loop
      vertex   -2.500000e+00 1.000000e+01 3.000000e+00
      vertex   -2.500000e+00 1.000000e+01 5.000000e+00
      vertex   -2.495923e+00 9.857278e+00 3.000000e+00
    endloop
  endfacet
  facet normal 9.995922e-01 2.855605e-02 -0.000000e+00
    outer loop
      vertex   -2.495923e+00 9.857278e+00 3.000000e+00
      vertex   -2.500000e+00 1.000000e+01 5.000000e+00
      vertex   -2.495923e+00 9.857278e+00 5.000000e+00
    endloop
  endfacet
  facet normal 9.963317e-01 8.557501e-02 -0.000000e+00
    outer loop
      vertex   -2.495923e+00 9.857278e+00 3.000000e+00
      vertex   -2.495923e+00 9.857278e+00 5.000000e+00
      vertex   -2.483704e+00 9.715021e+00 3.000000e+00
    endloop
  endfacet
  facet normal 9.963317e-01 8.557501e-02 -0.000000e+00
    outer loop
      vertex   -2.483704e+00 9.715021e+00 3.000000e+00
      vertex   -2.495923e+00 9.857278e+00 5.000000e+00
      vertex   -2.483704e+00 9.715021e+00 5.000000e+00
    endloop
  endfacet
  facet normal 9.898214e-01 1.423148e-01 -0.000000e+00
    outer loop
      vertex   -2.483704e+00 9.715021e+00 3.000000e+00
      vertex   -2.483704e+00 9.715021e+00 5.000000e+00
      vertex   -2.463385e+00 9.573695e+00 3.000000e+00
    endloop
  endfacet
  facet normal 9.898214e-01 1.423148e-01 -0.000000e+00
    outer loop
      vertex   -2.463385e+00 9.573695e+00 3.000000e+00
      vertex   -2.483704e+00 9.715021e+00 5.000000e+00
      vertex   -2.463385e+00 9.573695e+00 5.000000e+00
    endloop
  endfacet
  facet normal 9.800826e-01 1.985905e-01 -0.000000e+00
    outer loop
      vertex   -2.463385e+00 9.573695e+00 3.000000e+00
      vertex   -2.463385e+00 9.573695e+00 5.000000e+00
      vertex   -2.435030e+00 9.433758e+00 3.000000e+00
    endloop
  endfacet
  facet normal 9.800826e-01 1.985905e-01 -0.000000e+00
    outer loop
      vertex   -2.435030e+00 9.433758e+00 3.000000e+00
      vertex   -2.463385e+00 9.573695e+00 5.000000e+00
      vertex   -2.435030e+00 9.433758e+00 5.000000e+00
    endloop
  endfacet
  facet normal 9.671469e-01 2.542183e-01 -0.000000e+00
    outer loop
      vertex   -2.435030e+00 9.433758e+00 3.000000e+00
      vertex   -2.435030e+00 9.433758e+00 5.000000e+00
      vertex   -2.398732e+00 9.295669e+00 3.000000e+00
    endloop
  endfacet
  facet normal 9.671469e-01 2.542183e-01 -0.000000e+00
    outer loop
      vertex   -2.398732e+00 9.295669e+00 3.000000e+00
      vertex   -2.435030e+00 9.433758e+00 5.000000e+00
      vertex   -2.398732e+00 9.295669e+00 5.000000e+00
    endloop
  endfacet
  facet normal 9.510565e-01 3.090170e-01 -0.000000e+00
    outer loop
      vertex   -2.398732e+00 9.295669e+00 3.000000e+00
      vertex   -2.398732e+00 9.295669e+00 5.000000e+00
      vertex   -2.354611e+00 9.159877e+00 3.000000e+00
    endloop
  endfacet
  facet normal 9.510565e-01 3.090170e-01 -0.000000e+00
    outer loop
      vertex   -2.354611e+00 9.159877e+00 3.000000e+00
      vertex   -2.398732e+00 9.295669e+00 5.000000e+00
      vertex   -2.354611e+00 9.159877e+00 5.000000e+00
    endloop
  endfacet
  facet normal 9.318640e-01 3.628077e-01 -0.000000e+00
    outer loop
      vertex   -2.354611e+00 9.159877e+00 3.000000e+00
      vertex   -2.354611e+00 9.159877e+00 5.000000e+00
      vertex   -2.302809e+00 9.026825e+00 3.000000e+00
    endloop
  endfacet
  facet normal 9.318640e-01 3.628077e-01 -0.000000e+00
    outer loop
      vertex   -2.302809e+00 9.026825e+00 3.000000e+00
      vertex   -2.354611e+00 9.159877e+00 5.000000e+00
      vertex   -2.302809e+00 9.026825e+00 5.000000e+00
    endloop
  endfacet
  facet normal 9.096320e-01 4.154150e-01 -0.000000e+00
    outer loop
      vertex   -2.302809e+00 9.026825e+00 3.000000e+00
      vertex   -2.302809e+00 9.026825e+00 5.000000e+00
      vertex   -2.243496e+00 8.896947e+00 3.000000e+00
    endloop
  endfacet
  facet normal 9.096320e-01 4.154150e-01 -0.000000e+00
    outer loop
      vertex   -2.243496e+00 8.896947e+00 3.000000e+00
      vertex   -2.302809e+00 9.026825e+00 5.000000e+00
      vertex   -2.243496e+00 8.896947e+00 5.000000e+00
    endloop
  endfacet
  facet normal 8.844329e-01 4.666673e-01 -0.000000e+00
    outer loop
      vertex   -2.243496e+00 8.896947e+00 3.000000e+00
      vertex   -2.243496e+00 8.896947e+00 5.000000e+00
      vertex   -2.176865e+00 8.770668e+00 3.000000e+00
    endloop
  endfacet
  facet normal 8.844329e-01 4.666673e-01 -0.000000e+00
    outer loop
      vertex   -2.176865e+00 8.770668e+00 3.000000e+00
      vertex   -2.243496e+00 8.896947e+00 5.000000e+00
      vertex   -2.176865e+00 8.770668e+00 5.000000e+00
    endloop
  endfacet
  facet normal 8.563490e-01 5.163975e-01 -0.000000e+00
    outer loop
      vertex   -2.176865e+00 8.770668e+00 3.000000e+00
      vertex   -2.176865e+00 8.770668e+00 5.000000e+00
      vertex   -2.103134e+00 8.648398e+00 3.000000e+00
    endloop
  endfacet
  facet normal 8.563490e-01 5.163975e-01 -0.000000e+00
    outer loop
      vertex   -2.103134e+00 8.648398e+00 3.000000e+00
      vertex   -2.176865e+00 8.770668e+00 5.000000e+00
      vertex   -2.103134e+00 8.648398e+00 5.000000e+00
    endloop
  endfacet
  facet normal 8.254719e-01 5.644432e-01 -0.000000e+00
    outer loop
      vertex   -2.103134e+00 8.648398e+00 3.000000e+00
      vertex   -2.103134e+00 8.648398e+00 5.000000e+00
      vertex   -2.022542e+00 8.530537e+00 3.000000e+00
    endloop
  endfacet
  facet normal 8.254719e-01 5.644432e-01 -0.000000e+00
    outer loop
      vertex   -2.022542e+00 8.530537e+00 3.000000e+00
      vertex   -2.103134e+00 8.648398e+00 5.000000e+00
      vertex   -2.022542e+00 8.530537e+00 5.000000e+00
    endloop
  endfacet
  facet normal 7.919022e-01 6.106479e-01 -0.000000e+00
    outer loop
      vertex   -2.022542e+00 8.530537e+00 3.000000e+00
      vertex   -2.022542e+00 8.530537e+00 5.000000e+00
      vertex   -1.935354e+00 8.417469e+00 3.000000e+00
    endloop
  endfacet
  facet normal 7.919022e-01 6.106479e-01 -0.000000e+00
    outer loop
      vertex   -1.935354e+00 8.417469e+00 3.000000e+00
      vertex   -2.022542e+00 8.530537e+00 5.000000e+00
      vertex   -1.935354e+00 8.417469e+00 5.000000e+00
    endloop
  endfacet
  facet normal 7.557496e-01 6.548607e-01 -0.000000e+00
    outer loop
      vertex   -1.935354e+00 8.417469e+00 3.000000e+00
      vertex   -1.935354e+00 8.417469e+00 5.000000e+00
      vertex   -1.841853e+00 8.309563e+00 3.000000e+00
    endloop
  endfacet
  facet normal 7.557496e-01 6.548607e-01 -0.000000e+00
    outer loop
      vertex   -1.841853e+00 8.309563e+00 3.000000e+00
      vertex   -1.935354e+00 8.417469e+00 5.000000e+00
      vertex   -1.841853e+00 8.309563e+00 5.000000e+00
    endloop
  endfacet
  facet normal 7.171318e-01 6.969376e-01 -0.000000e+00
    outer loop
      vertex   -1.841853e+00 8.309563e+00 3.000000e+00
      vertex   -1.841853e+00 8.309563e+00 5.000000e+00
      vertex   -1.742344e+00 8.207170e+00 3.000000e+00
    endloop
  endfacet
  facet normal 7.171318e-01 6.969376e-01 -0.000000e+00
    outer loop
      vertex   -1.742344e+00 8.207170e+00 3.000000e+00
      vertex   -1.841853e+00 8.309563e+00 5.000000e+00
      vertex   -1.742344e+00 8.207170e+00 5.000000e+00
    endloop
  endfacet
  facet normal 6.761749e-01 7.367411e-01 -0.000000e+00
    outer loop
      vertex   -1.742344e+00 8.207170e+00 3.000000e+00
      vertex   -1.742344e+00 8.207170e+00 5.000000e+00
      vertex   -1.637152e+00 8.110626e+00 3.000000e+00
    endloop
  endfacet
  facet normal 6.761749e-01 7.367411e-01 -0.000000e+00
    outer loop
      vertex   -1.637152e+00 8.110626e+00 3.000000e+00
      vertex   -1.742344e+00 8.207170e+00 5.000000e+00
      vertex   -1.637152e+00 8.110626e+00 5.000000e+00
    endloop
  endfacet
  facet normal 6.330125e-01 7.741416e-01 -0.000000e+00
    outer loop
      vertex   -1.637152e+00 8.110626e+00 3.000000e+00
      vertex   -1.637152e+00 8.110626e+00 5.000000e+00
      vertex   -1.526620e+00 8.020244e+00 3.000000e+00
    endloop
  endfacet
  facet normal 6.330125e-01 7.741416e-01 -0.000000e+00
    outer loop
      vertex   -1.526620e+00 8.020244e+00 3.000000e+00
      vertex   -1.637152e+00 8.110626e+00 5.000000e+00
      vertex   -1.526620e+00 8.020244e+00 5.000000e+00
    endloop
  endfacet
  facet normal 5.877853e-01 8.090170e-01 -0.000000e+00
    outer loop
      vertex   -1.526620e+00 8.020244e+00 3.000000e+00
      vertex   -1.526620e+00 8.020244e+00 5.000000e+00
      vertex   -1.411108e+00 7.936320e+00 3.000000e+00
    endloop
  endfacet
  facet normal 5.877853e-01 8.090170e-01 -0.000000e+00
    outer loop
      vertex   -1.411108e+00 7.936320e+00 3.000000e+00
      vertex   -1.526620e+00 8.020244e+00 5.000000e+00
      vertex   -1.411108e+00 7.936320e+00 5.000000e+00
    endloop
  endfacet
  facet normal 5.406408e-01 8.412535e-01 -0.000000e+00
    outer loop
      vertex   -1.411108e+00 7.936320e+00 3.000000e+00
      vertex   -1.411108e+00 7.936320e+00 5.000000e+00
      vertex   -1.290994e+00 7.859127e+00 3.000000e+00
    endloop
  endfacet
  facet normal 5.406408e-01 8.412535e-01 -0.000000e+00
    outer loop
      vertex   -1.290994e+00 7.859127e+00 3.000000e+00
      vertex   -1.411108e+00 7.936320e+00 5.000000e+00
      vertex   -1.290994e+00 7.859127e+00 5.000000e+00
    endloop
  endfacet
  facet normal 4.917329e-01 8.707461e-01 -0.000000e+00
    outer loop
      vertex   -1.290994e+00 7.859127e+00 3.000000e+00
      vertex   -1.290994e+00 7.859127e+00 5.000000e+00
      vertex   -1.166668e+00 7.788918e+00 3.000000e+00
    endloop
  endfacet
  facet normal 4.917329e-01 8.707461e-01 -0.000000e+00
    outer loop
      vertex   -1.166668e+00 7.788918e+00 3.000000e+00
      vertex   -1.290994e+00 7.859127e+00 5.000000e+00
      vertex   -1.166668e+00 7.788918e+00 5.000000e+00
    endloop
  endfacet
  facet normal 4.412211e-01 8.973984e-01 -0.000000e+00
    outer loop
      vertex   -1.166668e+00 7.788918e+00 3.000000e+00
      vertex   -1.166668e+00 7.788918e+00 5.000000e+00
      vertex   -1.038538e+00 7.725920e+00 3.000000e+00
    endloop
  endfacet
  facet normal 4.412211e-01 8.973984e-01 -0.000000e+00
    outer loop
      vertex   -1.038538e+00 7.725920e+00 3.000000e+00
      vertex   -1.166668e+00 7.788918e+00 5.000000e+00
      vertex   -1.038538e+00 7.725920e+00 5.000000e+00
    endloop
  endfacet
  facet normal 3.892701e-01 9.211237e-01 -0.000000e+00
    outer loop
      vertex   -1.038538e+00 7.725920e+00 3.000000e+00
      vertex   -1.038538e+00 7.725920e+00 5.000000e+00
      vertex   -9.070193e-01 7.670340e+00 3.000000e+00
    endloop
  endfacet
  facet normal 3.892701e-01 9.211237e-01 -1.080442e-16
    outer loop
      vertex   -9.070193e-01 7.670340e+00 3.000000e+00
      vertex   -1.038538e+00 7.725920e+00 5.000000e+00
      vertex   -9.070193e-01 7.670340e+00 5.000000e+00
    endloop
  endfacet
  facet normal 3.360494e-01 9.418444e-01 -9.327244e-17
    outer loop
      vertex   -9.070193e-01 7.670340e+00 3.000000e+00
      vertex   -9.070193e-01 7.670340e+00 5.000000e+00
      vertex   -7.725425e-01 7.622359e+00 3.000000e+00
    endloop
  endfacet
  facet normal 3.360494e-01 9.418444e-01 -0.000000e+00
    outer loop
      vertex   -7.725425e-01 7.622359e+00 3.000000e+00
      vertex   -9.070193e-01 7.670340e+00 5.000000e+00
      vertex   -7.725425e-01 7.622359e+00 5.000000e+00
    endloop
  endfacet
  facet normal 2.817326e-01 9.594930e-01 -0.000000e+00
    outer loop
      vertex   -7.725425e-01 7.622359e+00 3.000000e+00
      vertex   -7.725425e-01 7.622359e+00 5.000000e+00
      vertex   -6.355458e-01 7.582133e+00 3.000000e+00
    endloop
  endfacet
  facet normal 2.817326e-01 9.594930e-01 -0.000000e+00
    outer loop
      vertex   -6.355458e-01 7.582133e+00 3.000000e+00
      vertex   -7.725425e-01 7.622359e+00 5.000000e+00
      vertex   -6.355458e-01 7.582133e+00 5.000000e+00
    endloop
  endfacet
  facet normal 2.264968e-01 9.740119e-01 -0.000000e+00
    outer loop
      vertex   -6.355458e-01 7.582133e+00 3.000000e+00
      vertex   -6.355458e-01 7.582133e+00 5.000000e+00
      vertex   -4.964762e-01 7.549794e+00 3.000000e+00
    endloop
  endfacet
  facet normal 2.264968e-01 9.740119e-01 -6.286548e-17
    outer loop
      vertex   -4.964762e-01 7.549794e+00 3.000000e+00
      vertex   -6.355458e-01 7.582133e+00 5.000000e+00
      vertex   -4.964762e-01 7.549794e+00 5.000000e+00
    endloop
  endfacet
  facet normal 1.705222e-01 9.853538e-01 -4.732942e-17
    outer loop
      vertex   -4.964762e-01 7.549794e+00 3.000000e+00
      vertex   -4.964762e-01 7.549794e+00 5.000000e+00
      vertex   -3.557871e-01 7.525446e+00 3.000000e+00
    endloop
  endfacet
  facet normal 1.705222e-01 9.853538e-01 -0.000000e+00
    outer loop
      vertex   -3.557871e-01 7.525446e+00 3.000000e+00
      vertex   -4.964762e-01 7.549794e+00 5.000000e+00
      vertex   -3.557871e-01 7.525446e+00 5.000000e+00
    endloop
  endfacet
  facet normal 1.139914e-01 9.934817e-01 -0.000000e+00
    outer loop
      vertex   -3.557871e-01 7.525446e+00 3.000000e+00
      vertex   -3.557871e-01 7.525446e+00 5.000000e+00
      vertex   -2.139375e-01 7.509171e+00 3.000000e+00
    endloop
  endfacet
  facet normal 1.139914e-01 9.934817e-01 -0.000000e+00
    outer loop
      vertex   -2.139375e-01 7.509171e+00 3.000000e+00
      vertex   -3.557871e-01 7.525446e+00 5.000000e+00
      vertex   -2.139375e-01 7.509171e+00 5.000000e+00
    endloop
  endfacet
  facet normal 5.708881e-02 9.983691e-01 -0.000000e+00
    outer loop
      vertex   -2.139375e-01 7.509171e+00 3.000000e+00
      vertex   -2.139375e-01 7.509171e+00 5.000000e+00
      vertex   -7.139013e-02 7.501020e+00 3.000000e+00
    endloop
  endfacet
  facet normal 5.708881e-02 9.983691e-01 -0.000000e+00
    outer loop
      vertex   -7.139013e-02 7.501020e+00 3.000000e+00
      vertex   -2.139375e-01 7.509171e+00 5.000000e+00
      vertex   -7.139013e-02 7.501020e+00 5.000000e+00
    endloop
  endfacet
  facet normal 0.000000e+00 1.000000e+00 0.000000e+00
    outer loop
      vertex   -7.139013e-02 7.501020e+00 3.000000e+00
      vertex   -7.139013e-02 7.501020e+00 5.000000e+00
      vertex   7.139013e-02 7.501020e+00 3.000000e+00
    endloop
  endfacet
  facet normal 0.000000e+00 1.000000e+00 -0.000000e+00
    outer loop
      vertex   7.139013e-02 7.501020e+00 3.000000e+00
      vertex   -7.139013e-02 7.501020e+00 5.000000e+00
      vertex   7.139013e-02 7.501020e+00 5.000000e+00
    endloop
  endfacet
  facet normal -5.708881e-02 9.983691e-01 0.000000e+00
    outer loop
      vertex   7.139013e-02 7.501020e+00 3.000000e+00
      vertex   7.139013e-02 7.501020e+00 5.000000e+00
      vertex   2.139375e-01 7.509171e+00 3.000000e+00
    endloop
  endfacet
  facet normal -5.708881e-02 9.983691e-01 1.584533e-17
    outer loop
      vertex   2.139375e-01 7.509171e+00 3.000000e+00
      vertex   7.139013e-02 7.501020e+00 5.000000e+00
      vertex   2.139375e-01 7.509171e+00 5.000000e+00
    endloop
  endfacet
  facet normal -1.139914e-01 9.934817e-01 3.163897e-17
    outer loop
      vertex   2.139375e-01 7.509171e+00 3.000000e+00
      vertex   2.139375e-01 7.509171e+00 5.000000e+00
      vertex   3.557871e-01 7.525446e+00 3.000000e+00
    endloop
  endfacet
  facet normal -1.139914e-01 9.934817e-01 0.000000e+00
    outer loop
      vertex   3.557871e-01 7.525446e+00 3.000000e+00
      vertex   2.139375e-01 7.509171e+00 5.000000e+00
      vertex   3.557871e-01 7.525446e+00 5.000000e+00
    endloop
  endfacet
  facet normal -1.705222e-01 9.853538e-01 0.000000e+00
    outer loop
      vertex   3.557871e-01 7.525446e+00 3.000000e+00
      vertex   3.557871e-01 7.525446e+00 5.000000e+00
      vertex   4.964762e-01 7.549794e+00 3.000000e+00
    endloop
  endfacet
  facet normal -1.705222e-01 9.853538e-01 0.000000e+00
    outer loop
      vertex   4.964762e-01 7.549794e+00 3.000000e+00
      vertex   3.557871e-01 7.525446e+00 5.000000e+00
      vertex   4.964762e-01 7.549794e+00 5.000000e+00
    endloop
  endfacet
  facet normal -2.264968e-01 9.740119e-01 0.000000e+00
    outer loop
      vertex   4.964762e-01 7.549794e+00 3.000000e+00
      vertex   4.964762e-01 7.549794e+00 5.000000e+00
      vertex   6.355458e-01 7.582133e+00 3.000000e+00
    endloop
  endfacet
  facet normal -2.264968e-01 9.740119e-01 6.286548e-17
    outer loop
      vertex   6.355458e-01 7.582133e+00 3.000000e+00
      vertex   4.964762e-01 7.549794e+00 5.000000e+00
      vertex   6.355458e-01 7.582133e+00 5.000000e+00
    endloop
  endfacet
  facet normal -2.817326e-01 9.594930e-01 7.819649e-17
    outer loop
      vertex   6.355458e-01 7.582133e+00 3.000000e+00
      vertex   6.355458e-01 7.582133e+00 5.000000e+00
      vertex   7.725425e-01 7.622359e+00 3.000000e+00
    endloop
  endfacet
  facet normal -2.817326e-01 9.594930e-01 0.000000e+00
    outer loop
      vertex   7.725425e-01 7.622359e+00 3.000000e+00
      vertex   6.355458e-01 7.582133e+00 5.000000e+00
      vertex   7.725425e-01 7.622359e+00 5.000000e+00
    endloop
  endfacet
  facet normal -3.360494e-01 9.418444e-01 0.000000e+00
    outer loop
      vertex   7.725425e-01 7.622359e+00 3.000000e+00
      vertex   7.725425e-01 7.622359e+00 5.000000e+00
      vertex   9.070193e-01 7.670340e+00 3.000000e+00
    endloop
  endfacet
  facet normal -3.360494e-01 9.418444e-01 0.000000e+00
    outer loop
      vertex   9.070193e-01 7.670340e+00 3.000000e+00
      vertex   7.725425e-01 7.622359e+00 5.000000e+00
      vertex   9.070193e-01 7.670340e+00 5.000000e+00
    endloop
  endfacet
  facet normal -3.892701e-01 9.211237e-01 0.000000e+00
    outer loop
      vertex   9.070193e-01 7.670340e+00 3.000000e+00
      vertex   9.070193e-01 7.670340e+00 5.000000e+00
      vertex   1.038538e+00 7.725920e+00 3.000000e+00
    endloop
  endfacet
  facet normal -3.892701e-01 9.211237e-01 -3.226257e-16
    outer loop
      vertex   1.038538e+00 7.725920e+00 3.000000e+00
      vertex   9.070193e-01 7.670340e+00 5.000000e+00
      vertex   1.038538e+00 7.725920e+00 5.000000e+00
    endloop
  endfacet
  facet normal -4.412211e-01 8.973984e-01 -3.005542e-16
    outer loop
      vertex   1.038538e+00 7.725920e+00 3.000000e+00
      vertex   1.038538e+00 7.725920e+00 5.000000e+00
      vertex   1.166668e+00 7.788918e+00 3.000000e+00
    endloop
  endfacet
  facet normal -4.412211e-01 8.973984e-01 0.000000e+00
    outer loop
      vertex   1.166668e+00 7.788918e+00 3.000000e+00
      vertex   1.038538e+00 7.725920e+00 5.000000e+00
      vertex   1.166668e+00 7.788918e+00 5.000000e+00
    endloop
  endfacet
  facet normal -4.917329e-01 8.707461e-01 0.000000e+00
    outer loop
      vertex   1.166668e+00 7.788918e+00 3.000000e+00
      vertex   1.166668e+00 7.788918e+00 5.000000e+00
      vertex   1.290994e+00 7.859127e+00 3.000000e+00
    endloop
  endfacet
  facet normal -4.917329e-01 8.707461e-01 -2.775023e-16
    outer loop
      vertex   1.290994e+00 7.859127e+00 3.000000e+00
      vertex   1.166668e+00 7.788918e+00 5.000000e+00
      vertex   1.290994e+00 7.859127e+00 5.000000e+00
    endloop
  endfacet
  facet normal -5.406408e-01 8.412535e-01 -2.535452e-16
    outer loop
      vertex   1.290994e+00 7.859127e+00 3.000000e+00
      vertex   1.290994e+00 7.859127e+00 5.000000e+00
      vertex   1.411108e+00 7.936320e+00 3.000000e+00
    endloop
  endfacet
  facet normal -5.406408e-01 8.412535e-01 2.535452e-16
    outer loop
      vertex   1.411108e+00 7.936320e+00 3.000000e+00
      vertex   1.290994e+00 7.859127e+00 5.000000e+00
      vertex   1.411108e+00 7.936320e+00 5.000000e+00
    endloop
  endfacet
  facet normal -5.877853e-01 8.090170e-01 2.287612e-16
    outer loop
      vertex   1.411108e+00 7.936320e+00 3.000000e+00
      vertex   1.411108e+00 7.936320e+00 5.000000e+00
      vertex   1.526620e+00 8.020244e+00 3.000000e+00
    endloop
  endfacet
  facet normal -5.877853e-01 8.090170e-01 6.525727e-17
    outer loop
      vertex   1.526620e+00 8.020244e+00 3.000000e+00
      vertex   1.411108e+00 7.936320e+00 5.000000e+00
      vertex   1.526620e+00 8.020244e+00 5.000000e+00
    endloop
  endfacet
  facet normal -6.330125e-01 7.741416e-01 7.027850e-17
    outer loop
      vertex   1.526620e+00 8.020244e+00 3.000000e+00
      vertex   1.526620e+00 8.020244e+00 5.000000e+00
      vertex   1.637152e+00 8.110626e+00 3.000000e+00
    endloop
  endfacet
  facet normal -6.330125e-01 7.741416e-01 0.000000e+00
    outer loop
      vertex   1.637152e+00 8.110626e+00 3.000000e+00
      vertex   1.526620e+00 8.020244e+00 5.000000e+00
      vertex   1.637152e+00 8.110626e+00 5.000000e+00
    endloop
  endfacet
  facet normal -6.761749e-01 7.367411e-01 0.000000e+00
    outer loop
      vertex   1.637152e+00 8.110626e+00 3.000000e+00
      vertex   1.637152e+00 8.110626e+00 5.000000e+00
      vertex   1.742344e+00 8.207170e+00 3.000000e+00
    endloop
  endfacet
  facet normal -6.761749e-01 7.367411e-01 0.000000e+00
    outer loop
      vertex   1.742344e+00 8.207170e+00 3.000000e+00
      vertex   1.637152e+00 8.110626e+00 5.000000e+00
      vertex   1.742344e+00 8.207170e+00 5.000000e+00
    endloop
  endfacet
  facet normal -7.171318e-01 6.969376e-01 0.000000e+00
    outer loop
      vertex   1.742344e+00 8.207170e+00 3.000000e+00
      vertex   1.742344e+00 8.207170e+00 5.000000e+00
      vertex   1.841853e+00 8.309563e+00 3.000000e+00
    endloop
  endfacet
  facet normal -7.171318e-01 6.969376e-01 0.000000e+00
    outer loop
      vertex   1.841853e+00 8.309563e+00 3.000000e+00
      vertex   1.742344e+00 8.207170e+00 5.000000e+00
      vertex   1.841853e+00 8.309563e+00 5.000000e+00
    endloop
  endfacet
  facet normal -7.557496e-01 6.548607e-01 0.000000e+00
    outer loop
      vertex   1.841853e+00 8.309563e+00 3.000000e+00
      vertex   1.841853e+00 8.309563e+00 5.000000e+00
      vertex   1.935354e+00 8.417469e+00 3.000000e+00
    endloop
  endfacet
  facet normal -7.557496e-01 6.548607e-01 0.000000e+00
    outer loop
      vertex   1.935354e+00 8.417469e+00 3.000000e+00
      vertex   1.841853e+00 8.309563e+00 5.000000e+00
      vertex   1.935354e+00 8.417469e+00 5.000000e+00
    endloop
  endfacet
  facet normal -7.919022e-01 6.106479e-01 0.000000e+00
    outer loop
      vertex   1.935354e+00 8.417469e+00 3.000000e+00
      vertex   1.935354e+00 8.417469e+00 5.000000e+00
      vertex   2.022542e+00 8.530537e+00 3.000000e+00
    endloop
  endfacet
  facet normal -7.919022e-01 6.106479e-01 -1.758376e-16
    outer loop
      vertex   2.022542e+00 8.530537e+00 3.000000e+00
      vertex   1.935354e+00 8.417469e+00 5.000000e+00
      vertex   2.022542e+00 8.530537e+00 5.000000e+00
    endloop
  endfacet
  facet normal -8.254719e-01 5.644432e-01 -1.832916e-16
    outer loop
      vertex   2.022542e+00 8.530537e+00 3.000000e+00
      vertex   2.022542e+00 8.530537e+00 5.000000e+00
      vertex   2.103134e+00 8.648398e+00 3.000000e+00
    endloop
  endfacet
  facet normal -8.254719e-01 5.644432e-01 -5.013263e-16
    outer loop
      vertex   2.103134e+00 8.648398e+00 3.000000e+00
      vertex   2.022542e+00 8.530537e+00 5.000000e+00
      vertex   2.103134e+00 8.648398e+00 5.000000e+00
    endloop
  endfacet
  facet normal -8.563490e-01 5.163975e-01 -4.586531e-16
    outer loop
      vertex   2.103134e+00 8.648398e+00 3.000000e+00
      vertex   2.103134e+00 8.648398e+00 5.000000e+00
      vertex   2.176865e+00 8.770668e+00 3.000000e+00
    endloop
  endfacet
  facet normal -8.563490e-01 5.163975e-01 -2.685054e-16
    outer loop
      vertex   2.176865e+00 8.770668e+00 3.000000e+00
      vertex   2.103134e+00 8.648398e+00 5.000000e+00
      vertex   2.176865e+00 8.770668e+00 5.000000e+00
    endloop
  endfacet
  facet normal -8.844329e-01 4.666673e-01 -2.181003e-16
    outer loop
      vertex   2.176865e+00 8.770668e+00 3.000000e+00
      vertex   2.176865e+00 8.770668e+00 5.000000e+00
      vertex   2.243496e+00 8.896947e+00 3.000000e+00
    endloop
  endfacet
  facet normal -8.844329e-01 4.666673e-01 0.000000e+00
    outer loop
      vertex   2.243496e+00 8.896947e+00 3.000000e+00
      vertex   2.176865e+00 8.770668e+00 5.000000e+00
      vertex   2.243496e+00 8.896947e+00 5.000000e+00
    endloop
  endfacet
  facet normal -9.096320e-01 4.154150e-01 0.000000e+00
    outer loop
      vertex   2.243496e+00 8.896947e+00 3.000000e+00
      vertex   2.243496e+00 8.896947e+00 5.000000e+00
      vertex   2.302809e+00 9.026825e+00 3.000000e+00
    endloop
  endfacet
  facet normal -9.096320e-01 4.154150e-01 -3.689626e-16
    outer loop
      vertex   2.302809e+00 9.026825e+00 3.000000e+00
      vertex   2.243496e+00 8.896947e+00 5.000000e+00
      vertex   2.302809e+00 9.026825e+00 5.000000e+00
    endloop
  endfacet
  facet normal -9.318640e-01 3.628077e-01 -3.222380e-16
    outer loop
      vertex   2.302809e+00 9.026825e+00 3.000000e+00
      vertex   2.302809e+00 9.026825e+00 5.000000e+00
      vertex   2.354611e+00 9.159877e+00 3.000000e+00
    endloop
  endfacet
  facet normal -9.318640e-01 3.628077e-01 0.000000e+00
    outer loop
      vertex   2.354611e+00 9.159877e+00 3.000000e+00
      vertex   2.302809e+00 9.026825e+00 5.000000e+00
      vertex   2.354611e+00 9.159877e+00 5.000000e+00
    endloop
  endfacet
  facet normal -9.510565e-01 3.090170e-01 0.000000e+00
    outer loop
      vertex   2.354611e+00 9.159877e+00 3.000000e+00
      vertex   2.354611e+00 9.159877e+00 5.000000e+00
      vertex   2.398732e+00 9.295669e+00 3.000000e+00
    endloop
  endfacet
  facet normal -9.510565e-01 3.090170e-01 0.000000e+00
    outer loop
      vertex   2.398732e+00 9.295669e+00 3.000000e+00
      vertex   2.354611e+00 9.159877e+00 5.000000e+00
      vertex   2.398732e+00 9.295669e+00 5.000000e+00
    endloop
  endfacet
  facet normal -9.671469e-01 2.542183e-01 0.000000e+00
    outer loop
      vertex   2.398732e+00 9.295669e+00 3.000000e+00
      vertex   2.398732e+00 9.295669e+00 5.000000e+00
      vertex   2.435030e+00 9.433758e+00 3.000000e+00
    endloop
  endfacet
  facet normal -9.671469e-01 2.542183e-01 2.147497e-16
    outer loop
      vertex   2.435030e+00 9.433758e+00 3.000000e+00
      vertex   2.398732e+00 9.295669e+00 5.000000e+00
      vertex   2.435030e+00 9.433758e+00 5.000000e+00
    endloop
  endfacet
  facet normal -9.800826e-01 1.985905e-01 2.176220e-16
    outer loop
      vertex   2.435030e+00 9.433758e+00 3.000000e+00
      vertex   2.435030e+00 9.433758e+00 5.000000e+00
      vertex   2.463385e+00 9.573695e+00 3.000000e+00
    endloop
  endfacet
  facet normal -9.800826e-01 1.985905e-01 0.000000e+00
    outer loop
      vertex   2.463385e+00 9.573695e+00 3.000000e+00
      vertex   2.435030e+00 9.433758e+00 5.000000e+00
      vertex   2.463385e+00 9.573695e+00 5.000000e+00
    endloop
  endfacet
  facet normal -9.898214e-01 1.423148e-01 0.000000e+00
    outer loop
      vertex   2.463385e+00 9.573695e+00 3.000000e+00
      vertex   2.463385e+00 9.573695e+00 5.000000e+00
      vertex   2.483704e+00 9.715021e+00 3.000000e+00
    endloop
  endfacet
  facet normal -9.898214e-01 1.423148e-01 0.000000e+00
    outer loop
      vertex   2.483704e+00 9.715021e+00 3.000000e+00
      vertex   2.463385e+00 9.573695e+00 5.000000e+00
      vertex   2.483704e+00 9.715021e+00 5.000000e+00
    endloop
  endfacet
  facet normal -9.963317e-01 8.557501e-02 0.000000e+00
    outer loop
      vertex   2.483704e+00 9.715021e+00 3.000000e+00
      vertex   2.483704e+00 9.715021e+00 5.000000e+00
      vertex   2.495923e+00 9.857278e+00 3.000000e+00
    endloop
  endfacet
  facet normal -9.963317e-01 8.557501e-02 0.000000e+00
    outer loop
      vertex   2.495923e+00 9.857278e+00 3.000000e+00
      vertex   2.483704e+00 9.715021e+00 5.000000e+00
      vertex   2.495923e+00 9.857278e+00 5.000000e+00
    endloop
  endfacet
  facet normal 9.995922e-01 2.855605e-02 0.000000e+00
    outer loop
      vertex   -2.495923e+00 9.857278e+00 7.000000e+00
      vertex   -2.495923e+00 9.857278e+00 5.000000e+00
      vertex   -2.500000e+00 1.000000e+01 7.000000e+00
    endloop
  endfacet
  facet normal 9.995922e-01 2.855605e-02 0.000000e+00
    outer loop
      vertex   -2.500000e+00 1.000000e+01 7.000000e+00
      vertex   -2.495923e+00 9.857278e+00 5.000000e+00
      vertex   -2.500000e+00 1.000000e+01 5.000000e+00
    endloop
  endfacet
  facet normal 9.995922e-01 -2.855605e-02 0.000000e+00
    outer loop
      vertex   -2.500000e+00 1.000000e+01 7.000000e+00
      vertex   -2.500000e+00 1.000000e+01 5.000000e+00
      vertex   -2.495923e+00 1.014272e+01 7.000000e+00
    endloop
  endfacet
  facet normal 9.995922e-01 -2.855605e-02 0.000000e+00
    outer loop
      vertex   -2.495923e+00 1.014272e+01 7.000000e+00
      vertex   -2.500000e+00 1.000000e+01 5.000000e+00
      vertex   -2.495923e+00 1.014272e+01 5.000000e+00
    endloop
  endfacet
  facet normal 9.963317e-01 -8.557501e-02 0.000000e+00
    outer loop
      vertex   -2.495923e+00 1.014272e+01 7.000000e+00
      vertex   -2.495923e+00 1.014272e+01 5.000000e+00
      vertex   -2.483704e+00 1.028498e+01 7.000000e+00
    endloop
  endfacet
  facet normal 9.963317e-01 -8.557501e-02 0.000000e+00
    outer loop
      vertex   -2.483704e+00 1.028498e+01 7.000000e+00
      vertex   -2.495923e+00 1.014272e+01 5.000000e+00
      vertex   -2.483704e+00 1.028498e+01 5.000000e+00
    endloop
  endfacet
  facet normal 9.898214e-01 -1.423148e-01 0.000000e+00
    outer loop
      vertex   -2.483704e+00 1.028498e+01 7.000000e+00
      vertex   -2.483704e+00 1.028498e+01 5.000000e+00
      vertex   -2.463385e+00 1.042631e+01 7.000000e+00
    endloop
  endfacet
  facet normal 9.898214e-01 -1.423148e-01 0.000000e+00
    outer loop
      vertex   -2.463385e+00 1.042631e+01 7.000000e+00
      vertex   -2.483704e+00 1.028498e+01 5.000000e+00
      vertex   -2.463385e+00 1.042631e+01 5.000000e+00
    endloop
  endfacet
  facet normal 9.800826e-01 -1.985905e-01 0.000000e+00
    outer loop
      vertex   -2.463385e+00 1.042631e+01 7.000000e+00
      vertex   -2.463385e+00 1.042631e+01 5.000000e+00
      vertex   -2.435030e+00 1.056624e+01 7.000000e+00
    endloop
  endfacet
  facet normal 9.800826e-01 -1.985905e-01 0.000000e+00
    outer loop
      vertex   -2.435030e+00 1.056624e+01 7.000000e+00
      vertex   -2.463385e+00 1.042631e+01 5.000000e+00
      vertex   -2.435030e+00 1.056624e+01 5.000000e+00
    endloop
  endfacet
  facet normal 9.671469e-01 -2.542183e-01 0.000000e+00
    outer loop
      vertex   -2.435030e+00 1.056624e+01 7.000000e+00
      vertex   -2.435030e+00 1.056624e+01 5.000000e+00
      vertex   -2.398732e+00 1.070433e+01 7.000000e+00
    endloop
  endfacet
  facet normal 9.671469e-01 -2.542183e-01 0.000000e+00
    outer loop
      vertex   -2.398732e+00 1.070433e+01 7.000000e+00
      vertex   -2.435030e+00 1.056624e+01 5.000000e+00
      vertex   -2.398732e+00 1.070433e+01 5.000000e+00
    endloop
  endfacet
  facet normal 9.510565e-01 -3.090170e-01 0.000000e+00
    outer loop
      vertex   -2.398732e+00 1.070433e+01 7.000000e+00
      vertex   -2.398732e+00 1.070433e+01 5.000000e+00
      vertex   -2.354611e+00 1.084012e+01 7.000000e+00
    endloop
  endfacet
  facet normal 9.510565e-01 -3.090170e-01 -2.111770e-16
    outer loop
      vertex   -2.354611e+00 1.084012e+01 7.000000e+00
      vertex   -2.398732e+00 1.070433e+01 5.000000e+00
      vertex   -2.354611e+00 1.084012e+01 5.000000e+00
    endloop
  endfacet
  facet normal 9.318640e-01 -3.628077e-01 -2.069154e-16
    outer loop
      vertex   -2.354611e+00 1.084012e+01 7.000000e+00
      vertex   -2.354611e+00 1.084012e+01 5.000000e+00
      vertex   -2.302809e+00 1.097318e+01 7.000000e+00
    endloop
  endfacet
  facet normal 9.318640e-01 -3.628077e-01 0.000000e+00
    outer loop
      vertex   -2.302809e+00 1.097318e+01 7.000000e+00
      vertex   -2.354611e+00 1.084012e+01 5.000000e+00
      vertex   -2.302809e+00 1.097318e+01 5.000000e+00
    endloop
  endfacet
  facet normal 9.096320e-01 -4.154150e-01 0.000000e+00
    outer loop
      vertex   -2.302809e+00 1.097318e+01 7.000000e+00
      vertex   -2.302809e+00 1.097318e+01 5.000000e+00
      vertex   -2.243496e+00 1.110305e+01 7.000000e+00
    endloop
  endfacet
  facet normal 9.096320e-01 -4.154150e-01 0.000000e+00
    outer loop
      vertex   -2.243496e+00 1.110305e+01 7.000000e+00
      vertex   -2.302809e+00 1.097318e+01 5.000000e+00
      vertex   -2.243496e+00 1.110305e+01 5.000000e+00
    endloop
  endfacet
  facet normal 8.844329e-01 -4.666673e-01 0.000000e+00
    outer loop
      vertex   -2.243496e+00 1.110305e+01 7.000000e+00
      vertex   -2.243496e+00 1.110305e+01 5.000000e+00
      vertex   -2.176865e+00 1.122933e+01 7.000000e+00
    endloop
  endfacet
  facet normal 8.844329e-01 -4.666673e-01 2.171672e-17
    outer loop
      vertex   -2.176865e+00 1.122933e+01 7.000000e+00
      vertex   -2.243496e+00 1.110305e+01 5.000000e+00
      vertex   -2.176865e+00 1.122933e+01 5.000000e+00
    endloop
  endfacet
  facet normal 8.563490e-01 -5.163975e-01 7.835772e-17
    outer loop
      vertex   -2.176865e+00 1.122933e+01 7.000000e+00
      vertex   -2.176865e+00 1.122933e+01 5.000000e+00
      vertex   -2.103134e+00 1.135160e+01 7.000000e+00
    endloop
  endfacet
  facet normal 8.563490e-01 -5.163975e-01 0.000000e+00
    outer loop
      vertex   -2.103134e+00 1.135160e+01 7.000000e+00
      vertex   -2.176865e+00 1.122933e+01 5.000000e+00
      vertex   -2.103134e+00 1.135160e+01 5.000000e+00
    endloop
  endfacet
  facet normal 8.254719e-01 -5.644432e-01 0.000000e+00
    outer loop
      vertex   -2.103134e+00 1.135160e+01 7.000000e+00
      vertex   -2.103134e+00 1.135160e+01 5.000000e+00
      vertex   -2.022542e+00 1.146946e+01 7.000000e+00
    endloop
  endfacet
  facet normal 8.254719e-01 -5.644432e-01 0.000000e+00
    outer loop
      vertex   -2.022542e+00 1.146946e+01 7.000000e+00
      vertex   -2.103134e+00 1.135160e+01 5.000000e+00
      vertex   -2.022542e+00 1.146946e+01 5.000000e+00
    endloop
  endfacet
  facet normal 7.919022e-01 -6.106479e-01 0.000000e+00
    outer loop
      vertex   -2.022542e+00 1.146946e+01 7.000000e+00
      vertex   -2.022542e+00 1.146946e+01 5.000000e+00
      vertex   -1.935354e+00 1.158253e+01 7.000000e+00
    endloop
  endfacet
  facet normal 7.919022e-01 -6.106479e-01 0.000000e+00
    outer loop
      vertex   -1.935354e+00 1.158253e+01 7.000000e+00
      vertex   -2.022542e+00 1.146946e+01 5.000000e+00
      vertex   -1.935354e+00 1.158253e+01 5.000000e+00
    endloop
  endfacet
  facet normal 7.557496e-01 -6.548607e-01 0.000000e+00
    outer loop
      vertex   -1.935354e+00 1.158253e+01 7.000000e+00
      vertex   -1.935354e+00 1.158253e+01 5.000000e+00
      vertex   -1.841853e+00 1.169044e+01 7.000000e+00
    endloop
  endfacet
  facet normal 7.557496e-01 -6.548607e-01 0.000000e+00
    outer loop
      vertex   -1.841853e+00 1.169044e+01 7.000000e+00
      vertex   -1.935354e+00 1.158253e+01 5.000000e+00
      vertex   -1.841853e+00 1.169044e+01 5.000000e+00
    endloop
  endfacet
  facet normal 7.171318e-01 -6.969376e-01 0.000000e+00
    outer loop
      vertex   -1.841853e+00 1.169044e+01 7.000000e+00
      vertex   -1.841853e+00 1.169044e+01 5.000000e+00
      vertex   -1.742344e+00 1.179283e+01 7.000000e+00
    endloop
  endfacet
  facet normal 7.171318e-01 -6.969376e-01 -3.184705e-16
    outer loop
      vertex   -1.742344e+00 1.179283e+01 7.000000e+00
      vertex   -1.841853e+00 1.169044e+01 5.000000e+00
      vertex   -1.742344e+00 1.179283e+01 5.000000e+00
    endloop
  endfacet
  facet normal 6.761749e-01 -7.367411e-01 -3.002820e-16
    outer loop
      vertex   -1.742344e+00 1.179283e+01 7.000000e+00
      vertex   -1.742344e+00 1.179283e+01 5.000000e+00
      vertex   -1.637152e+00 1.188937e+01 7.000000e+00
    endloop
  endfacet
  facet normal 6.761749e-01 -7.367411e-01 -2.252115e-16
    outer loop
      vertex   -1.637152e+00 1.188937e+01 7.000000e+00
      vertex   -1.742344e+00 1.179283e+01 5.000000e+00
      vertex   -1.637152e+00 1.188937e+01 5.000000e+00
    endloop
  endfacet
  facet normal 6.330125e-01 -7.741416e-01 -2.108355e-16
    outer loop
      vertex   -1.637152e+00 1.188937e+01 7.000000e+00
      vertex   -1.637152e+00 1.188937e+01 5.000000e+00
      vertex   -1.526620e+00 1.197976e+01 7.000000e+00
    endloop
  endfacet
  facet normal 6.330125e-01 -7.741416e-01 -2.108355e-16
    outer loop
      vertex   -1.526620e+00 1.197976e+01 7.000000e+00
      vertex   -1.637152e+00 1.188937e+01 5.000000e+00
      vertex   -1.526620e+00 1.197976e+01 5.000000e+00
    endloop
  endfacet
  facet normal 5.877853e-01 -8.090170e-01 -1.957718e-16
    outer loop
      vertex   -1.526620e+00 1.197976e+01 7.000000e+00
      vertex   -1.526620e+00 1.197976e+01 5.000000e+00
      vertex   -1.411108e+00 1.206368e+01 7.000000e+00
    endloop
  endfacet
  facet normal 5.877853e-01 -8.090170e-01 0.000000e+00
    outer loop
      vertex   -1.411108e+00 1.206368e+01 7.000000e+00
      vertex   -1.526620e+00 1.197976e+01 5.000000e+00
      vertex   -1.411108e+00 1.206368e+01 5.000000e+00
    endloop
  endfacet
  facet normal 5.406408e-01 -8.412535e-01 0.000000e+00
    outer loop
      vertex   -1.411108e+00 1.206368e+01 7.000000e+00
      vertex   -1.411108e+00 1.206368e+01 5.000000e+00
      vertex   -1.290994e+00 1.214087e+01 7.000000e+00
    endloop
  endfacet
  facet normal 5.406408e-01 -8.412535e-01 5.070905e-16
    outer loop
      vertex   -1.290994e+00 1.214087e+01 7.000000e+00
      vertex   -1.411108e+00 1.206368e+01 5.000000e+00
      vertex   -1.290994e+00 1.214087e+01 5.000000e+00
    endloop
  endfacet
  facet normal 4.917329e-01 -8.707461e-01 5.550046e-16
    outer loop
      vertex   -1.290994e+00 1.214087e+01 7.000000e+00
      vertex   -1.290994e+00 1.214087e+01 5.000000e+00
      vertex   -1.166668e+00 1.221108e+01 7.000000e+00
    endloop
  endfacet
  facet normal 4.917329e-01 -8.707461e-01 0.000000e+00
    outer loop
      vertex   -1.166668e+00 1.221108e+01 7.000000e+00
      vertex   -1.290994e+00 1.214087e+01 5.000000e+00
      vertex   -1.166668e+00 1.221108e+01 5.000000e+00
    endloop
  endfacet
  facet normal 4.412211e-01 -8.973984e-01 0.000000e+00
    outer loop
      vertex   -1.166668e+00 1.221108e+01 7.000000e+00
      vertex   -1.166668e+00 1.221108e+01 5.000000e+00
      vertex   -1.038538e+00 1.227408e+01 7.000000e+00
    endloop
  endfacet
  facet normal 4.412211e-01 -8.973984e-01 -3.428977e-16
    outer loop
      vertex   -1.038538e+00 1.227408e+01 7.000000e+00
      vertex   -1.166668e+00 1.221108e+01 5.000000e+00
      vertex   -1.038538e+00 1.227408e+01 5.000000e+00
    endloop
  endfacet
  facet normal 3.892701e-01 -9.211237e-01 -3.025236e-16
    outer loop
      vertex   -1.038538e+00 1.227408e+01 7.000000e+00
      vertex   -1.038538e+00 1.227408e+01 5.000000e+00
      vertex   -9.070193e-01 1.232966e+01 7.000000e+00
    endloop
  endfacet
  facet normal 3.892701e-01 -9.211237e-01 -1.944795e-16
    outer loop
      vertex   -9.070193e-01 1.232966e+01 7.000000e+00
      vertex   -1.038538e+00 1.227408e+01 5.000000e+00
      vertex   -9.070193e-01 1.232966e+01 5.000000e+00
    endloop
  endfacet
  facet normal 3.360494e-01 -9.418444e-01 -1.678904e-16
    outer loop
      vertex   -9.070193e-01 1.232966e+01 7.000000e+00
      vertex   -9.070193e-01 1.232966e+01 5.000000e+00
      vertex   -7.725425e-01 1.237764e+01 7.000000e+00
    endloop
  endfacet
  facet normal 3.360494e-01 -9.418444e-01 -7.461795e-17
    outer loop
      vertex   -7.725425e-01 1.237764e+01 7.000000e+00
      vertex   -9.070193e-01 1.232966e+01 5.000000e+00
      vertex   -7.725425e-01 1.237764e+01 5.000000e+00
    endloop
  endfacet
  facet normal 2.817326e-01 -9.594930e-01 -6.255719e-17
    outer loop
      vertex   -7.725425e-01 1.237764e+01 7.000000e+00
      vertex   -7.725425e-01 1.237764e+01 5.000000e+00
      vertex   -6.355458e-01 1.241787e+01 7.000000e+00
    endloop
  endfacet
  facet normal 2.817326e-01 -9.594930e-01 -1.407537e-16
    outer loop
      vertex   -6.355458e-01 1.241787e+01 7.000000e+00
      vertex   -7.725425e-01 1.237764e+01 5.000000e+00
      vertex   -6.355458e-01 1.241787e+01 5.000000e+00
    endloop
  endfacet
  facet normal 2.264968e-01 -9.740119e-01 -1.131579e-16
    outer loop
      vertex   -6.355458e-01 1.241787e+01 7.000000e+00
      vertex   -6.355458e-01 1.241787e+01 5.000000e+00
      vertex   -4.964762e-01 1.245021e+01 7.000000e+00
    endloop
  endfacet
  facet normal 2.264968e-01 -9.740119e-01 -6.286548e-17
    outer loop
      vertex   -4.964762e-01 1.245021e+01 7.000000e+00
      vertex   -6.355458e-01 1.241787e+01 5.000000e+00
      vertex   -4.964762e-01 1.245021e+01 5.000000e+00
    endloop
  endfacet
  facet normal 1.705222e-01 -9.853538e-01 -4.732942e-17
    outer loop
      vertex   -4.964762e-01 1.245021e+01 7.000000e+00
      vertex   -4.964762e-01 1.245021e+01 5.000000e+00
      vertex   -3.557871e-01 1.247455e+01 7.000000e+00
    endloop
  endfacet
  facet normal 1.705222e-01 -9.853538e-01 0.000000e+00
    outer loop
      vertex   -3.557871e-01 1.247455e+01 7.000000e+00
      vertex   -4.964762e-01 1.245021e+01 5.000000e+00
      vertex   -3.557871e-01 1.247455e+01 5.000000e+00
    endloop
  endfacet
  facet normal 1.139914e-01 -9.934817e-01 0.000000e+00
    outer loop
      vertex   -3.557871e-01 1.247455e+01 7.000000e+00
      vertex   -3.557871e-01 1.247455e+01 5.000000e+00
      vertex   -2.139375e-01 1.249083e+01 7.000000e+00
    endloop
  endfacet
  facet normal 1.139914e-01 -9.934817e-01 8.191111e-16
    outer loop
      vertex   -2.139375e-01 1.249083e+01 7.000000e+00
      vertex   -3.557871e-01 1.247455e+01 5.000000e+00
      vertex   -2.139375e-01 1.249083e+01 5.000000e+00
    endloop
  endfacet
  facet normal 5.708881e-02 -9.983691e-01 8.550392e-16
    outer loop
      vertex   -2.139375e-01 1.249083e+01 7.000000e+00
      vertex   -2.139375e-01 1.249083e+01 5.000000e+00
      vertex   -7.139013e-02 1.249898e+01 7.000000e+00
    endloop
  endfacet
  facet normal 5.708881e-02 -9.983691e-01 -1.584533e-17
    outer loop
      vertex   -7.139013e-02 1.249898e+01 7.000000e+00
      vertex   -2.139375e-01 1.249083e+01 5.000000e+00
      vertex   -7.139013e-02 1.249898e+01 5.000000e+00
    endloop
  endfacet
  facet normal 0.000000e+00 -1.000000e+00 -0.000000e+00
    outer loop
      vertex   -7.139013e-02 1.249898e+01 7.000000e+00
      vertex   -7.139013e-02 1.249898e+01 5.000000e+00
      vertex   7.139013e-02 1.249898e+01 7.000000e+00
    endloop
  endfacet
  facet normal 0.000000e+00 -1.000000e+00 -0.000000e+00
    outer loop
      vertex   7.139013e-02 1.249898e+01 7.000000e+00
      vertex   -7.139013e-02 1.249898e+01 5.000000e+00
      vertex   7.139013e-02 1.249898e+01 5.000000e+00
    endloop
  endfacet
  facet normal -5.708881e-02 -9.983691e-01 -0.000000e+00
    outer loop
      vertex   7.139013e-02 1.249898e+01 7.000000e+00
      vertex   7.139013e-02 1.249898e+01 5.000000e+00
      vertex   2.139375e-01 1.249083e+01 7.000000e+00
    endloop
  endfacet
  facet normal -5.708881e-02 -9.983691e-01 1.584533e-17
    outer loop
      vertex   2.139375e-01 1.249083e+01 7.000000e+00
      vertex   7.139013e-02 1.249898e+01 5.000000e+00
      vertex   2.139375e-01 1.249083e+01 5.000000e+00
    endloop
  endfacet
  facet normal -1.139914e-01 -9.934817e-01 3.163897e-17
    outer loop
      vertex   2.139375e-01 1.249083e+01 7.000000e+00
      vertex   2.139375e-01 1.249083e+01 5.000000e+00
      vertex   3.557871e-01 1.247455e+01 7.000000e+00
    endloop
  endfacet
  facet normal -1.139914e-01 -9.934817e-01 3.163897e-17
    outer loop
      vertex   3.557871e-01 1.247455e+01 7.000000e+00
      vertex   2.139375e-01 1.249083e+01 5.000000e+00
      vertex   3.557871e-01 1.247455e+01 5.000000e+00
    endloop
  endfacet
  facet normal -1.705222e-01 -9.853538e-01 4.732942e-17
    outer loop
      vertex   3.557871e-01 1.247455e+01 7.000000e+00
      vertex   3.557871e-01 1.247455e+01 5.000000e+00
      vertex   4.964762e-01 1.245021e+01 7.000000e+00
    endloop
  endfacet
  facet normal -1.705222e-01 -9.853538e-01 8.992589e-17
    outer loop
      vertex   4.964762e-01 1.245021e+01 7.000000e+00
      vertex   3.557871e-01 1.247455e+01 5.000000e+00
      vertex   4.964762e-01 1.245021e+01 5.000000e+00
    endloop
  endfacet
  facet normal -2.264968e-01 -9.740119e-01 1.194444e-16
    outer loop
      vertex   4.964762e-01 1.245021e+01 7.000000e+00
      vertex   4.964762e-01 1.245021e+01 5.000000e+00
      vertex   6.355458e-01 1.241787e+01 7.000000e+00
    endloop
  endfacet
  facet normal -2.264968e-01 -9.740119e-01 6.286548e-17
    outer loop
      vertex   6.355458e-01 1.241787e+01 7.000000e+00
      vertex   4.964762e-01 1.245021e+01 5.000000e+00
      vertex   6.355458e-01 1.241787e+01 5.000000e+00
    endloop
  endfacet
  facet normal -2.817326e-01 -9.594930e-01 7.819649e-17
    outer loop
      vertex   6.355458e-01 1.241787e+01 7.000000e+00
      vertex   6.355458e-01 1.241787e+01 5.000000e+00
      vertex   7.725425e-01 1.237764e+01 7.000000e+00
    endloop
  endfacet
  facet normal -2.817326e-01 -9.594930e-01 6.255719e-17
    outer loop
      vertex   7.725425e-01 1.237764e+01 7.000000e+00
      vertex   6.355458e-01 1.241787e+01 5.000000e+00
      vertex   7.725425e-01 1.237764e+01 5.000000e+00
    endloop
  endfacet
  facet normal -3.360494e-01 -9.418444e-01 7.461795e-17
    outer loop
      vertex   7.725425e-01 1.237764e+01 7.000000e+00
      vertex   7.725425e-01 1.237764e+01 5.000000e+00
      vertex   9.070193e-01 1.232966e+01 7.000000e+00
    endloop
  endfacet
  facet normal -3.360494e-01 -9.418444e-01 -6.872899e-16
    outer loop
      vertex   9.070193e-01 1.232966e+01 7.000000e+00
      vertex   7.725425e-01 1.237764e+01 5.000000e+00
      vertex   9.070193e-01 1.232966e+01 5.000000e+00
    endloop
  endfacet
  facet normal -3.892701e-01 -9.211237e-01 -6.452515e-16
    outer loop
      vertex   9.070193e-01 1.232966e+01 7.000000e+00
      vertex   9.070193e-01 1.232966e+01 5.000000e+00
      vertex   1.038538e+00 1.227408e+01 7.000000e+00
    endloop
  endfacet
  facet normal -3.892701e-01 -9.211237e-01 8.643533e-17
    outer loop
      vertex   1.038538e+00 1.227408e+01 7.000000e+00
      vertex   9.070193e-01 1.232966e+01 5.000000e+00
      vertex   1.038538e+00 1.227408e+01 5.000000e+00
    endloop
  endfacet
  facet normal -4.412211e-01 -8.973984e-01 9.797077e-17
    outer loop
      vertex   1.038538e+00 1.227408e+01 7.000000e+00
      vertex   1.038538e+00 1.227408e+01 5.000000e+00
      vertex   1.166668e+00 1.221108e+01 7.000000e+00
    endloop
  endfacet
  facet normal -4.412211e-01 -8.973984e-01 1.469561e-16
    outer loop
      vertex   1.166668e+00 1.221108e+01 7.000000e+00
      vertex   1.038538e+00 1.227408e+01 5.000000e+00
      vertex   1.166668e+00 1.221108e+01 5.000000e+00
    endloop
  endfacet
  facet normal -4.917329e-01 -8.707461e-01 1.637800e-16
    outer loop
      vertex   1.166668e+00 1.221108e+01 7.000000e+00
      vertex   1.166668e+00 1.221108e+01 5.000000e+00
      vertex   1.290994e+00 1.214087e+01 7.000000e+00
    endloop
  endfacet
  facet normal -4.917329e-01 -8.707461e-01 -4.458179e-16
    outer loop
      vertex   1.290994e+00 1.214087e+01 7.000000e+00
      vertex   1.166668e+00 1.221108e+01 5.000000e+00
      vertex   1.290994e+00 1.214087e+01 5.000000e+00
    endloop
  endfacet
  facet normal -5.406408e-01 -8.412535e-01 -3.870441e-16
    outer loop
      vertex   1.290994e+00 1.214087e+01 7.000000e+00
      vertex   1.290994e+00 1.214087e+01 5.000000e+00
      vertex   1.411108e+00 1.206368e+01 7.000000e+00
    endloop
  endfacet
  facet normal -5.406408e-01 -8.412535e-01 -6.871600e-16
    outer loop
      vertex   1.411108e+00 1.206368e+01 7.000000e+00
      vertex   1.290994e+00 1.214087e+01 5.000000e+00
      vertex   1.411108e+00 1.206368e+01 5.000000e+00
    endloop
  endfacet
  facet normal -5.877853e-01 -8.090170e-01 -6.532942e-16
    outer loop
      vertex   1.411108e+00 1.206368e+01 7.000000e+00
      vertex   1.411108e+00 1.206368e+01 5.000000e+00
      vertex   1.526620e+00 1.197976e+01 7.000000e+00
    endloop
  endfacet
  facet normal -5.877853e-01 -8.090170e-01 -1.241331e-15
    outer loop
      vertex   1.526620e+00 1.197976e+01 7.000000e+00
      vertex   1.411108e+00 1.206368e+01 5.000000e+00
      vertex   1.526620e+00 1.197976e+01 5.000000e+00
    endloop
  endfacet
  facet normal -6.330125e-01 -7.741416e-01 -1.164316e-15
    outer loop
      vertex   1.526620e+00 1.197976e+01 7.000000e+00
      vertex   1.526620e+00 1.197976e+01 5.000000e+00
      vertex   1.637152e+00 1.188937e+01 7.000000e+00
    endloop
  endfacet
  facet normal -6.330125e-01 -7.741416e-01 3.513925e-16
    outer loop
      vertex   1.637152e+00 1.188937e+01 7.000000e+00
      vertex   1.526620e+00 1.197976e+01 5.000000e+00
      vertex   1.637152e+00 1.188937e+01 5.000000e+00
    endloop
  endfacet
  facet normal -6.761749e-01 -7.367411e-01 3.753525e-16
    outer loop
      vertex   1.637152e+00 1.188937e+01 7.000000e+00
      vertex   1.637152e+00 1.188937e+01 5.000000e+00
      vertex   1.742344e+00 1.179283e+01 7.000000e+00
    endloop
  endfacet
  facet normal -6.761749e-01 -7.367411e-01 2.252115e-16
    outer loop
      vertex   1.742344e+00 1.179283e+01 7.000000e+00
      vertex   1.637152e+00 1.188937e+01 5.000000e+00
      vertex   1.742344e+00 1.179283e+01 5.000000e+00
    endloop
  endfacet
  facet normal -7.171318e-01 -6.969376e-01 2.388529e-16
    outer loop
      vertex   1.742344e+00 1.179283e+01 7.000000e+00
      vertex   1.742344e+00 1.179283e+01 5.000000e+00
      vertex   1.841853e+00 1.169044e+01 7.000000e+00
    endloop
  endfacet
  facet normal -7.171318e-01 -6.969376e-01 -3.005344e-16
    outer loop
      vertex   1.841853e+00 1.169044e+01 7.000000e+00
      vertex   1.742344e+00 1.179283e+01 5.000000e+00
      vertex   1.841853e+00 1.169044e+01 5.000000e+00
    endloop
  endfacet
  facet normal -7.557496e-01 -6.548607e-01 -2.460129e-16
    outer loop
      vertex   1.841853e+00 1.169044e+01 7.000000e+00
      vertex   1.841853e+00 1.169044e+01 5.000000e+00
      vertex   1.935354e+00 1.158253e+01 7.000000e+00
    endloop
  endfacet
  facet normal -7.557496e-01 -6.548607e-01 -1.678101e-16
    outer loop
      vertex   1.935354e+00 1.158253e+01 7.000000e+00
      vertex   1.841853e+00 1.169044e+01 5.000000e+00
      vertex   1.935354e+00 1.158253e+01 5.000000e+00
    endloop
  endfacet
  facet normal -7.919022e-01 -6.106479e-01 -1.758376e-16
    outer loop
      vertex   1.935354e+00 1.158253e+01 7.000000e+00
      vertex   1.935354e+00 1.158253e+01 5.000000e+00
      vertex   2.022542e+00 1.146946e+01 7.000000e+00
    endloop
  endfacet
  facet normal -7.919022e-01 -6.106479e-01 1.758376e-16
    outer loop
      vertex   2.022542e+00 1.146946e+01 7.000000e+00
      vertex   1.935354e+00 1.158253e+01 5.000000e+00
      vertex   2.022542e+00 1.146946e+01 5.000000e+00
    endloop
  endfacet
  facet normal -8.254719e-01 -5.644432e-01 1.832916e-16
    outer loop
      vertex   2.022542e+00 1.146946e+01 7.000000e+00
      vertex   2.022542e+00 1.146946e+01 5.000000e+00
      vertex   2.103134e+00 1.135160e+01 7.000000e+00
    endloop
  endfacet
  facet normal -8.254719e-01 -5.644432e-01 3.665832e-16
    outer loop
      vertex   2.103134e+00 1.135160e+01 7.000000e+00
      vertex   2.022542e+00 1.146946e+01 5.000000e+00
      vertex   2.103134e+00 1.135160e+01 5.000000e+00
    endloop
  endfacet
  facet normal -8.563490e-01 -5.163975e-01 3.802954e-16
    outer loop
      vertex   2.103134e+00 1.135160e+01 7.000000e+00
      vertex   2.103134e+00 1.135160e+01 5.000000e+00
      vertex   2.176865e+00 1.122933e+01 7.000000e+00
    endloop
  endfacet
  facet normal -8.563490e-01 -5.163975e-01 3.802954e-16
    outer loop
      vertex   2.176865e+00 1.122933e+01 7.000000e+00
      vertex   2.103134e+00 1.135160e+01 5.000000e+00
      vertex   2.176865e+00 1.122933e+01 5.000000e+00
    endloop
  endfacet
  facet normal -8.844329e-01 -4.666673e-01 3.927671e-16
    outer loop
      vertex   2.176865e+00 1.122933e+01 7.000000e+00
      vertex   2.176865e+00 1.122933e+01 5.000000e+00
      vertex   2.243496e+00 1.110305e+01 7.000000e+00
    endloop
  endfacet
  facet normal -8.844329e-01 -4.666673e-01 -1.963836e-16
    outer loop
      vertex   2.243496e+00 1.110305e+01 7.000000e+00
      vertex   2.176865e+00 1.122933e+01 5.000000e+00
      vertex   2.243496e+00 1.110305e+01 5.000000e+00
    endloop
  endfacet
  facet normal -9.096320e-01 -4.154150e-01 -2.019789e-16
    outer loop
      vertex   2.243496e+00 1.110305e+01 7.000000e+00
      vertex   2.243496e+00 1.110305e+01 5.000000e+00
      vertex   2.302809e+00 1.097318e+01 7.000000e+00
    endloop
  endfacet
  facet normal -9.096320e-01 -4.154150e-01 -3.689626e-16
    outer loop
      vertex   2.302809e+00 1.097318e+01 7.000000e+00
      vertex   2.243496e+00 1.110305e+01 5.000000e+00
      vertex   2.302809e+00 1.097318e+01 5.000000e+00
    endloop
  endfacet
  facet normal -9.318640e-01 -3.628077e-01 -3.222380e-16
    outer loop
      vertex   2.302809e+00 1.097318e+01 7.000000e+00
      vertex   2.302809e+00 1.097318e+01 5.000000e+00
      vertex   2.354611e+00 1.084012e+01 7.000000e+00
    endloop
  endfacet
  facet normal -9.318640e-01 -3.628077e-01 -6.444759e-16
    outer loop
      vertex   2.354611e+00 1.084012e+01 7.000000e+00
      vertex   2.302809e+00 1.097318e+01 5.000000e+00
      vertex   2.354611e+00 1.084012e+01 5.000000e+00
    endloop
  endfacet
  facet normal -9.510565e-01 -3.090170e-01 -5.489245e-16
    outer loop
      vertex   2.354611e+00 1.084012e+01 7.000000e+00
      vertex   2.354611e+00 1.084012e+01 5.000000e+00
      vertex   2.398732e+00 1.070433e+01 7.000000e+00
    endloop
  endfacet
  facet normal -9.510565e-01 -3.090170e-01 -0.000000e+00
    outer loop
      vertex   2.398732e+00 1.070433e+01 7.000000e+00
      vertex   2.354611e+00 1.084012e+01 5.000000e+00
      vertex   2.398732e+00 1.070433e+01 5.000000e+00
    endloop
  endfacet
  facet normal -9.671469e-01 -2.542183e-01 -0.000000e+00
    outer loop
      vertex   2.398732e+00 1.070433e+01 7.000000e+00
      vertex   2.398732e+00 1.070433e+01 5.000000e+00
      vertex   2.435030e+00 1.056624e+01 7.000000e+00
    endloop
  endfacet
  facet normal -9.671469e-01 -2.542183e-01 2.147497e-16
    outer loop
      vertex   2.435030e+00 1.056624e+01 7.000000e+00
      vertex   2.398732e+00 1.070433e+01 5.000000e+00
      vertex   2.435030e+00 1.056624e+01 5.000000e+00
    endloop
  endfacet
  facet normal -9.800826e-01 -1.985905e-01 2.176220e-16
    outer loop
      vertex   2.435030e+00 1.056624e+01 7.000000e+00
      vertex   2.435030e+00 1.056624e+01 5.000000e+00
      vertex   2.463385e+00 1.042631e+01 7.000000e+00
    endloop
  endfacet
  facet normal -9.800826e-01 -1.985905e-01 -0.000000e+00
    outer loop
      vertex   2.463385e+00 1.042631e+01 7.000000e+00
      vertex   2.435030e+00 1.056624e+01 5.000000e+00
      vertex   2.463385e+00 1.042631e+01 5.000000e+00
    endloop
  endfacet
  facet normal -9.898214e-01 -1.423148e-01 -0.000000e+00
    outer loop
      vertex   2.463385e+00 1.042631e+01 7.000000e+00
      vertex   2.463385e+00 1.042631e+01 5.000000e+00
      vertex   2.483704e+00 1.028498e+01 7.000000e+00
    endloop
  endfacet
  facet normal -9.898214e-01 -1.423148e-01 9.338354e-17
    outer loop
      vertex   2.483704e+00 1.028498e+01 7.000000e+00
      vertex   2.463385e+00 1.042631e+01 5.000000e+00
      vertex   2.483704e+00 1.028498e+01 5.000000e+00
    endloop
  endfacet
  facet normal -9.963317e-01 -8.557501e-02 1.452242e-16
    outer loop
      vertex   2.483704e+00 1.028498e+01 7.000000e+00
      vertex   2.483704e+00 1.028498e+01 5.000000e+00
      vertex   2.495923e+00 1.014272e+01 7.000000e+00
    endloop
  endfacet
  facet normal -9.963317e-01 -8.557501e-02 -0.000000e+00
    outer loop
      vertex   2.495923e+00 1.014272e+01 7.000000e+00
      vertex   2.483704e+00 1.028498e+01 5.000000e+00
      vertex   2.495923e+00 1.014272e+01 5.000000e+00
    endloop
  endfacet
  facet normal -9.995922e-01 -2.855605e-02 -0.000000e+00
    outer loop
      vertex   2.495923e+00 1.014272e+01 7.000000e+00
      vertex   2.495923e+00 1.014272e+01 5.000000e+00
      vertex   2.500000e+00 1.000000e+01 7.000000e+00
    endloop
  endfacet
  facet normal -9.995922e-01 -2.855605e-02 -0.000000e+00
    outer loop
      vertex   2.500000e+00 1.000000e+01 7.000000e+00
      vertex   2.495923e+00 1.014272e+01 5.000000e+00
      vertex   2.500000e+00 1.000000e+01 5.000000e+00
    endloop
  endfacet
  facet normal -9.995922e-01 2.855605e-02 0.000000e+00
    outer loop
      vertex   2.500000e+00 1.000000e+01 7.000000e+00
      vertex   2.500000e+00 1.000000e+01 5.000000e+00
      vertex   2.495923e+00 9.857278e+00 7.000000e+00
    endloop
  endfacet
  facet normal -9.995922e-01 2.855605e-02 0.000000e+00
    outer loop
      vertex   2.495923e+00 9.857278e+00 7.000000e+00
      vertex   2.500000e+00 1.000000e+01 5.000000e+00
      vertex   2.495923e+00 9.857278e+00 5.000000e+00
    endloop
  endfacet
  facet normal -9.963317e-01 8.557501e-02 0.000000e+00
    outer loop
      vertex   2.495923e+00 9.857278e+00 7.000000e+00
      vertex   2.495923e+00 9.857278e+00 5.000000e+00
      vertex   2.483704e+00 9.715021e+00 7.000000e+00
    endloop
  endfacet
  facet normal -9.963317e-01 8.557501e-02 0.000000e+00
    outer loop
      vertex   2.483704e+00 9.715021e+00 7.000000e+00
      vertex   2.495923e+00 9.857278e+00 5.000000e+00
      vertex   2.483704e+00 9.715021e+00 5.000000e+00
    endloop
  endfacet
  facet normal -9.898214e-01 1.423148e-01 0.000000e+00
    outer loop
      vertex   2.483704e+00 9.715021e+00 7.000000e+00
      vertex   2.483704e+00 9.715021e+00 5.000000e+00
      vertex   2.463385e+00 9.573695e+00 7.000000e+00
    endloop
  endfacet
  facet normal -9.898214e-01 1.423148e-01 -1.264010e-16
    outer loop
      vertex   2.463385e+00 9.573695e+00 7.000000e+00
      vertex   2.483704e+00 9.715021e+00 5.000000e+00
      vertex   2.463385e+00 9.573695e+00 5.000000e+00
    endloop
  endfacet
  facet normal -9.800826e-01 1.985905e-01 -1.763838e-16
    outer loop
      vertex   2.463385e+00 9.573695e+00 7.000000e+00
      vertex   2.463385e+00 9.573695e+00 5.000000e+00
      vertex   2.435030e+00 9.433758e+00 7.000000e+00
    endloop
  endfacet
  facet normal -9.800826e-01 1.985905e-01 0.000000e+00
    outer loop
      vertex   2.435030e+00 9.433758e+00 7.000000e+00
      vertex   2.463385e+00 9.573695e+00 5.000000e+00
      vertex   2.435030e+00 9.433758e+00 5.000000e+00
    endloop
  endfacet
  facet normal -9.671469e-01 2.542183e-01 0.000000e+00
    outer loop
      vertex   2.435030e+00 9.433758e+00 7.000000e+00
      vertex   2.435030e+00 9.433758e+00 5.000000e+00
      vertex   2.398732e+00 9.295669e+00 7.000000e+00
    endloop
  endfacet
  facet normal -9.671469e-01 2.542183e-01 2.147497e-16
    outer loop
      vertex   2.398732e+00 9.295669e+00 7.000000e+00
      vertex   2.435030e+00 9.433758e+00 5.000000e+00
      vertex   2.398732e+00 9.295669e+00 5.000000e+00
    endloop
  endfacet
  facet normal -9.510565e-01 3.090170e-01 2.111770e-16
    outer loop
      vertex   2.398732e+00 9.295669e+00 7.000000e+00
      vertex   2.398732e+00 9.295669e+00 5.000000e+00
      vertex   2.354611e+00 9.159877e+00 7.000000e+00
    endloop
  endfacet
  facet normal -9.510565e-01 3.090170e-01 2.111770e-16
    outer loop
      vertex   2.354611e+00 9.159877e+00 7.000000e+00
      vertex   2.398732e+00 9.295669e+00 5.000000e+00
      vertex   2.354611e+00 9.159877e+00 5.000000e+00
    endloop
  endfacet
  facet normal -9.318640e-01 3.628077e-01 2.069154e-16
    outer loop
      vertex   2.354611e+00 9.159877e+00 7.000000e+00
      vertex   2.354611e+00 9.159877e+00 5.000000e+00
      vertex   2.302809e+00 9.026825e+00 7.000000e+00
    endloop
  endfacet
  facet normal -9.318640e-01 3.628077e-01 2.069154e-16
    outer loop
      vertex   2.302809e+00 9.026825e+00 7.000000e+00
      vertex   2.354611e+00 9.159877e+00 5.000000e+00
      vertex   2.302809e+00 9.026825e+00 5.000000e+00
    endloop
  endfacet
  facet normal -9.096320e-01 4.154150e-01 2.019789e-16
    outer loop
      vertex   2.302809e+00 9.026825e+00 7.000000e+00
      vertex   2.302809e+00 9.026825e+00 5.000000e+00
      vertex   2.243496e+00 8.896947e+00 7.000000e+00
    endloop
  endfacet
  facet normal -9.096320e-01 4.154150e-01 0.000000e+00
    outer loop
      vertex   2.243496e+00 8.896947e+00 7.000000e+00
      vertex   2.302809e+00 9.026825e+00 5.000000e+00
      vertex   2.243496e+00 8.896947e+00 5.000000e+00
    endloop
  endfacet
  facet normal -8.844329e-01 4.666673e-01 0.000000e+00
    outer loop
      vertex   2.243496e+00 8.896947e+00 7.000000e+00
      vertex   2.243496e+00 8.896947e+00 5.000000e+00
      vertex   2.176865e+00 8.770668e+00 7.000000e+00
    endloop
  endfacet
  facet normal -8.844329e-01 4.666673e-01 0.000000e+00
    outer loop
      vertex   2.176865e+00 8.770668e+00 7.000000e+00
      vertex   2.243496e+00 8.896947e+00 5.000000e+00
      vertex   2.176865e+00 8.770668e+00 5.000000e+00
    endloop
  endfacet
  facet normal -8.563490e-01 5.163975e-01 0.000000e+00
    outer loop
      vertex   2.176865e+00 8.770668e+00 7.000000e+00
      vertex   2.176865e+00 8.770668e+00 5.000000e+00
      vertex   2.103134e+00 8.648398e+00 7.000000e+00
    endloop
  endfacet
  facet normal -8.563490e-01 5.163975e-01 1.901477e-16
    outer loop
      vertex   2.103134e+00 8.648398e+00 7.000000e+00
      vertex   2.176865e+00 8.770668e+00 5.000000e+00
      vertex   2.103134e+00 8.648398e+00 5.000000e+00
    endloop
  endfacet
  facet normal -8.254719e-01 5.644432e-01 1.832916e-16
    outer loop
      vertex   2.103134e+00 8.648398e+00 7.000000e+00
      vertex   2.103134e+00 8.648398e+00 5.000000e+00
      vertex   2.022542e+00 8.530537e+00 7.000000e+00
    endloop
  endfacet
  facet normal -8.254719e-01 5.644432e-01 1.832916e-16
    outer loop
      vertex   2.022542e+00 8.530537e+00 7.000000e+00
      vertex   2.103134e+00 8.648398e+00 5.000000e+00
      vertex   2.022542e+00 8.530537e+00 5.000000e+00
    endloop
  endfacet
  facet normal -7.919022e-01 6.106479e-01 1.758376e-16
    outer loop
      vertex   2.022542e+00 8.530537e+00 7.000000e+00
      vertex   2.022542e+00 8.530537e+00 5.000000e+00
      vertex   1.935354e+00 8.417469e+00 7.000000e+00
    endloop
  endfacet
  facet normal -7.919022e-01 6.106479e-01 8.791881e-17
    outer loop
      vertex   1.935354e+00 8.417469e+00 7.000000e+00
      vertex   2.022542e+00 8.530537e+00 5.000000e+00
      vertex   1.935354e+00 8.417469e+00 5.000000e+00
    endloop
  endfacet
  facet normal -7.557496e-01 6.548607e-01 8.390506e-17
    outer loop
      vertex   1.935354e+00 8.417469e+00 7.000000e+00
      vertex   1.935354e+00 8.417469e+00 5.000000e+00
      vertex   1.841853e+00 8.309563e+00 7.000000e+00
    endloop
  endfacet
  facet normal -7.557496e-01 6.548607e-01 8.390506e-17
    outer loop
      vertex   1.841853e+00 8.309563e+00 7.000000e+00
      vertex   1.935354e+00 8.417469e+00 5.000000e+00
      vertex   1.841853e+00 8.309563e+00 5.000000e+00
    endloop
  endfacet
  facet normal -7.171318e-01 6.969376e-01 7.961762e-17
    outer loop
      vertex   1.841853e+00 8.309563e+00 7.000000e+00
      vertex   1.841853e+00 8.309563e+00 5.000000e+00
      vertex   1.742344e+00 8.207170e+00 7.000000e+00
    endloop
  endfacet
  facet normal -7.171318e-01 6.969376e-01 -4.597697e-16
    outer loop
      vertex   1.742344e+00 8.207170e+00 7.000000e+00
      vertex   1.841853e+00 8.309563e+00 5.000000e+00
      vertex   1.742344e+00 8.207170e+00 5.000000e+00
    endloop
  endfacet
  facet normal -6.761749e-01 7.367411e-01 -5.042166e-16
    outer loop
      vertex   1.742344e+00 8.207170e+00 7.000000e+00
      vertex   1.742344e+00 8.207170e+00 5.000000e+00
      vertex   1.637152e+00 8.110626e+00 7.000000e+00
    endloop
  endfacet
  facet normal -6.761749e-01 7.367411e-01 0.000000e+00
    outer loop
      vertex   1.637152e+00 8.110626e+00 7.000000e+00
      vertex   1.742344e+00 8.207170e+00 5.000000e+00
      vertex   1.637152e+00 8.110626e+00 5.000000e+00
    endloop
  endfacet
  facet normal -6.330125e-01 7.741416e-01 0.000000e+00
    outer loop
      vertex   1.637152e+00 8.110626e+00 7.000000e+00
      vertex   1.637152e+00 8.110626e+00 5.000000e+00
      vertex   1.526620e+00 8.020244e+00 7.000000e+00
    endloop
  endfacet
  facet normal -6.330125e-01 7.741416e-01 0.000000e+00
    outer loop
      vertex   1.526620e+00 8.020244e+00 7.000000e+00
      vertex   1.637152e+00 8.110626e+00 5.000000e+00
      vertex   1.526620e+00 8.020244e+00 5.000000e+00
    endloop
  endfacet
  facet normal -5.877853e-01 8.090170e-01 0.000000e+00
    outer loop
      vertex   1.526620e+00 8.020244e+00 7.000000e+00
      vertex   1.526620e+00 8.020244e+00 5.000000e+00
      vertex   1.411108e+00 7.936320e+00 7.000000e+00
    endloop
  endfacet
  facet normal -5.877853e-01 8.090170e-01 -6.525727e-17
    outer loop
      vertex   1.411108e+00 7.936320e+00 7.000000e+00
      vertex   1.526620e+00 8.020244e+00 5.000000e+00
      vertex   1.411108e+00 7.936320e+00 5.000000e+00
    endloop
  endfacet
  facet normal -5.406408e-01 8.412535e-01 -6.002319e-17
    outer loop
      vertex   1.411108e+00 7.936320e+00 7.000000e+00
      vertex   1.411108e+00 7.936320e+00 5.000000e+00
      vertex   1.290994e+00 7.859127e+00 7.000000e+00
    endloop
  endfacet
  facet normal -5.406408e-01 8.412535e-01 6.002319e-17
    outer loop
      vertex   1.290994e+00 7.859127e+00 7.000000e+00
      vertex   1.411108e+00 7.936320e+00 5.000000e+00
      vertex   1.290994e+00 7.859127e+00 5.000000e+00
    endloop
  endfacet
  facet normal -4.917329e-01 8.707461e-01 5.459332e-17
    outer loop
      vertex   1.290994e+00 7.859127e+00 7.000000e+00
      vertex   1.290994e+00 7.859127e+00 5.000000e+00
      vertex   1.166668e+00 7.788918e+00 7.000000e+00
    endloop
  endfacet
  facet normal -4.917329e-01 8.707461e-01 0.000000e+00
    outer loop
      vertex   1.166668e+00 7.788918e+00 7.000000e+00
      vertex   1.290994e+00 7.859127e+00 5.000000e+00
      vertex   1.166668e+00 7.788918e+00 5.000000e+00
    endloop
  endfacet
  facet normal -4.412211e-01 8.973984e-01 0.000000e+00
    outer loop
      vertex   1.166668e+00 7.788918e+00 7.000000e+00
      vertex   1.166668e+00 7.788918e+00 5.000000e+00
      vertex   1.038538e+00 7.725920e+00 7.000000e+00
    endloop
  endfacet
  facet normal -4.412211e-01 8.973984e-01 2.449269e-16
    outer loop
      vertex   1.038538e+00 7.725920e+00 7.000000e+00
      vertex   1.166668e+00 7.788918e+00 5.000000e+00
      vertex   1.038538e+00 7.725920e+00 5.000000e+00
    endloop
  endfacet
  facet normal -3.892701e-01 9.211237e-01 2.160883e-16
    outer loop
      vertex   1.038538e+00 7.725920e+00 7.000000e+00
      vertex   1.038538e+00 7.725920e+00 5.000000e+00
      vertex   9.070193e-01 7.670340e+00 7.000000e+00
    endloop
  endfacet
  facet normal -3.892701e-01 9.211237e-01 -3.226257e-16
    outer loop
      vertex   9.070193e-01 7.670340e+00 7.000000e+00
      vertex   1.038538e+00 7.725920e+00 5.000000e+00
      vertex   9.070193e-01 7.670340e+00 5.000000e+00
    endloop
  endfacet
  facet normal -3.360494e-01 9.418444e-01 -3.436450e-16
    outer loop
      vertex   9.070193e-01 7.670340e+00 7.000000e+00
      vertex   9.070193e-01 7.670340e+00 5.000000e+00
      vertex   7.725425e-01 7.622359e+00 7.000000e+00
    endloop
  endfacet
  facet normal -3.360494e-01 9.418444e-01 0.000000e+00
    outer loop
      vertex   7.725425e-01 7.622359e+00 7.000000e+00
      vertex   9.070193e-01 7.670340e+00 5.000000e+00
      vertex   7.725425e-01 7.622359e+00 5.000000e+00
    endloop
  endfacet
  facet normal -2.817326e-01 9.594930e-01 0.000000e+00
    outer loop
      vertex   7.725425e-01 7.622359e+00 7.000000e+00
      vertex   7.725425e-01 7.622359e+00 5.000000e+00
      vertex   6.355458e-01 7.582133e+00 7.000000e+00
    endloop
  endfacet
  facet normal -2.817326e-01 9.594930e-01 7.819649e-17
    outer loop
      vertex   6.355458e-01 7.582133e+00 7.000000e+00
      vertex   7.725425e-01 7.622359e+00 5.000000e+00
      vertex   6.355458e-01 7.582133e+00 5.000000e+00
    endloop
  endfacet
  facet normal -2.264968e-01 9.740119e-01 6.286548e-17
    outer loop
      vertex   6.355458e-01 7.582133e+00 7.000000e+00
      vertex   6.355458e-01 7.582133e+00 5.000000e+00
      vertex   4.964762e-01 7.549794e+00 7.000000e+00
    endloop
  endfacet
  facet normal -2.264968e-01 9.740119e-01 6.286548e-17
    outer loop
      vertex   4.964762e-01 7.549794e+00 7.000000e+00
      vertex   6.355458e-01 7.582133e+00 5.000000e+00
      vertex   4.964762e-01 7.549794e+00 5.000000e+00
    endloop
  endfacet
  facet normal -1.705222e-01 9.853538e-01 4.732942e-17
    outer loop
      vertex   4.964762e-01 7.549794e+00 7.000000e+00
      vertex   4.964762e-01 7.549794e+00 5.000000e+00
      vertex   3.557871e-01 7.525446e+00 7.000000e+00
    endloop
  endfacet
  facet normal -1.705222e-01 9.853538e-01 -4.732942e-17
    outer loop
      vertex   3.557871e-01 7.525446e+00 7.000000e+00
      vertex   4.964762e-01 7.549794e+00 5.000000e+00
      vertex   3.557871e-01 7.525446e+00 5.000000e+00
    endloop
  endfacet
  facet normal -1.139914e-01 9.934817e-01 -3.163897e-17
    outer loop
      vertex   3.557871e-01 7.525446e+00 7.000000e+00
      vertex   3.557871e-01 7.525446e+00 5.000000e+00
      vertex   2.139375e-01 7.509171e+00 7.000000e+00
    endloop
  endfacet
  facet normal -1.139914e-01 9.934817e-01 3.163897e-17
    outer loop
      vertex   2.139375e-01 7.509171e+00 7.000000e+00
      vertex   3.557871e-01 7.525446e+00 5.000000e+00
      vertex   2.139375e-01 7.509171e+00 5.000000e+00
    endloop
  endfacet
  facet normal -5.708881e-02 9.983691e-01 1.584533e-17
    outer loop
      vertex   2.139375e-01 7.509171e+00 7.000000e+00
      vertex   2.139375e-01 7.509171e+00 5.000000e+00
      vertex   7.139013e-02 7.501020e+00 7.000000e+00
    endloop
  endfacet
  facet normal -5.708881e-02 9.983691e-01 0.000000e+00
    outer loop
      vertex   7.139013e-02 7.501020e+00 7.000000e+00
      vertex   2.139375e-01 7.509171e+00 5.000000e+00
      vertex   7.139013e-02 7.501020e+00 5.000000e+00
    endloop
  endfacet
  facet normal 0.000000e+00 1.000000e+00 0.000000e+00
    outer loop
      vertex   7.139013e-02 7.501020e+00 7.000000e+00
      vertex   7.139013e-02 7.501020e+00 5.000000e+00
      vertex   -7.139013e-02 7.501020e+00 7.000000e+00
    endloop
  endfacet
  facet normal 0.000000e+00 1.000000e+00 0.000000e+00
    outer loop
      vertex   -7.139013e-02 7.501020e+00 7.000000e+00
      vertex   7.139013e-02 7.501020e+00 5.000000e+00
      vertex   -7.139013e-02 7.501020e+00 5.000000e+00
    endloop
  endfacet
  facet normal 5.708881e-02 9.983691e-01 1.584533e-17
    outer loop
      vertex   -7.139013e-02 7.501020e+00 7.000000e+00
      vertex   -7.139013e-02 7.501020e+00 5.000000e+00
      vertex   -2.139375e-01 7.509171e+00 7.000000e+00
    endloop
  endfacet
  facet normal 5.708881e-02 9.983691e-01 -1.584533e-17
    outer loop
      vertex   -2.139375e-01 7.509171e+00 7.000000e+00
      vertex   -7.139013e-02 7.501020e+00 5.000000e+00
      vertex   -2.139375e-01 7.509171e+00 5.000000e+00
    endloop
  endfacet
  facet normal 1.139914e-01 9.934817e-01 -3.163897e-17
    outer loop
      vertex   -2.139375e-01 7.509171e+00 7.000000e+00
      vertex   -2.139375e-01 7.509171e+00 5.000000e+00
      vertex   -3.557871e-01 7.525446e+00 7.000000e+00
    endloop
  endfacet
  facet normal 1.139914e-01 9.934817e-01 0.000000e+00
    outer loop
      vertex   -3.557871e-01 7.525446e+00 7.000000e+00
      vertex   -2.139375e-01 7.509171e+00 5.000000e+00
      vertex   -3.557871e-01 7.525446e+00 5.000000e+00
    endloop
  endfacet
  facet normal 1.705222e-01 9.853538e-01 0.000000e+00
    outer loop
      vertex   -3.557871e-01 7.525446e+00 7.000000e+00
      vertex   -3.557871e-01 7.525446e+00 5.000000e+00
      vertex   -4.964762e-01 7.549794e+00 7.000000e+00
    endloop
  endfacet
  facet normal 1.705222e-01 9.853538e-01 -4.732942e-17
    outer loop
      vertex   -4.964762e-01 7.549794e+00 7.000000e+00
      vertex   -3.557871e-01 7.525446e+00 5.000000e+00
      vertex   -4.964762e-01 7.549794e+00 5.000000e+00
    endloop
  endfacet
  facet normal 2.264968e-01 9.740119e-01 -6.286548e-17
    outer loop
      vertex   -4.964762e-01 7.549794e+00 7.000000e+00
      vertex   -4.964762e-01 7.549794e+00 5.000000e+00
      vertex   -6.355458e-01 7.582133e+00 7.000000e+00
    endloop
  endfacet
  facet normal 2.264968e-01 9.740119e-01 -6.286548e-17
    outer loop
      vertex   -6.355458e-01 7.582133e+00 7.000000e+00
      vertex   -4.964762e-01 7.549794e+00 5.000000e+00
      vertex   -6.355458e-01 7.582133e+00 5.000000e+00
    endloop
  endfacet
  facet normal 2.817326e-01 9.594930e-01 -7.819649e-17
    outer loop
      vertex   -6.355458e-01 7.582133e+00 7.000000e+00
      vertex   -6.355458e-01 7.582133e+00 5.000000e+00
      vertex   -7.725425e-01 7.622359e+00 7.000000e+00
    endloop
  endfacet
  facet normal 2.817326e-01 9.594930e-01 0.000000e+00
    outer loop
      vertex   -7.725425e-01 7.622359e+00 7.000000e+00
      vertex   -6.355458e-01 7.582133e+00 5.000000e+00
      vertex   -7.725425e-01 7.622359e+00 5.000000e+00
    endloop
  endfacet
  facet normal 3.360494e-01 9.418444e-01 0.000000e+00
    outer loop
      vertex   -7.725425e-01 7.622359e+00 7.000000e+00
      vertex   -7.725425e-01 7.622359e+00 5.000000e+00
      vertex   -9.070193e-01 7.670340e+00 7.000000e+00
    endloop
  endfacet
  facet normal 3.360494e-01 9.418444e-01 -7.461795e-17
    outer loop
      vertex   -9.070193e-01 7.670340e+00 7.000000e+00
      vertex   -7.725425e-01 7.622359e+00 5.000000e+00
      vertex   -9.070193e-01 7.670340e+00 5.000000e+00
    endloop
  endfacet
  facet normal 3.892701e-01 9.211237e-01 -8.643533e-17
    outer loop
      vertex   -9.070193e-01 7.670340e+00 7.000000e+00
      vertex   -9.070193e-01 7.670340e+00 5.000000e+00
      vertex   -1.038538e+00 7.725920e+00 7.000000e+00
    endloop
  endfacet
  facet normal 3.892701e-01 9.211237e-01 -4.321766e-17
    outer loop
      vertex   -1.038538e+00 7.725920e+00 7.000000e+00
      vertex   -9.070193e-01 7.670340e+00 5.000000e+00
      vertex   -1.038538e+00 7.725920e+00 5.000000e+00
    endloop
  endfacet
  facet normal 4.412211e-01 8.973984e-01 -4.898538e-17
    outer loop
      vertex   -1.038538e+00 7.725920e+00 7.000000e+00
      vertex   -1.038538e+00 7.725920e+00 5.000000e+00
      vertex   -1.166668e+00 7.788918e+00 7.000000e+00
    endloop
  endfacet
  facet normal 4.412211e-01 8.973984e-01 0.000000e+00
    outer loop
      vertex   -1.166668e+00 7.788918e+00 7.000000e+00
      vertex   -1.038538e+00 7.725920e+00 5.000000e+00
      vertex   -1.166668e+00 7.788918e+00 5.000000e+00
    endloop
  endfacet
  facet normal 4.917329e-01 8.707461e-01 0.000000e+00
    outer loop
      vertex   -1.166668e+00 7.788918e+00 7.000000e+00
      vertex   -1.166668e+00 7.788918e+00 5.000000e+00
      vertex   -1.290994e+00 7.859127e+00 7.000000e+00
    endloop
  endfacet
  facet normal 4.917329e-01 8.707461e-01 1.137223e-16
    outer loop
      vertex   -1.290994e+00 7.859127e+00 7.000000e+00
      vertex   -1.166668e+00 7.788918e+00 5.000000e+00
      vertex   -1.290994e+00 7.859127e+00 5.000000e+00
    endloop
  endfacet
  facet normal 5.406408e-01 8.412535e-01 7.347567e-17
    outer loop
      vertex   -1.290994e+00 7.859127e+00 7.000000e+00
      vertex   -1.290994e+00 7.859127e+00 5.000000e+00
      vertex   -1.411108e+00 7.936320e+00 7.000000e+00
    endloop
  endfacet
  facet normal 5.406408e-01 8.412535e-01 0.000000e+00
    outer loop
      vertex   -1.411108e+00 7.936320e+00 7.000000e+00
      vertex   -1.290994e+00 7.859127e+00 5.000000e+00
      vertex   -1.411108e+00 7.936320e+00 5.000000e+00
    endloop
  endfacet
  facet normal 5.877853e-01 8.090170e-01 0.000000e+00
    outer loop
      vertex   -1.411108e+00 7.936320e+00 7.000000e+00
      vertex   -1.411108e+00 7.936320e+00 5.000000e+00
      vertex   -1.526620e+00 8.020244e+00 7.000000e+00
    endloop
  endfacet
  facet normal 5.877853e-01 8.090170e-01 4.575223e-16
    outer loop
      vertex   -1.526620e+00 8.020244e+00 7.000000e+00
      vertex   -1.411108e+00 7.936320e+00 5.000000e+00
      vertex   -1.526620e+00 8.020244e+00 5.000000e+00
    endloop
  endfacet
  facet normal 6.330125e-01 7.741416e-01 4.064619e-16
    outer loop
      vertex   -1.526620e+00 8.020244e+00 7.000000e+00
      vertex   -1.526620e+00 8.020244e+00 5.000000e+00
      vertex   -1.637152e+00 8.110626e+00 7.000000e+00
    endloop
  endfacet
  facet normal 6.330125e-01 7.741416e-01 4.064619e-16
    outer loop
      vertex   -1.637152e+00 8.110626e+00 7.000000e+00
      vertex   -1.526620e+00 8.020244e+00 5.000000e+00
      vertex   -1.637152e+00 8.110626e+00 5.000000e+00
    endloop
  endfacet
  facet normal 6.761749e-01 7.367411e-01 3.540756e-16
    outer loop
      vertex   -1.637152e+00 8.110626e+00 7.000000e+00
      vertex   -1.637152e+00 8.110626e+00 5.000000e+00
      vertex   -1.742344e+00 8.207170e+00 7.000000e+00
    endloop
  endfacet
  facet normal 6.761749e-01 7.367411e-01 0.000000e+00
    outer loop
      vertex   -1.742344e+00 8.207170e+00 7.000000e+00
      vertex   -1.637152e+00 8.110626e+00 5.000000e+00
      vertex   -1.742344e+00 8.207170e+00 5.000000e+00
    endloop
  endfacet
  facet normal 7.171318e-01 6.969376e-01 0.000000e+00
    outer loop
      vertex   -1.742344e+00 8.207170e+00 7.000000e+00
      vertex   -1.742344e+00 8.207170e+00 5.000000e+00
      vertex   -1.841853e+00 8.309563e+00 7.000000e+00
    endloop
  endfacet
  facet normal 7.171318e-01 6.969376e-01 -3.184705e-16
    outer loop
      vertex   -1.841853e+00 8.309563e+00 7.000000e+00
      vertex   -1.742344e+00 8.207170e+00 5.000000e+00
      vertex   -1.841853e+00 8.309563e+00 5.000000e+00
    endloop
  endfacet
  facet normal 7.557496e-01 6.548607e-01 -3.356202e-16
    outer loop
      vertex   -1.841853e+00 8.309563e+00 7.000000e+00
      vertex   -1.841853e+00 8.309563e+00 5.000000e+00
      vertex   -1.935354e+00 8.417469e+00 7.000000e+00
    endloop
  endfacet
  facet normal 7.557496e-01 6.548607e-01 0.000000e+00
    outer loop
      vertex   -1.935354e+00 8.417469e+00 7.000000e+00
      vertex   -1.841853e+00 8.309563e+00 5.000000e+00
      vertex   -1.935354e+00 8.417469e+00 5.000000e+00
    endloop
  endfacet
  facet normal 7.919022e-01 6.106479e-01 0.000000e+00
    outer loop
      vertex   -1.935354e+00 8.417469e+00 7.000000e+00
      vertex   -1.935354e+00 8.417469e+00 5.000000e+00
      vertex   -2.022542e+00 8.530537e+00 7.000000e+00
    endloop
  endfacet
  facet normal 7.919022e-01 6.106479e-01 0.000000e+00
    outer loop
      vertex   -2.022542e+00 8.530537e+00 7.000000e+00
      vertex   -1.935354e+00 8.417469e+00 5.000000e+00
      vertex   -2.022542e+00 8.530537e+00 5.000000e+00
    endloop
  endfacet
  facet normal 8.254719e-01 5.644432e-01 0.000000e+00
    outer loop
      vertex   -2.022542e+00 8.530537e+00 7.000000e+00
      vertex   -2.022542e+00 8.530537e+00 5.000000e+00
      vertex   -2.103134e+00 8.648398e+00 7.000000e+00
    endloop
  endfacet
  facet normal 8.254719e-01 5.644432e-01 -3.665832e-16
    outer loop
      vertex   -2.103134e+00 8.648398e+00 7.000000e+00
      vertex   -2.022542e+00 8.530537e+00 5.000000e+00
      vertex   -2.103134e+00 8.648398e+00 5.000000e+00
    endloop
  endfacet
  facet normal 8.563490e-01 5.163975e-01 -3.802954e-16
    outer loop
      vertex   -2.103134e+00 8.648398e+00 7.000000e+00
      vertex   -2.103134e+00 8.648398e+00 5.000000e+00
      vertex   -2.176865e+00 8.770668e+00 7.000000e+00
    endloop
  endfacet
  facet normal 8.563490e-01 5.163975e-01 0.000000e+00
    outer loop
      vertex   -2.176865e+00 8.770668e+00 7.000000e+00
      vertex   -2.103134e+00 8.648398e+00 5.000000e+00
      vertex   -2.176865e+00 8.770668e+00 5.000000e+00
    endloop
  endfacet
  facet normal 8.844329e-01 4.666673e-01 0.000000e+00
    outer loop
      vertex   -2.176865e+00 8.770668e+00 7.000000e+00
      vertex   -2.176865e+00 8.770668e+00 5.000000e+00
      vertex   -2.243496e+00 8.896947e+00 7.000000e+00
    endloop
  endfacet
  facet normal 8.844329e-01 4.666673e-01 1.963836e-16
    outer loop
      vertex   -2.243496e+00 8.896947e+00 7.000000e+00
      vertex   -2.176865e+00 8.770668e+00 5.000000e+00
      vertex   -2.243496e+00 8.896947e+00 5.000000e+00
    endloop
  endfacet
  facet normal 9.096320e-01 4.154150e-01 2.019789e-16
    outer loop
      vertex   -2.243496e+00 8.896947e+00 7.000000e+00
      vertex   -2.243496e+00 8.896947e+00 5.000000e+00
      vertex   -2.302809e+00 9.026825e+00 7.000000e+00
    endloop
  endfacet
  facet normal 9.096320e-01 4.154150e-01 -2.019789e-16
    outer loop
      vertex   -2.302809e+00 9.026825e+00 7.000000e+00
      vertex   -2.243496e+00 8.896947e+00 5.000000e+00
      vertex   -2.302809e+00 9.026825e+00 5.000000e+00
    endloop
  endfacet
  facet normal 9.318640e-01 3.628077e-01 -2.069154e-16
    outer loop
      vertex   -2.302809e+00 9.026825e+00 7.000000e+00
      vertex   -2.302809e+00 9.026825e+00 5.000000e+00
      vertex   -2.354611e+00 9.159877e+00 7.000000e+00
    endloop
  endfacet
  facet normal 9.318640e-01 3.628077e-01 0.000000e+00
    outer loop
      vertex   -2.354611e+00 9.159877e+00 7.000000e+00
      vertex   -2.302809e+00 9.026825e+00 5.000000e+00
      vertex   -2.354611e+00 9.159877e+00 5.000000e+00
    endloop
  endfacet
  facet normal 9.510565e-01 3.090170e-01 0.000000e+00
    outer loop
      vertex   -2.354611e+00 9.159877e+00 7.000000e+00
      vertex   -2.354611e+00 9.159877e+00 5.000000e+00
      vertex   -2.398732e+00 9.295669e+00 7.000000e+00
    endloop
  endfacet
  facet normal 9.510565e-01 3.090170e-01 -2.111770e-16
    outer loop
      vertex   -2.398732e+00 9.295669e+00 7.000000e+00
      vertex   -2.354611e+00 9.159877e+00 5.000000e+00
      vertex   -2.398732e+00 9.295669e+00 5.000000e+00
    endloop
  endfacet
  facet normal 9.671469e-01 2.542183e-01 -2.147497e-16
    outer loop
      vertex   -2.398732e+00 9.295669e+00 7.000000e+00
      vertex   -2.398732e+00 9.295669e+00 5.000000e+00
      vertex   -2.435030e+00 9.433758e+00 7.000000e+00
    endloop
  endfacet
  facet normal 9.671469e-01 2.542183e-01 2.257912e-16
    outer loop
      vertex   -2.435030e+00 9.433758e+00 7.000000e+00
      vertex   -2.398732e+00 9.295669e+00 5.000000e+00
      vertex   -2.435030e+00 9.433758e+00 5.000000e+00
    endloop
  endfacet
  facet normal 9.800826e-01 1.985905e-01 1.763838e-16
    outer loop
      vertex   -2.435030e+00 9.433758e+00 7.000000e+00
      vertex   -2.435030e+00 9.433758e+00 5.000000e+00
      vertex   -2.463385e+00 9.573695e+00 7.000000e+00
    endloop
  endfacet
  facet normal 9.800826e-01 1.985905e-01 0.000000e+00
    outer loop
      vertex   -2.463385e+00 9.573695e+00 7.000000e+00
      vertex   -2.435030e+00 9.433758e+00 5.000000e+00
      vertex   -2.463385e+00 9.573695e+00 5.000000e+00
    endloop
  endfacet
  facet normal 9.898214e-01 1.423148e-01 0.000000e+00
    outer loop
      vertex   -2.463385e+00 9.573695e+00 7.000000e+00
      vertex   -2.463385e+00 9.573695e+00 5.000000e+00
      vertex   -2.483704e+00 9.715021e+00 7.000000e+00
    endloop
  endfacet
  facet normal 9.898214e-01 1.423148e-01 -9.338354e-17
    outer loop
      vertex   -2.483704e+00 9.715021e+00 7.000000e+00
      vertex   -2.463385e+00 9.573695e+00 5.000000e+00
      vertex   -2.483704e+00 9.715021e+00 5.000000e+00
    endloop
  endfacet
  facet normal 9.963317e-01 8.557501e-02 -1.452242e-16
    outer loop
      vertex   -2.483704e+00 9.715021e+00 7.000000e+00
      vertex   -2.483704e+00 9.715021e+00 5.000000e+00
      vertex   -2.495923e+00 9.857278e+00 7.000000e+00
    endloop
  endfacet
  facet normal 9.963317e-01 8.557501e-02 0.000000e+00
    outer loop
      vertex   -2.495923e+00 9.857278e+00 7.000000e+00
      vertex   -2.483704e+00 9.715021e+00 5.000000e+00
      vertex   -2.495923e+00 9.857278e+00 5.000000e+00
    endloop
  endfacet
  facet normal 0.000000e+00 -1.000000e+00 0.000000e+00
    outer loop
      vertex   -4.500000e+00 -3.000000e+00 0.000000e+00
      vertex   4.499286e+00 -3.000000e+00 0.000000e+00
      vertex   -4.500000e+00 -3.000000e+00 7.000000e+00
    endloop
  endfacet
  facet normal 0.000000e+00 -1.000000e+00 0.000000e+00
    outer loop
      vertex   -4.500000e+00 -3.000000e+00 7.000000e+00
      vertex   4.499286e+00 -3.000000e+00 0.000000e+00
      vertex   4.499286e+00 -3.000000e+00 7.000000e+00
    endloop
  endfacet
  facet normal 0.000000e+00 1.000000e+00 0.000000e+00
    outer loop
      vertex   0.000000e+00 1.400000e+01 1.000000e+00
      vertex   -4.500000e+00 1.400000e+01 0.000000e+00
      vertex   -2.500000e+00 1.400000e+01 5.000000e+00
    endloop
  endfacet
  facet normal 0.000000e+00 1.000000e+00 0.000000e+00
    outer loop
      vertex   -2.500000e+00 1.400000e+01 5.000000e+00
      vertex   -4.500000e+00 1.400000e+01 0.000000e+00
      vertex   -4.500000e+00 1.400000e+01 7.000000e+00
    endloop
  endfacet
  facet normal 0.000000e+00 1.000000e+00 -0.000000e+00
    outer loop
      vertex   -2.500000e+00 1.400000e+01 5.000000e+00
      vertex   -4.500000e+00 1.400000e+01 7.000000e+00
      vertex   4.499286e+00 1.400000e+01 7.000000e+00
    endloop
  endfacet
  facet normal 0.000000e+00 1.000000e+00 0.000000e+00
    outer loop
      vertex   -4.500000e+00 1.400000e+01 0.000000e+00
      vertex   0.000000e+00 1.400000e+01 1.000000e+00
      vertex   4.499286e+00 1.400000e+01 0.000000e+00
    endloop
  endfacet
  facet normal 0.000000e+00 1.000000e+00 0.000000e+00
    outer loop
      vertex   4.499286e+00 1.400000e+01 0.000000e+00
      vertex   0.000000e+00 1.400000e+01 1.000000e+00
      vertex   2.500000e+00 1.400000e+01 5.000000e+00
    endloop
  endfacet
  facet normal 0.000000e+00 1.000000e+00 -0.000000e+00
    outer loop
      vertex   4.499286e+00 1.400000e+01 0.000000e+00
      vertex   2.500000e+00 1.400000e+01 5.000000e+00
      vertex   4.499286e+00 1.400000e+01 7.000000e+00
    endloop
  endfacet
  facet normal 0.000000e+00 1.000000e+00 0.000000e+00
    outer loop
      vertex   4.499286e+00 1.400000e+01 7.000000e+00
      vertex   2.500000e+00 1.400000e+01 5.000000e+00
      vertex   -2.500000e+00 1.400000e+01 5.000000e+00
    endloop
  endfacet
endsolid
